State,Total_mentions,Violations,Non-violations
RUSSIA,3445,3233,510
TURKEY,3754,2895,421
UKRAINE,1849,1781,147
ITALY,2357,1754,161
ROMANIA,1661,1336,193
POLAND,1234,1028,189
GREECE,1038,901,129
FRANCE,1056,733,272
BULGARIA,781,675,136
HUNGARY,640,605,31
MOLDOVA,503,458,25
CROATIA,498,398,96
SLOVAKIA,415,368,32
SLOVENIA,364,328,33
THE UNITED KINGDOM,528,296,210
AUSTRIA,396,267,102
AZERBAIJAN,282,266,24
PORTUGAL,360,253,35
SERBIA,235,210,30
BELGIUM,270,189,78
GERMANY,338,183,148
THE CZECH REPUBLIC,222,173,40
ARMENIA,175,161,21
LITHUANIA,240,154,86
SPAIN,198,138,63
FINLAND,183,133,57
THE FORMER YUGOSLAV REPUBLIC OF MACEDONIA,149,128,20
SWITZERLAND,211,123,93
LATVIA,154,119,53
GEORGIA,143,116,50
BOSNIA AND HERZEGOVINA,113,108,11
MALTA,126,93,30
THE NETHERLANDS,162,87,59
ALBANIA,87,70,15
CYPRUS,85,68,24
MONTENEGRO,65,59,8
SWEDEN,147,59,70
ESTONIA,68,50,27
THE REPUBLIC OF MOLDOVA AND RUSSIA,46,45,40
NORWAY,70,44,34
LUXEMBOURG,52,37,17
NORTH MACEDONIA,34,31,5
ICELAND,37,25,10
IRELAND,39,23,16
DENMARK,61,21,31
SAN MARINO,20,12,6
CZECH REPUBLIC,12,12,1
LIECHTENSTEIN,10,8,3
