{
    "decision-0": [
        "CIV. 1",
        "FB",
        "COUR DE CASSATION",
        "______________________",
        "Audience publique du 11 juillet 2019",
        "Rejet",
        "Mme BATUT, pr\u00e9sident",
        "Arr\u00eat n\u00b0 676 FS-D",
        "Pourvoi n\u00b0 M 18-17.815",
        "R \u00c9 P U B L I Q U E F R A N \u00c7 A I S E",
        "_________________________",
        "AU NOM DU PEUPLE FRAN\u00c7AIS",
        "_________________________",
        "LA COUR DE CASSATION, PREMI\u00c8RE CHAMBRE CIVILE, a rendu l'arr\u00eat suivant :",
        "Statuant sur le pourvoi form\u00e9 par Mme Q... , domicili\u00e9e chez Mme E... I...[...] ,",
        "contre l'arr\u00eat rendu le 3 avril 2018 par la cour d'appel de Saint Denis de La R\u00e9union (chambre d'appel de Mamoudzou, chambre des \u00e9trangers), dans le litige l'opposant :",
        "1\u00b0/ au procureur g\u00e9n\u00e9ral pr\u00e8s la chambre d'appel de la cour d'appel de Saint-Denis de La R\u00e9union, domicili\u00e9 [...] ,",
        "2\u00b0/ au directeur d\u00e9partemental de la police aux fronti\u00e8res, domicili\u00e9 [...] ,",
        "3\u00b0/ au pr\u00e9fet de Mayotte, domicili\u00e9 [...] ,",
        "d\u00e9fendeurs \u00e0 la cassation ;",
        "En pr\u00e9sence : de l'Association nationale d'assistance aux fronti\u00e8res pour les \u00e9trangers, dont le si\u00e8ge est [...] ,",
        "La demanderesse invoque, \u00e0 l'appui de son pourvoi, les deux moyens de cassation annex\u00e9s au pr\u00e9sent arr\u00eat ;",
        "Vu la communication faite au procureur g\u00e9n\u00e9ral ;",
        "LA COUR, compos\u00e9e conform\u00e9ment \u00e0 l'article R. 431-5 du code de l'organisation judiciaire, en l'audience publique du 12 juin 2019, o\u00f9 \u00e9taient pr\u00e9sents : Mme Batut, pr\u00e9sident, Mme Gargoullaud, conseiller r\u00e9f\u00e9rendaire rapporteur, Mme Auroy, conseiller doyen, M. Hascher, Mme Reygner, M. Vigneau, Mme Bozzi, M. Acquaviva, conseillers, Mmes Le Cotty, Azar, Feydeau-Thieffry, conseillers r\u00e9f\u00e9rendaires, Mme Caron-Deglise, avocat g\u00e9n\u00e9ral, Mme Pecquenard, greffier de chambre ;",
        "Sur le rapport de Mme Gargoullaud, conseiller r\u00e9f\u00e9rendaire, les observations et plaidoiries de la SCP Spinosi et Sureau, avocat de Mme A... et de l'Association nationale d'assistance aux fronti\u00e8res pour les \u00e9trangers, partie intervenante, de la SCP Garreau, Bauer-Violas et Feschotte-Desbois, avocat du pr\u00e9fet de Mayotte, l'avis de Mme Caron-Deglise, avocat g\u00e9n\u00e9ral, auquel les avocats ont \u00e9t\u00e9 invit\u00e9s \u00e0 r\u00e9pliquer, et apr\u00e8s en avoir d\u00e9lib\u00e9r\u00e9 conform\u00e9ment \u00e0 la loi ;"
    ],
    "decision-1": [
        "Attendu, selon l'ordonnance attaqu\u00e9e rendue par le premier pr\u00e9sident d'une cour d'appel (Saint-Denis de La R\u00e9union, 3 avril 2018), et les pi\u00e8ces de la proc\u00e9dure, que, le 21 mars 2018, quatre-vingt-seize passagers d'un bateau \u00e0 destination des \u00eeles de l'archipel des Comores ont \u00e9t\u00e9 renvoy\u00e9s vers l'\u00eele de Mayotte en application d'un arr\u00eat\u00e9 du ministre de l'int\u00e9rieur de l'Union des Comores interdisant aux compagnies maritimes et a\u00e9riennes un tel transport des personnes de nationalit\u00e9 comorienne, sans leur consentement ; que le 22 mars 2018, la police aux fronti\u00e8res leur a notifi\u00e9 les d\u00e9cisions de refus d'entr\u00e9e, et les a plac\u00e9s en zone d'attente ; que le 24 mars suivant, le pr\u00e9fet de Mayotte a saisi le juge des libert\u00e9s et de la d\u00e9tention de soixante-douze requ\u00eates afin que la prolongation du maintien en zone d'attente soit prononc\u00e9e, l'une de ces requ\u00eates concernant Mme A..., de nationalit\u00e9 comorienne ;"
    ],
    "decision-2": [
        "Sur le premier moyen, ci-apr\u00e8s annex\u00e9 :"
    ],
    "decision-3": [
        "Attendu qu'il n'y a pas lieu de statuer par une d\u00e9cision sp\u00e9cialement motiv\u00e9e sur ce moyen qui n'est manifestement pas de nature \u00e0 entra\u00eener la cassation ;"
    ],
    "decision-4": [
        "Sur le second moyen :",
        "Attendu que Mme A... fait grief \u00e0 l'arr\u00eat d'ordonner son maintien en zone d'attente, alors, selon le moyen, que, nul ne peut \u00eatre soumis \u00e0 un traitement inhumain ou d\u00e9gradant ; qu'en relevant la pr\u00e9sence de Mme A... et de trente-quatre autres adultes, ainsi que de dix-neuf enfants, dans une m\u00eame pi\u00e8ce de 45 m\u00b2 et de deux sanitaires, dans un \u00e9tat m\u00e9diocre, situ\u00e9s dans cette m\u00eame pi\u00e8ce, tout en autorisant une seconde prolongation du maintien en zone d'attente de Mme A..., de sorte que celle-ci \u00e9tait en principe condamn\u00e9e \u00e0 y passer trois semaines, le conseiller d\u00e9l\u00e9gu\u00e9 a m\u00e9connu l'article 3 de la Convention de sauvegarde des droits de l'homme et des libert\u00e9s fondamentales ;"
    ],
    "decision-5": [
        "Mais attendu qu'apr\u00e8s avoir relev\u00e9 que le t\u00e9moignage du responsable d'une association de soutien aux \u00e9trangers faisait \u00e9tat d'une pr\u00e9carit\u00e9 des conditions d'accueil des \u00e9trangers tenant \u00e0 la pr\u00e9sence de trente-cinq personnes dont dix-neuf enfants dans une pi\u00e8ce de 45 m\u00b2 et seulement deux toilettes dans un \u00e9tat m\u00e9diocre, l'ordonnance retient que ces conditions, pour critiquables qu'elles soient, ne sauraient constituer un traitement inhumain ou d\u00e9gradant au sens de l'article 3 de la Convention de sauvegarde des droits de l'homme et des libert\u00e9s fondamentales ; que, de ces constatations et appr\u00e9ciations, desquelles il ressort que, si l'espace dont disposait chaque \u00e9tranger dans la partie b\u00e2tie \u00e9tait inf\u00e9rieur \u00e0 3 m\u00b2 par personne, ce seul \u00e9l\u00e9ment, en l'absence d'autres critiques de l'int\u00e9ress\u00e9e tir\u00e9es de sa situation personnelle, eu \u00e9gard au court d\u00e9lai de maintien en zone d'attente, \u00e9tait insuffisant \u00e0 caract\u00e9riser un traitement inhumain ou d\u00e9gradant \u00e0 l'\u00e9gard de Mme A..., le premier pr\u00e9sident a exactement d\u00e9duit que ses conditions de vie dans la zone d'attente temporaire, organis\u00e9e en urgence pour faire face \u00e0 une situation exceptionnelle, permettaient la prolongation de la mesure pour une dur\u00e9e de huit jours ; que le moyen n'est pas fond\u00e9 ;"
    ],
    "decision-6": [
        "PAR CES MOTIFS :",
        "REJETTE le pourvoi ;",
        "Vu l'article 700 du code de proc\u00e9dure civile, rejette la demande ;",
        "Ainsi fait et jug\u00e9 par la Cour de cassation, premi\u00e8re chambre civile, prononc\u00e9 par le pr\u00e9sident en son audience publique du onze juillet deux mille dix-neuf et sign\u00e9 par lui et par Mme Randouin, greffier de chambre, qui a assist\u00e9 au prononc\u00e9 de l'arr\u00eat."
    ],
    "decision-7": [
        "MOYENS ANNEXES au pr\u00e9sent arr\u00eat",
        "Moyens produits par la SCP Spinosi et Sureau, avocat aux Conseils, pour Mme A....",
        "PREMIER MOYEN DE CASSATION",
        "Il est reproch\u00e9 \u00e0 l'ordonnance attaqu\u00e9e d'avoir rejet\u00e9 l'exception de nullit\u00e9 soulev\u00e9e par la personne maintenue en zone d'attente, tenant \u00e0 l'absence de production du registre des personnes maintenues, et d'avoir prolong\u00e9 le maintien en zone d'attente de Madame A... pour une dur\u00e9e de huit jours \u00e0 compter de l'expiration du premier renouvellement de huit jours ;",
        "Aux motifs que, \u00ab sur les exceptions d'irrecevabilit\u00e9 et nullit\u00e9,",
        "C'est par des motifs parfaitement circonstanci\u00e9s que la Cour adopte, que le premier jugea rappel\u00e9 que ces moyens qui ont d\u00e9j\u00e0 \u00e9t\u00e9 \u00e9cart\u00e9s par la Cour lors de l'ordonnance de premi\u00e8re prolongation, sont irrecevables \u00e0 l'occasion de la pr\u00e9sente instance.",
        "De m\u00eame le premier juge a justement fait observer que la discussion sur la d\u00e9l\u00e9gation de signature du fonctionnaire qui a sign\u00e9 l'arr\u00eat\u00e9 portant cr\u00e9ation de la zone d'attente rel\u00e8ve de la comp\u00e9tence exclusive des juridictions administratives.",
        "Enfin, la requ\u00eate pr\u00e9sent\u00e9e par le pr\u00e9fet, afin de prolongation de la mesure de prolongation visant notamment la circulaire du 21 mars 2018 faisant interdiction aux compagnies a\u00e9riennes et maritimes d'embarquer toute personne consid\u00e9r\u00e9e par les autorit\u00e9s qui administrent Mayotte comme \u00e9tant en situation irr\u00e9guli\u00e8re jusqu'\u00e0 nouvel ordre est suffisamment motiv\u00e9e \u00bb ;",
        "Aux motifs pr\u00e9sum\u00e9s adopt\u00e9s que, \u00ab la personne maintenue en zone d'attente fait valoir qu'en application de l'article R. 222-2 susvis\u00e9, la requ\u00eate en seconde prolongation doit \u00eatre accompagn\u00e9e d'un extrait du registre des personnes maintenues en zone d'attente, et qu'en l'esp\u00e8ce est produit un document qui ne peut s'apparenter audit registre ; que toutefois, le document produit, qui comporte un num\u00e9ro par personne maintenue et ne permet pas d'adjonction, de suppression ou de substitution de personnes, contient toutes les mentions exig\u00e9es par l'article L. 221-3 susvis\u00e9 et constitue le registre d'effectif exig\u00e9 par ce texte ; que la circonstance que soient mentionn\u00e9es des informations suppl\u00e9mentaires, tel le num\u00e9ro de l'arr\u00eat\u00e9 initial qui permet d'identifier administrativement la personne, ou ult\u00e9rieures, telles les d\u00e9cisions judiciaires prononc\u00e9es, , \u2018est pas de nature \u00e0 invalider le document ; qu'aussi, ce moyen de nullit\u00e9 sera rejet\u00e9 \u00bb ;",
        "Alors que, si la juridiction d'appel peut en principe se borner \u00e0 faire siens les motifs de la d\u00e9cision entreprise, les d\u00e9cisions judiciaires doivent indiquer de mani\u00e8re suffisante les motifs sur lesquels elles se fondent ; qu'en confirmant la d\u00e9cision du juge des libert\u00e9s et de la d\u00e9tention, sans dire sur quels motifs il se fondait pour rejeter l'irr\u00e9gularit\u00e9 soulev\u00e9e par Madame A... relative \u00e0 la production du registre pr\u00e9vu par l'article L. 221-3 du code de l'entr\u00e9e et du s\u00e9jour des \u00e9trangers et du droit d'asile, le conseiller d\u00e9l\u00e9gu\u00e9 a m\u00e9connu l'article 455 du code de proc\u00e9dure civile.",
        "SECOND MOYEN DE CASSATION",
        "Il est reproch\u00e9 \u00e0 l'ordonnance attaqu\u00e9e d'avoir prolong\u00e9 le maintien en zone d'attente de Madame A... pour une dur\u00e9e de huit jours \u00e0 compter de l'expiration du premier renouvellement de huit jours ;",
        "Aux motifs que \u00ab au fond,",
        "- Sur les circonstances exceptionnelles.",
        "Il est constant que c'est par suite de la circulaire adopt\u00e9e par les Comores du 21 mars 2018, par laquelle, l'Etat comorien manifeste son refus d'accueillir ses ressortissants expuls\u00e9s de Mayotte, que Mme A... s'est trouv\u00e9e plac\u00e9e en zone d'attente.",
        "Cette circonstance particuli\u00e8re d'une d\u00e9cision, soudaine des autorit\u00e9s comoriennes, pla\u00e7ant les autorit\u00e9s fran\u00e7aises devant le fait accompli, constitue bien une circonstance exceptionnelle qui justifie la prolongation du maintien en zone d'attente de Mme A..., quand bien m\u00eame cette circonstance n'a pas \u00e9volu\u00e9 entre la premi\u00e8re autorisation de prolongation et la seconde.",
        "- Sur le conditions d'accueil dans la zone d'attente",
        "C'est avec raison, que s'appuyant sur un t\u00e9moignage de la CIMAD, association autoris\u00e9e \u00e0 se rendre sur place, d\u00e9nonce les conditions de pr\u00e9carit\u00e9 dans lesquelles les personnes sont accueillies en zone d'attente. Le t\u00e9moignage \u00e9voquant la pr\u00e9sence de 35 adultes et 19 enfants dans une pi\u00e8ce de 45 m2 et seulement deux WC dans un \u00e9tat \"m\u00e9diocre\" \u00e0 disposition des int\u00e9ress\u00e9s,",
        "Cependant, ces conditions pour critiquables qu'elles soient ne sauraient constituer un traitement d\u00e9gradant et inhumain au sens de l'article 3 de la CEDH.",
        "En sorte qu'il convient de confirmer en toutes ses dispositions l'ordonnance entreprise. \u00bb ;",
        "Et aux motifs adopt\u00e9s que \u00ab Attendu que le requ\u00e9rant fait \u00e9tat des circonstances expos\u00e9es ci-dessus ; qu'il est constant que l'Union des Comores a refoul\u00e9 ses ressortissants expuls\u00e9s de Mayotte, ce qui a justifi\u00e9, en application de l'article L. 221-1, alin\u00e9a 5, susvis\u00e9, le placement en zone d'attente ; qu'\u00e0 ce jour, l'Union des Comores n'a pas encore retir\u00e9 cette d\u00e9cision ; que par ailleurs, la situation locale \u00e0 l'\u00e9gard des \u00e9trangers de nationalit\u00e9 comorienne est particuli\u00e8rement difficile et risqu\u00e9e s'ils sont expos\u00e9s \u00e0 la population et justifie le maintien en zone d'attente ; qu'enfin, la personne maintenue en zone d'attente n'all\u00e8gue ni justifie de garanties de repr\u00e9sentation ; que sont caract\u00e9ris\u00e9es les circonstances exceptionnelles d'une seconde prolongation ;",
        "Attendu que la personne maintenue en zone d'attente fait valoir au fond l'absence de perspective raisonnable d'ex\u00e9cution de la mesure d'\u00e9loignement prise \u00e0 son \u00e9gard, en consid\u00e9ration de la d\u00e9cision prise par l'Union des Comores de refouler ses ressortissants expuls\u00e9s de Mayotte ; que cependant, \u00e0 supposer m\u00eame que la perspective d'une ex\u00e9cution dans un d\u00e9lai raisonnable Kit requise, non s'agissant d'une mesure d'\u00e9loignement mais pour ce qui concerne un refus d'entr\u00e9e sur le territoire national et le maintien juridique de l'\u00e9tranger hors dudit territoire, il appara\u00eet que la soudainet\u00e9 de la d\u00e9cision prise par les autorit\u00e9s comoriennes permettent d'envisager tr\u00e8s raisonnablement et \u00e0 court terme une m\u00eame soudainet\u00e9 d'un retrait d'une telle d\u00e9cision et donc de l'accueil, par l'Union des Comores, de ses ressortissants expuls\u00e9s de Mayotte ; qu'ainsi, cette absence de perspective raisonnable n'est pas \u00e9tablie ;",
        "Attendu que la personne maintenue en zone d'attente fait valoir le caract\u00e8re \u00ab indigne \u00bb de ses conditions d'h\u00e9bergement au sein d'une zone d'attente qui de situe d\u00e9sormais au sein du centre de r\u00e9tention administrative ; que cependant et tout d'abord, il a d\u00e9j\u00e0. \u00e9t\u00e9 relev\u00e9 que la juridiction de c\u00e9ans n'avait pas comp\u00e9tence pour conna\u00eetre de la d\u00e9cision administrative portant cr\u00e9ation d'une zone d'attente ; qu'ensuite, il n'est pas all\u00e9gu\u00e9 ni \u00e0 plus forte raison \u00e9tabli que, au sein des locaux nagu\u00e8re enti\u00e8rement d\u00e9volus au centre de r\u00e9tention administrative, les personne maintenues en zone d'attente d'une part et celle retenue administrativement d'autre part, sont confondues et voient leur statut juridique modifi\u00e9 ; qu'enfin, s'il appartient au juge judiciaire, garant des libert\u00e9s individuelles, de s'assurer que les droits et libert\u00e9s fondamentaux, notamment ceux \u00e9tablis par la convention de sauvegarde des droits de l'homme et des libert\u00e9s fondamentales, sont respect\u00e9s et qu'il n'y est pas port\u00e9 atteinte de fa\u00e7on disproportionn\u00e9e en consid\u00e9ration des circonstances, il apparait qu'en l'esp\u00e8ce, en d\u00e9pit des difficult\u00e9s mat\u00e9rielles relev\u00e9es et de la situation pour partie insuffisante dont il est attest\u00e9, mais compte tenu des circonstances d\u00e9j\u00e0 mentionn\u00e9es parmi lesquelles le nombre des \u00e9trangers concern\u00e9s, il n'est pas port\u00e9 une atteinte disproportionn\u00e9e justifiant la mainlev\u00e9e de la mesure de maintien ;",
        "Qu'en cons\u00e9quence, le maintien en zone d'attente sera prolong\u00e9 pour une dur\u00e9e de huit jours \u00bb ;",
        "Alors que, nul ne peut \u00eatre soumis \u00e0 un traitement inhumain ou d\u00e9gradant ; qu'en relevant la pr\u00e9sence de Madame A... et de trente-quatre autres adultes, ainsi que de dix-neuf enfants, dans une m\u00eame pi\u00e8ce de 45 m2 et de deux sanitaires, dans un \u00e9tat m\u00e9diocre, situ\u00e9s dans cette m\u00eame pi\u00e8ce, tout en autorisant une seconde prolongation du maintien en zone d'attente de Madame A..., de sorte que celle-ci \u00e9tait en principe condamn\u00e9e \u00e0 y passer trois semaines, le conseiller d\u00e9l\u00e9gu\u00e9 a m\u00e9connu l'article 3 de la Convention europ\u00e9enne de sauvegarde des droits de l'homme et des libert\u00e9s fondamentales."
    ]
}