{
    "decision-0": [
        "N\u00b0 U 17-85.737 F-D",
        "N\u00b0 2924",
        "FAR",
        "12 D\u00c9CEMBRE 2018",
        "ANNULATION",
        "M. SOULARD pr\u00e9sident,",
        "R \u00c9 P U B L I Q U E F R A N \u00c7 A I S E",
        "________________________________________",
        "AU NOM DU PEUPLE FRAN\u00c7AIS",
        "_________________________",
        "LA COUR DE CASSATION, CHAMBRE CRIMINELLE, en son audience publique tenue au Palais de Justice \u00e0 PARIS, a rendu l'arr\u00eat suivant :",
        "Statuant sur le pourvoi form\u00e9 par :",
        "-",
        "M. Pierre-Alain X...,",
        "contre l'arr\u00eat de la cour d'appel d'AIX-EN-PROVENCE,13e chambre, en date du 11 septembre 2017, qui, pour aide \u00e0 la circulation et au s\u00e9jour irr\u00e9guliers d'un \u00e9tranger en France, l'a condamn\u00e9 \u00e0 deux mois d'emprisonnement avec sursis ;",
        "La COUR, statuant apr\u00e8s d\u00e9bats en l'audience publique du 31 octobre 2018 o\u00f9 \u00e9taient pr\u00e9sents dans la formation pr\u00e9vue \u00e0 l'article 567-1-1 du code de proc\u00e9dure p\u00e9nale : M. Soulard, pr\u00e9sident, M. Y..., conseiller rapporteur, M. Castel, conseiller de la chambre ;",
        "Greffier de chambre : Mme Darcheux ;",
        "Sur le rapport de M. le conseiller Y..., les observations de la soci\u00e9t\u00e9 civile professionnelle SPINOSI etSUREAU, avocat en la Cour, et les conclusions de M. l'avocat g\u00e9n\u00e9ral Z... ;"
    ],
    "decision-1": [
        "Vu le m\u00e9moire et les observations compl\u00e9mentaires produits ;"
    ],
    "decision-2": [
        "Sur le moyen relev\u00e9 d'office, pris de la violation de l'article L.622-4 du code de l'entr\u00e9e et du s\u00e9jour des \u00e9trangers et du droit d'asile, dans sa r\u00e9daction r\u00e9sultant de l'article 38 de la loi n\u00b0 2018-778 du 10 septembre 2018 ;"
    ],
    "decision-3": [
        "Attendu que l'avocat du demandeur au pourvoi ayant conclu, dans ses observations compl\u00e9mentaires, \u00e0 l'application de la loi nouvelle du 10 septembre 2018, prise notamment \u00e0 la suite de la d\u00e9cision du Conseil constitutionnel n\u00b0 2018/718 du 6 juillet 2018, il convient de relever d'office le moyen pris de l'application imm\u00e9diate aux faits poursuivis des dispositions du 3\u00b0 de l'article L.622-4 du code de l'entr\u00e9e et du s\u00e9jour des \u00e9trangers et du droit d'asile ;",
        "Vu ledit article, ensemble l'article 112-1 du code p\u00e9nal ;",
        "Attendu que, d'une part, il r\u00e9sulte du 3\u00b0 de l'article L.622-4, dans sa version nouvelle, du code de l'entr\u00e9e et du s\u00e9jour des \u00e9trangers et du droit d'asile, que ne peut donner lieu \u00e0 des poursuites p\u00e9nales, sur le fondement des articles L.622-1 \u00e0 L.622-3, l'aide \u00e0 la circulation et au s\u00e9jour irr\u00e9guliers d'un \u00e9tranger lorsque l'acte reproch\u00e9 n'a donn\u00e9 lieu \u00e0 aucune contrepartie directe ou indirecte et a consist\u00e9 \u00e0 fournir des conseils ou accompagnements juridiques, linguistiques ou sociaux, ou toute autre aide apport\u00e9e dans un but exclusivement humanitaire ;",
        "Attendu que, d'autre part, il r\u00e9sulte du second de ces textes que les dispositions nouvelles s'appliquent aux infractions commises avant leur entr\u00e9e en vigueur d\u00e8s lors qu'elles n'ont pas donn\u00e9 lieu \u00e0 une condamnation pass\u00e9e en force de chose jug\u00e9e, lorsqu'elles sont moins s\u00e9v\u00e8res que les dispositions anciennes ;"
    ],
    "decision-4": [
        "Attendu qu'il r\u00e9sulte de l'arr\u00eat attaqu\u00e9 et des pi\u00e8ces de proc\u00e9dure que le 18 octobre 2016, au p\u00e9age autoroutier de la Turbie, entre 1h et 7h, dans le sens de circulation Italie-France, les militaires de la brigade de gendarmerie de Breil-sur-Roya ont contr\u00f4l\u00e9 le v\u00e9hicule automobile de M. Pierre-Alain X..., demeurant \u00e0 [...], transportant trois jeunes femmes se disant \u00e9rythr\u00e9ennes, qui dissimulaient leur visage et ne poss\u00e9daient aucun document d'identit\u00e9 ; que la perquisition du domicile de M. X... a permis de constater la pr\u00e9sence, dans le coin s\u00e9jour de son appartement, de trois matelas au sol ; que M. X... a expliqu\u00e9 que, sur la demande d'un membre d'une association humanitaire, il avait accept\u00e9 de prendre en charge les trois femmes chez lui \u00e0 Nice pour les accompagner le lendemain \u00e0 la gare de Cagnes-sur-Mer afin qu'elles se rendent en train \u00e0 Marseille o\u00f9 elles \u00e9taient attendues ; que, poursuivi pour aide \u00e0 la circulation et au s\u00e9jour irr\u00e9guliers d'un \u00e9tranger en France, il a \u00e9t\u00e9 relax\u00e9 par le tribunal correctionnel de Nice par application des dispositions de l'article L.622-4, 3\u00b0, du CESEDA ; que le parquet a relev\u00e9 appel de cette d\u00e9cision ;",
        "Attendu que l'arr\u00eat attaqu\u00e9 a d\u00e9clar\u00e9 M. X... coupable d'aide \u00e0 la circulation et au s\u00e9jour irr\u00e9guliers d'\u00e9trangers et \u00e9cart\u00e9 l'immunit\u00e9 p\u00e9nale de l'article L.622-4, 3\u00b0, du CESEDA en consid\u00e9rant que l'aide apport\u00e9e aux \u00e9trangers s'inscrivait dans une d\u00e9marche d'action militante en vue de soustraire des \u00e9trangers aux contr\u00f4les mis en oeuvre par les autorit\u00e9s pour appliquer les dispositions l\u00e9gales relatives \u00e0 l'immigration en leur permettant de s'\u00e9loigner de la r\u00e9gion frontali\u00e8re et ne pouvait ainsi s'inscrire dans le seul cadre d'une aide apport\u00e9e dans un but humanitaire ;"
    ],
    "decision-5": [
        "Mais attendu que l'article 38 de la loi susvis\u00e9e du 10 septembre 2018 a \u00e9largi le champ d'application de l'article L.622-4 du code de l'entr\u00e9e et du s\u00e9jour des \u00e9trangers et du droit d'asile en faisant obstacle aux poursuites p\u00e9nales dans le cas o\u00f9 l'aide \u00e0 la circulation ou au s\u00e9jour irr\u00e9gulier d'un \u00e9tranger n'a donn\u00e9 lieu, de la part d'une personne physique ou morale, \u00e0 aucune contrepartie directe ou indirecte et a consist\u00e9 \u00e0 fournir une aide quelconque dans un but exclusivement humanitaire ;",
        "Que cette disposition, d'application imm\u00e9diate en vertu de l'article 71 de ladite loi, entre dans le champ d'application de l'article 112-1 du code p\u00e9nal, d\u00e9s lors qu'elle \u00e9largit les immunit\u00e9s pr\u00e9vues par l'article L.622-4 du code de l'entr\u00e9e et du s\u00e9jour des \u00e9trangers et du droit d'asile ;",
        "Que, dans la mesure o\u00f9, d\u00e8s son interpellation, M. X... a invoqu\u00e9 le caract\u00e8re humanitaire de son action, il convient que le juge du fond r\u00e9examine les faits au regard des nouvelles dispositions de l'article L.622-4 pr\u00e9cit\u00e9 ;",
        "Qu'il y a lieu, pour ce motif, d'annuler l'arr\u00eat attaqu\u00e9, en tant qu'il a reconnu le pr\u00e9venu coupable d'infractions au code de l'entr\u00e9e et du s\u00e9jour des \u00e9trangers et du droit d'asile et a statu\u00e9 sur la peine ;"
    ],
    "decision-6": [
        "Par ces motifs, et sans qu'il y ait lieu de statuer sur les moyens propos\u00e9s par le pourvoi :",
        "ANNULE, en toutes ses dispositions, l'arr\u00eat susvis\u00e9 de la cour d'appel d'Aix-en-Provence, en date du 11 septembre 2017, et pour qu'il soit \u00e0 nouveau jug\u00e9, conform\u00e9ment \u00e0 la loi,",
        "RENVOIE la cause et les parties devant la cour d'appel de LYON \u00e0 ce d\u00e9sign\u00e9e par d\u00e9lib\u00e9ration sp\u00e9ciale prise en chambre du conseil ;",
        "ORDONNE l'impression du pr\u00e9sent arr\u00eat, sa transcription sur les registres du greffe de la cour d'appel d'Aix-en-Provence et sa mention en marge ou \u00e0 la suite de l'arr\u00eat annul\u00e9 ;",
        "Ainsi fait et jug\u00e9 par la Cour de cassation, chambre criminelle, et prononc\u00e9 par le pr\u00e9sident le douze d\u00e9cembre deux mille dix-huit ;",
        "En foi de quoi le pr\u00e9sent arr\u00eat a \u00e9t\u00e9 sign\u00e9 par le pr\u00e9sident, le rapporteur et le greffier de chambre."
    ]
}