{
    "decision-0": [
        "CIV. 1",
        "MF",
        "COUR DE CASSATION",
        "______________________",
        "Audience publique du 19 septembre 2018",
        "Cassation partielle sans renvoi",
        "Mme BATUT, pr\u00e9sident",
        "Arr\u00eat n\u00b0 836 FS-P+B",
        "Pourvoi n\u00b0 H 17-23.695",
        "Aide juridictionnelle totale en demande",
        "au profit de M. X....",
        "Admission du bureau d'aide juridictionnelle",
        "pr\u00e8s la Cour de cassation",
        "en date du 4 juillet 2017.",
        "R \u00c9 P U B L I Q U E F R A N \u00c7 A I S E",
        "_________________________",
        "AU NOM DU PEUPLE FRAN\u00c7AIS",
        "_________________________",
        "LA COUR DE CASSATION, PREMI\u00c8RE CHAMBRE CIVILE, a rendu l'arr\u00eat suivant :",
        "Statuant sur le pourvoi form\u00e9 par M. Y... ou Y... X..., domicili\u00e9 chez Mme Alicia Z...[...],",
        "contre l'ordonnance rendue le 2 f\u00e9vrier 2017 par le premier pr\u00e9sident de la cour d'appel de Bordeaux, dans le litige l'opposant au pr\u00e9fet de la Gironde, domicili\u00e9 [...],",
        "d\u00e9fendeur \u00e0 la cassation ;",
        "Le demandeur invoque, \u00e0 l'appui de son pourvoi, le moyen unique de cassation annex\u00e9 au pr\u00e9sent arr\u00eat ;",
        "Vu la communication faite au procureur g\u00e9n\u00e9ral ;",
        "LA COUR, compos\u00e9e conform\u00e9ment \u00e0 l'article R. 431-5 du code de l'organisation judiciaire, en l'audience publique du 3 juillet 2018, o\u00f9 \u00e9taient pr\u00e9sents : Mme Batut, pr\u00e9sident, Mme Gargoullaud, conseiller r\u00e9f\u00e9rendaire rapporteur, Mme Wallon, conseiller doyen, MM. Hascher, Reynis, Mme Reygner, M. Vigneau, Mme Bozzi, M. Acquaviva, Mme Auroy, conseillers, M. Roth, Mmes Mouty-Tardieu, Le Cotty, Azar, conseillers r\u00e9f\u00e9rendaires, Mme Caron-Deglise, avocat g\u00e9n\u00e9ral, Mme Pecquenard, greffier de chambre ;",
        "Sur le rapport de Mme Gargoullaud, conseiller r\u00e9f\u00e9rendaire, les observations de la SCP Thouvenin, Coudray et Gr\u00e9vy, avocat de M. X..., l'avis de Mme Caron-Deglise, avocat g\u00e9n\u00e9ral, et apr\u00e8s en avoir d\u00e9lib\u00e9r\u00e9 conform\u00e9ment \u00e0 la loi ;"
    ],
    "decision-1": [
        "Sur le moyen unique, pris en sa premi\u00e8re branche :"
    ],
    "decision-2": [
        "Vu l'article L. 561-2 du code de l'entr\u00e9e et du s\u00e9jour des \u00e9trangers et du droit d'asile (CESEDA), dans sa r\u00e9daction ant\u00e9rieure \u00e0 celle issue de la loi n\u00b0 2018-187 du 20 mars 2018 ;",
        "Attendu que, selon le II de ce texte, en cas d'impossibilit\u00e9 d'ex\u00e9cution d'office de la mesure d'\u00e9loignement r\u00e9sultant de l'obstruction volontaire de l'\u00e9tranger assign\u00e9 \u00e0 r\u00e9sidence pour une dur\u00e9e de quarante-cinq jours renouvelable une fois, l'autorit\u00e9 administrative peut demander au juge des libert\u00e9s et de la d\u00e9tention de l'autoriser \u00e0 requ\u00e9rir les services de police ou les unit\u00e9s de gendarmerie pour qu'ils visitent le domicile de l'\u00e9tranger ;"
    ],
    "decision-3": [
        "Attendu, selon l'ordonnance attaqu\u00e9e, rendue par le premier pr\u00e9sident d'une cour d'appel, et les pi\u00e8ces de la proc\u00e9dure, que, le 25 mai 2016, le pr\u00e9fet a pris \u00e0 l'\u00e9gard de M. X..., de nationalit\u00e9 congolaise, en situation irr\u00e9guli\u00e8re en France, une d\u00e9cision portant obligation de quitter le territoire national et, le 18 octobre, une d\u00e9cision d'assignation \u00e0 r\u00e9sidence, pour une dur\u00e9e de quarante-cinq jours, avec obligation de se pr\u00e9senter \u00e0 un service de police tous les cinq jours ouvrables ; que, le 30 janvier 2017, il a demand\u00e9 au juge des libert\u00e9s et de la d\u00e9tention de l'autoriser \u00e0 requ\u00e9rir les services de police ou de gendarmerie pour qu'ils visitent le domicile de M. X..., en application des dispositions de l'article L. 561-2, II, du CESEDA, au motif que celui-ci n'avait pas respect\u00e9 les prescriptions li\u00e9es \u00e0 son assignation \u00e0 r\u00e9sidence ;",
        "Attendu que, pour accueillir la demande, l'ordonnance retient que M. X... a oppos\u00e9 une obstruction volontaire \u00e0 son \u00e9loignement, dans la mesure o\u00f9 il n'a entrepris aucune d\u00e9marche utile pour sa mise en oeuvre, de sorte que les conditions l\u00e9gales de l'autorisation \u00e9taient r\u00e9unies \u00e0 la date de la requ\u00eate du pr\u00e9fet et de l'ordonnance du juge ;"
    ],
    "decision-4": [
        "Qu'en statuant ainsi, alors qu'il ressortait de ses constatations qu'\u00e0 la date de la demande du pr\u00e9fet, M. X... n'\u00e9tait plus assign\u00e9 \u00e0 r\u00e9sidence, le premier pr\u00e9sident a viol\u00e9 le texte susvis\u00e9 ;",
        "Vu les articles L. 411-3 du code de l'organisation judiciaire et 1015 du code de proc\u00e9dure civile ;"
    ],
    "decision-5": [
        "PAR CES MOTIFS et sans qu'il y ait lieu de statuer sur les autres branches du moyen :",
        "CASSE ET ANNULE, mais seulement en ce qu'elle confirme l'autorisation de visite domiciliaire, l'ordonnance rendue le 2 f\u00e9vrier 2017, entre les parties, par le premier pr\u00e9sident de la cour d'appel de Bordeaux ;",
        "DIT n'y avoir lieu \u00e0 renvoi ;",
        "Vu l'article 700 du code de proc\u00e9dure civile, rejette la demande ;",
        "Dit que sur les diligences du procureur g\u00e9n\u00e9ral pr\u00e8s la Cour de cassation, le pr\u00e9sent arr\u00eat sera transmis pour \u00eatre transcrit en marge ou \u00e0 la suite de l'ordonnance partiellement cass\u00e9e ;",
        "Ainsi fait et jug\u00e9 par la Cour de cassation, premi\u00e8re chambre civile, et prononc\u00e9 par le pr\u00e9sident en son audience publique du dix-neuf septembre deux mille dix-huit."
    ],
    "decision-6": [
        "MOYEN ANNEXE au pr\u00e9sent arr\u00eat",
        "Moyen produit par la SCP Thouvenin, Coudray et Gr\u00e9vy, avocat aux Conseils, pour M. X....",
        "Le moyen fait grief \u00e0 l'ordonnance attaqu\u00e9e d'AVOIR confirm\u00e9 l'ordonnance rendue le 30 janvier 2017 par le juge de la d\u00e9tention et des libert\u00e9s du tribunal de grande instance de Bordeaux et d'AVOIR d\u00e9bout\u00e9 Monsieur X... de ses demandes tendant \u00e0 voir annuler l'autorisation de la visite domiciliaire et l'ensemble de la proc\u00e9dure subs\u00e9quente et ordonner la main-lev\u00e9e de la mesure de r\u00e9tention et, en cons\u00e9quence, sa remise en libert\u00e9 imm\u00e9diate ;",
        "AUX MOTIFS QU'il r\u00e9sulte des dispositions de l'article L. 561-2 I. du code de l'entr\u00e9e et du s\u00e9jour des \u00e9trangers et du droit d'asile que l'autorit\u00e9 administrative peut prendre une d\u00e9cision d'assignation \u00e0 r\u00e9sidence \u00e0 l'\u00e9gard de l'\u00e9tranger qui ne peut quitter imm\u00e9diatement le territoire fran\u00e7ais mais dont l'\u00e9loignement demeure une perspective raisonnable, notamment lorsque cet \u00e9tranger fait l'objet d'une obligation de quitter le territoire fran\u00e7ais prise moins d'un an auparavant et pour laquelle le d\u00e9lai pour quitter le territoire est expir\u00e9 ou n'a pas \u00e9t\u00e9 accord\u00e9, cette assignation \u00e0 r\u00e9sidence ne pouvant exc\u00e9der une dur\u00e9e de quarante-cinq jours, renouvelable une fois ; que selon le \u00a7 II. de ce m\u00eame article, \"en cas d'impossibilit\u00e9 d'ex\u00e9cution d'office de la mesure d'\u00e9loignement r\u00e9sultant de l'obstruction volontaire de l'\u00e9tranger assign\u00e9 \u00e0 r\u00e9sidence en application du pr\u00e9sent article, l'autorit\u00e9 administrative peut demander au juge des libert\u00e9s et de la d\u00e9tention de l'autoriser \u00e0 requ\u00e9rir les services de police ou les unit\u00e9s de gendarmerie pour qu'ils visitent le domicile de l'\u00e9tranger afin de s'assurer de sa pr\u00e9sence et de le reconduire \u00e0 la fronti\u00e8re ou, si le d\u00e9part n'est pas possible imm\u00e9diatement, de lui notifier une d\u00e9cision de placement en r\u00e9tention\" ; qu'en l'esp\u00e8ce, il ressort d'un proc\u00e8s-verbal \u00e9tabli le 27 d\u00e9cembre 2016 par un fonctionnaire de la police aux fronti\u00e8res que M. X... n'a jamais pris contact aupr\u00e8s de son consulat en vue de l'\u00e9tablissement d'un laisser-passer et n'a jamais pr\u00e9sent\u00e9 de document de voyage valide pour son \u00e9loignement vers son pays d'origine ; qu'ainsi, M. X... a bien oppos\u00e9 une obstruction volontaire, au sens de l'article L. 561 II \u00e0 l'ex\u00e9cution de l'obligation de quitter le territoire fran\u00e7ais prise \u00e0 son encontre, dans la mesure o\u00f9 il n'a entrepris aucune d\u00e9marche utile pour la mise en oeuvre de son \u00e9loignement, lequel ne se heurtait \u00e0 aucun obstacle juridique, puisque la demande d'asile de M. X... a \u00e9t\u00e9 rejet\u00e9e par l'Office fran\u00e7ais de protection des r\u00e9fugi\u00e9s apatrides et que sa demande de titre de s\u00e9jour ne suspend pas le caract\u00e8re ex\u00e9cutoire de l'obligation de quitter le territoire fran\u00e7ais ; qu'ainsi, les conditions l\u00e9gales de la visite domiciliaire \u00e9taient r\u00e9unies \u00e0 la date de la requ\u00eate du pr\u00e9fet et de l'ordonnance du juge de la d\u00e9tention et des libert\u00e9s, et il convient, par ces motifs substitu\u00e9s \u00e0 ceux erron\u00e9s du juge de la d\u00e9tention et des libert\u00e9s, de confirmer cette d\u00e9cision ;",
        "1\u00b0 ALORS QU'en vertu des dispositions du paragraphe II de l'article L 561-2 du Ceseda, r\u00e9gissant la proc\u00e9dure de visite domiciliaire, \u00ab en cas d'impossibilit\u00e9 d'ex\u00e9cution d'office de la mesure d'\u00e9loignement r\u00e9sultant de l'obstruction volontaire de l'\u00e9tranger assign\u00e9 \u00e0 r\u00e9sidence en application du I du pr\u00e9sent article, l'autorit\u00e9 administrative peut demander au juge des libert\u00e9s et de la d\u00e9tention de l'autoriser \u00e0 requ\u00e9rir les services de police ou les unit\u00e9s de gendarmerie pour qu'ils visitent le domicile de l'\u00e9tranger \u00bb ; que le l\u00e9gislateur a ainsi express\u00e9ment r\u00e9serv\u00e9 la mise en oeuvre de cette proc\u00e9dure aux \u00e9trangers assign\u00e9s \u00e0 r\u00e9sidence en application du I du m\u00eame article ; que le paragraphe I de la disposition susvis\u00e9e limite express\u00e9ment la dur\u00e9e de l'assignation \u00e0 r\u00e9sidence \u00e0 45 jours, renouvelable une fois ; que le premier pr\u00e9sident de la cour d'appel ayant constat\u00e9 que le pr\u00e9fet de la Gironde avait, par une ordonnance du 18 octobre 2016, \u00ab d\u00e9cid\u00e9 l'assignation \u00e0 r\u00e9sidence de Monsieur X... dans le d\u00e9partement de la Gironde pour une dur\u00e9e de 45 jours \u00bb, il s'en \u00e9vin\u00e7ait n\u00e9cessairement qu'\u00e0 la date \u00e0 laquelle ce m\u00eame pr\u00e9fet pr\u00e9sentait requ\u00eate aux fins d'\u00eatre autoris\u00e9 \u00e0 visiter le domicile de Monsieur X..., soit le 30 janvier 2017, celui-ci n'\u00e9tait plus \u2013 et n'\u00e9tait donc pas - assign\u00e9 \u00e0 r\u00e9sidence ; qu'en d\u00e9cidant n\u00e9anmoins que les conditions l\u00e9gales de la visite domiciliaire \u00e9taient r\u00e9unies \u00e0 la date de la requ\u00eate du pr\u00e9fet et de l'ordonnance du juge des libert\u00e9s et de la d\u00e9tention, le premier pr\u00e9sident de la cour d'appel a viol\u00e9, par fausse application, l'article L 561-2 du Ceseda ;",
        "2\u00b0 ALORS \u00e0 tout le moins QU'en statuant comme il l'a fait sans v\u00e9rifier que, comme le soutenait M. X... (v. sa requ\u00eate en appel p. 4 \u00a7 2), l'assignation \u00e0 r\u00e9sidence avait cess\u00e9 \u00e0 la date \u00e0 laquelle le pr\u00e9fet a sollicit\u00e9 l'autorisation de visiter son domicile, le premier pr\u00e9sident de la cour d'appel a priv\u00e9 sa d\u00e9cision de base l\u00e9gale au regard de l'article L 561-2 du Ceseda ;",
        "3\u00b0 ALORS QU'en vertu des dispositions du paragraphe II de l'article L 561-2 du Ceseda, r\u00e9gissant la proc\u00e9dure de visite domiciliaire, \u00ab en cas d'impossibilit\u00e9 d'ex\u00e9cution d'office de la mesure d'\u00e9loignement r\u00e9sultant de l'obstruction volontaire de l'\u00e9tranger assign\u00e9 \u00e0 r\u00e9sidence en application du I du pr\u00e9sent article, l'autorit\u00e9 administrative peut demander au juge des libert\u00e9s et de la d\u00e9tention de l'autoriser \u00e0 requ\u00e9rir les services de police ou les unit\u00e9s de gendarmerie pour qu'ils visitent le domicile de l'\u00e9tranger \u00bb ; qu'en vertu encore du deuxi\u00e8me alin\u00e9a du paragraphe II du m\u00eame article, \u00ab le juge s'assure (...) de l'obstruction volontaire de l'\u00e9tranger \u00e0 ladite ex\u00e9cution, d\u00fbment constat\u00e9e par l'autorit\u00e9 administrative, r\u00e9sultant notamment de l'absence de r\u00e9ponse de l'\u00e9tranger \u00e0 sa demande de pr\u00e9sentation pour les n\u00e9cessit\u00e9s de son ex\u00e9cution \u00bb ; qu'il en r\u00e9sulte que, hormis l'hypoth\u00e8se, express\u00e9ment pr\u00e9vue par le l\u00e9gislateur, dans laquelle l'obstruction volontaire \u00e0 l'ex\u00e9cution de la mesure d'\u00e9loignement serait caract\u00e9ris\u00e9e par \u00ab l'absence de r\u00e9ponse de l'\u00e9tranger \u00e0 sa demande de pr\u00e9sentation pour les n\u00e9cessit\u00e9s de son ex\u00e9cution \u00bb, cette obstruction ne saurait r\u00e9sulter d'une simple abstention ; qu'en d\u00e9cidant n\u00e9anmoins que \u00ab M. X... a bien oppos\u00e9 une obstruction volontaire, au sens de l'article L. 561 II \u00e0 l'ex\u00e9cution de l'obligation de quitter le territoire fran\u00e7ais prise \u00e0 son encontre, dans la mesure o\u00f9 il n'a entrepris aucune d\u00e9marche utile pour la mise en oeuvre de son \u00e9loignement \u00bb, le premier pr\u00e9sident de la cour d'appel a encore viol\u00e9, par fausse application, l'article L 561-2 du Ceseda ;",
        "4\u00b0 ALORS \u00e0 tout le moins QU'en statuant comme il l'a fait, sans rechercher, comme l'article L 561-2 du Ceseda lui en faisait l'obligation, si Monsieur X... avait bien oppos\u00e9 l'obstruction volontaire que l'administration pr\u00e9tendait constater en se r\u00e9f\u00e9rant \u00e0 ses propres affirmations, le premier pr\u00e9sident de la cour d'appel a priv\u00e9 sa d\u00e9cision de base l\u00e9gale au regard des dispositions de l'article L 561-2 du Ceseda ;",
        "5\u00b0 ALORS QU'en vertu des dispositions du paragraphe II de l'article L 561-2 du Ceseda, r\u00e9gissant la proc\u00e9dure de visite domiciliaire, \u00ab en cas d'impossibilit\u00e9 d'ex\u00e9cution d'office de la mesure d'\u00e9loignement r\u00e9sultant de l'obstruction volontaire de l'\u00e9tranger assign\u00e9 \u00e0 r\u00e9sidence en application du I du pr\u00e9sent article, l'autorit\u00e9 administrative peut demander au juge des libert\u00e9s et de la d\u00e9tention de l'autoriser \u00e0 requ\u00e9rir les services de police ou les unit\u00e9s de gendarmerie pour qu'ils visitent le domicile de l'\u00e9tranger \u00bb ; qu'en vertu encore du deuxi\u00e8me alin\u00e9a du paragraphe II du m\u00eame article, \u00ab le juge s'assure (...) de l'obstruction volontaire de l'\u00e9tranger \u00e0 ladite ex\u00e9cution, d\u00fbment constat\u00e9e par l'autorit\u00e9 administrative, r\u00e9sultant notamment de l'absence de r\u00e9ponse de l'\u00e9tranger \u00e0 sa demande de pr\u00e9sentation pour les n\u00e9cessit\u00e9s de son ex\u00e9cution \u00bb ; que le l\u00e9gislateur a ainsi express\u00e9ment conditionn\u00e9 la mise en oeuvre de cette proc\u00e9dure \u00e0 l'existence d'une obstruction volontaire oppos\u00e9e par l'\u00e9tranger \u00e0 l'ex\u00e9cution de la mesure d'\u00e9loignement, laquelle doit \u00eatre tenue pour caract\u00e9ris\u00e9e lorsque l'\u00e9tranger a refus\u00e9 ou n\u00e9glig\u00e9 de r\u00e9pondre \u00e0 une convocation ; que la requ\u00eate du pr\u00e9fet de la Gironde aux fins d'\u00eatre autoris\u00e9 \u00e0 visiter le domicile de Monsieur X... pr\u00e9cisait qu'\u00ab une demande de laissez-passer consulaire ayant \u00e9t\u00e9 initi\u00e9e d\u00e8s le 20 octobre 2016 aupr\u00e8s de son consulat par les services de la police aux fronti\u00e8res de Bordeaux, ceux-ci ont accept\u00e9 de lui d\u00e9livrer un laissez-passer valable du 16 janvier 2017 au 31 janvier 2017 \u00bb ; qu'en d\u00e9cidant que les conditions l\u00e9gales de la visite domiciliaire \u00e9taient r\u00e9unies, sans v\u00e9rifier, comme les dispositions de l'article L 561-2 du Ceseda lui imposaient de le faire, si Monsieur X... avait refus\u00e9 ou n\u00e9glig\u00e9 de r\u00e9pondre \u00e0 une demande de pr\u00e9sentation, le premier pr\u00e9sident de la cour d'appel a priv\u00e9 sa d\u00e9cision de base l\u00e9gale au regard des dispositions de l'article L 561-2 du Ceseda."
    ]
}