{
    "decision-0": [
        "CIV. 2",
        "MF",
        "COUR DE CASSATION",
        "______________________",
        "Audience publique du 11 octobre 2018",
        "Cassation",
        "Mme FLISE, pr\u00e9sident",
        "Arr\u00eat n\u00b0 1283 F-P+B",
        "Pourvoi n\u00b0 X 17-22.398",
        "Aide juridictionnelle totale en d\u00e9fense",
        "au profit de M. X....",
        "Admission du bureau d'aide juridictionnelle",
        "pr\u00e8s la Cour de cassation",
        "en date du 13 novembre 2017.",
        "R \u00c9 P U B L I Q U E F R A N \u00c7 A I S E",
        "_________________________",
        "AU NOM DU PEUPLE FRAN\u00c7AIS",
        "_________________________",
        "LA COUR DE CASSATION, DEUXI\u00c8ME CHAMBRE CIVILE, a rendu l'arr\u00eat suivant :",
        "Statuant sur le pourvoi form\u00e9 par la caisse d'allocations familiales du Gers, dont le si\u00e8ge est [...], contre l'arr\u00eat rendu le 30 mai 2017 par la cour d'appel d'Agen (chambre sociale), dans le litige l'opposant \u00e0 M. Adam X..., domicili\u00e9 [...], d\u00e9fendeur \u00e0 la cassation ;",
        "La demanderesse invoque, \u00e0 l'appui de son pourvoi, le moyen unique de cassation annex\u00e9 au pr\u00e9sent arr\u00eat ;",
        "Vu la communication faite au procureur g\u00e9n\u00e9ral ;",
        "LA COUR, en l'audience publique du 12 septembre 2018, o\u00f9 \u00e9taient pr\u00e9sents : Mme Flise, pr\u00e9sident, Mme Y..., conseiller rapporteur, M. Pr\u00e9tot, conseiller doyen, Mme Szirek, greffier de chambre ;",
        "Sur le rapport de Mme Y..., conseiller, les observations de la SCP Gatineau et Fattaccini, avocat de la caisse d'allocations familiales du Gers, de la SCP Piwnica et Molini\u00e9, avocat de M. X..., l'avis de Mme Z..., avocat g\u00e9n\u00e9ral, et apr\u00e8s en avoir d\u00e9lib\u00e9r\u00e9 conform\u00e9ment \u00e0 la loi ;"
    ],
    "decision-1": [
        "Sur le moyen unique :"
    ],
    "decision-2": [
        "Vu l'article L. 512-2, alin\u00e9a 3, du code de la s\u00e9curit\u00e9 sociale, dans sa r\u00e9daction applicable au litige, et l'accord de partenariat et de coop\u00e9ration entre les Communaut\u00e9s europ\u00e9ennes et leurs Etats membres, d'une part, et la F\u00e9d\u00e9ration de Russie, d'autre part, sign\u00e9 \u00e0 Corfou le 24 juin 1994 et publi\u00e9 par le d\u00e9cret n\u00b0 98-425 du 22 mai 1998 ;",
        "Attendu, selon le premier de ces textes, applicable sous r\u00e9serve des trait\u00e9s et accords internationaux r\u00e9guli\u00e8rement ins\u00e9r\u00e9s dans l'ordre interne, que les \u00e9trangers non ressortissants d'un Etat membre de l'Union europ\u00e9enne, d'un autre Etat partie \u00e0 l'accord sur l'Espace \u00e9conomique europ\u00e9en ou de la Conf\u00e9d\u00e9ration Suisse, titulaires d'un titre exig\u00e9 d'eux en vertu soit de dispositions l\u00e9gislatives ou r\u00e9glementaires, soit de trait\u00e9s ou accords internationaux pour r\u00e9sider r\u00e9guli\u00e8rement en France, b\u00e9n\u00e9ficient des prestations familiales sous r\u00e9serve qu'il soit justifi\u00e9 pour leurs enfants qui sont \u00e0 leur charge et au titre desquels les prestations familiales sont demand\u00e9es, de l'une des situations qu'il \u00e9num\u00e8re limitativement ;"
    ],
    "decision-3": [
        "Attendu, selon l'arr\u00eat attaqu\u00e9, que M. X..., de nationalit\u00e9 russe, est entr\u00e9 en France le 24 novembre 2011, et a obtenu une carte de s\u00e9jour temporaire, mention \"salari\u00e9\" ; que son \u00e9pouse est entr\u00e9e en France le 22 ao\u00fbt 2012, avec leurs sept enfants, et a obtenu une carte de s\u00e9jour temporaire, mention \"vie priv\u00e9e et familiale\" ; que la caisse d'allocations familiales du Gers (la caisse) lui ayant refus\u00e9 le b\u00e9n\u00e9fice de prestations familiales au motif qu'il ne produisait pas le certificat m\u00e9dical d\u00e9livr\u00e9 par l'Office fran\u00e7ais de l'immigration et de l'int\u00e9gration, M. X... a saisi d'un recours une juridiction de s\u00e9curit\u00e9 sociale ;",
        "Attendu que, pour accueillir ce dernier, l'arr\u00eat, apr\u00e8s avoir \u00e9nonc\u00e9 que M. X... ne remplit pas les conditions fix\u00e9es par les articles L. 512-2 et D. 512-2 du code de la s\u00e9curit\u00e9 sociale pour l'obtention des prestations familiales, retient essentiellement que ces m\u00eames dispositions introduisent, en soumettant le b\u00e9n\u00e9fice des prestations familiales \u00e0 la production du certificat m\u00e9dical d\u00e9livr\u00e9 par l'Office fran\u00e7ais de l'int\u00e9gration et de l'immigration \u00e0 l'issue de la proc\u00e9dure de regroupement ou \u00e0 la production de l'un des documents \u00e9num\u00e9r\u00e9s \u00e0 l'article D. 512-2 susmentionn\u00e9, une discrimination directement fond\u00e9e sur la nationalit\u00e9, contraire aux dispositions \u00e0 valeur supra-l\u00e9gislative de l'accord de partenariat et de coop\u00e9ration entre les Communaut\u00e9s europ\u00e9ennes et leurs Etats membres, d'une part, la F\u00e9d\u00e9ration de Russie, d'autre part, sign\u00e9 \u00e0 Corfou le 24 juin 1994 ;"
    ],
    "decision-4": [
        "Qu'en statuant ainsi, sur le fondement d'un accord international dont les stipulations n'\u00e9tendent pas leurs effets \u00e0 l'attribution des prestations sociales, la cour d'appel a viol\u00e9, le premier par refus d'application, le second par fausse application, les textes susvis\u00e9s ;"
    ],
    "decision-5": [
        "PAR CES MOTIFS :",
        "CASSE ET ANNULE, en toutes ses dispositions, l'arr\u00eat rendu le 30 mai 2017, entre les parties, par la cour d'appel d'Agen ; remet, en cons\u00e9quence, la cause et les parties dans l'\u00e9tat o\u00f9 elles se trouvaient avant ledit arr\u00eat et, pour \u00eatre fait droit, les renvoie devant la cour d'appel de Toulouse ;",
        "Condamne M. X... aux d\u00e9pens ;",
        "Vu l'article 700 du code de proc\u00e9dure civile, rejette les demandes ;",
        "Dit que sur les diligences du procureur g\u00e9n\u00e9ral pr\u00e8s la Cour de cassation, le pr\u00e9sent arr\u00eat sera transmis pour \u00eatre transcrit en marge ou \u00e0 la suite de l'arr\u00eat cass\u00e9 ;",
        "Ainsi fait et jug\u00e9 par la Cour de cassation, deuxi\u00e8me chambre civile, et prononc\u00e9 par le pr\u00e9sident en son audience publique du onze octobre deux mille dix-huit."
    ],
    "decision-6": [
        "MOYEN ANNEXE au pr\u00e9sent arr\u00eat",
        "Moyen produit par la SCP Gatineau et Fattaccini, avocat aux Conseils, pour la caisse d'allocations familiales du Gers.",
        "Le pourvoi fait grief \u00e0 l'arr\u00eat infirmatif attaqu\u00e9 d'AVOIR annul\u00e9 la d\u00e9cision de la commission de recours amiable de la Caisse d'allocations familiales du Gers du 30 avril 2015 en ce qu'elle a confirm\u00e9 le refus de paiement \u00e0 M. X... des prestations familiales pour ses enfants, d'AVOIR dit que la CAF du Gers devra verser \u00e0 M. X... les prestations familiales pour ses sept enfants \u00e0 compter de mars 2015 avec int\u00e9r\u00eats au taux l\u00e9gal \u00e0 compter de la signification de l'arr\u00eat et d'AVOIR renvoy\u00e9 M. X... devant la CAF du Gers pour la liquidation de ses droits ;",
        "AUX MOTIFS QU'il r\u00e9sulte des dispositions de l'article L. 512-2 du code de la s\u00e9curit\u00e9 sociale, dans sa version applicable aux faits de la cause, que \u00ab B\u00e9n\u00e9ficient de plein droit des prestations familiales dans les conditions fix\u00e9es par le pr\u00e9sent livre les ressortissants des Etats membres de la Communaut\u00e9 europ\u00e9enne, des autres Etats parties \u00e0 l'accord sur l'Espace \u00e9conomique europ\u00e9en et de la Conf\u00e9d\u00e9ration suisse qui remplissent les conditions exig\u00e9es pour r\u00e9sider r\u00e9guli\u00e8rement en France, la r\u00e9sidence \u00e9tant appr\u00e9ci\u00e9e dans les conditions fix\u00e9es pour l'application de l'article L. 512-1. B\u00e9n\u00e9ficient \u00e9galement de plein droit des prestations familiales dans les conditions fix\u00e9es par le pr\u00e9sent livre les \u00e9trangers non ressortissants d'un Etat membre de la Communaut\u00e9 europ\u00e9enne, d'un autre Etat partie \u00e0 l'accord sur l'Espace \u00e9conomique europ\u00e9en ou de la Conf\u00e9d\u00e9ration suisse, titulaires d'un titre exig\u00e9 d'eux en vertu soit de dispositions l\u00e9gislatives ou r\u00e9glementaires, soit de trait\u00e9s ou accords internationaux pour r\u00e9sider r\u00e9guli\u00e8rement en France. Ces \u00e9trangers b\u00e9n\u00e9ficient des prestations familiales sous r\u00e9serve qu'il soit justifi\u00e9, pour les enfants qui sont \u00e0 leur charge et au titre desquels les prestations familiales sont demand\u00e9es, de l'une des situations suivantes: - leur naissance en France; - leur entr\u00e9e r\u00e9guli\u00e8re dans le cadre de la proc\u00e9dure de regroupement familial vis\u00e9e au livre IV du code de l'entr\u00e9e et du s\u00e9jour des \u00e9trangers et du droit d'asile; - leur qualit\u00e9 de membre de famille de r\u00e9fugi\u00e9; -leur qualit\u00e9 d'enfant d'\u00e9tranger titulaire de la carte de s\u00e9jour mentionn\u00e9e au 10\u00b0 de l'article L. 313-11 du code de l'entr\u00e9e et du s\u00e9jour des \u00e9trangers et du droit d'asile; - leur qualit\u00e9 d'enfant d'\u00e9tranger titulaire de la carte de s\u00e9jour mentionn\u00e9e \u00e0 l'article L. 313- 13 du m\u00eame code; - leur qualit\u00e9 d'enfant d'\u00e9tranger titulaire de l'une des cartes de s\u00e9jour mentionn\u00e9es \u00e0 l'article L. 313-8 du m\u00eame code; - leur qualit\u00e9 d'enfant d'\u00e9tranger titulaire de la carte de s\u00e9jour mentionn\u00e9e au 7\u00b0 de l'article L. 313- t 1 du m\u00eame code \u00e0 la condition que le ou les enfants en cause soient entr\u00e9s en France au plus tard en m\u00eame temps que l'un de leurs parents titulaires de la carte susmentionn\u00e9e. Un d\u00e9cret fixe la liste des titres et justifications attestant de la r\u00e9gularit\u00e9 de l'entr\u00e9e et du s\u00e9jour des b\u00e9n\u00e9ficiaires \u00e9trangers. Il d\u00e9termine \u00e9galement la nature des documents exig\u00e9s pour justifier que les enfants que ces \u00e9trangers ont \u00e0 charge et au titre desquels des prestations familiales sont demand\u00e9es remplissent les conditions pr\u00e9vues aux alin\u00e9as pr\u00e9c\u00e9dents\u00bb. L'article D. 512-2 du code de la s\u00e9curit\u00e9 sociale pr\u00e9cise que \u00abLa r\u00e9gularit\u00e9 de l'entr\u00e9e et du s\u00e9jour des enfants \u00e9trangers que le b\u00e9n\u00e9ficiaire a \u00e0 charge et au titre desquels il demande des prestations familiales est justifi\u00e9e par la production de l'un des documents suivants: 1 \u00b0 Extrait d'acte de naissance en France; 2\u00b0 Certificat de contr\u00f4le m\u00e9dical de l'enfant, d\u00e9livr\u00e9 par l'Office fran\u00e7ais de l'immigration et de l'int\u00e9gration \u00e0 l'issue de la proc\u00e9dure d'introduction ou d'admission au s\u00e9jour au titre du regroupement familial; 3\u00b0 Livret de famille d\u00e9livr\u00e9 par l'Office fran\u00e7ais de protection des r\u00e9fugi\u00e9s et apatrides ou, \u00e0 d\u00e9faut, un acte de naissance \u00e9tabli, le cas \u00e9ch\u00e9ant, par cet office, lorsque l'enfant est membre de famille d'un r\u00e9fugi\u00e9, d'un apatride ou d'un b\u00e9n\u00e9ficiaire de la protection subsidiaire. Lorsque l'enfant n'est pas l'enfant du r\u00e9fugi\u00e9, de l'apatride ou du b\u00e9n\u00e9ficiaire de la protection subsidiaire, cet acte de naissance est accompagn\u00e9 d'un jugement confiant la tutelle de cet enfant \u00e0 l'\u00e9tranger qui demande \u00e0 b\u00e9n\u00e9ficier des prestations familiales; 4\u00b0 Visa d\u00e9livr\u00e9 par l'autorit\u00e9 consulaire et comportant le nom de l'enfant d'un \u00e9tranger titulaire de la carte de s\u00e9jour mentionn\u00e9e \u00e0 l'article L. 313-8 ou au 5\u00b0 de l'article L. 313-11 du code de l'entr\u00e9e et du s\u00e9jour des \u00e9trangers et du droit d'asile; 5\u00b0 Attestation d\u00e9livr\u00e9e par l'autorit\u00e9 pr\u00e9fectorale, pr\u00e9cisant que l'enfant est entr\u00e9 en France au plus tard en m\u00eame temps que l'un de ses parents admis au s\u00e9jour sur le fondement du 7\u00b0 de l'article L. 313-11 du code de l'entr\u00e9e et du s\u00e9jour des \u00e9trangers et du droit d'asile ou du 5\u00b0 de l'article 6 de l'accord franco-alg\u00e9rien du 27 d\u00e9cembre 1968 modifi\u00e9; 6\u00b0 Titre de s\u00e9jour d\u00e9livr\u00e9 \u00e0 l'\u00e9tranger \u00e2g\u00e9 de seize \u00e0 dix-huit ans dans les conditions fix\u00e9es par l'article L. 311-3 du code de l'entr\u00e9e et du s\u00e9jour des \u00e9trangers et du droit d'asile. Elle est \u00e9galement justifi\u00e9e, pour les enfants majeurs ouvrant droit aux prestations familiales, par l'un des titres mentionn\u00e9s \u00e0 l'article D. 512-1\u00bb. Il n'est pas contest\u00e9 par M. X... que lui comme son \u00e9pouse sont titulaires de titres de s\u00e9jour d\u00e9livr\u00e9s en application des dispositions de l'article L. 313-14 du code de l'entr\u00e9e et du s\u00e9jour des \u00e9trangers et du droit d'asile, titres non inclus dans la liste limitative de ceux autorisant le service des prestations familiales en application des dispositions susvis\u00e9es de l'article L. 512-2 du code de la s\u00e9curit\u00e9 sociale. II n'est pas plus contest\u00e9 par M. X... que ses enfants ne sont pas entr\u00e9s en France dans le cadre d'un regroupement familial et ne remplissent pas plus l'une les conditions pr\u00e9vues par l'article D. 512-2 pr\u00e9cit\u00e9. Il est d\u00e8s lors incontestable que M. X... ne remplit pas les conditions pos\u00e9es par les articles pr\u00e9cit\u00e9s pour b\u00e9n\u00e9ficier des prestations familiales. Il r\u00e9sulte cependant des dispositions de l'article 24 de l'accord de partenariat et de coop\u00e9ration entre les communaut\u00e9s europ\u00e9ennes et leurs Etats membres, d'une part, et la f\u00e9d\u00e9ration de Russie, d'autre part, sign\u00e9 \u00e0 Corfou le 24 juin 1994, ratifi\u00e9 par la France en application de la loi n? 97-53 du 22 janvier 1997 que \u00abLes parties concluent des accords afin: 1. D'adopter, sous r\u00e9serve des conditions et modalit\u00e9s applicables dans chaque \u00c9tat membre, les dispositions n\u00e9cessaires \u00e0 la coordination des syst\u00e8mes de s\u00e9curit\u00e9 sociale pour les travailleurs ressortissants de Russie l\u00e9galement employ\u00e9s sur le territoire d'un Etat membre et, le cas \u00e9ch\u00e9ant, pour les membres de leur famille qui y r\u00e9sident l\u00e9galement. Ces dispositions assurent notamment que: - toutes les p\u00e9riodes d'assurance, d'emploi ou de r\u00e9sidence accomplies par lesdits travailleurs dans les diff\u00e9rents Etats membres sont totalis\u00e9es aux fins de l'acquisition des droits \u00e0 pension de vieillesse, d'invalidit\u00e9 et de survie et du b\u00e9n\u00e9fice des soins m\u00e9dicaux pour eux-m\u00eames et, le cas \u00e9ch\u00e9ant, les membres de leur famille; - toutes les pensions de vieillesse, de survie, d'accident du travail ou de maladie professionnelle, ou d'invalidit\u00e9 qui en r\u00e9sulte, \u00e0 l'exception des prestations sp\u00e9ciales non contributives, b\u00e9n\u00e9ficient du libre transfert au taux applicable en vertu de la l\u00e9gislation du ou des Etats membres d\u00e9biteurs; -les travailleurs en question per\u00e7oivent, le cas \u00e9ch\u00e9ant, les allocations familiales pour les membres de leur famille vis\u00e9s ci-dessus. 2. D'adopter, sous r\u00e9serve des conditions et modalit\u00e9s applicables en, Russie, les dispositions n\u00e9cessaires pour accorder aux travailleurs ressortissants d'un Etat membre l\u00e9galement employ\u00e9s en Russie, ainsi qu'aux membres de leur famille qui y r\u00e9sident l\u00e9galement, un traitement similaire \u00e0 celui vis\u00e9 au paragraphe 1, deuxi\u00e8me et troisi\u00e8me tiret\u00bb. Il ressort clairement des dispositions pr\u00e9cit\u00e9es que l'accord en question pr\u00e9voit une \u00e9galit\u00e9 de traitement en mati\u00e8re de prestations familiales des travailleurs russes et de leurs familles avec les citoyens de l'Etat membre de l'union europ\u00e9enne sur le sol duquel ils sont l\u00e9galement employ\u00e9s. En effet, la mention \u00absous r\u00e9serve des conditions et modalit\u00e9s applicables dans chaque Etat membre\u00bb vise indiscutablement les conditions et modalit\u00e9s exig\u00e9es de tout demandeur sollicitant l'attribution de prestations familiales, ressortissant ou pas de l'Etat membre, et non les conditions suppl\u00e9mentaires exig\u00e9es des \u00e9trangers non ressortissants d'un Etat membre de la communaut\u00e9 europ\u00e9enne. Or, il r\u00e9sulte d'une jurisprudence constante de la Cour de justice de l'union europ\u00e9enne qu'une disposition d'un accord conclu par la communaut\u00e9 avec des pays tiers doit \u00eatre consid\u00e9r\u00e9e comme \u00e9tant d'application directe lorsque, eu \u00e9gard \u00e0 ses termes, ainsi qu'\u00e0 l'objet et \u00e0 la nature de l'accord, elle comporte une obligation claire et pr\u00e9cise qui n'est subordonn\u00e9e, dans son ex\u00e9cution ou dans ses effets, \u00e0 aucun acte ult\u00e9rieur. Tel est bien le cas des dispositions de l'article 24 susvis\u00e9 pr\u00e9voyant que les travailleurs russes l\u00e9galement employ\u00e9s sur le territoire d'un Etat membre doivent percevoir les allocations familiales pour les membres de leur famille qui y r\u00e9sident l\u00e9galement. D\u00e8s lors, cette obligation inconditionnelle est d'application directe et prime sur l'ensemble des normes internes. M. X..., \u00e9tant bien b\u00e9n\u00e9ficiaire d'une autorisation de travailler et l'ensemble des membres de la famille r\u00e9sidant bien l\u00e9galement sur le territoire fran\u00e7ais, peut valablement invoquer le b\u00e9n\u00e9fice des dispositions de l'article 24 de l'accord susvis\u00e9. Sachant qu'il n'est pas contest\u00e9 par ailleurs que M. X... remplit les autres conditions d'attribution des prestations familiales tenant \u00e0 la r\u00e9gularit\u00e9 du s\u00e9jour en France de l'ensemble de sa famille et \u00e0 la charge effective et permanente des enfants pour lesquels il sollicite le versement des prestations familiales, il convient d'\u00e9carter les dispositions des articles L. 512-2 et D. 512-2 du code de la s\u00e9curit\u00e9 sociale qui, en soumettant le b\u00e9n\u00e9fice des prestations familiales \u00e0 la production du certificat m\u00e9dical d\u00e9livr\u00e9 par l'office fran\u00e7ais de l'int\u00e9gration et de l'immigration \u00e0 l'issue de la proc\u00e9dure de regroupement familial ou \u00e0 la production de l'un des documents \u00e9num\u00e9r\u00e9s \u00e0 l'article D. 512-2 pr\u00e9cit\u00e9, institue une discrimination directement fond\u00e9e sur la nationalit\u00e9 contraire aux dispositions \u00e0 valeur supra-l\u00e9gislative de l'accord de partenariat et de coop\u00e9ration sign\u00e9 entre l'union europ\u00e9enne ct la f\u00e9d\u00e9ration de Russie. La caisse d'allocations familiales du Gers devra ainsi verser \u00e0 M. X... les prestations familiales pour ses 7 enfants, Ayshat n\u00e9e le [...] , Askhab n\u00e9 le [...] , Abu A... n\u00e9 le [...] , Zaynap n\u00e9e le [...] , Umar B... n\u00e9 le [...] , Muhammad n\u00e9 le [...] et Abdullah n\u00e9 le [...] , qui r\u00e9sident l\u00e9galement en France, comme b\u00e9n\u00e9ficiant d'un document de circulation qui atteste de la r\u00e9gularit\u00e9 de leur s\u00e9jour en France, et ce \u00e0 compter du mois de mars 2015, mois suivant la d\u00e9livrance de ce document. La caisse d'allocations familiales du Gers sera en outre condamn\u00e9e au paiement des int\u00e9r\u00eats au taux l\u00e9gal sur les sommes dues \u00e0 compter de la signification du pr\u00e9sent arr\u00eat. M. X... sera cependant d\u00e9bout\u00e9 de sa demande d'astreinte qui n'appara\u00eet pas n\u00e9cessaire en l'esp\u00e8ce pour assurer l'ex\u00e9cution du pr\u00e9sent arr\u00eat. Il serait enfin in\u00e9quitable de laisser \u00e0 la charge de M. X... les frais irr\u00e9p\u00e9tibles qu'il a d\u00fb exposer dans cette instance. La caisse d'allocations familiales du Gers sera en cons\u00e9quence condamn\u00e9e \u00e0 lui payer une somme de l 500 euros sur le fondement des dispositions de l'article 700 du code de proc\u00e9dure civile ;",
        "ALORS QUE, selon l'article L.512-2 du code de la s\u00e9curit\u00e9 sociale, b\u00e9n\u00e9ficient des prestations familiales les \u00e9trangers non ressortissants d'un Etat membre de l'Union europ\u00e9enne, d'un autre Etat partie \u00e0 l'accord sur l\u2018Espace \u00e9conomique europ\u00e9en ou de la Conf\u00e9d\u00e9ration suisse pour les enfants qui sont \u00e0 leur charge et au titre desquels les prestations sont demand\u00e9es, d\u00e8s lors qu'ils justifient de la r\u00e9gularit\u00e9 de leur situation par la production de l'un des titres ou documents \u00e9num\u00e9r\u00e9s par l'article D.512-2 du m\u00eame code ; que selon l'article 24 de l'accord de partenariat et de coop\u00e9ration entre les communaut\u00e9s europ\u00e9ennes et leurs Etats membres d'une part et la f\u00e9d\u00e9ration de Russie d'autre part du 24 juin 1994, les parties s'engagent \u00e0 adopter, sous r\u00e9serve des conditions et modalit\u00e9s applicables dans chaque Etat membre, les dispositions n\u00e9cessaires \u00e0 la coordination des syst\u00e8mes de s\u00e9curit\u00e9 sociale afin, notamment, que les travailleurs russes b\u00e9n\u00e9ficient pour leurs enfants vivant en France des allocations familiales ; que cet article qui ne tend qu'\u00e0 la coordination des syst\u00e8mes de s\u00e9curit\u00e9 sociale, ne conf\u00e8re aucun droit direct des ressortissants des pays signataires aux allocations familiales du pays d'accueil ; qu'il en r\u00e9sulte que le travailleur de nationalit\u00e9 russe ne se voit pas dispens\u00e9 de justifier, par la production des documents mentionn\u00e9s \u00e0 l'article D.512-2 du code de la s\u00e9curit\u00e9 sociale, de la r\u00e9gularit\u00e9 de la situation des enfants qui ont \u00e9t\u00e9 autoris\u00e9s \u00e0 le rejoindre en France ; qu'en jugeant, pour faire droit \u00e0 la demande de prestations familiales form\u00e9e par M. X... pour ses enfants entr\u00e9s en France en dehors de la proc\u00e9dure de regroupement familial, que l'article 24 de l'accord du 24 juin 1994 \u00e9tait d'application directe et le dispensait des conditions pr\u00e9vues par les articles L.512-2 et D.512-2 du code de la s\u00e9curit\u00e9 sociale, la Cour d'appel a viol\u00e9 ces dispositions ensemble l'article 24 de l'accord de partenariat et de coop\u00e9ration entre les communaut\u00e9s europ\u00e9ennes et leurs Etats membres et la f\u00e9d\u00e9ration de Russie du 24 juin 1994 ;"
    ]
}