{
    "decision-0": [
        "CIV. 1",
        "LG",
        "COUR DE CASSATION",
        "______________________",
        "Audience publique du 7 novembre 2018",
        "Cassation partielle sans renvoi",
        "Mme BATUT, pr\u00e9sident",
        "Arr\u00eat n\u00b0 1049 F-D",
        "Pourvoi n\u00b0 H 17-28.065",
        "R \u00c9 P U B L I Q U E F R A N \u00c7 A I S E",
        "_________________________",
        "AU NOM DU PEUPLE FRAN\u00c7AIS",
        "_________________________",
        "LA COUR DE CASSATION, PREMI\u00c8RE CHAMBRE CIVILE, a rendu l'arr\u00eat suivant :",
        "Statuant sur le pourvoi form\u00e9 par le pr\u00e9fet du Haut-Rhin, domicili\u00e9 [...] ,",
        "contre l'ordonnance rendue le 29 septembre 2017 par le premier pr\u00e9sident de la cour d'appel de Metz, dans le litige l'opposant \u00e0 M. X... Y..., domicili\u00e9 [...] ,",
        "d\u00e9fendeur \u00e0 la cassation ;",
        "Le demandeur invoque, \u00e0 l'appui de son pourvoi, le moyen unique de cassation annex\u00e9 au pr\u00e9sent arr\u00eat ;",
        "Vu la communication faite au procureur g\u00e9n\u00e9ral ;",
        "LA COUR, en l'audience publique du 2 octobre 2018, o\u00f9 \u00e9taient pr\u00e9sentes : Mme Batut, pr\u00e9sident, Mme Z..., conseiller r\u00e9f\u00e9rendaire rapporteur, Mme Wallon, conseiller doyen, Mme Pecquenard, greffier de chambre ;",
        "Sur le rapport de Mme Z..., conseiller r\u00e9f\u00e9rendaire, les observations de la SCP L. Poulet-Odent, avocat du pr\u00e9fet du Haut-Rhin, et apr\u00e8s en avoir d\u00e9lib\u00e9r\u00e9 conform\u00e9ment \u00e0 la loi ;"
    ],
    "decision-1": [
        "Sur le moyen unique, pris en sa premi\u00e8re branche :"
    ],
    "decision-2": [
        "Vu les articles 5 de la Convention de sauvegarde des droits de l'homme et des libert\u00e9s fondamentales et L. 111-7 du code de l'entr\u00e9e et du s\u00e9jour des \u00e9trangers et du droit d'asile ;"
    ],
    "decision-3": [
        "Attendu, selon l'ordonnance attaqu\u00e9e, rendue par le premier pr\u00e9sident d'une cour d'appel, et les pi\u00e8ces de la proc\u00e9dure, que, le 23 septembre 2017, M. Y..., n\u00e9 [...] au Kosovo, en situation irr\u00e9guli\u00e8re sur le territoire national, a \u00e9t\u00e9 interpell\u00e9 par des fonctionnaires de police pour conduite sans permis de conduire, faux et usage de faux permis de conduire kosovare et a re\u00e7u une convocation de se rendre dans les locaux de la police au fronti\u00e8res sur laquelle figurait la mention qu'il pourrait faire l'objet, apr\u00e8s examen de sa situation administrative, d'une mesure d'\u00e9loignement et d'un placement en r\u00e9tention administrative ; que, le 25 septembre 2017, d\u00e9f\u00e9rant \u00e0 cette convocation, il a \u00e9t\u00e9 plac\u00e9 en retenue pour v\u00e9rification de son droit de circulation ou de s\u00e9jour et, \u00e0 l'issue de celle-ci, a re\u00e7u notification d'une obligation de quitter le territoire national sans d\u00e9lai et d'une d\u00e9cision de placement en r\u00e9tention administrative ;",
        "Attendu que, pour d\u00e9clarer la proc\u00e9dure irr\u00e9guli\u00e8re et remettre en libert\u00e9 M. Y..., l'ordonnance retient, par motifs propres et adopt\u00e9s, que la convocation pour v\u00e9rification de la situation administrative de l'\u00e9tranger, lequel ne comprenait ni ne lisait le fran\u00e7ais, ne pouvait \u00eatre consid\u00e9r\u00e9e que comme d\u00e9loyale ;"
    ],
    "decision-4": [
        "Qu'en statuant ainsi, alors qu'il ressort des pi\u00e8ces de la proc\u00e9dure que la convocation, qui n'avait pas \u00e0 \u00eatre r\u00e9dig\u00e9e dans la langue maternelle de l'int\u00e9ress\u00e9, mentionnait express\u00e9ment qu'\u00e0 l'occasion de l'examen de sa situation administrative il pourrait \u00e0 tout moment faire l'objet d'une mesure d'\u00e9loignement et d'un placement en r\u00e9tention, de sorte qu'aucune manoeuvre d\u00e9loyale ne pouvait \u00eatre reproch\u00e9e \u00e0 l'administration, le premier pr\u00e9sident a viol\u00e9 les textes susvis\u00e9s ;",
        "Et vu les articles L. 411-3 du code de l'organisation judiciaire et 1015 du code de proc\u00e9dure civile ;"
    ],
    "decision-5": [
        "PAR CES MOTIFS et sans qu'il y ait lieu de statuer sur l'autre branche du moyen :",
        "CASSE ET ANNULE, sauf en ce qu'elle d\u00e9clare l'appel recevable, l'ordonnance rendue le 29 septembre 2017, entre les parties, par le premier pr\u00e9sident de la cour d'appel de Metz ;",
        "DIT n'y avoir lieu \u00e0 renvoi ;",
        "Dit que sur les diligences du procureur g\u00e9n\u00e9ral pr\u00e8s la Cour de cassation, le pr\u00e9sent arr\u00eat sera transmis pour \u00eatre transcrit en marge ou \u00e0 la suite de l'ordonnance partiellement cass\u00e9e ;",
        "Ainsi fait et jug\u00e9 par la Cour de cassation, premi\u00e8re chambre civile, et prononc\u00e9 par le pr\u00e9sident en son audience publique du sept novembre deux mille dix-huit."
    ],
    "decision-6": [
        "MOYEN ANNEXE au pr\u00e9sent arr\u00eat",
        "Moyen produit par la SCP L. Poulet-Odent, avocat aux Conseils, pour le pr\u00e9fet du Haut-Rhin",
        "Il est fait grief \u00e0 l'ordonnance attaqu\u00e9e d'avoir confirm\u00e9 l'ordonnance du juge des libert\u00e9s et de la d\u00e9tention qui avait fait droit \u00e0 l'exception de nullit\u00e9 de la proc\u00e9dure de r\u00e9tention (initi\u00e9e par le pr\u00e9fet du Haut-Rhin) pr\u00e9sent\u00e9e par un \u00e9tranger (M. Y...) et ordonn\u00e9 sa remise en libert\u00e9 ;",
        "AUX MOTIFS QU'en application de l'article L. 552-1 du code de l'entr\u00e9e et du s\u00e9jour des \u00e9trangers et du droit d'asile, quand un d\u00e9lai de quarante-huit heures s'est \u00e9coul\u00e9 depuis la d\u00e9cision de placement en r\u00e9tention, le juge des libert\u00e9s et de la d\u00e9tention est saisi aux fins de prolongation de la r\u00e9tention par requ\u00eate de l'autorit\u00e9 administrative, en vertu de l'article R. 552-2 du m\u00eame code ; que l'article L. 552-4 du m\u00eame code dispose que le juge peut ordonner l'assignation \u00e0 r\u00e9sidence de l'\u00e9tranger lorsque celui-ci dispose de garanties suffisantes de repr\u00e9sentation effectives, apr\u00e8s remise \u00e0 un service de police ou \u00e0 une unit\u00e9 de gendarmerie, de l'original du passeport et de tout document justificatif de son identit\u00e9, en \u00e9change d'un r\u00e9c\u00e9piss\u00e9 valant justification de l'identit\u00e9 et sur lequel est port\u00e9e la mention de la mesure d'\u00e9loignement en instance d'ex\u00e9cution, \u00e9tant pr\u00e9cis\u00e9 que l'assignation \u00e0 r\u00e9sidence concernant un \u00e9tranger qui s'est pr\u00e9alablement soustrait \u00e0 l'ex\u00e9cution d'une obligation de quitter le territoire fran\u00e7ais en vigueur, d'une interdiction de retour sur le territoire fran\u00e7ais en vigueur, d'une interdiction de circulation sur le territoire fran\u00e7ais en vigueur, d'une interdiction administrative du territoire en vigueur, d'une mesure de reconduite \u00e0 la fronti\u00e8re en vigueur, d'une interdiction du territoire dont il n'a pas \u00e9t\u00e9 relev\u00e9, ou d'une mesure d'expulsion en vigueur, doit faire l'objet d'une motivation sp\u00e9ciale ; que les articles L. 552-9 et R. 552-13 du code de l'entr\u00e9e et du s\u00e9jour des \u00e9trangers et du droit d'asile disposent que l'ordonnance vis\u00e9e au paragraphe pr\u00e9c\u00e9dent est susceptible d'appel devant le premier pr\u00e9sident de la cour d'appel ou son d\u00e9l\u00e9gu\u00e9 par d\u00e9claration d'appel motiv\u00e9e ; qu'au soutien de son appel, M. le pr\u00e9fet du Haut-Rhin faisait valoir que le grief de d\u00e9loyaut\u00e9 retenu par le juge des libert\u00e9s et de la d\u00e9tention du tribunal de grande instance de Metz n'\u00e9tait pas fond\u00e9, d\u00e8s lors d'une part qu'aucun texte n'impose que la convocation adress\u00e9e par les services de police soit traduite ou r\u00e9dig\u00e9e dans la langue maternelle de son destinataire et, d'autre part, que l'examen de cette convocation permettait de constater qu'elle avait clairement pour but de v\u00e9rifier le droit au s\u00e9jour de l'int\u00e9ress\u00e9 et qu'il pourrait faire l'objet d'un placement en r\u00e9tention administrative et d'une mesure d'\u00e9loignement ; qu'au surplus, la personne convoqu\u00e9e s'\u00e9tait rendue de son plein gr\u00e9 au commissariat de police, et ce accompagn\u00e9 de son \u00e9pouse ; que la cour consid\u00e9rait que c'\u00e9tait par une analyse circonstanci\u00e9e et des motifs particuli\u00e8rement pertinents qu'il convenait d'adopter que le premier juge avait statu\u00e9 sur les moyens de nullit\u00e9 et de fond soulev\u00e9s devant lui et repris en cause d'appel, tout en y ajoutant que le principe de loyaut\u00e9 est un principe g\u00e9n\u00e9ral du droit qui doit \u00eatre appliqu\u00e9 dans toutes les proc\u00e9dures, qu'il s'agisse de proc\u00e9dures civiles ou p\u00e9nales ; qu'il \u00e9tait constant que X... Y... est de nationalit\u00e9 albanaise et ne comprend pas le fran\u00e7ais, ce qui \u00e9tait suffisamment connu puisque toutes les pi\u00e8ces de la proc\u00e9dure suivie post\u00e9rieurement, ainsi que tous les entretiens qui avaient eu lieu avec ce ressortissant albanais avaient eu lieu en la pr\u00e9sence d'un traducteur ; que la convocation litigieuse, si elle \u00e9tait claire lorsque l'on parlait et comprenait le fran\u00e7ais, pouvait pr\u00eater \u00e0 confusion pour une personne \u00e9trang\u00e8re ne comprenant pas ou comprenant mal la langue fran\u00e7aise ; que la circonstance que l'int\u00e9ress\u00e9 y avait r\u00e9pondu spontan\u00e9ment \u00e9tait inop\u00e9rante, de m\u00eame que le fait qu'il avait \u00e9t\u00e9 accompagn\u00e9 par son \u00e9pouse, laquelle \u00e9tait \u00e9galement de nationalit\u00e9 albanaise ; qu'il y avait lieu par suite de confirmer l'ordonnance dont il \u00e9tait fait appel ;",
        "ET AUX MOTIFS ADOPTES QUE, sur la d\u00e9loyaut\u00e9 de la convocation, \u00e9tait vers\u00e9e au dossier la convocation remise \u00e0 M. Y... le 23 septembre 2017 l'invitant \u00e0 se pr\u00e9senter aux services de la PAF de Saint-Louis le 25 septembre 2017 \u00e0 10 h 00 ; que si celle-ci mentionnait effectivement que son objet \u00e9tait de proc\u00e9der \u00e0 une v\u00e9rification de la situation administrative de l'int\u00e9ress\u00e9 au regard de la l\u00e9gislation sur le s\u00e9jour des \u00e9trangers en France et pr\u00e9cisait qu'il pourrait faire l'objet d'une mesure d'\u00e9loignement et d'un placement en r\u00e9tention, il n'en ressortait cependant pas qu'elle avait \u00e9t\u00e9 traduite \u00e0 l'int\u00e9ress\u00e9 dans une langue comprise par lui ; qu'en effet, il n'y figurait pas la signature d'un interpr\u00e8te, laquelle aurait pu attester de sa traduction \u00e0 M. Y... ; qu'il \u00e9tait pourtant constant que ce dernier, de nationalit\u00e9 kosovare, ne comprenait ni ne lisait le fran\u00e7ais, de sorte qu'il n'\u00e9tait pas \u00e9tabli que celui-ci avait compris l'objet de cette convocation quand bien m\u00eame y aurait-il d\u00e9f\u00e9r\u00e9 ; qu'en effet, le fait qu'il s'y soit effectivement pr\u00e9sent\u00e9 n'\u00e9tait pas exclusif de son incompr\u00e9hension de l'objet de cette convocation, laquelle dans ces conditions ne pouvait \u00eatre consid\u00e9r\u00e9e que comme d\u00e9loyale ; que la d\u00e9loyaut\u00e9 de cette convocation qui \u00e9tait \u00e0 l'origine de la mesure de retenue prise \u00e0 l'encontre de M. Y... et qui avait imm\u00e9diatement pr\u00e9c\u00e9d\u00e9 la mesure de r\u00e9tention litigieuse affectait cette derni\u00e8re d'une irr\u00e9gularit\u00e9 justifiant que soit ordonn\u00e9e la mainlev\u00e9e de celle-ci dans la mesure o\u00f9, ayant conduit \u00e0 la mesure d'\u00e9loignement en cours, le grief caus\u00e9 \u00e0 l'int\u00e9ress\u00e9 \u00e9tait caract\u00e9ris\u00e9 et ce, sans qu'il soit n\u00e9cessaire de statuer sur les autres moyens soulev\u00e9s, ni m\u00eame sur le recours en contestation de placement en r\u00e9tention form\u00e9 par M. Y... ;",
        "1\u00b0) ALORS QUE ne constitue pas un proc\u00e9d\u00e9 d\u00e9loyal la convocation en langue fran\u00e7aise d'un \u00e9tranger en situation irr\u00e9guli\u00e8re, d\u00e8s lors qu'elle mentionne que l'examen de sa situation administrative est susceptible d'aboutir \u00e0 un placement en r\u00e9tention ; qu'en ayant jug\u00e9 que la convocation de M. Y... dans les locaux de la police aux fronti\u00e8res \u00e9tait d\u00e9loyale car, si elle mentionnait que la situation administrative de l'int\u00e9ress\u00e9 serait examin\u00e9e et pourrait aboutir \u00e0 une mesure d'\u00e9loignement et \u00e0 un placement en r\u00e9tention administrative, elle n'\u00e9tait pas traduite dans la langue maternelle de l'\u00e9tranger, le conseiller d\u00e9l\u00e9gu\u00e9 a viol\u00e9 les article L. 111-7 du code de l'entr\u00e9e et du s\u00e9jour des \u00e9trangers et du droit d'asile et 5 de la Convention europ\u00e9enne des droits de l'homme ;",
        "2\u00b0) ALORS QUE la convocation d'un \u00e9tranger dans des locaux de police n'a pas \u00e0 \u00eatre traduite dans sa langue maternelle ; qu'en ayant jug\u00e9 d\u00e9loyale la convocation de M. Y... dans les locaux de la police aux fronti\u00e8res, au motif inop\u00e9rant que le fait qu'il ne parlait pas le fran\u00e7ais \u00e9tait connu de la police qui l'avait convoqu\u00e9 puisque ce fait avait \u00e9t\u00e9 \u00e9tabli par toute la proc\u00e9dure post\u00e9rieure, le conseiller d\u00e9l\u00e9gu\u00e9 a priv\u00e9 sa d\u00e9cision de base l\u00e9gale au regard des textes susvis\u00e9s."
    ]
}