{
    "decision-0": [
        "CIV. 1",
        "LG",
        "COUR DE CASSATION",
        "______________________",
        "Audience publique du 17 octobre 2019",
        "Rejet",
        "Mme BATUT, pr\u00e9sident",
        "Arr\u00eat n\u00b0 864 F-P+B+I",
        "Pourvoi n\u00b0 F 18-24.043",
        "Aide juridictionnelle totale en demande",
        "au profit de M. K....",
        "Admission du bureau d'aide juridictionnelle",
        "pr\u00e8s la Cour de cassation",
        "en date du 16 octobre 2018.",
        "R \u00c9 P U B L I Q U E F R A N \u00c7 A I S E",
        "_________________________",
        "AU NOM DU PEUPLE FRAN\u00c7AIS",
        "_________________________",
        "LA COUR DE CASSATION, PREMI\u00c8RE CHAMBRE CIVILE, a rendu l'arr\u00eat suivant :",
        "Statuant sur le pourvoi form\u00e9 par M. E... K..., domicili\u00e9 [...],",
        "contre l'ordonnance rendue le 9 mars 2018 par le premier pr\u00e9sident de la cour d'appel de Douai, dans le litige l'opposant :",
        "1\u00b0/ au pr\u00e9fet du Pas-de-Calais, domicili\u00e9 [...],",
        "2\u00b0/ au procureur g\u00e9n\u00e9ral pr\u00e8s la cour d'appel de Douai, domicili\u00e9 en son parquet g\u00e9n\u00e9ral, [...],",
        "d\u00e9fendeurs \u00e0 la cassation ;",
        "Le demandeur invoque, \u00e0 l'appui de son pourvoi, le moyen unique de cassation annex\u00e9 au pr\u00e9sent arr\u00eat ;",
        "Vu la communication faite au procureur g\u00e9n\u00e9ral ;",
        "LA COUR, en l'audience publique du 17 septembre 2019, o\u00f9 \u00e9taient pr\u00e9sentes : Mme Batut, pr\u00e9sident, Mme Feydeau-Thieffry, conseiller r\u00e9f\u00e9rendaire rapporteur, Mme Auroy, conseiller doyen, Mme Berthomier, greffier de chambre ;",
        "Sur le rapport de Mme Feydeau-Thieffry, conseiller r\u00e9f\u00e9rendaire, les observations de la SCP Fabiani, Luc-Thaler et Pinatel, avocat de M. K..., l'avis de M. Poirret, premier avocat g\u00e9n\u00e9ral, et apr\u00e8s en avoir d\u00e9lib\u00e9r\u00e9 conform\u00e9ment \u00e0 la loi ;"
    ],
    "decision-1": [
        "Sur le moyen unique :"
    ],
    "decision-2": [
        "Attendu, selon l'ordonnance attaqu\u00e9e, rendue par le premier pr\u00e9sident d'une cour d'appel (Douai, 9 mars 2018), et les pi\u00e8ces de la proc\u00e9dure, que M. K..., de nationalit\u00e9 soudanaise, en situation irr\u00e9guli\u00e8re sur le territoire national, a \u00e9t\u00e9 plac\u00e9 en r\u00e9tention administrative le 5 mars 2018 ; qu'il a saisi le juge des libert\u00e9s et de la d\u00e9tention d'une requ\u00eate tendant \u00e0 contester la d\u00e9cision de placement en r\u00e9tention le 6 mars 2018 \u00e0 11 heures 47 ; qu'il a form\u00e9 appel le 7 mars 2018 \u00e0 15 heures 55 \"contre la d\u00e9cision implicite de rejet\" de cette requ\u00eate ;"
    ],
    "decision-3": [
        "Attendu que M. K... fait grief \u00e0 l'ordonnance de d\u00e9clarer son appel irrecevable, alors, selon le moyen :",
        "1\u00b0/ que saisi d'une contestation quant \u00e0 la r\u00e9gularit\u00e9 d'une d\u00e9cision de placement en r\u00e9tention administrative, le juge des libert\u00e9s et de la d\u00e9tention rend son ordonnance dans le d\u00e9lai de 24 heures imparti par l'article L. 552-1 du code de l'entr\u00e9e et du s\u00e9jour des \u00e9trangers et du droit d'asile, dans sa version applicable ; que le juge des libert\u00e9s et de la d\u00e9tention n'a pas statu\u00e9 dans le d\u00e9lai de 24 heures sur la requ\u00eate de M. K... contestant son placement en r\u00e9tention et demandant qu'il y soit mis fin, de sorte que M. K... a \u00e9t\u00e9 maintenu en r\u00e9tention administrative au-del\u00e0 de ce d\u00e9lai ; qu'en affirmant que l'absence de d\u00e9cision de ce magistrat ne saurait \u00eatre assimil\u00e9e \u00e0 une d\u00e9cision implicite de rejet de la requ\u00eate de M. K..., quand il constatait que M. K... avait \u00e9t\u00e9 maintenu en r\u00e9tention au-del\u00e0 du d\u00e9lai imparti au juge pour statuer sur sa demande de remise en libert\u00e9, le premier pr\u00e9sident de la cour d'appel n'a pas tir\u00e9 les cons\u00e9quences l\u00e9gales de ses propres constations, en violation des articles L. 512-1, L. 552-1 et R. 552-10 du code de l'entr\u00e9e et du s\u00e9jour des \u00e9trangers et du droit d'asile, ensemble les articles L. 552-9 du m\u00eame code et 543 du code de proc\u00e9dure civile ;",
        "2\u00b0/ qu'\u00e0 tout le moins, en se bornant a affirmer p\u00e9remptoirement que l'absence de d\u00e9cision du juge des libert\u00e9s et de la d\u00e9tention ne saurait \u00eatre assimil\u00e9e a une d\u00e9cision implicite de rejet de la requ\u00eate de M. K..., le premier pr\u00e9sident de la cour d'appel a statu\u00e9 par voie de simple affirmation et a m\u00e9connu les exigences de l'article 455 du code de proc\u00e9dure civile, ensemble l'article 6, \u00a7 1, de la Convention de sauvegarde des droits de l'homme et des libert\u00e9s fondamentales ;",
        "3\u00b0/ que le droit \u00e0 un recours effectif implique qu'un requ\u00e9rant ait la possibilit\u00e9 de faire examiner ses demandes par une instance nationale et que celle-ci soit en mesure d'en examiner le bien-fond\u00e9 ; qu'en pronon\u00e7ant l'irrecevabilit\u00e9 de l'appel forme par M. K... en raison de l'absence de d\u00e9cision du juge des libert\u00e9s et de la d\u00e9tention pouvant \u00eatre qualifi\u00e9e de jugement au sens de l'article 543 du code de proc\u00e9dure civile, le premier pr\u00e9sident de la cour d'appel a retenu de ces dispositions et de celles de l'article L. 552-9 du code de l'entr\u00e9e et du s\u00e9jour des \u00e9trangers et du droit d'asile, une interpr\u00e9tation de nature \u00e0 limiter concr\u00e8tement la possibilit\u00e9 de M. K... de faire examiner le bien-fond\u00e9 de sa demande, en violation de l'article 6, \u00a7 1, de la Convention de sauvegarde des droits de l'homme et des libert\u00e9s fondamentales ;"
    ],
    "decision-4": [
        "Mais attendu que les litiges concernant l'entr\u00e9e, le s\u00e9jour et l'\u00e9loignement des \u00e9trangers n'entrent pas dans le champ d'application de l'article 6, \u00a7 1, de la Convention de sauvegarde des droits de l'homme et des libert\u00e9s fondamentales ;",
        "Et attendu qu'ayant exactement retenu que l'absence de d\u00e9cision du juge des libert\u00e9s et de la d\u00e9tention au terme du d\u00e9lai de vingt-quatre heures pr\u00e9vu \u00e0 l'article L. 552-1 du code de l'entr\u00e9e et du s\u00e9jour des \u00e9trangers et du droit d'asile ne peut \u00eatre assimil\u00e9e \u00e0 une d\u00e9cision implicite de rejet de la requ\u00eate en contestation de l'arr\u00eat\u00e9 de placement en r\u00e9tention, le premier pr\u00e9sident en a justement d\u00e9duit que l'appel form\u00e9 par M. K... \u00e9tait irrecevable ;",
        "D'o\u00f9 il suit que le moyen n'est pas fond\u00e9 ;"
    ],
    "decision-5": [
        "PAR CES MOTIFS :",
        "REJETTE le pourvoi ;",
        "Vu l'article 700 du code de proc\u00e9dure civile, rejette la demande ;",
        "Ainsi fait et jug\u00e9 par la Cour de cassation, premi\u00e8re chambre civile, et prononc\u00e9 par le pr\u00e9sident en son audience publique du dix-sept octobre deux mille dix-neuf."
    ],
    "decision-6": [
        "MOYEN ANNEXE au pr\u00e9sent arr\u00eat",
        "Moyen produit par la SCP Fabiani, Luc-Thaler et Pinatel, avocat aux Conseils, pour M. K...",
        "Il est fait grief au jugement attaqu\u00e9 d'AVOIR d\u00e9clar\u00e9 l'appel interjet\u00e9 le 7 mars 2018 \u00e0 15 heures 55 par M. K... irrecevable ;",
        "AUX MOTIFS QUE \u00ab selon l'article 543 du code de proc\u00e9dure civile, la voie de l'appel est ouverte en toutes mati\u00e8res, m\u00eames gracieuses, contre les jugements de premi\u00e8re instance s'il n'en est autrement dispos\u00e9 ; par ailleurs que selon l'article L. 512-1 III du code de l'entr\u00e9e et du s\u00e9jour des \u00e9trangers et du droit d'asile, la d\u00e9cision de placement en r\u00e9tention ne peut \u00eatre contest\u00e9e que devant le juge des libert\u00e9s et de la d\u00e9tention, dans un d\u00e9lai de quarante-huit heures \u00e0 compter de sa notification, suivant la proc\u00e9dure pr\u00e9vue \u00e0 la section 1 du chapitre II du titre V du pr\u00e9sent livre ; que selon pr\u00e9cis\u00e9ment l'article L. 552-1 de ce m\u00eame code, le juge statue dans les vingt-quatre heures de sa saisine par ordonnance au si\u00e8ge du tribunal de grande instance dans le ressort duquel se situe le lieu de placement en r\u00e9tention de l'\u00e9tranger, sauf exception pr\u00e9vue par voie r\u00e9glementaire, apr\u00e8s audition du repr\u00e9sentant de l'administration, si celui-ci, d\u00fbment convoqu\u00e9, est pr\u00e9sent, et de l'int\u00e9ress\u00e9 ou de son conseil, s'il en a un ; que l'article L. 552-9 du code de l'entr\u00e9e et du s\u00e9jour des \u00e9trangers et du droit d'asile pr\u00e9voit encore que les ordonnances mentionn\u00e9es aux sections 1 et 2 du pr\u00e9sent chapitre sont susceptibles d'appel devant le premier pr\u00e9sident de la cour d'appel ou son d\u00e9l\u00e9gu\u00e9, qui est saisi sans forme et doit statuer dans les quarante-huit heures de sa saisine, l'appel pouvant \u00eatre form\u00e9 par l'int\u00e9ress\u00e9, le minist\u00e8re public et l'autorit\u00e9 administrative ; que s'il n'est pas contest\u00e9 que le juge des libert\u00e9s et de la d\u00e9tention de Boulogne-sur-Mer ne s'\u00e9tait, \u00e0 la date de l'appel interjet\u00e9 par Monsieur E... K... le 7 mars 2017 \u00e0 15 heures 55, pas encore prononc\u00e9 sur les m\u00e9rites de la requ\u00eate dont l'int\u00e9ress\u00e9 l'avait pr\u00e9c\u00e9demment saisi le 6 mars 2018 \u00e0 11 heures 47, l'absence de d\u00e9cision de ce magistrat ne saurait \u00eatre assimil\u00e9e \u00e0 une d\u00e9cision implicite de rejet de ladite requ\u00eate, quand m\u00eame le d\u00e9lai de vingt-quatre heures imparti \u00e0 ce magistrat par l'article L. 552-1 pr\u00e9cit\u00e9 du code de l'entr\u00e9e et du s\u00e9jour des \u00e9trangers et du droit d'asile pour statuer \u00e9tait expir\u00e9 \u00e0 la date \u00e0 laquelle Monsieur E... K... a form\u00e9 son recours ; qu'en l'absence d\u00e8s lors de d\u00e9cision du juge des libert\u00e9s et de la d\u00e9tention du tribunal de grande instance de Boulogne-sur-Mer pouvant \u00eatre qualifi\u00e9e de jugement au sens de l'article 543 du code de proc\u00e9dure civile, l'appel form\u00e9 par Monsieur E... K... le 7 mars 2018 \u00e0 15 heures 55 n'est pas recevable \u00bb ;",
        "1\u00b0) ALORS QUE saisi d'une contestation quant \u00e0 la r\u00e9gularit\u00e9 d'une d\u00e9cision de placement en r\u00e9tention administrative, le juge des libert\u00e9s et de la d\u00e9tention rend son ordonnance dans le d\u00e9lai de 24 heures imparti par l'article L. 552-1 du code de l'entr\u00e9e et du s\u00e9jour des \u00e9trangers et du droit d'asile, dans sa version applicable ; que le juge des libert\u00e9s et de la d\u00e9tention n'a pas statu\u00e9 dans le d\u00e9lai de 24 heures sur la requ\u00eate de M. K... contestant son placement en r\u00e9tention et demandant qu'il y soit mis fin, de sorte que M. K... a \u00e9t\u00e9 maintenu en r\u00e9tention administrative au-del\u00e0 de ce d\u00e9lai ; qu'en affirmant que l'absence de d\u00e9cision de ce magistrat ne saurait \u00eatre assimil\u00e9e \u00e0 une d\u00e9cision implicite de rejet de la requ\u00eate de M. K..., quand il constatait que M. K... avait \u00e9t\u00e9 maintenu en r\u00e9tention au-del\u00e0 du d\u00e9lai imparti au juge pour statuer sur sa demande de remise en libert\u00e9, le conseiller d\u00e9l\u00e9gu\u00e9 \u00e0 la cour d'appel n'a pas tir\u00e9 les cons\u00e9quences l\u00e9gales de ses propres constations, en violation des articles L. 512-1, L. 552-1 et R. 552-10 du code de l'entr\u00e9e et du s\u00e9jour des \u00e9trangers et du droit d'asile, ensemble les articles L. 552-9 du m\u00eame code et 543 du code de proc\u00e9dure civile ;",
        "2\u00b0) ALORS, \u00e0 tout le moins, QU' en se bornant a affirmer p\u00e9remptoirement que l'absence de d\u00e9cision du juge des libert\u00e9s et de la d\u00e9tention ne saurait \u00eatre assimil\u00e9e \u00e0 une d\u00e9cision implicite de rejet de la requ\u00eate de M. K..., le conseiller d\u00e9l\u00e9gu\u00e9 \u00e0 la cour d'appel a statu\u00e9 par voie de simple affirmation et a m\u00e9connu les exigences de l'article 455 du code de proc\u00e9dure civile, ensemble l'article 6 \u00a7 1 de la Convention europ\u00e9enne de sauvegarde des droits de l'homme et des libert\u00e9s fondamentales ;",
        "3\u00b0) ALORS QUE le droit a un recours effectif implique qu'un requ\u00e9rant ait la possibilit\u00e9 de faire examiner ses demandes par une instance nationale et que celle-ci soit en mesure d'en examiner le bien-fond\u00e9 ; qu'en pronon\u00e7ant l'irrecevabilit\u00e9 de l'appel forme par M. K... en raison de l'absence de d\u00e9cision du juge des libert\u00e9s et de la d\u00e9tention pouvant \u00eatre qualifi\u00e9e de jugement au sens de l'article 543 du code de proc\u00e9dure civile, le conseiller d\u00e9l\u00e9gu\u00e9 \u00e0 la cour d'appel a retenu de ces dispositions et de celles de l'article L. 552-9 du code de l'entr\u00e9e et du s\u00e9jour des \u00e9trangers et du droit d'asile, une interpr\u00e9tation de nature \u00e0 limiter concr\u00e8tement la possibilit\u00e9 de M. K... de faire examiner le bien-fond\u00e9 de sa demande, en violation de l'article 6, \u00a7 1, de la Convention europ\u00e9enne de sauvegarde des droits de l'homme et des libert\u00e9s fondamentales."
    ]
}