{
    "decision-0": [
        "N\u00b0 R 16-87.570 F-D",
        "N\u00b0 3077",
        "VD1",
        "19 D\u00c9CEMBRE 2017",
        "CASSATION",
        "M. SOULARD pr\u00e9sident,",
        "R \u00c9 P U B L I Q U E F R A N \u00c7 A I S E",
        "________________________________________",
        "AU NOM DU PEUPLE FRAN\u00c7AIS",
        "_________________________",
        "LA COUR DE CASSATION, CHAMBRE CRIMINELLE, en son audience publique tenue au Palais de Justice \u00e0 PARIS, a rendu l'arr\u00eat suivant :",
        "Statuant sur le pourvoi form\u00e9 par :",
        "- Le procureur g\u00e9n\u00e9ral pr\u00e8s la cour d'appel de Caen,",
        "contre l'arr\u00eat de ladite cour d'appel, chambre correctionnelle, en date du 23 novembre 2016, qui, sur renvoi apr\u00e8s cassation (Crim., 20 mai 2015, n\u00b0 14-86.554), a renvoy\u00e9 M. Sabin X... des fins de la poursuite du chef d'\u00e9tablissement d'attestations ou certificats inexacts ;",
        "La COUR, statuant apr\u00e8s d\u00e9bats en l'audience publique du 7 novembre 2017 o\u00f9 \u00e9taient pr\u00e9sents dans la formation pr\u00e9vue \u00e0 l'article 567-1-1 du code de proc\u00e9dure p\u00e9nale : M. Soulard, pr\u00e9sident, Mme Y..., conseiller rapporteur, M. Pers, conseiller de la chambre ;",
        "Greffier de chambre : Mme Zita ;",
        "Sur le rapport de Mme le conseiller r\u00e9f\u00e9rendaire Y..., les observations de la soci\u00e9t\u00e9 civile professionnelle BOR\u00c9, SALVE DE BRUNETON et M\u00c9GRET, avocat en la Cour et les conclusions de Mme l'avocat g\u00e9n\u00e9ral A... ;"
    ],
    "decision-1": [
        "Vu le m\u00e9moire produit, en demande et en d\u00e9fense ;"
    ],
    "decision-2": [
        "Attendu qu'il r\u00e9sulte de l'arr\u00eat attaqu\u00e9 et des pi\u00e8ces de proc\u00e9dure que, par courrier du 16 juin 2011, le sous-pr\u00e9fet du Havre a saisi le directeur d\u00e9partemental de la police aux fronti\u00e8res en exposant ses doutes sur la r\u00e9alit\u00e9 de la domiciliation au Havre de Mme B... Z... et la comp\u00e9tence de la pr\u00e9fecture de Seine-Maritime pour \u00e9tablir le titre de s\u00e9jour qu'elle sollicitait ; qu'\u00e0 l'issue de l'enqu\u00eate, M. Sabin X... a \u00e9t\u00e9 poursuivi pour avoir \u00e9tabli en 2011 et 2012 deux faux certificats d'h\u00e9bergement ; que le tribunal correctionnel l'a d\u00e9clar\u00e9 coupable ; que le pr\u00e9venu et le procureur de la R\u00e9publique ont relev\u00e9 appel de cette d\u00e9cision ;"
    ],
    "decision-3": [
        "En cet \u00e9tat ;"
    ],
    "decision-4": [
        "Sur le premier moyen de cassation, pris de la violation des articles 486 et 512 du code de proc\u00e9dure p\u00e9nale ;"
    ],
    "decision-5": [
        "Attendu qu'il r\u00e9sulte des mentions de l'arr\u00eat attaqu\u00e9 que, lors des d\u00e9bats qui se sont d\u00e9roul\u00e9s le 23 septembre 2016 et lors du d\u00e9lib\u00e9r\u00e9, la cour d'appel \u00e9tait compos\u00e9e de Mme Quantin, pr\u00e9sident, M. Villette et Mme Pochon, conseillers ; qu'\u00e0 l'audience du 23 novembre 2016, \u00e0 laquelle l'arr\u00eat a \u00e9t\u00e9 rendu, celui-ci a \u00e9t\u00e9 prononc\u00e9 par M. Villette, qui a sign\u00e9 la minute ;",
        "Attendu qu'il se d\u00e9duit de ces mentions que M. Villette, conseiller qui a particip\u00e9 aux d\u00e9bats et au d\u00e9lib\u00e9r\u00e9, a prononc\u00e9 et sign\u00e9 l'arr\u00eat en l'absence du pr\u00e9sident emp\u00each\u00e9 ;",
        "D'o\u00f9 il suit que le moyen doit \u00eatre \u00e9cart\u00e9 ;"
    ],
    "decision-6": [
        "Mais sur le deuxi\u00e8me moyen, pris de la violation des articles 485, 512 et 593 du code de proc\u00e9dure p\u00e9nale ;"
    ],
    "decision-7": [
        "Vu l'article 593 du code de proc\u00e9dure p\u00e9nale ;",
        "Attendu que tout jugement ou arr\u00eat doit comporter les motifs propres \u00e0 justifier la d\u00e9cision ; que l'insuffisance ou la contradiction des motifs \u00e9quivaut \u00e0 leur absence ;",
        "Attendu que, pour infirmer le jugement entrepris et relaxer M. X..., l'arr\u00eat attaqu\u00e9 retient notamment que les deux attestations intitul\u00e9es \"attestation d'h\u00e9bergement\", \u00e9tablies sur un formulaire \u00e9manant de l'administration et dont il n'est pas contest\u00e9 qu'il a \u00e9t\u00e9 compl\u00e9t\u00e9 de la main du pr\u00e9venu et sign\u00e9 par lui, indiquent qu'il certifie sur l'honneur \"h\u00e9berger\" Mme B... Z... \u00e0 titre gratuit \u00e0 son domicile, qu'au bas de ces formulaires, figure l'avertissement donn\u00e9 par l'administration que \"tout courrier administratif adress\u00e9 \u00e0 la personne \"h\u00e9berg\u00e9e\", dans son int\u00e9r\u00eat, doit lui parvenir rapidement. (Qu')en effet, il peut faire courir des d\u00e9lais qui, non respect\u00e9s, entra\u00eenent des cons\u00e9quences graves pour son avenir (...)\", que lors de son audition, M. X... a d\u00e9clar\u00e9 qu'il avait r\u00e9dig\u00e9 ces attestations pour aider Mme Z... qu'il n'avait jamais h\u00e9berg\u00e9e et qui avait juste besoin d'une adresse au Havre ; que les juges ajoutent qu'aux termes des pi\u00e8ces produites par la d\u00e9fense, le service des nationalit\u00e9s de la sous-pr\u00e9fecture du Havre avait demand\u00e9 \u00e0 Mme Z... de se pr\u00e9senter prochainement munie de justificatifs de sa \"domiciliation\" au Havre ; que les juges du second degr\u00e9 ajoutent que la preuve de l'\u00e9l\u00e9ment intentionnel fait d\u00e9faut, d\u00e8s lors qu'au-del\u00e0 de l'intitul\u00e9 des formulaires administratifs compl\u00e9t\u00e9s et sign\u00e9s par M. X..., alors que l'article R. 313-1 du code de l'entr\u00e9e et du s\u00e9jour des \u00e9trangers et du droit d'asile (CESEDA) fait seulement r\u00e9f\u00e9rence \u00e0 l'exigence d'un \"justificatif de domicile\", il ne peut qu'\u00eatre constat\u00e9, d'une part, que les mentions pr\u00e9-imprim\u00e9es des formulaires mis \u00e0 disposition des usagers par l'autorit\u00e9 pr\u00e9fectorale pour qu'il puisse \u00eatre satisfait \u00e0 cette obligation sont ambigu\u00ebs, en ce qu'il y est fait mention d'h\u00e9bergement tandis que la note d'attention figurant au bas de celui-ci fait concomitamment r\u00e9f\u00e9rence \u00e0 une notion de domiciliation, notamment quant \u00e0 la r\u00e9ception du courrier, d'autre part, que le courrier de saisine de la police par le sous-pr\u00e9fet proc\u00e8de lui-m\u00eame de cette incertitude quant aux exigences de l'application des dispositions du CESEDA, en ce qu'il y est \u00e9nonc\u00e9 que l'interrogation porte non pas sur la r\u00e9alit\u00e9 de l' \"h\u00e9bergement\" de Mme Z... par M. X... mais sur la d\u00e9termination de la \"domiciliation\" de celle-ci-, vis\u00e9e comme crit\u00e8re de comp\u00e9tence territoriale de l'autorit\u00e9 devant statuer sur sa demande de titre de s\u00e9jour ; que la cour d'appel en d\u00e9duit qu'en pr\u00e9sence de l'impr\u00e9cision du texte dans le cadre duquel il savait que son intervention s'inscrivait, le pr\u00e9venu a pu l\u00e9gitimement croire, dans sa d\u00e9marche d'aide dont le caract\u00e8re b\u00e9n\u00e9vole et exceptionnel n'est pas discut\u00e9, que malgr\u00e9 ses termes pr\u00e9-imprim\u00e9s, la port\u00e9e de l'attestation qu'il \u00e9tablissait \u00e9tait celle d'une attestation de domiciliation et non d'une attestation d'h\u00e9bergement ;",
        "Mais attendu qu'en l'\u00e9tat de ces motifs contradictoires, dont il r\u00e9sulte que le pr\u00e9venu a reconnu avoir, dans un document intitul\u00e9 \"attestation d'h\u00e9bergement\", certifi\u00e9 sur l'honneur h\u00e9berger l'int\u00e9ress\u00e9e alors que ce n'\u00e9tait pas le cas, la cour d'appel n'a pas justifi\u00e9 sa d\u00e9cision ;",
        "D'o\u00f9 il suit que la cassation est encourue de ce chef ;"
    ],
    "decision-8": [
        "Par ces motifs et sans qu'il soit besoin de statuer sur le troisi\u00e8me moyen de cassation propos\u00e9 :",
        "CASSE et ANNULE, en toutes ses dispositions, l'arr\u00eat susvis\u00e9 de la cour d'appel de Caen, en date du 23 novembre 2016, et pour qu'il soit \u00e0 nouveau jug\u00e9, conform\u00e9ment \u00e0 la loi,",
        "RENVOIE la cause et les parties devant la cour d'appel d'Amiens, \u00e0 ce d\u00e9sign\u00e9e par d\u00e9lib\u00e9ration sp\u00e9ciale prise en chambre du conseil ;",
        "ORDONNE l'impression du pr\u00e9sent arr\u00eat, sa transcription sur les registres du greffe de la cour d'appel de Caen et sa mention en marge ou \u00e0 la suite de l'arr\u00eat annul\u00e9 ;",
        "Ainsi fait et jug\u00e9 par la Cour de cassation, chambre criminelle, et prononc\u00e9 par le pr\u00e9sident le dix-neuf d\u00e9cembre deux mille dix-sept ;",
        "En foi de quoi le pr\u00e9sent arr\u00eat a \u00e9t\u00e9 sign\u00e9 par le pr\u00e9sident, le rapporteur et le greffier de chambre."
    ]
}