{
    "decision-0": [
        "CIV. 2",
        "JT",
        "COUR DE CASSATION",
        "______________________",
        "Audience publique du 24 septembre 2020",
        "Cassation partielle",
        "M. PIREYRE, pr\u00e9sident",
        "Arr\u00eat n\u00b0 798 F-P+B+I",
        "Pourvoi n\u00b0 S 19-15.524",
        "R \u00c9 P U B L I Q U E F R A N \u00c7 A I S E",
        "_________________________",
        "AU NOM DU PEUPLE FRAN\u00c7AIS",
        "_________________________",
        "ARR\u00caT DE LA COUR DE CASSATION, DEUXI\u00c8ME CHAMBRE CIVILE, DU 24 SEPTEMBRE 2020",
        "M. K... O..., domicili\u00e9 [...] , a form\u00e9 le pourvoi n\u00b0 S 19-15.524 contre l'arr\u00eat rendu le 22 f\u00e9vrier 2019 par la cour d'appel de Paris (p\u00f4le 6, chambre 13), dans le litige l'opposant :",
        "1\u00b0/ \u00e0 la caisse d'allocations familiales de Paris, dont le si\u00e8ge est [...] ,",
        "2\u00b0/ au D\u00e9fenseur des droits, domicili\u00e9 [...] ,",
        "3\u00b0/ au ministre charg\u00e9 des affaires sociales et de la sant\u00e9, domicili\u00e9 [...] ,",
        "d\u00e9fendeurs \u00e0 la cassation.",
        "Le demandeur invoque, \u00e0 l'appui de son pourvoi, les deux moyens de cassation annex\u00e9s au pr\u00e9sent arr\u00eat.",
        "Le dossier a \u00e9t\u00e9 communiqu\u00e9 au procureur g\u00e9n\u00e9ral.",
        "Sur le rapport de Mme Dudit, conseiller r\u00e9f\u00e9rendaire, les observations de la SCP C\u00e9lice, Texidor, P\u00e9rier, avocat de M. O..., et l'avis de Mme Ceccaldi, avocat g\u00e9n\u00e9ral, apr\u00e8s d\u00e9bats en l'audience publique du 10 juin 2020 o\u00f9 \u00e9taient pr\u00e9sents M. Pireyre, pr\u00e9sident, Mme Dudit, conseiller r\u00e9f\u00e9rendaire rapporteur, M. Pr\u00e9tot, conseiller doyen, et Mme Pontonnier, greffier de chambre,",
        "la deuxi\u00e8me chambre civile de la Cour de cassation, compos\u00e9e des pr\u00e9sident et conseillers pr\u00e9cit\u00e9s, apr\u00e8s en avoir d\u00e9lib\u00e9r\u00e9 conform\u00e9ment \u00e0 la loi, a rendu le pr\u00e9sent arr\u00eat ;",
        "D\u00e9sistement partiel",
        "1. Il est donn\u00e9 acte \u00e0 M. O... du d\u00e9sistement de son pourvoi en ce qu'il est dirig\u00e9 contre le ministre charg\u00e9 de la s\u00e9curit\u00e9 sociale."
    ],
    "decision-1": [
        "Faits et proc\u00e9dure",
        "2. Selon l'arr\u00eat attaqu\u00e9 (Paris, 22 f\u00e9vrier 2019) et les productions, M. O... (l'allocataire), de nationalit\u00e9 am\u00e9ricaine, r\u00e9sidant r\u00e9guli\u00e8rement en France, a sollicit\u00e9 le b\u00e9n\u00e9fice des prestations familiales aupr\u00e8s de la caisse d'allocations familiales de Paris (la caisse) pour ses trois enfants, entr\u00e9s sur le territoire national, accompagn\u00e9s d'au moins l'un de leurs deux parents, sous couvert d'un visa \u00ab visiteur \u00bb.",
        "3. La caisse lui ayant refus\u00e9 l'attribution des prestations, l'allocataire a saisi d'un recours une juridiction de s\u00e9curit\u00e9 sociale."
    ],
    "decision-2": [
        "Examen des moyens",
        "Sur le premier moyen, pris en ses deux premi\u00e8res branches, ci-apr\u00e8s annex\u00e9"
    ],
    "decision-3": [
        "4. En application de l'article 1014, alin\u00e9a 2, du code de proc\u00e9dure civile, il n'y a pas lieu de statuer par une d\u00e9cision sp\u00e9cialement motiv\u00e9e sur ces griefs qui ne sont manifestement pas de nature \u00e0 entra\u00eener la cassation."
    ],
    "decision-4": [
        "Mais sur le m\u00eame moyen, pris en sa troisi\u00e8me branche",
        "Enonc\u00e9 du moyen",
        "5. L'allocataire fait grief \u00e0 l'arr\u00eat de le d\u00e9bouter de son recours, alors \u00ab que les personnes qui sont ou ont \u00e9t\u00e9 soumises \u00e0 la l\u00e9gislation de l'Etat fran\u00e7ais ou des Etats-Unis d'Am\u00e9rique, qui sont des ressortissants de l'un ou l'autre de ces \u00c9tats, et qui r\u00e9sident sur le territoire de l'autre \u00c9tat contractant, doivent b\u00e9n\u00e9ficier d'un traitement \u00e9gal \u00e0 celui qui est accord\u00e9 aux ressortissants de l'autre \u00c9tat contractant en application de la l\u00e9gislation de cet autre \u00c9tat relative au droit aux prestations et au versement de celles-ci, notamment en mati\u00e8re de prestations familiales ; que ce principe de non-discrimination interdit d'imposer aux personnes entrant dans le champ d'application de cette disposition des conditions suppl\u00e9mentaires ou plus rigoureuses par rapport \u00e0 celles applicables aux nationaux de cet \u00c9tat ; que M. O..., ressortissant am\u00e9ricain ayant \u00e9t\u00e9 soumis \u00e0 la l\u00e9gislation am\u00e9ricaine \u00e9tait titulaire d'une carte de s\u00e9jour temporaire valable ; que la CAF avait reconnu que ses enfants mineurs, V... et R..., r\u00e9sidaient l\u00e9galement en France avec lui ; qu'ainsi, le droit aux prestations familiales ne pouvait \u00eatre refus\u00e9 au motif que M. O... ne produisait pas le certificat de contr\u00f4le m\u00e9dical d\u00e9livr\u00e9 dans le cadre du regroupement familial justifiant de la r\u00e9gularit\u00e9 de l'entr\u00e9e sur le territoire fran\u00e7ais sans violer les articles 2, 3 et 4 de l'Accord de s\u00e9curit\u00e9 sociale entre la France et les Etats-Unis du 2 mars 1987, ensemble les dispositions de l'article L. 512-2, alin\u00e9as 2 \u00e0 4, du code de la s\u00e9curit\u00e9 sociale. \u00bb"
    ],
    "decision-5": [
        "R\u00e9ponse de la Cour",
        "Vu l'article 55 de la Constitution et les articles 2 \u00a7 1, b) iv, 3 et 4 de l'Accord de s\u00e9curit\u00e9 sociale entre le Gouvernement de la R\u00e9publique fran\u00e7aise et le Gouvernement des Etats-Unis d'Am\u00e9rique du 2 mars 1987, publi\u00e9 par d\u00e9cret n\u00b0 88-610 du 5 mai 1988, L. 512-2 et D. 512-2 du code de la s\u00e9curit\u00e9 sociale :",
        "6. Selon le deuxi\u00e8me de ces textes, les l\u00e9gislations applicables aux fins de l'Accord sont, pour la France, la l\u00e9gislation relative aux prestations familiales. Selon le troisi\u00e8me, l'Accord s'applique aux personnes qui sont ou ont \u00e9t\u00e9 soumises \u00e0 la l\u00e9gislation de l'un ou l'autre des Etats contractants et qui sont des ressortissants de l'un ou l'autre des Etats contractants, des r\u00e9fugi\u00e9s ou des apatrides, ainsi qu'\u00e0 leurs ayants droit, tels que d\u00e9finis \u00e0 l'article premier du m\u00eame accord. Selon le quatri\u00e8me, un ressortissant d'un Etat contractant r\u00e9sidant sur le territoire de l'autre Etat contractant et \u00e0 qui s'appliquent les dispositions du pr\u00e9sent Accord b\u00e9n\u00e9ficie, de m\u00eame que ses ayants droit, d'un traitement \u00e9gal \u00e0 celui qui est accord\u00e9 aux ressortissants de l'autre Etat contractant en application de la l\u00e9gislation de cet autre Etat relative au droit aux prestations et au versement de celles-ci.",
        "7. Il r\u00e9sulte de ces stipulations, qui l'emportent, en vertu du premier de ces textes, sur les cinqui\u00e8me et sixi\u00e8me, qu'un ressortissant des Etats-Unis d'Am\u00e9rique r\u00e9sidant r\u00e9guli\u00e8rement sur le territoire fran\u00e7ais avec ses enfants peut pr\u00e9tendre, pour ceux-ci, au b\u00e9n\u00e9fice des prestations familiales dans les m\u00eames conditions qu'un ressortissant fran\u00e7ais.",
        "8. Pour dire que l'allocataire ne pouvait pr\u00e9tendre au b\u00e9n\u00e9fice des prestations familiales pour ses trois enfants, l'arr\u00eat retient essentiellement qu'\u00e0 d\u00e9faut de dispositions contraires comprises dans la convention bilat\u00e9rale de s\u00e9curit\u00e9 sociale du 2 mars 1987 ou dans un autre accord bilat\u00e9ral et \u00e0 d\u00e9faut d'accord conclu avec l'Union europ\u00e9enne, le principe d'\u00e9galit\u00e9 de traitement entre les ressortissants des deux Etats \u00e9tabli par l'article 2 susvis\u00e9 ne contrevient pas \u00e0 l'application des conditions l\u00e9gales d'octroi des prestations familiales pour des enfants \u00e9trangers \u00e9dict\u00e9es par le code de la s\u00e9curit\u00e9 sociale ainsi qu'aux conditions d'entr\u00e9e et de s\u00e9jour en France, qui restent applicables. Il ajoute que la convention bilat\u00e9rale de s\u00e9curit\u00e9 sociale conclue entre la France et les Etats-Unis le 2 mars 1987 est une convention de coordination des syst\u00e8mes de s\u00e9curit\u00e9 sociale des deux Etats pour leurs ressortissants respectifs se trouvant dans l'autre Etat et que la lettre minist\u00e9rielle du 20 juin 1988 relative \u00e0 cette convention ne fait pas obstacle \u00e0 l'application de la l\u00e9gislation fran\u00e7aise. Ayant rappel\u00e9 les dispositions des articles L. 512-2, D. 512-1 et D. 512-2 du code de la s\u00e9curit\u00e9 sociale, l'arr\u00eat pr\u00e9cise que les enfants sont entr\u00e9s en France en dehors de la proc\u00e9dure de regroupement familial et que l'allocataire ne peut pr\u00e9senter un certificat m\u00e9dical de l'OFFI pour ses enfants.",
        "9. En statuant ainsi, alors qu'il r\u00e9sultait de ses constatations que l'allocataire, ressortissant am\u00e9ricain, r\u00e9sidait r\u00e9guli\u00e8rement en France avec ses enfants, ce dont il ressortait qu'il pouvait pr\u00e9tendre au b\u00e9n\u00e9fice des prestations familiales dans les m\u00eames conditions que les ressortissants fran\u00e7ais, la cour d'appel a viol\u00e9 les textes susvis\u00e9s.",
        "Port\u00e9e et cons\u00e9quences de la cassation",
        "10. Conform\u00e9ment \u00e0 l'article 624 du code de proc\u00e9dure civile, la cassation \u00e0 intervenir sur le premier moyen entra\u00eene, par voie de cons\u00e9quence, la cassation du chef de dispositif critiqu\u00e9 par le second moyen, se rapportant \u00e0 la demande d'indemnisation."
    ],
    "decision-6": [
        "PAR CES MOTIFS, et sans qu'il y ait lieu de statuer sur l'autre branche du premier moyen, la Cour :",
        "DONNE ACTE \u00e0 M. O... du d\u00e9sistement de son pourvoi en ce qu'il est dirig\u00e9 contre le ministre charg\u00e9 de la s\u00e9curit\u00e9 sociale ;",
        "CASSE ET ANNULE, sauf en ce qu'il a d\u00e9clar\u00e9 l'appel recevable, l'arr\u00eat rendu le 22 f\u00e9vrier 2019, entre les parties, par la cour d'appel de Paris ;",
        "Remet, sauf sur ce point, l'affaire et les parties dans l'\u00e9tat o\u00f9 elles se trouvaient avant cet arr\u00eat et les renvoie devant la cour d'appel de Paris, autrement compos\u00e9e ;",
        "Condamne la caisse d'allocations familiales de Paris aux d\u00e9pens ;",
        "En application de l'article 700 du code de proc\u00e9dure civile, condamne la caisse d'allocations familiales de Paris \u00e0 payer \u00e0 M. O... la somme de 3 000 euros ;",
        "Dit que sur les diligences du procureur g\u00e9n\u00e9ral pr\u00e8s la Cour de cassation, le pr\u00e9sent arr\u00eat sera transmis pour \u00eatre transcrit en marge ou \u00e0 la suite de l'arr\u00eat partiellement cass\u00e9 ;",
        "Ainsi fait et jug\u00e9 par la Cour de cassation, deuxi\u00e8me chambre civile, et prononc\u00e9 par le pr\u00e9sident en son audience publique du vingt-quatre septembre deux mille vingt."
    ],
    "decision-7": [
        "MOYENS ANNEXES au pr\u00e9sent arr\u00eat",
        "Moyens produits par la SCP C\u00e9lice, Texidor, P\u00e9rier, avocat aux Conseils, pour M. O...",
        "PREMIER MOYEN DE CASSATION",
        "Il est fait grief \u00e0 l'arr\u00eat attaqu\u00e9 d'AVOIR d\u00e9bout\u00e9 M. O... de sa demande tendant \u00e0 voir, d'une part, constater son droit \u00e0 allocations pour ses enfants V... et R... \u00e0 compter du 1er janvier 2013, et d'autre part ordonner leur liquidation et le versement par la CAF de Paris avec int\u00e9r\u00eats au taux l\u00e9gal de chaque d\u00e9but de mois auquel elles auraient d\u00fb \u00eatre vers\u00e9es ;",
        "AUX MOTIFS PROPRES QUE \u00ab M. O..., de nationalit\u00e9 am\u00e9ricaine, est venu vivre en France avec son \u00e9pouse et ses enfants F..., n\u00e9e le [...] , R..., n\u00e9 le [...] , V..., n\u00e9 le [...] , n\u00e9s tous les trois aux Etats-Unis ; Il a d\u00e9pos\u00e9 en juin 2014 une demande de b\u00e9n\u00e9fice des prestations familiales aupr\u00e8s de la caisse d'allocations familiales de Paris aux fins notamment d'obtenir le versement de l'AEEH et du compl\u00e9ment auxquels V... et R... \u00e9taient \u00e9ligibles depuis janvier 2013; Un refus lui a \u00e9t\u00e9 oppos\u00e9 par la caisse d'allocations familiales, puis par la commission de recours amiable et le tribunal des affaires de s\u00e9curit\u00e9 sociale, au motif qu'il n'\u00e9tait pas en mesure de fournir les certificats m\u00e9dicaux de l'OFII pour ses enfants dont il ne conteste qu'ils sont entr\u00e9s en France en dehors de la proc\u00e9dure de regroupement familial ; La convention bilat\u00e9rale de s\u00e9curit\u00e9 sociale du 2 mars 1987 conclue entre la France et les Etats-Unis dispose en son article 4 que : \" Un ressortissant d'un Etat contractant r\u00e9sidant sur le territoire de l'autre Etat contractant et \u00e0 qui s'appliquent les dispositions du pr\u00e9sent Accord b\u00e9n\u00e9ficie, de m\u00eame que ses ayants droit, d'un traitement \u00e9gal \u00e0 celui qui est accord\u00e9 aux ressortissants de l'autre Etat contractant en application de la l\u00e9gislation de cet autre Etat relative au droit aux prestations et au versement de celles-ci.\" L'article 2 pr\u00e9voit que les l\u00e9gislations applicables sont : \"b) pour la France : IV) la l\u00e9gislation relative aux prestations familiales,\". Cependant, \u00e0 d\u00e9faut de dispositions contraires comprises dans cette convention ou dans un autre accord bilat\u00e9ral et \u00e0 d\u00e9faut d'accord conclu avec l'Union europ\u00e9enne, le principe d'\u00e9galit\u00e9 de traitement entre les ressortissants des deux Etats \u00e9tabli par l'article 2 sus vis\u00e9 ne contrevient pas \u00e0 l'application des conditions l\u00e9gales d'octroi des prestations familiales pour des enfants \u00e9trangers \u00e9dict\u00e9es par le code de la s\u00e9curit\u00e9 sociale ainsi qu'aux conditions d'entr\u00e9e et de s\u00e9jour en France, qui restent applicables. En effet, la convention bilat\u00e9rale de s\u00e9curit\u00e9 sociale conclue entre la France et les Etats- Unis le 2 mars 1987 est une convention de coordination des syst\u00e8mes de s\u00e9curit\u00e9 sociale des deux \u00e9tats pour leurs ressortissants respectifs se trouvant dans l'autre \u00e9tat. La lettre minist\u00e9rielle du 20 juin 1988 relative \u00e0 cette convention, qui dispose que \"compte tenu de la limitation (...) du champ d'application pour les Etats-Unis, les dispositions de coordination de l'Accord ne concernent que les r\u00e9gimes invalidit\u00e9-vieillesse-survivants\" mais que \"les principes de base et les dispositions g\u00e9n\u00e9rales ou particuli\u00e8res ne comportant pas de coordination sont applicables \u00e0 l'ensemble des l\u00e9gislations fran\u00e7aises (par exemple : principe de l'\u00e9galit\u00e9 de traitement(...)\" ne fait pas obstacle \u00e0 l'application de la l\u00e9gislation fran\u00e7aise. Il sera rappel\u00e9, s'agissant de non ressortissants de l'Union europ\u00e9enne ou de ressortissants d'Etats n'ayant pas conclu un accord avec l'Union europ\u00e9enne, que la Cour de cassation a jug\u00e9 \u00e0 plusieurs reprises en son Assembl\u00e9e pl\u00e9ni\u00e8re que les articles L.512-2 et D.512-2 du code de la s\u00e9curit\u00e9 sociale (...) qui rev\u00eatent un caract\u00e8re objectif justifi\u00e9 par la n\u00e9cessit\u00e9 dans un \u00e9tat d\u00e9mocratique d'exercer un contr\u00f4le des conditions d'accueil des enfants, ne portent pas une atteinte disproportionn\u00e9e au droit \u00e0 la vie familiale garanti par les articles 8 et 14 de la Convention de sauvegarde des droits de l'Homme et des libert\u00e9s fondamentales, ni ne m\u00e9connaissent les dispositions de l'article 3-1 de la Convention internationale des droits de l'enfant ; Elle a aussi jug\u00e9 que l'exigence d'un certificat m\u00e9dical \u00e9tait justifi\u00e9 par une circonstance objective exclusive de toute discrimination et tenant \u00e0 la n\u00e9cessit\u00e9 de ne pas permettre l'entr\u00e9e sur le territoire de l'Union d'enfants qui ne pourraient b\u00e9n\u00e9ficier d'un accueil sanitaire et social suffisant. Cette position se trouve aujourd'hui confort\u00e9e par la Cour europ\u00e9enne des droits de l'Homme (Okitaloshima Okonda Osungu et Selpa Lokongo c. France, 1er octobre 2015 n\u00b0 76860/11 et 51354/13). Enfin, M. O..., qui n'a pas la qualit\u00e9 de travailleur migrant, n'explique pas en quoi la l\u00e9gislation fran\u00e7aise serait contraire \u00e0 la Convention n\u00b0 97 de l'OIT du 1er juillet 1949 ratifi\u00e9e par la France et publi\u00e9e par le d\u00e9cret du 4 ao\u00fbt 1954. En tout \u00e9tat de cause, si le principe de non-discrimination des travailleurs migrants vise en son article 6 la s\u00e9curit\u00e9 sociale \"(\u00e0 savoir les dispositions l\u00e9gales relatives aux accidents du travail, aux maladies professionnelles, \u00e0 la maternit\u00e9, \u00e0 la maladie, \u00e0 la vieillesse et au d\u00e9c\u00e8s, au ch\u00f4mage et aux charges de famille, ainsi qu'\u00e0 tout autre risque qui, conform\u00e9ment \u00e0 la l\u00e9gislation nationale, est couvert par un syst\u00e8me de s\u00e9curit\u00e9 sociale)\", c'est sous r\u00e9serve (...) \"(ii) des dispositions particuli\u00e8res prescrites par la l\u00e9gislation nationale du pays d'immigration et visant les prestations ou fractions de prestations payables exclusivement sur les fonds publics,(...);\". Or, les prestations familiales, qui rel\u00e8vent de la solidarit\u00e9 nationale, sont financ\u00e9es par des fonds publics et des cotisations sociales qui doivent \u00eatre assimil\u00e9es \u00e0 des fonds publics. D\u00e8s lors, les articles L. 512-2 et D.512-2 et suivants du code de la s\u00e9curit\u00e9 sociale ne sont donc pas contraires \u00e0 la Convention n\u00b0 97 de l'OIT. Ainsi, trouvent \u00e0 s'appliquer au cas d'esp\u00e8ce, dans leur version en vigueur \u00e0 cette date : -l'article L.512-1 du code de la s\u00e9curit\u00e9 sociale qui pr\u00e9voit que \"Toute personne fran\u00e7aise ou \u00e9trang\u00e8re r\u00e9sidant en France, ayant \u00e0 sa charge un ou plusieurs enfants r\u00e9sidant en France, b\u00e9n\u00e9ficie pour ces enfants des prestations familiales dans les conditions pr\u00e9vues par le pr\u00e9sent livre (...)\" ; -l'article L.512-2 du m\u00eame code , dans sa r\u00e9daction issue de la loi n 2005-1579 du 19 d\u00e9cembre 2005, qui dispose que : \"(...) B\u00e9n\u00e9ficient \u00e9galement de plein droit des prestations familiales dans les conditions fix\u00e9es par le pr\u00e9sent livre les \u00e9trangers non ressortissants d'un Etat membre de la Communaut\u00e9 europ\u00e9enne, d'un autre Etat partie \u00e0 l'accord sur l'Espace \u00e9conomique europ\u00e9en ou de la Conf\u00e9d\u00e9ration suisse, titulaires d'un titre exig\u00e9 d'eux en vertu soit de dispositions l\u00e9gislatives ou r\u00e9glementaires, soit de trait\u00e9s ou accords internationaux pour r\u00e9sider r\u00e9guli\u00e8rement en France. Ces \u00e9trangers b\u00e9n\u00e9ficient des prestations familiales sous r\u00e9serve qu'il soit justifi\u00e9, pour les enfants qui sont \u00e0 leur charge et au titre desquels les prestations familiales sont demand\u00e9es, de l'une des situations suivantes : - leur naissance en France ; - leur entr\u00e9e r\u00e9guli\u00e8re dans le cadre de la proc\u00e9dure de regroupement familial vis\u00e9e au livre IV du code de l'entr\u00e9e et du s\u00e9jour des \u00e9trangers et du droit d'asile ; - leur qualit\u00e9 de membre de famille de r\u00e9fugi\u00e9 ; - leur qualit\u00e9 d'enfant d'\u00e9tranger titulaire de la carte de s\u00e9jour mentionn\u00e9e au 10\u00b0 de l'article L.313-11 du code de l'entr\u00e9e et du s\u00e9jour des \u00e9trangers et du droit d'asile ; - leur qualit\u00e9 d'enfant d'\u00e9tranger titulaire de la carte de s\u00e9jour mentionn\u00e9e \u00e0 l'article L.313-13 du m\u00eame code ; - leur qualit\u00e9 d'enfant d'\u00e9tranger titulaire de l'une des cartes de s\u00e9jour mentionn\u00e9es \u00e0 l'article L. 313-8 du m\u00eame code ; - leur qualit\u00e9 d'enfant d'\u00e9tranger titulaire de la carte de s\u00e9jour mentionn\u00e9e au 7\u00b0 de l'article L.313-11 du m\u00eame code \u00e0 la condition que le ou les enfants en cause soient entr\u00e9s en France au plus tard en m\u00eame temps que l'un de leurs parents titulaires de la carte susmentionn\u00e9e. Un d\u00e9cret fixe la liste des titres et justifications attestant de la r\u00e9gularit\u00e9 de l'entr\u00e9e et du s\u00e9jour des b\u00e9n\u00e9ficiaires \u00e9trangers. Il d\u00e9termine \u00e9galement la nature des documents exig\u00e9s pour justifier que les enfants que ces \u00e9trangers ont \u00e0 charge et au titre desquels des prestations familiales sont demand\u00e9es remplissent les conditions pr\u00e9vues aux alin\u00e9as pr\u00e9c\u00e9dents \u00bb ; -l'article D.512-1, qui dispose que : L'\u00e9tranger qui demande \u00e0 b\u00e9n\u00e9ficier de prestations familiales justifie la r\u00e9gularit\u00e9 de son s\u00e9jour par la production d'un des titres de s\u00e9jour ou documents suivants en cours de validit\u00e9 : 1\u00b0 Carte de r\u00e9sident ; 2\u00b0 Carte de s\u00e9jour temporaire ; 3\u00b0 Certificat de r\u00e9sidence de ressortissant alg\u00e9rien ; 4\u00b0 R\u00e9c\u00e9piss\u00e9 de demande de renouvellement de l'un des titres ci-dessus ; 5\u00b0 R\u00e9c\u00e9piss\u00e9 de demande de titre de s\u00e9jour valant autorisation de s\u00e9jour d'une dur\u00e9e de trois mois renouvelable portant la mention \"reconnu r\u00e9fugi\u00e9\" ; 6\u00b0 R\u00e9c\u00e9piss\u00e9 de demande de titre de s\u00e9jour d'une dur\u00e9e de six mois renouvelable portant la mention \"\u00e9tranger admis au s\u00e9jour au titre de l'asile\" ; 7\u00b0 Autorisation provisoire de s\u00e9jour d'une validit\u00e9 sup\u00e9rieure \u00e0 trois mois ; 8\u00b0 Passeport mon\u00e9gasque rev\u00eatu d'une mention du consul g\u00e9n\u00e9ral de France \u00e0 Monaco valant autorisation de s\u00e9jour ; 9\u00b0 Livret sp\u00e9cial, livret ou carnet de circulation ; 10\u00b0 R\u00e9c\u00e9piss\u00e9 de demande de titre de s\u00e9jour valant autorisation de s\u00e9jour d'une dur\u00e9e de validit\u00e9 de trois mois renouvelable d\u00e9livr\u00e9 dans le cadre de l'octroi de la protection subsidiaire, accompagn\u00e9 de la d\u00e9cision de l'Office fran\u00e7ais de protection des r\u00e9fugi\u00e9s et apatrides ou de la Cour nationale du droit d'asile accordant cette protection. -l'article D.512-2, qui fixe la liste des titres et justifications concernant les enfants selon les dispositions suivantes : \"La r\u00e9gularit\u00e9 de l'entr\u00e9e et du s\u00e9jour des enfants \u00e9trangers que le b\u00e9n\u00e9ficiaire a \u00e0 charge et au titre desquels il demande des prestations familiales est justifi\u00e9e par la production de l'un des documents suivants : 1\u00b0 Extrait d'acte de naissance en France ; 2\u00b0 Certificat de contr\u00f4le m\u00e9dical de l'enfant, d\u00e9livr\u00e9 par l'Agence nationale de l'accueil des \u00e9trangers et des migrations \u00e0 l'issue de la proc\u00e9dure d'introduction ou d'admission au s\u00e9jour au titre du regroupement familial ; (...) 5\u00b0 Attestation d\u00e9livr\u00e9e par l'autorit\u00e9 pr\u00e9fectorale, pr\u00e9cisant que l'enfant est entr\u00e9 en France au plus tard en m\u00eame temps que l'un de ses parents admis au s\u00e9jour sur le fondement du 7\u00b0 de l'article L. 313-11 du code de l'entr\u00e9e et du s\u00e9jour des \u00e9trangers [carte de s\u00e9jour temporaire portant la mention \" vie priv\u00e9e et familiale \" est d\u00e9livr\u00e9e de plein droit ]et du droit d'asile ou du 5\u00b0 de l'article 6 de l'accord franco-alg\u00e9rien du 27 d\u00e9cembre 1968 modifi\u00e9 ; 6\u00b0 Titre de s\u00e9jour d\u00e9livr\u00e9 \u00e0 l'\u00e9tranger \u00e2g\u00e9 de seize \u00e0 dix-huit ans dans les conditions fix\u00e9es par l'article L. 311-3 du code de l'entr\u00e9e et du s\u00e9jour des \u00e9trangers et du droit d'asile. Elle est \u00e9galement justifi\u00e9e, pour les enfants majeurs ouvrant droit aux prestations familiales, par l'un des titres mentionn\u00e9s \u00e0 l'article D. 512-1.\" En l'esp\u00e8ce, M. O... a obtenu un titre de s\u00e9jour \u00e9tudiant valable du 3 ao\u00fbt 2012 au 3 juin 2013, renouvel\u00e9 jusqu'au 3 janvier 2014, puis du 1er mars 2014 au 10 avril 2017; puis il a \u00e9t\u00e9 b\u00e9n\u00e9ficiaire d'une carte de s\u00e9jour temporaire mention \"visiteur\" du 11 avril 2017 au 10 avril 2018 ; un r\u00e9c\u00e9piss\u00e9 de demande de carte de s\u00e9jour lui a \u00e9t\u00e9 remis le 3 avril 2018 mentionnant une date d'entr\u00e9e en France au 3 mars 2014 ; il s'en d\u00e9duit que M. O... n'\u00e9tait pas autoris\u00e9 \u00e0 travailler ; il est d\u00e9sormais titulaire d'une carte de s\u00e9jour temporaire valable du 11 avril 2018 au 10 avril 2019 ; M. O... a demand\u00e9 en juin 2014 \u00e0 la caisse d'allocations familiales de Paris le b\u00e9n\u00e9fice des prestations familiales \u00e0 compter du 1er janvier 2013 ; bien que le r\u00e9c\u00e9piss\u00e9 de demande de titre de s\u00e9jour d\u00e9livr\u00e9 le 3 avril 2018 mentionne une date d'entr\u00e9e en France le 3 mars 2014, l'appelant fait \u00e9tat d'une entr\u00e9e en France de V... le 4 ao\u00fbt 2012 et de R... et F... avec leur m\u00e8re le 28 ao\u00fbt 2013 ; En tout \u00e9tat de cause, il n'est pas contest\u00e9 que les enfants sont entr\u00e9s en France en dehors de la proc\u00e9dure de regroupement familial ; Or, l'article L.512-2 pr\u00e9cit\u00e9 ouvre le b\u00e9n\u00e9fice des prestations familiales aux \u00e9trangers non ressortissants d'un Etat membre de la Communaut\u00e9 europ\u00e9enne, d'un autre Etat partie \u00e0 l'accord sur l'Espace \u00e9conomique europ\u00e9en ou de la Conf\u00e9d\u00e9ration suisse titulaire d'un titre exig\u00e9 d'eux pour r\u00e9sider r\u00e9guli\u00e8rement en France selon les dispositions de l'article D. 512-1 sous r\u00e9serve qu'il soit justifi\u00e9, pour les enfants qui sont \u00e0 leur charge et au titre desquels les prestations familiales sont demand\u00e9es, et conform\u00e9ment aux dispositions de l'article D.512-2, soit de leur naissance en France, soit de leur entr\u00e9e r\u00e9guli\u00e8re en France dans le cadre de la proc\u00e9dure de regroupement familial, soit de leur qualit\u00e9 de membre de famille de r\u00e9fugi\u00e9, soit de leur qualit\u00e9 d'enfant d'\u00e9tranger titulaire d'une carte de s\u00e9jour sp\u00e9cifique ; M. O... ne peut pr\u00e9senter le certificat m\u00e9dical de l'OFII pour ses enfants, seul document n\u00e9cessaire compte tenu de sa situation ; C'est donc \u00e0 bon droit que la demande de M. O... de b\u00e9n\u00e9fice des prestations familiales a \u00e9t\u00e9 rejet\u00e9e par la commission de recours amiable ainsi que par les premiers juges \u00bb ;",
        "ET AUX MOTIFS EVENTUELLEMENT ADOPTES QUE \u00ab l'article L512-2 du code de la s\u00e9curit\u00e9 sociale, dans sa r\u00e9daction issue de la loi num\u00e9ro 2005\u2013 579 du 19 d\u00e9cembre 2005, fait b\u00e9n\u00e9ficier des prestations familiales aux \u00e9trangers nous ressortissants d'un \u00c9tat membre de la communaut\u00e9 europ\u00e9enne, d'un autre \u00c9tat partie \u00e0 l'accord sur l'espace \u00e9conomique europ\u00e9en ou de la conf\u00e9d\u00e9ration suisse titulaire d'un titre exig\u00e9 d'eux pour r\u00e9sider r\u00e9guli\u00e8rement en France sous r\u00e9serve qu'il soit justifi\u00e9, pour les enfants qui sont \u00e0 leur charge et au titre desquels les prestations familiales sont demand\u00e9es, soit de leur naissance en France, soit de leur entr\u00e9e r\u00e9guli\u00e8re en France dans le cadre de la proc\u00e9dure de regroupement familial, soit de leur qualit\u00e9 de membre de famille de r\u00e9fugi\u00e9s, soit de leur qualit\u00e9 d'enfants \u00e9trangers titulaires d'une carte de s\u00e9jour sp\u00e9cifique. L'article D. 512-2 du code de la s\u00e9curit\u00e9 sociale dans sa r\u00e9daction issue du d\u00e9cret num\u00e9ro 2006\u2013234 du 27 f\u00e9vrier 2006 dresse une liste limitative des documents permettant de justifier de la r\u00e9gularit\u00e9 de l'entr\u00e9e et du s\u00e9jour en France des enfants \u00e9trangers au titre desquels il est demand\u00e9 le b\u00e9n\u00e9fice des prestations familiales. Figure dans cette liste le certificat de contr\u00f4le m\u00e9dical de l'enfant d\u00e9livr\u00e9 par l'Office fran\u00e7ais de l'immigration et de l'int\u00e9gration \u00e0 l'issue de la proc\u00e9dure d'introduction ou d'admission au s\u00e9jour au titre du regroupement familial, l'extrait d'acte de naissance en France, le livret de famille d\u00e9livr\u00e9 par l'Office fran\u00e7ais de protection des r\u00e9fugi\u00e9s et apatrides ou, \u00e0 d\u00e9faut, un acte de naissance \u00e9tabli par cet office, le visa d\u00e9livr\u00e9 par l'autorit\u00e9 consulaire et comportant le nom de l'enfant dans l'\u00e9tranger titulaire de la carte de s\u00e9jour mentionn\u00e9s \u00e0 l'article L. 313\u20138 ou au cinqui\u00e8mement de l'article L. 313\u201311 du code de l'entr\u00e9e et du s\u00e9jour des \u00e9trangers et du droit d'asile, l'attestation d\u00e9livr\u00e9e par l'autorit\u00e9 pr\u00e9fectorale pr\u00e9cisant que l'enfant est entr\u00e9 en France au plus tard en m\u00eame temps que l'un de ses parents admis au s\u00e9jour sur le fondement du septi\u00e8mement de l'article L. 313\u201311 du code de l'entr\u00e9e et de s\u00e9jour des \u00e9trangers et du droit d'asile ou du cinqui\u00e8mement de l'article 6 de l'accord franco-alg\u00e9rien du 27 d\u00e9cembre 1968 modifi\u00e9, le titre de s\u00e9jour d\u00e9livr\u00e9 \u00e0 l'\u00e9tranger \u00e2g\u00e9 de 16 \u00e0 18 ans dans les conditions de l'article L. 313\u20133 du code de l'entr\u00e9e et du s\u00e9jour des \u00e9trangers et du droit d'asile. En l'esp\u00e8ce, il ressort des pi\u00e8ces vers\u00e9es aux d\u00e9bats que Monsieur K... O... de nationalit\u00e9 am\u00e9ricaine r\u00e9side r\u00e9guli\u00e8rement en France sous couvert d'un titre de s\u00e9jour \u00e9tudiant valable du 3 ao\u00fbt 2012 au 3 juin 2013 annuellement renouvel\u00e9, que son dernier titre de s\u00e9jour est un r\u00e9c\u00e9piss\u00e9 de demande de renouvellement visiteurs valable du 14 avril au 18 juillet 2015. Monsieur K... O..., qui demande \u00e0 b\u00e9n\u00e9ficier des prestations familiales, assume avec sa conjointe la charge de trois enfants, F..., R... et V... respectivement n\u00e9s aux \u00c9tats-Unis les 24 juin 1999 29 juin 2001 et 17 septembre 1997. Toutefois, il n'est pas en mesure de produire le certificat m\u00e9dical de l'Office fran\u00e7ais de l'immigration et de l'int\u00e9gration pour ses enfants ni aucun des autres documents pr\u00e9vus par l'article D. 512\u20132 du code de la s\u00e9curit\u00e9 sociale. Il reconna\u00eet que ses enfants sont entr\u00e9s sur le territoire fran\u00e7ais en ao\u00fbt 2008, munis d'un visa visiteur, mais en dehors de la proc\u00e9dure de regroupement familial. Monsieur K... O... soutien notamment qu'il r\u00e9sulte de nombreuses normes internationales, dans la France est signataire, une \u00e9galit\u00e9 de traitement en mati\u00e8re de prestations sociales doit \u00eatre assur\u00e9e entre les ressortissants fran\u00e7ais et les ressortissants \u00e9trangers r\u00e9sidant r\u00e9guli\u00e8rement sur le territoire fran\u00e7ais ; qu'en application des dispositions de la convention franco am\u00e9ricaine de s\u00e9curit\u00e9 sociale du 2 mars 1987, ses enfants doivent \u00eatre trait\u00e9s de la m\u00eame mani\u00e8re que les ressortissants fran\u00e7ais et que la caisse d'allocations familiales de Paris ne saurait soumettre l'octroi des prestations familiales \u00e0 un ressortissant des \u00c9tats-Unis \u00e0 des conditions suppl\u00e9mentaires ou plus rigoureuse que celles applicables aux ressortissants fran\u00e7ais cela instituerait une discrimination directement fond\u00e9e sur la nationalit\u00e9. Toutefois, l'exigence du respect de la proc\u00e9dure de regroupement familial ne porte pas une atteinte disproportionn\u00e9e aux droits \u00e0 la vie familiale, dans la mesure o\u00f9 cette exigence r\u00e9pond \u00e0 un imp\u00e9ratif de sant\u00e9 publique et \u00e0 l'int\u00e9r\u00eat de l'enfant. Les dispositions des articles L. 512\u20132 et D.512\u20132 du code de la s\u00e9curit\u00e9 sociale rev\u00eatent, en effet, un caract\u00e8re objectif justifi\u00e9 par la n\u00e9cessit\u00e9 dans un \u00c9tat d\u00e9mocratique d'exercer un contr\u00f4le des conditions d'accueil des enfants il ne porte pas une atteinte disproportionn\u00e9e au droit \u00e0 la vie familiale garanti par les articles 8 et 14 de la Convention europ\u00e9enne de sauvegarde des droits de B... et des libert\u00e9s fondamentales. La restriction du droit aux prestations, fond\u00e9e sur un crit\u00e8re d'entr\u00e9e sous certaines conditions des enfants \u00e9trangers sur le territoire, ne porte pas non plus une atteinte disproportionn\u00e9e aux droits \u00e0 la vie familiale garantie par les articles 8 et 14 de la Convention europ\u00e9enne de sauvegarde des droits de B... et des libert\u00e9s fondamentales. La restriction du droit aux prestations, fond\u00e9e sur un crit\u00e8re d'entr\u00e9e sous certaines conditions des enfants \u00e9trangers sur le territoire, ne porte pas non plus une atteinte disproportionn\u00e9e aux principes de non-discrimination, ou l'int\u00e9r\u00eat sup\u00e9rieur de l'enfant garanti par les dispositions de l'article 3-1 de la Convention internationale des droits de l'enfant. Il convient d'indiquer s'agissant de la convention franco am\u00e9ricaine dont M. O... se pr\u00e9vaut, que contrairement aux accords euro-m\u00e9diterran\u00e9ens instituant une \u00e9galit\u00e9 de traitement entre ressortissants communautaire, et ceux des pays signataires, elle sert \u00e0 harmoniser les l\u00e9gislations de s\u00e9curit\u00e9 sociale entre les pays cosignataires mais ne permet pas d'\u00e9tablir une \u00e9galit\u00e9 de traitement avec les nationaux du pays d'accueil. Monsieur K... O... sera donc d\u00e9bout\u00e9 de sa demande d'attribution de prestations familiales pour ses trois enfants \u00bb ;",
        "1\u00b0) ALORS QUE les articles L. 512-1, L. 512-2 et D. 512-2 du code de la s\u00e9curit\u00e9 sociale portent une atteinte disproportionn\u00e9e au droit \u00e0 l'\u00e9galit\u00e9 de traitement, \u00e0 la non-discrimination et \u00e0 la vie familiale garanti par les articles 1, 8 et 14 de la Convention europ\u00e9enne des droits de l'homme et m\u00e9connaissent les dispositions de l'article 3-1 de la Convention internationale des droits de l'enfant d\u00e8s lors qu'ils conduisent \u00e0 refuser l'octroi de prestations familiales \u00e0 des enfants sur le seul fondement de leur nationalit\u00e9 et subordonnent \u00e0 la production des certificats m\u00e9dicaux de l'Office fran\u00e7ais de l'immigration et de l'int\u00e9gration le b\u00e9n\u00e9fice de telles prestations, quand il est constat\u00e9 que l'ensemble de la famille r\u00e9side r\u00e9guli\u00e8rement en France; qu'en d\u00e9clarant le contraire, la cour d'appel a viol\u00e9 les articles 1, 8 et 14 de la Convention europ\u00e9enne de sauvegarde des droits de l'homme et des libert\u00e9s fondamentales et 3-1 de la Convention internationale des droits de l'enfant du 26 janvier 1990 ;",
        "2\u00b0) ET ALORS QUE, en outre, les articles L. 512-1, L. 512-2 et D. 512-2 du code de la s\u00e9curit\u00e9 sociale portent une atteinte disproportionn\u00e9e \u00e0 ces m\u00eames principes d\u00e8s lors qu'ils conduisent \u00e0 refuser l'octroi de prestations familiales \u00e0 des enfants handicap\u00e9s \u00e9trangers en situation r\u00e9guli\u00e8re sur le territoire, refus de nature \u00e0 conduire le parent en charge de leur assistance \u00e0 rentrer dans leur pays d'origine, au prix d'une s\u00e9paration du couple parental ; qu'en d\u00e9cidant le contraire, la cour d'appel a viol\u00e9 les articles 8 et 14 de la Convention europ\u00e9enne de sauvegarde des droits de l'homme et des libert\u00e9s fondamentales et 3-1 de la Convention internationale des droits de l'enfant du 26 janvier 1990 ;",
        "3\u00b0) ALORS ENCORE QUE les personnes qui sont ou ont \u00e9t\u00e9 soumises \u00e0 la l\u00e9gislation de l'Etat fran\u00e7ais ou des Etats-Unis d'Am\u00e9rique, qui sont des ressortissants de l'un ou l'autre de ces \u00c9tats, et qui r\u00e9sident sur le territoire de l'autre \u00c9tat contractant, doivent b\u00e9n\u00e9ficier d'un traitement \u00e9gal \u00e0 celui qui est accord\u00e9 aux ressortissants de l'autre \u00c9tat contractant en application de la l\u00e9gislation de cet autre \u00c9tat relative au droit aux prestations et au versement de celles-ci, notamment en mati\u00e8re de prestations familiales ; que ce principe de non-discrimination interdit d'imposer aux personnes entrant dans le champ d'application de cette disposition des conditions suppl\u00e9mentaires ou plus rigoureuses par rapport \u00e0 celles applicables aux nationaux de cet \u00c9tat ; que M. O..., ressortissant am\u00e9ricain ayant \u00e9t\u00e9 soumis \u00e0 la l\u00e9gislation am\u00e9ricaine \u00e9tait titulaire d'une carte de s\u00e9jour temporaire valable ; que la CAF avait reconnu que ses enfants mineurs, V... et R..., r\u00e9sidaient l\u00e9galement en France avec lui ; qu'ainsi, le droit aux prestations familiales ne pouvait \u00eatre refus\u00e9 au motif que M. O... ne produisait pas le certificat de contr\u00f4le m\u00e9dical d\u00e9livr\u00e9 dans le cadre du regroupement familial justifiant de la r\u00e9gularit\u00e9 de l'entr\u00e9e sur le territoire fran\u00e7ais sans violer les articles 2, 3 et 4 de l'Accord de s\u00e9curit\u00e9 sociale entre la France et les Etats-Unis du 2 mars 1987, ensemble les dispositions de l'article L. 512-2, alin\u00e9as 2 \u00e0 4, du code de la s\u00e9curit\u00e9 sociale ;",
        "4\u00b0) ALORS ENFIN QUE la lettre minist\u00e9rielle n\u00b0 890 du 20 juin 1988 relative \u00e0 la mise en vigueur des dispositions de l'Accord de s\u00e9curit\u00e9 sociale entre la France et les Etats-Unis du 2 mars 1987 et de ses textes d'application pr\u00e9voit que \u00ab les principes de base et les dispositions g\u00e9n\u00e9rales ou particuli\u00e8res ne comportant pas de coordination sont applicables \u00e0 l'ensemble des l\u00e9gislations fran\u00e7aises (par exemple : principe de l'\u00e9galit\u00e9 de traitement, r\u00e8gles relatives \u00e0 la d\u00e9termination de la l\u00e9gislation applicable) \u00bb ; qu'elle \u00e9non\u00e7ait ainsi express\u00e9ment que cet accord n'\u00e9tait pas limit\u00e9 \u00e0 un r\u00f4le de coordination entre les l\u00e9gislations des deux \u00e9tats mais qu'il \u00e9dictait \u00e9galement des principes g\u00e9n\u00e9raux, notamment celui de l'\u00e9galit\u00e9 de traitement avec les nationaux du pays d'accueil ; qu'en affirmant, pour d\u00e9bouter M. O... de sa demande de versement r\u00e9troactif des prestations familiales, que \u00ab la convention bilat\u00e9rale de s\u00e9curit\u00e9 sociale conclue entre la France et les Etats-Unis le 2 mars 1987 est une convention de coordination des syst\u00e8mes de s\u00e9curit\u00e9 sociale des deux \u00e9tats pour leurs ressortissants respectifs se trouvant dans l'autre \u00e9tat. La lettre minist\u00e9rielle du 20 juin 1988 relative \u00e0 cette convention (",
        ") ne fait pas obstacle \u00e0 l'application de la l\u00e9gislation fran\u00e7aise \u00bb (arr\u00eat p. 4 dernier alin\u00e9a), la cour d'appel a viol\u00e9 les dispositions de la lettre minist\u00e9rielle n\u00b0 890 du 20 juin 1988 relative \u00e0 la mise en vigueur des dispositions de l'Accord de s\u00e9curit\u00e9 sociale entre la France et les Etats-Unis du 2 mars 1987, ensemble les articles 2, 3 et 4 de l'Accord de s\u00e9curit\u00e9 sociale entre la France et les Etats-Unis du 2 mars 1987 et les dispositions de l'article L. 512-2, alin\u00e9as 2 \u00e0 4, du code de la s\u00e9curit\u00e9 sociale.",
        "SECOND MOYEN DE CASSATION",
        "Il est fait grief \u00e0 l'arr\u00eat attaqu\u00e9 d'AVOIR d\u00e9bout\u00e9 M. O... de sa demande de voir la CAF de Paris condamn\u00e9e au paiement de dommages et int\u00e9r\u00eats \u00e0 hauteur de 17.476 \u20ac ;",
        "AUX MOTIFS QU' \u00ab en cons\u00e9quence, M. O... doit \u00eatre d\u00e9bout\u00e9 de l'ensemble de ses demandes, y compris au titre de l'article 700 du code de proc\u00e9dure civile, et le jugement sera confirm\u00e9 \u00bb ;",
        "ALORS QUE la cassation du chef du dispositif de l'arr\u00eat confirmant le jugement du 25 septembre 2015 du tribunal des affaires de s\u00e9curit\u00e9 sociales de Paris entra\u00eenera l'annulation du d\u00e9bout\u00e9 des demandes indemnitaires en application des articles 624 et 625 du code de proc\u00e9dure civile."
    ]
}