{
    "decision-0": [
        "CIV. 2",
        "CM",
        "COUR DE CASSATION",
        "______________________",
        "Audience publique du 8 octobre 2020",
        "Cassation partielle",
        "M. PIREYRE, pr\u00e9sident",
        "Arr\u00eat n\u00b0 942 F-D",
        "Pourvoi n\u00b0 V 19-10.122",
        "R \u00c9 P U B L I Q U E F R A N \u00c7 A I S E",
        "_________________________",
        "AU NOM DU PEUPLE FRAN\u00c7AIS",
        "_________________________",
        "ARR\u00caT DE LA COUR DE CASSATION, DEUXI\u00c8ME CHAMBRE CIVILE, DU 8 OCTOBRE 2020",
        "M. F... G..., domicili\u00e9 [...] , a form\u00e9 le pourvoi n\u00b0 V 19-10.122 contre l'arr\u00eat rendu le 26 octobre 2018 par la cour d'appel de Paris (p\u00f4le 6, chambre 13), dans le litige l'opposant :",
        "1\u00b0/ \u00e0 la caisse d'allocations familiales du Val-de-Marne, dont le si\u00e8ge est [...] ,",
        "2\u00b0/ au ministre charg\u00e9 de la s\u00e9curit\u00e9 sociale, domicili\u00e9 [...] ,",
        "d\u00e9fendeurs \u00e0 la cassation.",
        "Le demandeur invoque, \u00e0 l'appui de son pourvoi, le moyen unique de cassation annex\u00e9 au pr\u00e9sent arr\u00eat.",
        "Le dossier a \u00e9t\u00e9 communiqu\u00e9 au procureur g\u00e9n\u00e9ral.",
        "Sur le rapport de Mme Vigneras, conseiller r\u00e9f\u00e9rendaire, les observations de la SCP Krivine et Viaud, avocat de M. G..., de la SCP Gatineau, Fattaccini et Rebeyrol, avocat de la caisse d'allocations familiales du Val-de-Marne, et l'avis de M. de Monteynard, avocat g\u00e9n\u00e9ral, apr\u00e8s d\u00e9bats en l'audience publique du 1er juillet 2020 o\u00f9 \u00e9taient pr\u00e9sents M. Pireyre, pr\u00e9sident, Mme Vigneras, conseiller r\u00e9f\u00e9rendaire rapporteur, M. Pr\u00e9tot, conseiller doyen, et Mme Szirek, greffier de chambre,",
        "la deuxi\u00e8me chambre civile de la Cour de cassation, compos\u00e9e des pr\u00e9sident et conseillers pr\u00e9cit\u00e9s, apr\u00e8s en avoir d\u00e9lib\u00e9r\u00e9 conform\u00e9ment \u00e0 la loi, a rendu le pr\u00e9sent arr\u00eat."
    ],
    "decision-1": [
        "Faits et proc\u00e9dure",
        "1. Selon l'arr\u00eat attaqu\u00e9 (Paris, 26 octobre 2018), M. G... (l'allocataire), ressortissant de nationalit\u00e9 b\u00e9ninoise, a sollicit\u00e9 le b\u00e9n\u00e9fice des prestations familiales pour sa fille a\u00een\u00e9e, n\u00e9e au B\u00e9nin et entr\u00e9e en France le 1er juin 2013, ainsi qu'une prime de naissance pour sa fille cadette n\u00e9e en France.",
        "2. La caisse d'allocations familiales du Val-de-Marne (la caisse) lui ayant oppos\u00e9 un refus, l'allocataire a saisi d'un recours une juridiction de s\u00e9curit\u00e9 sociale."
    ],
    "decision-2": [
        "Examen du moyen",
        "Sur le moyen, pris en sa quatri\u00e8me branche",
        "Enonc\u00e9 du moyen",
        "3. L'allocataire fait grief \u00e0 l'arr\u00eat de le d\u00e9bouter de ses demandes de prestations familiales alors \u00ab qu'en tout \u00e9tat de cause, le juge est tenu de r\u00e9pondre aux moyens des \u00e9critures dont il est saisi ; que, dans ses \u00e9critures, l'assur\u00e9 social se pr\u00e9valait express\u00e9ment de la Convention g\u00e9n\u00e9rale du 6 novembre 1979 de s\u00e9curit\u00e9 sociale entre le Gouvernement de la R\u00e9publique fran\u00e7aise et le Gouvernement de la R\u00e9publique populaire du B\u00e9nin ; qu'en s'abstenant de r\u00e9pondre \u00e0 ce moyen, la cour d'appel a viol\u00e9 l'article 455 du code de proc\u00e9dure civile. \u00bb"
    ],
    "decision-3": [
        "R\u00e9ponse de la Cour",
        "Vu l'article 455 du code de proc\u00e9dure civile :",
        "4. Selon ce texte, tout jugement doit \u00eatre motiv\u00e9. Un d\u00e9faut de r\u00e9ponse \u00e0 conclusions constitue un d\u00e9faut de motifs.",
        "5. Pour d\u00e9bouter l'allocataire de ses demandes, l'arr\u00eat se fonde essentiellement sur l'article 13 de l'accord de partenariat entre les membres du groupe des \u00c9tats d'Afrique, des Cara\u00efbes et du Pacifique, d'une part, et la Communaut\u00e9 europ\u00e9enne et ses \u00c9tats membres, d'autre part, sign\u00e9 \u00e0 Cotonou le 23 juin 2000, relatif aux migrations, sur la convention conclue entre la R\u00e9publique fran\u00e7aise et la R\u00e9publique du B\u00e9nin, relative \u00e0 la circulation et au s\u00e9jour des personnes, sign\u00e9e \u00e0 Cotonou, le 21 d\u00e9cembre 1992, ainsi que sur les articles L. 512-2 et D. 512-2 du code de la s\u00e9curit\u00e9 sociale. Ayant constat\u00e9 que l'allocataire n'avait pu justifier de l'arriv\u00e9e r\u00e9guli\u00e8re de sa fille J... sur le territoire fran\u00e7ais au titre du regroupement familial, il en d\u00e9duit que la caisse a fait une juste application des textes applicables.",
        "6. En statuant ainsi, sans r\u00e9pondre aux conclusions de l'allocataire qui se pr\u00e9valait, dans ses \u00e9critures reprises oralement \u00e0 l'audience du 11 avril 2018, du b\u00e9n\u00e9fice des stipulations de la Convention g\u00e9n\u00e9rale du 6 novembre 1979 de s\u00e9curit\u00e9 sociale entre le Gouvernement de la R\u00e9publique fran\u00e7aise et le Gouvernement de la R\u00e9publique populaire du B\u00e9nin, alors qu'en mati\u00e8re de proc\u00e9dure orale, la cour d'appel demeure saisie des \u00e9critures dont elle constate, par arr\u00eat avant dire droit ordonnant la r\u00e9ouverture des d\u00e9bats, qu'elles ont \u00e9t\u00e9 d\u00e9pos\u00e9es par une partie et reprises oralement \u00e0 l'audience des d\u00e9bats, la cour d'appel n'a pas satisfait aux exigences du texte susvis\u00e9."
    ],
    "decision-4": [
        "PAR CES MOTIFS, et sans qu'il y ait lieu de statuer sur les autres branches du moyen, la Cour :",
        "CASSE ET ANNULE, sauf en ce qu'il confirme le jugement du tribunal des affaires de s\u00e9curit\u00e9 sociale de Cr\u00e9teil du 11 d\u00e9cembre 2014, en tant qu'il d\u00e9clare recevable le recours form\u00e9 par M. G..., l'arr\u00eat rendu le 26 octobre 2018, entre les parties, par la cour d'appel de Paris ;",
        "Remet, sauf sur ce point, l'affaire et les parties dans l'\u00e9tat o\u00f9 elles se trouvaient avant cet arr\u00eat et les renvoie devant la cour d'appel de Paris, autrement compos\u00e9e ;",
        "Condamne la caisse d'allocations familiales du Val-de-Marne aux d\u00e9pens ;",
        "En application de l'article 700 du code de proc\u00e9dure civile, rejette les demandes.",
        "Dit que sur les diligences du procureur g\u00e9n\u00e9ral pr\u00e8s la Cour de cassation, le pr\u00e9sent arr\u00eat sera transmis pour \u00eatre transcrit en marge ou \u00e0 la suite de l'arr\u00eat partiellement cass\u00e9 ;",
        "Ainsi fait et jug\u00e9 par la Cour de cassation, deuxi\u00e8me chambre civile, et prononc\u00e9 par le pr\u00e9sident en son audience publique du huit octobre deux mille vingt."
    ],
    "decision-5": [
        "MOYEN ANNEXE au pr\u00e9sent arr\u00eat",
        "Moyen produit par la SCP Krivine et Viaud, avocat aux Conseils, pour M. G...",
        "Il est fait grief \u00e0 l'arr\u00eat attaqu\u00e9 D'AVOIR d\u00e9bout\u00e9 M. G... de l'ensemble de ses demandes de prestations familiales au titre de ses enfants J... G... et U... G... et D'AVOIR fix\u00e9 le droit d'appel pr\u00e9vu par l'article R. 144-10 alin\u00e9a 2 du code de la s\u00e9curit\u00e9 sociale \u00e0 la charge de l'appelant qui succombe au 10e du montant mensuel du plafond pr\u00e9vu \u00e0 l'article L. 241-3 du code de la s\u00e9curit\u00e9 sociale et condamn\u00e9 M. G... au paiement de ce droit ainsi fix\u00e9 \u00e0 la somme de 331,10 \u20ac ;",
        "AUX MOTIFS QUE l'article L. 512-2 du code de s\u00e9curit\u00e9 sociale dispose que b\u00e9n\u00e9ficient de plein droit des prestations familiales dans les conditions fix\u00e9es par le pr\u00e9sent livre les \u00e9trangers non ressortissants d'un \u00c9tat membre de la Communaut\u00e9 europ\u00e9enne, d'un autre \u00c9tat partie \u00e0 l'accord sur l'Espace \u00e9conomique europ\u00e9en ou de la Conf\u00e9d\u00e9ration suisse,",
        "pour les enfants qui sont \u00e0 leur charge et au titre desquels les prestations familiales sont demand\u00e9es, d\u00e8s lors qu'ils justifient de leur entr\u00e9e r\u00e9guli\u00e8re dans le cadre de la proc\u00e9dure de regroupement familial vis\u00e9e au livre IV du code de l'entr\u00e9e et du s\u00e9jour des \u00e9trangers et du droit d'asile ; que l'article D. 512-2 requiert notamment \u00e0 ce titre la production d'un certificat de contr\u00f4le m\u00e9dical de chaque enfant d\u00e9livr\u00e9 par l'Ofii pour justifier de la r\u00e9gularit\u00e9 de l'entr\u00e9e et du s\u00e9jour des enfants \u00e9trangers dont le b\u00e9n\u00e9ficiaire a la charge et au titre desquels il demande les prestations ; qu'il s'en d\u00e9duit que ces textes subordonnent ainsi le versement des prestations familiales \u00e0 la production d'un document attestant d'une entr\u00e9e r\u00e9guli\u00e8re des enfants \u00e9trangers en France et \u00e0 un certificat m\u00e9dical d\u00e9livr\u00e9 par l'Office Fran\u00e7ais de l'Int\u00e9gration et de l'Immigration ; qu'or, il n'est pas contest\u00e9 que M. G... n'a pu justifier de ce certificat de contr\u00f4le m\u00e9dical pour sa fille J..., arriv\u00e9e en France apr\u00e8s lui ; que M. G... invoque le b\u00e9n\u00e9fice de l'accord de partenariat entre les membres du groupe des \u00c9tats d'Afrique, des Cara\u00efbes et du Pacifique, d'une part, et la Communaut\u00e9 europ\u00e9enne et ses \u00c9tats membres d'autre part, sign\u00e9 \u00e0 Cotonou le 23 juin 2000. Si son article 13 relatif aux migrations interdit effectivement toute discrimination fond\u00e9e notamment sur la nationalit\u00e9, il pr\u00e9cise que les parties sont d'accord pour consid\u00e9rer qu'un partenariat implique \u00e0 l'\u00e9gard des migrations, un traitement \u00e9quitable des ressortissants des pays tiers r\u00e9sidant l\u00e9galement sur leurs territoires",
        "que cet accord n'exclut donc nullement l'application cumulative d'autres textes normatifs et non contraires ; qu'or, pr\u00e9cis\u00e9ment, la convention conclue entre la R\u00e9publique fran\u00e7aise et la R\u00e9publique du B\u00e9nin, relative \u00e0 la circulation et au s\u00e9jour des personnes, sign\u00e9e \u00e0 Cotonou, le 21 d\u00e9cembre 1992, pr\u00e9voit en son article 8 que les membres de la famille d'un ressortissant d'un des \u00c9tats contractants peuvent \u00eatre autoris\u00e9s \u00e0 rejoindre le conjoint r\u00e9guli\u00e8rement \u00e9tabli sur le territoire de l'autre \u00c9tat dans le cadre de la l\u00e9gislation en vigueur dans l'\u00c9tat d'accueil en mati\u00e8re de regroupement familial et ils re\u00e7oivent un titre de s\u00e9jour de m\u00eame nature que celui du conjoint qu'ils rejoignent dans le cadre de la l\u00e9gislation de l'\u00c9tat d'accueil. M. G... n'a pu justifier de l'arriv\u00e9e r\u00e9guli\u00e8re de sa fille J... sur le territoire fran\u00e7ais au titre du regroupement familial ; qu'en cons\u00e9quence, la caisse a fait une juste application des textes applicables et n'ayant commis aucune faute dans la gestion du dossier de M. G..., elle ne peut se voir condamner au paiement de dommages et int\u00e9r\u00eats ; que M. G... sera d\u00e9bout\u00e9 de l'ensemble de ses demandes, y compris celle fond\u00e9e sur l'article 700 du code de proc\u00e9dure civile ;",
        "AUX MOTIFS \u00c9VENTUELLEMENT ADOPT\u00c9S QUE sur les demandes de prestations familiales et de prime de naissance ; que le b\u00e9n\u00e9fice des prestations familiales est soumis \u00e0 plusieurs conditions tenant notamment de la r\u00e9gularit\u00e9 du s\u00e9jour en France de l'allocataire et de l'enfant au titre duquel sont sollicit\u00e9es les prestations ; que l'article L. 512-2 alin\u00e9a 2 et suivants du code de la s\u00e9curit\u00e9 sociale \u00e9nonce que \u00ab b\u00e9n\u00e9ficient de plein droit des prestations familiales ... les \u00e9trangers, titulaires d'un titre exig\u00e9 d'eux en vertu soit de dispositions l\u00e9gislatives ou r\u00e9glementaires, soit de trait\u00e9s ou accords internationaux pour r\u00e9sider r\u00e9guli\u00e8rement en France ; ces \u00e9trangers b\u00e9n\u00e9ficient des prestations familiales sous r\u00e9serve qu'il soit justifi\u00e9, pour les enfants qui sont \u00e0 leur charge et au titre desquels les prestations familiales sont demand\u00e9es, de l'une des situations suivantes : ... - leur rentr\u00e9e r\u00e9guli\u00e8re dans le cadre de la proc\u00e9dure de regroupement familial vis\u00e9e au titre IV du code de l'entr\u00e9e et du s\u00e9jour des \u00e9trangers et du droit d'asile - leur qualit\u00e9 d'enfant d'\u00e9tranger titulaire de la carte de s\u00e9jour mentionn\u00e9e au 7\u00b0 de l'article L. 313-11 du m\u00eame code \u00e0 la condition que le ou les enfants en cause soient entr\u00e9s en France au plus tard en m\u00eame temps que l'un de leurs parents titulaires de la carte susmentionn\u00e9e \u00bb ; que l'article D. 512-2 pr\u00e9cise : \u00ab la r\u00e9gularit\u00e9 de l'entr\u00e9e et du s\u00e9jour des enfants \u00e9trangers que le b\u00e9n\u00e9ficiaire a \u00e0 charge et au titre desquels il demande des prestations familiales est justifi\u00e9es par la production de l'un des documents suivants :.. 2\u00b0 Certificat de contr\u00f4le m\u00e9dical de l'enfant d\u00e9livr\u00e9 par l'Office fran\u00e7ais de l'immigration et de l'int\u00e9gration \u00e0 l'issue de la proc\u00e9dure d'introduction ou d'admission au s\u00e9jour au titre du regroupement familial; 5\u00b0 Attestation d\u00e9livr\u00e9e par l'autorit\u00e9 pr\u00e9fectorale, pr\u00e9cisant que l'enfant est entr\u00e9 en France au plus tard en m\u00eame temps que l'un de ses parents admis au s\u00e9jour sur le fondement du 7\u00b0 de l'article L. 313-11 du code de l'Entr\u00e9e et du S\u00e9jour des \u00c9trangers et du Droit d'Asile ou 5\u00b0 de l'article de l'accord franco-alg\u00e9rien du 27 d\u00e9cembre 1968 modifi\u00e9 \u00bb ; qu'\u00e0 d\u00e9faut de l'un de ces documents, le droit aux prestations familiales ne peut \u00eatre ouvert ; que, par ailleurs, l'octroi de l'attestation pr\u00e9fectorale mentionn\u00e9e \u00e0 l'article D. 512-2 5\u00b0 du code de la s\u00e9curit\u00e9 sociale doit r\u00e9pondre \u00e0 deux conditions cumulatives : d'une part, l'enfant doit \u00eatre entr\u00e9 en France au plus tard en m\u00eame temps que l'un de ses parents, d'autre part, ce parent doit \u00eatre admis au s\u00e9jour sur le fondement du 7\u00b0 de l'article L. 313-11 du Ceseda, autrement dit \u00eatre titulaire d'un titre de s\u00e9jour portant la mention \u00ab vie priv\u00e9e et familiale \u00bb ; que Monsieur G..., de nationalit\u00e9 b\u00e9ninoise est p\u00e8re de deux enfants : - J... n\u00e9e le [...] au B\u00e9nin, de nationalit\u00e9 b\u00e9ninoise, arriv\u00e9e en France le 1er juin 2013,- U... n\u00e9e le [...] en France de nationalit\u00e9 b\u00e9ninoise ; que concernant l'enfant J..., il n'est pas justifi\u00e9 d'une entr\u00e9e sur le territoire fran\u00e7ais \u00e0 l'issue de la proc\u00e9dure d'introduction ou d'admission au s\u00e9jour au titre du regroupement familial ; qu'aucune attestation pr\u00e9fectorale exig\u00e9e par l'article D. 512-2-5\u00b0 du code de la s\u00e9curit\u00e9 sociale n'a pu \u00eatre d\u00e9livr\u00e9e puisque l'enfant n'est pas arriv\u00e9e en m\u00eame temps que l'un de ses parents qui aurait b\u00e9n\u00e9ficier d'un titre de s\u00e9jour portant la mention \u00ab vie priv\u00e9e et familiale \u00bb ; que Monsieur G... a un titre de s\u00e9jour comportant la mention \u00ab \u00e9tudiant \u00bb ; que d\u00e8s lors, il n'\u00e9tait pas possible de lui allouer le b\u00e9n\u00e9fice des allocations familiales au titre de cet enfant ; que Monsieur G... ne saurait se pr\u00e9valoir des arr\u00eats du 5 avril 2013 de la Cour Supr\u00eame dan mesure o\u00f9 ces d\u00e9cisions concernaient des travailleurs migrants turcs et alg\u00e9riens titulaires d'un titre de s\u00e9jour r\u00e9gulier ayant des enfants entr\u00e9s au titre de regroupement familial ; que mais encore, la Cour de Cassation a rappel\u00e9 \u00e0 maintes reprises que les articles L. 512-2, D. 512-1 et D. 512-2 du code de la s\u00e9curit\u00e9 sociale ne m\u00e9connaissaient pas la Convention de sauvegarde des droits de l'homme et des libert\u00e9s fondamentales, notamment le droit \u00e0 la vie familiale garanti par les articles 8 et 14, ni la Convention internationale des droits de l'enfant en son article 3-1 ; ; que l'exigence du certificat de contr\u00f4le m\u00e9dical d\u00e9livr\u00e9 par l'Anaem ou l'Ofii depuis 2009 r\u00e9pond \u00e0 l'int\u00e9r\u00eat de la sant\u00e9 publique et \u00e0 l'int\u00e9r\u00eat de la sant\u00e9 de l'enfant v\u00e9rifier que l'enfant disposera en France des conditions d'existence lui garantissant de mener une vie familiale normale, sans porter une atteinte disproportionn\u00e9e au droit de la vie familiale ; qu'il y a lieu de d\u00e9bouter Monsieur G... de sa demande ; que sur le refus de verser la prime de naissance, l'octroi de la prime de naissance est r\u00e9gi par les articles L. 531-2 et notamment par les articles L. 533-1 et D. 532-1 du code de la s\u00e9curit\u00e9 sociale. Il est subordonn\u00e9 \u00e0 un premier examen m\u00e9dical pr\u00e9natal obligatoire de la m\u00e8re pr\u00e9vu en application de l'article L. 2122-1 du code de la Sant\u00e9 Publique et \u00e0 une d\u00e9claration de grossesse qui doit \u00eatre adress\u00e9e par l'allocataire dans les quatorze premi\u00e8res semaines de la grossesse \u00e0 l'organisme d'assurance maladie ; que Monsieur G... ne remplissait pas les conditions exig\u00e9es pour b\u00e9n\u00e9ficier de la prime ; que Madame V... G... est entr\u00e9e sur le territoire fran\u00e7ais le 1er juin 2013 dans son neuvi\u00e8me mois de grossesse et a accouch\u00e9 de l'enfant U... le [...] ; qu'elle ne justifie pas de la passation d'un premier examen pr\u00e9natal m\u00e9dical obligatoire ni avoir d\u00e9clar\u00e9 sa grossesse aupr\u00e8s de la Caisse d'Allocation Familiale du Val de Marne dans les 14 premi\u00e8res semaines de sa grossesse ; ; que d\u00e9boute Monsieur G... de sa demande ;",
        "1\u00b0) ALORS QUE les trait\u00e9s ou accords r\u00e9guli\u00e8rement ratifi\u00e9s ou approuv\u00e9s ont, d\u00e8s leur publication, une autorit\u00e9 sup\u00e9rieure \u00e0 celle des lois, sous r\u00e9serve, pour chaque accord ou trait\u00e9, de son application par l'autre partie ; que l'article 13 de l'accord de partenariat entre les membres du groupe des \u00c9tats d'Afrique, des Cara\u00efbes et du Pacifique, d'une part, et la Communaut\u00e9 europ\u00e9enne et ses \u00c9tats membres, d'autres part, sign\u00e9 \u00e0 Cotonou le 23 juin 2000, stipule que \u00ab 1. [",
        "] Les parties r\u00e9affirment leurs obligations et leurs engagements existant en droit international pour assurer le respect des droits de l'homme et l'\u00e9limination de toutes les formes de discrimination fond\u00e9es notamment sur l'origine, le sexe, la race, la langue et la religion. / 2. Les parties sont d'accord pour consid\u00e9rer qu'un partenariat implique, \u00e0 l'\u00e9gard des migrations, un traitement \u00e9quitable des ressortissants des pays tiers r\u00e9sidant l\u00e9galement sur leurs territoires, une politique d'int\u00e9gration ayant pour ambition de leur offrir des droits et obligations comparables \u00e0 ceux de leurs citoyens, \u00e0 favoriser la non-discrimination dans la vie \u00e9conomique, sociale et culturelle et \u00e0 mettre en place des mesures de lutte contre le racisme et la x\u00e9nophobie. / 3. Chaque \u00c9tat membre accorde aux travailleurs ressortissant d'un pays ACP exer\u00e7ant l\u00e9galement une activit\u00e9 sur son territoire, un traitement caract\u00e9ris\u00e9 par l'absence de toute discrimination fond\u00e9e sur la nationalit\u00e9 par rapport \u00e0 ses propres ressortissants, en ce qui concerne les conditions de travail, de r\u00e9mun\u00e9ration et de licenciement \u00bb ; que, pour d\u00e9bouter l'assur\u00e9 social de ses demandes de prestations familiales au titre de ses enfants et de sa demande de prime \u00e0 la naissance concernant l'un deux, la cour d'appel a retenu que l'assur\u00e9 social ne justifiait pas de la r\u00e9gularit\u00e9 de l'entr\u00e9e et du s\u00e9jour des enfants, par la production des documents mentionn\u00e9s aux articles L. 512-2, D. 512-1 et D. 512-2 du code de la s\u00e9curit\u00e9 sociale ; qu'en statuant ainsi, quand l'application des articles L. 512-2, D. 512-1 et D. 512-2 du code de la s\u00e9curit\u00e9 sociale entra\u00eenait une discrimination fond\u00e9e sur la nationalit\u00e9 prohib\u00e9e par l'article 13 de l'accord du 23 juin 2000 et devait donc \u00eatre \u00e9cart\u00e9e, la cour d'appel a viol\u00e9 l'article 55 de la Constitution du 4 octobre 1958 et l'article 13 de l'accord de partenariat entre les membres du groupe des \u00c9tats d'Afrique, des Cara\u00efbes et du Pacifique, d'une part, et la Communaut\u00e9 europ\u00e9enne et ses \u00c9tats membres, d'autre part, sign\u00e9 \u00e0 Cotonou le 23 juin 2000 ;",
        "2\u00b0) ALORS, subsidiairement, QUE les trait\u00e9s ou accords r\u00e9guli\u00e8rement ratifi\u00e9s ou approuv\u00e9s ont, d\u00e8s leur publication, une autorit\u00e9 sup\u00e9rieure \u00e0 celle des lois, sous r\u00e9serve, pour chaque accord ou trait\u00e9, de son application par l'autre partie ; que selon l'article 1.2 de la Convention g\u00e9n\u00e9rale du 6 novembre 1979 de s\u00e9curit\u00e9 sociale entre le Gouvernement de la R\u00e9publique fran\u00e7aise et le Gouvernement de la R\u00e9publique populaire du B\u00e9nin, \u00ab les ressortissants b\u00e9ninois exer\u00e7ant en France une activit\u00e9 salari\u00e9e ou assimil\u00e9e sont soumis aux l\u00e9gislations de s\u00e9curit\u00e9 sociale \u00e9num\u00e9r\u00e9es \u00e0 l'article 2, applicables en France, et en b\u00e9n\u00e9ficient, ainsi que leurs ayants droit r\u00e9sidant en France, dans les m\u00eames conditions que les ressortissants fran\u00e7ais \u00bb ; que, selon l'article 2 de cette convention, \u00ab les l\u00e9gislations auxquelles s'applique la pr\u00e9sente Convention sont, en France a - la l\u00e9gislation fixant l'organisation de la s\u00e9curit\u00e9 sociale, b - les l\u00e9gislations des assurances sociales applicables aux salari\u00e9s des professions non agricoles",
        "d - la l\u00e9gislation relative aux prestations familiales \u00bb ; que, pour d\u00e9bouter l'assur\u00e9 social de ses demandes de prestations familiales au titre de ses enfants et de sa demande de prime \u00e0 la naissance concernant l'un deux, la cour d'appel a retenu que l'assur\u00e9 social ne justifiait pas de la r\u00e9gularit\u00e9 de l'entr\u00e9e et du s\u00e9jour des enfants, par la production des documents mentionn\u00e9s aux articles L. 512-2, D. 512-1 et D. 512-2 du code de la s\u00e9curit\u00e9 sociale ; qu'en statuant ainsi, quand l'application des articles L. 512-2, D. 512-1 et D. 512-2 du code de la s\u00e9curit\u00e9 sociale entra\u00eenait une discrimination fond\u00e9e sur la nationalit\u00e9 prohib\u00e9e par les articles 1.2 et 2 de la convention du 6 novembre 1979 et devait donc \u00eatre \u00e9cart\u00e9e, la cour d'appel a viol\u00e9 l'article 55 de la Constitution du 4 octobre 1958, les articles 1.2 et 2 de la convention du 6 novembre 1979, ensemble le d\u00e9cret n\u00b0 81-832 du 4 septembre 1981 portant publication de cette convention ;",
        "3\u00b0) ALORS QUE selon l'article 8 de la convention du 21 d\u00e9cembre 1992 relative \u00e0 la circulation et au s\u00e9jour des personnes entre la R\u00e9publique fran\u00e7aise et la R\u00e9publique du B\u00e9nin, \u00ab les membres de la famille d'un ressortissant de l'un des \u00c9tats contractants peuvent \u00eatre autoris\u00e9s \u00e0 rejoindre le conjoint r\u00e9guli\u00e8rement \u00e9tabli sur le territoire de l'autre Etat dans le cadre de la l\u00e9gislation en vigueur dans l'Etat d'accueil en mati\u00e8re de regroupement familial - ils re\u00e7oivent un titre de s\u00e9jour de m\u00eame nature que celui du conjoint qu'ils rejoignent dans le cadre de la l\u00e9gislation de l'Etat d'accueil \u00bb ; que le droit de la s\u00e9curit\u00e9 sociale ne rel\u00e8ve donc pas du champ d'application mat\u00e9riel de l'article 8 de cette convention ; qu'en invoquant pourtant ce texte pour en d\u00e9duire que les articles L. 512-2, D. 512-1 et D. 512-2 du code de la s\u00e9curit\u00e9 sociale r\u00e9gissaient valablement les demandes de M. G... tendant au rattachement de son \u00e9pouse sur son num\u00e9ro de s\u00e9curit\u00e9 sociale \u00e0 compter du 6 juin 2013 et \u00e0 la prise en charge des frais de maternit\u00e9 expos\u00e9s par elle du 6 au 11 juin 2013, la cour d'appel a viol\u00e9 l'article 8 de la convention du 21 d\u00e9cembre 1992 relative \u00e0 la circulation et au s\u00e9jour des personnes entre la R\u00e9publique fran\u00e7aise et la R\u00e9publique du B\u00e9nin ;",
        "4\u00b0) ALORS, en tout \u00e9tat de cause, QUE le juge est tenu de r\u00e9pondre aux moyens des \u00e9critures dont il est saisi ; que, dans ses \u00e9critures, l'assur\u00e9 social se pr\u00e9valait express\u00e9ment de la Convention g\u00e9n\u00e9rale du 6 novembre 1979 de s\u00e9curit\u00e9 sociale entre le Gouvernement de la R\u00e9publique fran\u00e7aise et le Gouvernement de la R\u00e9publique populaire du B\u00e9nin (conclusions, p. 5 s.) ; qu'en s'abstenant de r\u00e9pondre \u00e0 ce moyen, la cour d'appel a viol\u00e9 l'article 455 du code de proc\u00e9dure civile."
    ]
}