{
    "decision-0": [
        "CIV. 1",
        "LG",
        "COUR DE CASSATION",
        "______________________",
        "Audience publique du 20 novembre 2019",
        "Rejet",
        "Mme BATUT, pr\u00e9sident",
        "Arr\u00eat n\u00b0 978 F-D",
        "Pourvoi n\u00b0 H 18-13.487",
        "Aide juridictionnelle totale en demande",
        "au profit de M. X....",
        "Admission du bureau d'aide juridictionnelle",
        "pr\u00e8s la Cour de cassation",
        "en date du 25 septembre 2018.",
        "R \u00c9 P U B L I Q U E F R A N \u00c7 A I S E",
        "_________________________",
        "AU NOM DU PEUPLE FRAN\u00c7AIS",
        "_________________________",
        "LA COUR DE CASSATION, PREMI\u00c8RE CHAMBRE CIVILE, a rendu l'arr\u00eat suivant :",
        "Statuant sur le pourvoi form\u00e9 par M. C... X..., domicili\u00e9 chez Mme T... A..., cabinet SCM avocat, [...] ,",
        "contre l'ordonnance rendue le 5 mars 2018 par le premier pr\u00e9sident de la cour d'appel de Douai (chambre des libert\u00e9s individuelles), dans le litige l'opposant au pr\u00e9fet du Nord, domicili\u00e9 en cette qualit\u00e9, [...],",
        "d\u00e9fendeur \u00e0 la cassation ;",
        "Le demandeur invoque, \u00e0 l'appui de son pourvoi, le moyen unique de cassation annex\u00e9 au pr\u00e9sent arr\u00eat ;",
        "Vu la communication faite au procureur g\u00e9n\u00e9ral ;",
        "LA COUR, en l'audience publique du 15 octobre 2019, o\u00f9 \u00e9taient pr\u00e9sentes : Mme Batut, pr\u00e9sident, Mme Feydeau-Thieffry, conseiller r\u00e9f\u00e9rendaire rapporteur, Mme Auroy, conseiller doyen, Mme Berthomier, greffier de chambre ;",
        "Sur le rapport de Mme Feydeau-Thieffry, conseiller r\u00e9f\u00e9rendaire, les observations de la SCP Sevaux et Mathonnet, avocat de M. X..., de la SCP Garreau, Bauer-Violas et Feschotte-Desbois, avocat du pr\u00e9fet du Nord, et apr\u00e8s en avoir d\u00e9lib\u00e9r\u00e9 conform\u00e9ment \u00e0 la loi ;"
    ],
    "decision-1": [
        "Sur le moyen unique :"
    ],
    "decision-2": [
        "Attendu, selon l'ordonnance attaqu\u00e9e, rendue par le premier pr\u00e9sident d'une cour d'appel (Douai, 5 mars 2018), et les pi\u00e8ces de la proc\u00e9dure, que, le 30 novembre 2017, le pr\u00e9fet a pris \u00e0 l'encontre de M. X..., de nationalit\u00e9 irakienne, deux arr\u00eat\u00e9s, l'un ordonnant son expulsion, l'autre fixant l'Irak comme pays de destination, dont l'int\u00e9ress\u00e9 a sollicit\u00e9 l'annulation devant le tribunal administratif ; que, le 22 f\u00e9vrier 2018, M. X... a \u00e9t\u00e9 plac\u00e9 en r\u00e9tention administrative ; que, par une ordonnance du 24 f\u00e9vrier, confirm\u00e9e en appel, le juge des libert\u00e9s et de la d\u00e9tention a autoris\u00e9 la prolongation de cette mesure pour une dur\u00e9e de vingt-huit jours ; que, par une ordonnance du 2 mars, le juge des r\u00e9f\u00e9r\u00e9s du tribunal administratif a ordonn\u00e9, sur le fondement de l'article L. 521-2 du code de justice administrative, la suspension de l'ex\u00e9cution de l'arr\u00eat\u00e9 fixant le pays de destination jusqu'\u00e0 ce qu'il soit statu\u00e9 au fond sur la requ\u00eate en annulation ; que M. X... a form\u00e9 une demande de mise en libert\u00e9 devant le juge des libert\u00e9s et de la d\u00e9tention ;"
    ],
    "decision-3": [
        "Attendu que M. X... fait grief \u00e0 l'ordonnance de rejeter sa demande alors, selon le moyen, qu'un \u00e9tranger ne peut \u00eatre plac\u00e9 ou maintenu en r\u00e9tention que le temps strictement n\u00e9cessaire \u00e0 son d\u00e9part et il doit \u00eatre mis fin \u00e0 cette mesure lorsqu'il n'appara\u00eet plus de perspective raisonnable d'\u00e9loignement ; qu'en se bornant \u00e0 constater que l'administration r\u00e9alisait les diligences n\u00e9cessaires \u00e0 son \u00e9loignement en organisant un vol \u00e0 destination de l'Irak le 13 mars 2018 sans se prononcer sur la perspective raisonnable qu'une d\u00e9cision du juge administratif sur le recours en annulation, seule susceptible de mettre fin \u00e0 l'obstacle \u00e0 la mesure d'\u00e9loignement que constituait la suspension de l'ex\u00e9cution de l'arr\u00eat\u00e9 fixant l'Irak comme pays de destination, puisse \u00eatre rendue et mise \u00e0 ex\u00e9cution avant la fin de la mesure de r\u00e9tention, le premier pr\u00e9sident de la cour d'appel a m\u00e9connu l'article L. 554-1 du code de l'entr\u00e9e et du s\u00e9jour des \u00e9trangers et du droit d'asile tel qu'interpr\u00e9t\u00e9 \u00e0 la lumi\u00e8re de l'article 15, \u00a7 4, de la directive n\u00b0 2008-115/CE du 15 d\u00e9cembre 2008 ;"
    ],
    "decision-4": [
        "Mais attendu que dans ses conclusions d'appel, M. X..., \u00e0 qui il appartenait de rapporter la preuve d'une impossibilit\u00e9 pour le tribunal administratif de statuer dans les d\u00e9lais de la r\u00e9tention administrative, s'est born\u00e9 \u00e0 faire \u00e9tat de ce que la date \u00e0 laquelle cette juridiction \u00e9tait en mesure de rendre sa d\u00e9cision n'\u00e9tait pas connue ; que le premier pr\u00e9sident, qui n'avait pas \u00e0 r\u00e9pondre \u00e0 une simple all\u00e9gation, non assortie d'offres de preuve, a pu rejeter la demande de mise en libert\u00e9 au regard des diligences accomplies par l'administration ; que le moyen n'est pas fond\u00e9 ;"
    ],
    "decision-5": [
        "PAR CES MOTIFS :",
        "REJETTE le pourvoi ;",
        "Vu l'article 700 du code de proc\u00e9dure civile, rejette la demande ;",
        "Ainsi fait et jug\u00e9 par la Cour de cassation, premi\u00e8re chambre civile, et prononc\u00e9 par le pr\u00e9sident en son audience publique du vingt novembre deux mille dix-neuf."
    ],
    "decision-6": [
        "MOYEN ANNEXE au pr\u00e9sent arr\u00eat",
        "Moyen produit par la SCP Sevaux et Mathonnet, avocat aux Conseils, pour M. X...",
        "Il est fait grief \u00e0 l'ordonnance attaqu\u00e9e d'avoir rejet\u00e9 la demande de mise en libert\u00e9 form\u00e9e par monsieur X... ;",
        "Aux motifs que le conseil de monsieur C... X... mentionne que son client a fait l'objet d'un refus de sa demande d'asile ; qu'il a fait l'objet d'un arr\u00eat\u00e9 d'expulsion et d'un arr\u00eat\u00e9 fixant le pays de destination (l'Irak) ; mais l'ordonnance en r\u00e9f\u00e9r\u00e9 du 2 mars 2018 du tribunal de grande instance ordonne la suspension de la mesure de fixation du pays de destination, car l'Irak est un pays dangereux, ce dont la pr\u00e9fecture n'a pas tir\u00e9 cons\u00e9quence, de m\u00eame qu'elle ne rapporte pas la preuve qu'elle peut statuer rapidement pour \u00e9loigner C... X... ; que le conseil du pr\u00e9fet du Nord rappelle que C... X... a \u00e9t\u00e9 condamn\u00e9 pour des faits d'agressions sexuelles de viols ; qu'il n'est pas en relation avec sa fille mineure ; que le tribunal administratif saisi en r\u00e9f\u00e9r\u00e9 a ordonn\u00e9 que l'expulsion de C... X... soit suspendue le temps que le tribunal administratif statuant au fond sur la r\u00e9gularit\u00e9 des mesures ; s'agissant des diligences pour le pays de destination, un vol pour l'Irak est pr\u00e9vu le 13 mars 2018 ; que la mesure d'\u00e9loignement dont C... X... fait l'objet vise aussi \u00e0 mettre fin \u00e0 l'atteinte \u00e0 l'ordre public ; que le juge administratif peut statuer rapidement sur le fond et le 27 f\u00e9vrier 2018, le tribunal administratif a mis le pr\u00e9fet en demeure d'agir au fond ; qu'il demande en cons\u00e9quence le rejet de la demande de mise en libert\u00e9 ; que la Cour rel\u00e8ve qu'il ressort du dossier qu'C... X... de nationalit\u00e9 irakienne a \u00e9t\u00e9 remis en libert\u00e9 du centre de d\u00e9tention de Maubeuge le 28 novembre 2017 apr\u00e8s avoir purg\u00e9 deux peines : une de six ans d'emprisonnement pour viol (condamnation du 27 novembre 2015 par la cour d'appel de Saint Omer) et une de un an d'emprisonnement pour agression sexuelle (condamnation le 18 mai 2011 par la cour d'appel de Douai) ; qu'il ressort \u00e9galement du dossier qu'C... X... est arriv\u00e9 sur le territoire fran\u00e7ais en \u00e9tant d\u00e9muni de tout document lui permettant de s\u00e9journer en France, et qu'il a refus\u00e9 d'embarquer alors que le vol pr\u00e9vu et effectif d\u00e9montre les diligences de l'administration ce qui invalide le moyen soulev\u00e9 par le conseil de C... X... relatif aux perspectives d'\u00e9loignement ; que les diligences ont d'ailleurs \u00e9t\u00e9 imm\u00e9diatement entreprises aupr\u00e8s des autorit\u00e9s irakiennes, pays notifi\u00e9 \u00e0 C... X..., les autorit\u00e9s irakiennes ayant reconnu que C... X... avait la nationalit\u00e9 irakienne ce qui a justifi\u00e9 la d\u00e9livrance d'un laisser-passer consulaire ; qu'ainsi, compte tenu de son refus d'embarquer le 23 f\u00e9vrier 2018, C... X... ne peut faire valoir l'absence de diligences de l'administration ; qu'il en r\u00e9sulte aussi qu'il n'est pas \u00e9ligible \u00e0 \u00eatre assign\u00e9 \u00e0 r\u00e9sidence, ayant d\u00e9montr\u00e9 sa volont\u00e9 de ne pas se soumettre \u00e0 l'arr\u00eat\u00e9 d'expulsion ; qu'il en r\u00e9sulte, sans qu'il soit n\u00e9cessaire d'examiner les autres moyens soulev\u00e9s, que l'ordonnance entreprise sera confirm\u00e9e ;",
        "Et aux motifs suppos\u00e9s adopt\u00e9s que le requ\u00e9rant a r\u00e9guli\u00e8rement form\u00e9 une demande de mise en libert\u00e9 le vendredi 02 mars 2018 et cette demande est parfaitement recevable en la forme en raison de la survenance d'un \u00e9l\u00e9ment nouveau en l'occurrence la d\u00e9cision du juge des r\u00e9f\u00e8res du tribunal administratif de Lille qui a suspendu l'ex\u00e9cution d'un arr\u00eat\u00e9 d'expulsion vers l'Irak, d\u00e9cision administrative prise par le pr\u00e9fet du Pas de Calais ; qu'\u00e0 ce jour , il n'a pas \u00e9t\u00e9 fait \u00e9tat d'une voie de recours exerc\u00e9e par l'autorit\u00e9 administrative \u00e0 l'encontre de cette d\u00e9cision ; que de la m\u00eame fa\u00e7on, le juge des libert\u00e9s et de la d\u00e9tention n'a pas connaissance de la date d'audience du tribunal administratif qui aura \u00e0 se prononcer sur le fond du dossier ; qu'C... X... est un ressortissant irakien qui explique appartenir \u00e0 la communaut\u00e9 kurde et qui dit craindre pour sa vie dans l'hypoth\u00e8se d'un retour \u00e0 Bagdad ; qu'en toute hypoth\u00e8se, seul le juge administratif d\u00e9cidera de la destination finale du recours du requ\u00e9rant ; que ce dernier a \u00e9t\u00e9 \u00e9largi du centre de d\u00e9tention de Maubeuge le 28/11/2017 apr\u00e8s avoir purg\u00e9 deux peines dont une de six ann\u00e9es d'emprisonnement du chef de viol ; qu'apr\u00e8s une premi\u00e8re mesure de r\u00e9tention, il \u00e9tait remis en libert\u00e9 le 01 d\u00e9cembre 2017 par la cour d'appel de Douai ; qu'il a ensuite \u00e9t\u00e9 assign\u00e9 \u00e0 r\u00e9sidence le 25/01/2018 puis plac\u00e9 en r\u00e9tention administrative le 22/02/2018 dans l'attente de son expulsion vers l'Irak ; que le 24 f\u00e9vrier dernier , le juge des libert\u00e9s et de la d\u00e9tention a ordonn\u00e9 la prolongation de la mesure et cette d\u00e9cision a \u00e9t\u00e9 confirm\u00e9e le mardi 27 f\u00e9vrier par la cour d'appel de Douai ; qu'en r\u00e9sum\u00e9 et \u00e0 ce jour, le juge des libert\u00e9s et de la d\u00e9tention est dans l'ignorance la plus compl\u00e8te de la d\u00e9cision qui sera prise \u00e0 \u00e9ch\u00e9ance plus ou moins br\u00e8ve ; que parmi les pi\u00e8ces vers\u00e9es au d\u00e9bat par son conseil figure une attestation de M. F... V... domicili\u00e9 \u00e0 [...] qui accepte d'h\u00e9berger le requ\u00e9rant ; que force est de constater que cette attestation est en date du 30/11/2017 ; qu'aucune autre attestation d'h\u00e9bergement r\u00e9cente a \u00e9t\u00e9 vers\u00e9e aux d\u00e9bats ; que dans ces conditions et nonobstant la d\u00e9cision du juge administratif \u00e0 venir, il ne peut, en l'\u00e9tat, \u00eatre fait droit \u00e0 la demande ; le requ\u00e9rant n'ayant ni domicile , ni \u00ab point de chute \u00bb ;",
        "Alors qu'un \u00e9tranger ne peut \u00eatre plac\u00e9 ou maintenu en r\u00e9tention que le temps strictement n\u00e9cessaire \u00e0 son d\u00e9part et il doit \u00eatre mis \u00e0 fin \u00e0 cette mesure lorsqu'il n'appara\u00eet plus de perspective raisonnable d'\u00e9loignement ; qu'en se bornant \u00e0 constater que l'administration r\u00e9alisait les diligences n\u00e9cessaires \u00e0 son \u00e9loignement en organisant un vol \u00e0 destination de l'Irak le 13 mars 2018 sans se prononcer sur la perspective raisonnable qu'une d\u00e9cision du juge administratif sur le recours en annulation, seule susceptible de mettre fin \u00e0 l'obstacle \u00e0 la mesure d'\u00e9loignement que constituait la suspension de l'ex\u00e9cution de l'arr\u00eat\u00e9 fixant l'Irak comme pays de destination, puisse \u00eatre rendue et mise \u00e0 ex\u00e9cution avant la fin de la mesure de r\u00e9tention, le premier pr\u00e9sident de la cour d'appel a m\u00e9connu l'article L. 554-1 du code de l'entr\u00e9e et du s\u00e9jour des \u00e9trangers et du droit d'asile tel qu'interpr\u00e9t\u00e9 \u00e0 la lumi\u00e8re de l'article 15, \u00a7 4 de la directive n\u00b0 2008-115/CE du 15 d\u00e9cembre 2008."
    ]
}