{
    "decision-0": [
        "CIV. 1",
        "IK",
        "COUR DE CASSATION",
        "______________________",
        "Audience publique du 10 janvier 2018",
        "Cassation partielle sans renvoi",
        "Mme BATUT, pr\u00e9sident",
        "Arr\u00eat n\u00b0 25 F-D",
        "Pourvoi n\u00b0 S 16-29.105",
        "_______________________",
        "Aide juridictionnelle totale en demande",
        "au profit de M. X....",
        "Admission du bureau d'aide juridictionnelle",
        "pr\u00e8s la Cour de cassation",
        "en date du 8 novembre 2016.",
        "R \u00c9 P U B L I Q U E F R A N \u00c7 A I S E",
        "_________________________",
        "AU NOM DU PEUPLE FRAN\u00c7AIS",
        "_________________________",
        "LA COUR DE CASSATION, PREMI\u00c8RE CHAMBRE CIVILE, a rendu l'arr\u00eat suivant :",
        "Statuant sur le pourvoi form\u00e9 par M. Z... X... , domicili\u00e9 chez Mme A... [...] \u00a0 \u00a0\u00a0\u00a0\u00a0\u00a0\u00a0\u00a0\u00a0\u00a0\u00a0 \u00a0\u00a0\u00a0\u00a0\u00a0 \u00a0\u00a0\u00a0\u00a0\u00a0\u00a0\u00a0\u00a0,",
        "contre l'ordonnance rendue le 18 d\u00e9cembre 2015 par le premier pr\u00e9sident de la cour d'appel de Bordeaux, dans le litige l'opposant au pr\u00e9fet de la Vienne, domicili\u00e9 [...] \u00a0\u00a0\u00a0\u00a0\u00a0\u00a0\u00a0\u00a0 \u00a0\u00a0 \u00a0\u00a0 \u00a0\u00a0\u00a0\u00a0\u00a0\u00a0\u00a0 \u00a0 \u00a0\u00a0\u00a0\u00a0\u00a0 \u00a0\u00a0\u00a0\u00a0\u00a0\u00a0\u00a0\u00a0 \u00a0\u00a0\u00a0\u00a0\u00a0\u00a0\u00a0 \u00a0\u00a0\u00a0\u00a0\u00a0 \u00a0\u00a0\u00a0\u00a0\u00a0\u00a0\u00a0\u00a0,",
        "d\u00e9fendeur \u00e0 la cassation ;",
        "Le demandeur invoque, \u00e0 l'appui de son pourvoi, les deux moyens de cassation annex\u00e9s au pr\u00e9sent arr\u00eat ;",
        "Vu la communication faite au procureur g\u00e9n\u00e9ral ;",
        "LA COUR, en l'audience publique du 28 novembre 2017, o\u00f9 \u00e9taient pr\u00e9sents : Mme Batut, pr\u00e9sident, M. Y..., conseiller r\u00e9f\u00e9rendaire rapporteur, Mme Wallon, conseiller doyen, Mme Pecquenard, greffier de chambre ;",
        "Sur le rapport de M. Y..., conseiller r\u00e9f\u00e9rendaire, les observations de la SCP Waquet, Farge et Hazan, avocat de M. X..., de la SCP Delamarre et J\u00e9hannin, avocat du pr\u00e9fet de la Vienne, et apr\u00e8s en avoir d\u00e9lib\u00e9r\u00e9 conform\u00e9ment \u00e0 la loi ;"
    ],
    "decision-1": [
        "Attendu, selon l'ordonnance attaqu\u00e9e, rendue par le premier pr\u00e9sident d'une cour d'appel et les pi\u00e8ces de la proc\u00e9dure, que M. X..., de nationalit\u00e9 g\u00e9orgienne, qui faisait l'objet d'une obligation de quitter le territoire fran\u00e7ais en ex\u00e9cution d'un arr\u00eat\u00e9 notifi\u00e9 le 14 octobre 2015, a \u00e9t\u00e9 interpell\u00e9 par les services de police le 10 d\u00e9cembre suivant lors d'un contr\u00f4le routier et plac\u00e9 en r\u00e9tention administrative le m\u00eame jour ;"
    ],
    "decision-2": [
        "Sur le premier moyen, ci-apr\u00e8s annex\u00e9 :",
        "Attendu que M. X... fait grief \u00e0 l'arr\u00eat de prolonger sa r\u00e9tention administrative pour une dur\u00e9e maximale de vingt jours ;"
    ],
    "decision-3": [
        "Attendu que l'ordonnance \u00e9nonce qu'aucune mesure d'enqu\u00eate ou de v\u00e9rification n'\u00e9tait n\u00e9cessaire, l'int\u00e9ress\u00e9, qui avait re\u00e7u notification d'une obligation de quitter le territoire fran\u00e7ais, \u00e9tant connu des services de police pour un vol \u00e0 l'\u00e9talage, de sorte que l'irr\u00e9gularit\u00e9 de sa situation est apparue d\u00e8s le contr\u00f4le, et qu'aucune privation de libert\u00e9 n'est intervenue avant le placement en r\u00e9tention, d\u00e8s lors qu'il a \u00e9t\u00e9 invit\u00e9 \u00e0 suivre les policiers pour recevoir la notification de ses droits, intervenue moins de deux heures apr\u00e8s le contr\u00f4le initial ; que le premier pr\u00e9sident n'a pu qu'en d\u00e9duire que la proc\u00e9dure, qui ne relevait pas des dispositions de l'article L. 611-1-1 du code de l'entr\u00e9e et du s\u00e9jour des \u00e9trangers et du droit d'asile, \u00e9tait r\u00e9guli\u00e8re ; que le moyen ne peut \u00eatre accueilli ;"
    ],
    "decision-4": [
        "Mais sur le second moyen :"
    ],
    "decision-5": [
        "Vu l'article L. 554-1 du code de l'entr\u00e9e et du s\u00e9jour des \u00e9trangers et du droit d'asile ;",
        "Attendu qu'il r\u00e9sulte de ce texte qu'un \u00e9tranger ne peut \u00eatre plac\u00e9 ou maintenu en r\u00e9tention que pour le temps strictement n\u00e9cessaire \u00e0 son d\u00e9part, l'administration \u00e9tant tenue d'exercer toutes diligences \u00e0 cet effet d\u00e8s le placement en r\u00e9tention ;",
        "Attendu que, pour prolonger la r\u00e9tention administrative de M. X..., l'ordonnance retient que le pr\u00e9fet a saisi officiellement les autorit\u00e9s consulaires de G\u00e9orgie le lundi 14 d\u00e9cembre 2015 et que, compte tenu du samedi et du dimanche, jours non ouvr\u00e9s, il n'a pas fait preuve de n\u00e9gligence susceptible d'\u00eatre sanctionn\u00e9e ;",
        "Qu'en statuant ainsi, alors qu'il r\u00e9sultait de ses propres constatations que la saisine des autorit\u00e9s consulaires \u00e9tait intervenue quatre jours apr\u00e8s le placement en r\u00e9tention, le premier pr\u00e9sident a viol\u00e9 le texte susvis\u00e9 ;",
        "Et vu les articles L. 411-3 du code de l'organisation judiciaire et 1015 du code de proc\u00e9dure civile ;"
    ],
    "decision-6": [
        "PAR CES MOTIFS :",
        "CASSE ET ANNULE, sauf en ce qu'elle d\u00e9clare l'appel recevable, l'ordonnance rendue le 18 d\u00e9cembre 2015, entre les parties, par le premier pr\u00e9sident de la cour d'appel de Bordeaux ;",
        "Dit n'y avoir lieu \u00e0 renvoi ;",
        "Dit que sur les diligences du procureur g\u00e9n\u00e9ral pr\u00e8s la Cour de cassation, le pr\u00e9sent arr\u00eat sera transmis pour \u00eatre transcrit en marge ou \u00e0 la suite de l'ordonnance partiellement cass\u00e9e ;",
        "Ainsi fait et jug\u00e9 par la Cour de cassation, premi\u00e8re chambre civile, et prononc\u00e9 par le pr\u00e9sident en son audience publique du dix janvier deux mille dix-huit."
    ],
    "decision-7": [
        "MOYENS ANNEXES au pr\u00e9sent arr\u00eat",
        "Moyens produits par la SCP Waquet, Farge et Hazan, avocat aux Conseils, pour M. X...",
        "PREMIER MOYEN DE CASSATION",
        "IL EST FAIT GRIEF \u00e0 l'ordonnance attaqu\u00e9e D'AVOIR REJETE les moyens de nullit\u00e9 et, en cons\u00e9quence, CONFIRME l'ordonnance de prolongation de la r\u00e9tention pour une dur\u00e9e de 20 jours,",
        "AUX MOTIFS PROPRES QUE \u00ab Sur l'incertitude juridique sur la retenue entre son interpellation et sa conduite au centre de r\u00e9tention administrative",
        "Il est constant que l'int\u00e9ress\u00e9 a \u00e9t\u00e9 interpell\u00e9 le 10 d\u00e9cembre 2015 \u00e0 16h35, s'est vu notifier son placement en r\u00e9tention administrative au service de police \u00e0 17H40, c'est \u00e0 dire dans un d\u00e9lai tr\u00e8s court suivant l'avis confirmatif de la pr\u00e9fecture de l'existence d'une obligation de quitter le territoire fran\u00e7ais re\u00e7u \u00e0 17 heures, de sorte qu'il ne peut \u00eatre valablement all\u00e9gu\u00e9 l'existence d'un vide juridique, un laps de temps aussi bref ne n\u00e9cessitant pas la mise en oeuvre d'une proc\u00e9dure interm\u00e9diaire de retenue. Le moyen est rejet\u00e9 \u00bb ;",
        "ET AUX MOTIFS \u00c9VENTUELLEMENT ADOPT\u00c9S QU'\u00ab il est constant que l'int\u00e9ress\u00e9 a \u00e9t\u00e9 interpell\u00e9 le 10 d\u00e9cembre 2015 \u00e0 16h35, s'est vu notifier son placement en r\u00e9tention administrative \u00e0 18h00, puis a \u00e9t\u00e9 conduit au centre de r\u00e9tention administrative de [...] avec une arriv\u00e9e \u00e0 20h30, ce qui constitue pour chaque \u00e9tape des d\u00e9lais raisonnables et parfaitement scand\u00e9s \u00bb ;",
        "ALORS QUE l'article L 611-1-1 du code de l'entr\u00e9e et du s\u00e9jour des \u00e9trangers et du droit d'asile exige, lorsqu'une personne est conduite dans un local de police ou de gendarmerie parce que des v\u00e9rifications de son droit de circulation et de s\u00e9jour sont n\u00e9cessaires, qu'elle soit plac\u00e9e en retenue, qu'elle re\u00e7oive notification aussit\u00f4t d'un certain nombre de droits et que le procureur de la R\u00e9publique soit inform\u00e9 d\u00e8s le d\u00e9but de la mesure ; que ce n'est que dans la mesure o\u00f9 aucune v\u00e9rification n'est n\u00e9cessaire que les services de police ne sont pas tenus de la placer en retenue ; qu'en l'esp\u00e8ce, il est \u00e9tabli que des v\u00e9rifications se sont r\u00e9v\u00e9l\u00e9es n\u00e9cessaires puisque les services de police ont obtenu \u00e0 17 h un \u00ab avis confirmatif de la pr\u00e9fecture de l'existence d'une obligation de quitter le territoire fran\u00e7ais \u00bb ; que M. X... n'ayant pas \u00e9t\u00e9 plac\u00e9 en retenue, l'article L 611-1-1 du code de l'entr\u00e9e et du s\u00e9jour des \u00e9trangers et du droit d'asile a \u00e9t\u00e9 m\u00e9connu, ensemble l'article L 552-1 du m\u00eame code.",
        "SECOND MOYEN DE CASSATION",
        "IL EST FAIT GRIEF \u00e0 l'ordonnance attaqu\u00e9e D'AVOIR REJETE les moyens de nullit\u00e9 et, en cons\u00e9quence, CONFIRME l'ordonnance de prolongation de la r\u00e9tention pour une dur\u00e9e de 20 jours,",
        "AUX MOTIFS PROPRES QUE \u00ab Sur le caract\u00e8re tardif des diligences de l'administration L'article L 554-1 du CESEDA dispose qu'un \u00e9tranger ne peut \u00eatre plac\u00e9 ou maintenu en r\u00e9tention que pour le temps strictement n\u00e9cessaire \u00e0 son d\u00e9part. L'administration doit exercer toute diligence \u00e0 cet effet.",
        "Ce texte ne pr\u00e9voit pas de d\u00e9lai pr\u00e9fix pour contraindre la pr\u00e9fecture \u00e0 effectuer de telles d\u00e9marches ; tout au plus l'article L 554-1 du CESEDA \u00e9voque en effet un temps strictement n\u00e9cessaire \u00e0 son d\u00e9part qu'il convient alors d'appr\u00e9cier au cas par cas.",
        "Les autorit\u00e9s consulaires de G\u00e9orgie ont \u00e9t\u00e9 officiellement saisies le 14 d\u00e9cembre 2015 pour une interpellation le 10 d\u00e9cembre 2015 et une notification du placement en r\u00e9tention \u00e0 17H40 pour une arriv\u00e9e au centre de r\u00e9tention administrative vers 20H.",
        "Compte tenu du week-end inclus dans la p\u00e9riode, il peut \u00eatre constat\u00e9 que l'autorit\u00e9 pr\u00e9fectorale n'a pas fait preuve de n\u00e9gligence susceptible d'\u00eatre sanctionn\u00e9e. Le moyen doit \u00eatre rejet\u00e9 \u00bb ;",
        "ET, \u00c0 LES SUPPOSER ADOPT\u00c9S, AUX MOTIFS QUE \u00ab (",
        ") compte tenu du contexte particulier qui mobilise aujourd'hui de nombreux agents dans le cadre de l'\u00e9tat d'urgence et de ses cons\u00e9quences pratiques, ces diligences ne peuvent \u00eatre tardives \u00bb ;",
        "ALORS QU'il r\u00e9sulte de l'article L 554-1 du code de l'entr\u00e9e et du s\u00e9jour des \u00e9trangers et du droit d'asile qu'un \u00e9tranger ne peut \u00eatre plac\u00e9 ou maintenu en r\u00e9tention que pour le temps strictement n\u00e9cessaire \u00e0 son d\u00e9part, l'administration \u00e9tant tenue d'exercer toutes diligences \u00e0 cet effet d\u00e8s le placement en r\u00e9tention ; qu'un d\u00e9lai de 4 jours s'\u00e9tant \u00e9coul\u00e9 entre la notification du placement en r\u00e9tention \u00e0 17h40 ou 18 h le jeudi 10 d\u00e9cembre 2015 et la saisine des autorit\u00e9s consulaires de G\u00e9orgie le 14 d\u00e9cembre 2015, le magistrat d\u00e9l\u00e9gu\u00e9, qui n'a pas tir\u00e9 les cons\u00e9quences l\u00e9gales de ses propres constatations, a viol\u00e9 l'article L 554-1 du code de l'entr\u00e9e et du s\u00e9jour des \u00e9trangers et du droit d'asile."
    ]
}