{
    "decision-0": [
        "CIV. 1",
        "CH.B",
        "COUR DE CASSATION",
        "______________________",
        "Audience publique du 7 f\u00e9vrier 2018",
        "Cassation partielle sans renvoi",
        "Mme BATUT, pr\u00e9sident",
        "Arr\u00eat n\u00b0 149 FS-P+B",
        "Pourvoi n\u00b0 K 17-14.866",
        "R \u00c9 P U B L I Q U E F R A N \u00c7 A I S E",
        "_________________________",
        "AU NOM DU PEUPLE FRAN\u00c7AIS",
        "_________________________",
        "LA COUR DE CASSATION, PREMI\u00c8RE CHAMBRE CIVILE, a rendu l'arr\u00eat suivant :",
        "Statuant sur le pourvoi form\u00e9 par M. Mohamed X..., domicili\u00e9 chez Mme Elodie Y...[...],",
        "contre l'ordonnance rendue le 17 janvier 2017 par le premier pr\u00e9sident de la cour d'appel de Rennes, dans le litige l'opposant :",
        "1\u00b0/ au procureur g\u00e9n\u00e9ral pr\u00e8s de la cour d'appel de Rennes, domicili\u00e9 [...],",
        "2\u00b0/ au pr\u00e9fet d'Ille-et-Vilaine, domicili\u00e9 [...],",
        "d\u00e9fendeurs \u00e0 la cassation ;",
        "Le demandeur invoque, \u00e0 l'appui de son pourvoi, le moyen unique de cassation annex\u00e9 au pr\u00e9sent arr\u00eat ;",
        "Vu la communication faite au procureur g\u00e9n\u00e9ral ;",
        "LA COUR, compos\u00e9e conform\u00e9ment \u00e0 l'article R. 431-5 du code de l'organisation judiciaire, en l'audience publique du 9 janvier 2018, o\u00f9 \u00e9taient pr\u00e9sents : Mme Batut, pr\u00e9sident, Mme Z..., conseiller r\u00e9f\u00e9rendaire rapporteur, Mme Wallon, conseiller doyen, M. Reynis, Mme Reygner, M. Vigneau, Mme Bozzi, M. Acquaviva, Mme Auroy, conseillers, M. Roth, Mmes Mouty-Tardieu, Le Cotty, Azar, conseillers r\u00e9f\u00e9rendaires, M. A..., avocat g\u00e9n\u00e9ral, Mme Pecquenard, greffier de chambre ;",
        "Sur le rapport de Mme Z..., conseiller r\u00e9f\u00e9rendaire, les observations de la SCP Spinosi et Sureau, avocat de M. X..., l'avis de M. A..., avocat g\u00e9n\u00e9ral, et apr\u00e8s en avoir d\u00e9lib\u00e9r\u00e9 conform\u00e9ment \u00e0 la loi ;"
    ],
    "decision-1": [
        "Attendu, selon l'ordonnance attaqu\u00e9e, rendue par le premier pr\u00e9sident d'une cour d'appel, et les pi\u00e8ces de la proc\u00e9dure, que M. X..., de nationalit\u00e9 alg\u00e9rienne, a \u00e9t\u00e9 interpell\u00e9 le 11 janvier 2017 \u00e0 l'occasion d'une enqu\u00eate de flagrance pour des faits de vol aggrav\u00e9 et plac\u00e9 en r\u00e9tention administrative le lendemain, en ex\u00e9cution d'une d\u00e9cision du pr\u00e9fet du m\u00eame jour, dans l'attente de la r\u00e9ponse aux demandes de prise en charge par l'Etat responsable de l'examen de sa demande d'asile, adress\u00e9es aux autorit\u00e9s bulgares, su\u00e9doises, danoises et hollandaises ;"
    ],
    "decision-2": [
        "Sur le moyen unique, pris en sa troisi\u00e8me branche, qui est pr\u00e9alable :"
    ],
    "decision-3": [
        "Vu l'article 28 du r\u00e8glement (UE) n\u00b0 604/2013 du Parlement europ\u00e9en et du Conseil du 26 juin 2013 \u00e9tablissant les crit\u00e8res et m\u00e9canismes de d\u00e9termination de l'Etat membre responsable de l'examen d'une demande de protection internationale introduite dans l'un des Etats membres par un ressortissant de pays tiers ou un apatride, dit \u00ab Dublin III \u00bb, et l'article L. 742-2 du code de l'entr\u00e9e et du s\u00e9jour des \u00e9trangers et du droit d'asile ;",
        "Attendu qu'il r\u00e9sulte de ces textes, tels qu'interpr\u00e9t\u00e9s par le Conseil d'Etat dans son avis contentieux n\u00b0 408919 du 19 juillet 2017, que le l\u00e9gislateur n'a pas entendu que l'autorit\u00e9 administrative puisse placer en r\u00e9tention administrative le demandeur d'asile faisant l'objet d'une proc\u00e9dure de transfert avant l'intervention de la d\u00e9cision de transfert ; que, dans ce cas, la loi n'a pr\u00e9vu que la possibilit\u00e9 d'assigner l'int\u00e9ress\u00e9 \u00e0 r\u00e9sidence, un placement en r\u00e9tention n'\u00e9tant susceptible d'\u00eatre prononc\u00e9, sur le fondement de l'article L. 551-1 du code de l'entr\u00e9e et du s\u00e9jour des \u00e9trangers et du droit d'asile, qu'apr\u00e8s la notification de la d\u00e9cision de transfert ;",
        "Attendu que, pour prolonger la mesure, l'ordonnance retient que le placement en r\u00e9tention est r\u00e9gulier, d\u00e8s lors qu'il r\u00e9sulte des dispositions de l'article 28 pr\u00e9cit\u00e9 que le placement en r\u00e9tention administrative d'une personne faisant l'objet d'une requ\u00eate aux fins de reprise en charge en qualit\u00e9 de demandeur d'asile aupr\u00e8s d'un autre Etat membre de l'Union europ\u00e9enne peut intervenir avant m\u00eame la pr\u00e9sentation de cette requ\u00eate et, par voie de cons\u00e9quence, avant l'acceptation implicite ou explicite de la part de l'Etat membre saisi ;",
        "Qu'en statuant ainsi, alors que l'\u00e9tranger ne pouvait \u00eatre plac\u00e9 en r\u00e9tention, avant la d\u00e9cision de transfert, aux fins de mise en oeuvre de la proc\u00e9dure de d\u00e9termination de l'Etat responsable de l'examen de la demande d'asile, le premier pr\u00e9sident a viol\u00e9 les textes susvis\u00e9s ;"
    ],
    "decision-4": [
        "Et sur les deux premi\u00e8res branches du moyen :"
    ],
    "decision-5": [
        "Vu les articles 2 et 28 du r\u00e8glement \u00ab Dublin III \u00bb ;",
        "Attendu, d'une part, qu'il r\u00e9sulte de ces textes que, si les Etats membres de l'Union europ\u00e9enne peuvent placer les personnes concern\u00e9es en r\u00e9tention en vue de garantir les proc\u00e9dures de transfert conform\u00e9ment au r\u00e8glement lorsqu'il existe un risque non n\u00e9gligeable de fuite de ces personnes, ce risque s'entend, dans un cas individuel, comme l'existence de raisons, fond\u00e9es sur des crit\u00e8res objectifs d\u00e9finis par la loi, de craindre la fuite d'un demandeur de protection internationale, ressortissant de pays tiers ou apatride, qui fait l'objet d'une proc\u00e9dure de transfert ;",
        "Attendu, d'autre part, que la Cour de justice de l'Union europ\u00e9enne (CJUE, arr\u00eat du 15 mars 2017, Al Chodor, C-528/15) a dit pour droit que ces textes doivent \u00eatre interpr\u00e9t\u00e9s en ce sens qu'ils imposent aux Etats membres de fixer, dans une disposition contraignante de port\u00e9e g\u00e9n\u00e9rale, les crit\u00e8res objectifs sur lesquels sont fond\u00e9es les raisons de craindre la fuite du demandeur d'une protection internationale qui fait l'objet d'une proc\u00e9dure de transfert et que l'absence d'une telle disposition entra\u00eene l'inapplicabilit\u00e9 de l'article 28, paragraphe 2, de ce r\u00e8glement ; qu'au point 45 de l'arr\u00eat, elle pr\u00e9cise qu'en tout \u00e9tat de cause, une jurisprudence \u00e9tablie, sanctionnant une pratique constante de la police des \u00e9trangers ne saurait suffire ;",
        "Attendu que, pour prolonger la r\u00e9tention, l'ordonnance retient que cette mesure est r\u00e9guli\u00e8re d\u00e8s lors que M. X... ne dispose pas de garanties de repr\u00e9sentation effectives propres \u00e0 pr\u00e9venir le risque de fuite av\u00e9r\u00e9 en ce que l'int\u00e9ress\u00e9, d\u00e9pourvu de tout document d'identit\u00e9 et en possession d'un titre de s\u00e9jour provisoire d\u00e9livr\u00e9 par les autorit\u00e9s n\u00e9erlandaises, a d\u00e9pos\u00e9 des demandes d'asile dans quatre Etats membres diff\u00e9rents, avant de quitter ces m\u00eames Etats ;",
        "Qu'en statuant ainsi, alors qu'en l'absence de disposition contraignante de port\u00e9e g\u00e9n\u00e9rale, fixant les crit\u00e8res objectifs sur lesquels sont fond\u00e9es les raisons de craindre la fuite du demandeur d'une protection internationale qui fait l'objet d'une proc\u00e9dure de transfert, l'article 28, paragraphe 2, du r\u00e8glement \u00e9tait inapplicable, le premier pr\u00e9sident a viol\u00e9 les textes susvis\u00e9s ;",
        "Et attendu qu'en l'absence de doute raisonnable quant \u00e0 l'interpr\u00e9tation des articles 2 et 28 du r\u00e8glement, il n'y a pas lieu de saisir la Cour de justice de l'Union europ\u00e9enne d'une question pr\u00e9judicielle ;",
        "Vu les articles L. 411-3 du code de l'organisation judiciaire et 1015 du code de proc\u00e9dure civile ;"
    ],
    "decision-6": [
        "PAR CES MOTIFS :",
        "CASSE ET ANNULE, sauf en ce qu'elle d\u00e9clare l'appel recevable, l'ordonnance rendue le 17 janvier 2017, entre les parties, par le premier pr\u00e9sident de la cour d'appel de Rennes ;",
        "DIT n'y avoir lieu \u00e0 renvoi ;",
        "Vu l'article 700 du code de proc\u00e9dure civile, rejette la demande ;",
        "Dit que sur les diligences du procureur g\u00e9n\u00e9ral pr\u00e8s la Cour de cassation, le pr\u00e9sent arr\u00eat sera transmis pour \u00eatre transcrit en marge ou \u00e0 la suite de l'ordonnance partiellement cass\u00e9e ;",
        "Ainsi fait et jug\u00e9 par la Cour de cassation, premi\u00e8re chambre civile, et prononc\u00e9 par le pr\u00e9sident en son audience publique du sept f\u00e9vrier deux mille dix-huit."
    ],
    "decision-7": [
        "MOYEN ANNEXE au pr\u00e9sent arr\u00eat.",
        "Moyen produit par la SCP Spinosi et Sureau, avocat aux Conseils, pour M. X....",
        "Il est reproch\u00e9 \u00e0 l'ordonnance confirmative attaqu\u00e9e d'avoir rejet\u00e9 le recours de M. B... form\u00e9 \u00e0 l'encontre de l'arr\u00eat\u00e9 de placement en r\u00e9tention administrative \u00e9dict\u00e9 le 12 janvier 2017 par le pr\u00e9fet d'Ille-et-Vilaine et d'avoir ordonn\u00e9 la prolongation du maintien de celui-ci dans les locaux non p\u00e9nitentiaires pour un d\u00e9lai maximum de vingt-huit jours \u00e0 compter du 14 janvier 2017 ;",
        "Aux motifs propres que \u00ab sur le moyen tir\u00e9 du d\u00e9faut de base l\u00e9gale du placement en r\u00e9tention administrative :",
        "Le conseil de monsieur B... soutient que l'arr\u00eat\u00e9 de placement en r\u00e9tention administrative pris \u00e0 son encontre serait d\u00e9pourvu de base l\u00e9gale, d\u00e8s lors qu'il viserait les dispositions de l'article 28 du R\u00e8glement du Parlement europ\u00e9en et du Conseil du 26 juin 2013, alors que, d'apr\u00e8s l'article 8 \u00a7 3f de la directive 2013/33/UE, les motifs du placement en r\u00e9tention administrative sont d\u00e9finis par le droit national, et que l'article L. 561-2 1\u00b0 du code de l'entr\u00e9e et du s\u00e9jour des \u00e9trangers et du droit d'asile suppose l'existence d'une d\u00e9cision de transfert, ce qui n'\u00e9tait pas le cas en l'esp\u00e8ce au moment de l'\u00e9diction de la d\u00e9cision critiqu\u00e9e ;",
        "Cependant, il r\u00e9sulte clairement des dispositions de l'article 28 \u00a7 3 du R\u00e8glement pr\u00e9cit\u00e9, directement applicable au vu de l'article 288 du Trait\u00e9 sur le fonctionnement de l'Union europ\u00e9enne, que le placement en r\u00e9tention administrative d'une personne faisant l'objet d'une requ\u00eate aux fins de reprise en charge en qualit\u00e9 de demandeur d'asile aupr\u00e8s d'un autre \u00c9tat membre de l'Union europ\u00e9enne peut intervenir avant m\u00eame la pr\u00e9sentation de cette requ\u00eate et, par voie de cons\u00e9quence, avant l'acceptation implicite ou explicite de la part de l'\u00c9tat membre saisi qui, seul, peut servir de fondement \u00e0 une d\u00e9cision pr\u00e9fectorale de r\u00e9admission. En l'esp\u00e8ce, le placement en r\u00e9tention administrative de monsieur B... vise la demande de reprise en charge effectu\u00e9e le 12 janvier 2017 aupr\u00e8s des autorit\u00e9s bulgares, su\u00e9doises, danoises et hollandaises. L'arr\u00eat\u00e9 a donc \u00e9t\u00e9 pris r\u00e9guli\u00e8rement sur le fondement de l'article 28 \u00a7 3 du R\u00e8glement pr\u00e9cit\u00e9, de telle sorte que ce moyen sera rejet\u00e9 comme \u00e9tant mal fond\u00e9 \u00bb (ordonnance d'appel, p. 3) ;",
        "Et aux motifs \u00e9ventuellement adopt\u00e9s du premier juge que \u00ab M. B... soutient que la d\u00e9cision de placement en r\u00e9tention administrative manque de base l\u00e9gale, n'\u00e9tant fond\u00e9e sur aucune d\u00e9cision de transfert.",
        "Ce moyen ne peut \u00eatre admis dans la mesure o\u00f9 il r\u00e9sulte de l'article 28 \u00a7 3 du R\u00e8glement UE du Parlement europ\u00e9en et du Conseil du 26 juin 2013 que le placement en r\u00e9tention administrative d'une personne faisant l'objet d'une requ\u00eate aux fins de reprise en charge en qualit\u00e9 de demandeur d'asile aupr\u00e8s d'un autre \u00c9tat membre de l'Union europ\u00e9enne peut intervenir avant m\u00eame la pr\u00e9sentation de cette requ\u00eate et par voie de cons\u00e9quence avant l'acceptation implicite ou explicite de la part de l'\u00c9tat membre saisi, qui peut servir de fondement \u00e0 une d\u00e9cision pr\u00e9fectorale de r\u00e9admission, d'autant plus qu'en l'esp\u00e8ce, M. B... a fait 4 demandes d'asile dans plusieurs pays de l'Union europ\u00e9enne. La d\u00e9cision de placement en r\u00e9tention administrative se fondant sur l'article 28 du r\u00e8glement pr\u00e9cit\u00e9 est ainsi r\u00e9guli\u00e8re, mise en oeuvre par des lettres de r\u00e9admission vers les pays aupr\u00e8s desquels l'int\u00e9ress\u00e9 a demand\u00e9 l'asile, la Bulgarie ayant d'ores et d\u00e9j\u00e0 donn\u00e9 son accord pour une reprise en charge de l'int\u00e9ress\u00e9 \u00bb (ordonnance du juge des libert\u00e9s et de la d\u00e9tention, p. 2) ;",
        "1\u00b0) Alors que si les \u00c9tats membres peuvent placer les demandeurs d'asile en r\u00e9tention administrative en vue de garantir les proc\u00e9dures de transfert conform\u00e9ment au r\u00e8glement n\u00b0 604/2013 du Parlement europ\u00e9en et du Conseil du 26 juin 2013 lorsqu'il existe un risque non n\u00e9gligeable de fuite de ces personnes, c'est \u00e0 la condition que le risque de fuite soit fond\u00e9 sur des crit\u00e8res objectifs d\u00e9finis par la loi ; qu'en l'absence desdits crit\u00e8res d\u00e9finis par une disposition du droit interne, le placement en r\u00e9tention doit \u00eatre d\u00e9clar\u00e9 ill\u00e9gal ; qu'en confirmant le maintien en r\u00e9tention administrative de M. B... dans l'attente d'une d\u00e9cision sur la demande de prise en charge par les autorit\u00e9s responsables de l'examen de sa demande d'asile form\u00e9e aupr\u00e8s des autorit\u00e9s bulgares, su\u00e9doises, danoises et hollandaises, quand le l\u00e9gislateur fran\u00e7ais n'a pourtant pas d\u00e9fini les crit\u00e8res objectifs du risque de fuite justifiant un tel placement en r\u00e9tention administrative relevant du r\u00e8glement Dublin III, ce qui entachait d'ill\u00e9galit\u00e9 l'arr\u00eat\u00e9 de placement en r\u00e9tention \u00e9dict\u00e9 par le pr\u00e9fet d'Ille-et-Vilaine, le d\u00e9l\u00e9gu\u00e9 du premier pr\u00e9sident a consacr\u00e9 l'exc\u00e8s de pouvoir commis par le juge des libert\u00e9s et de la d\u00e9tention, en violation des articles L. 551-1 et L. 511-1 du code de l'entr\u00e9e et du s\u00e9jour des \u00e9trangers et du droit d'asile (CESEDA), ainsi que des articles 2, n) et 28, 2. du r\u00e8glement (UE) n\u00b0 604/2013 du Parlement europ\u00e9en et du Conseil du 26 juin 2013, ensemble l'article 5 de la convention europ\u00e9enne des droits de l'homme et les articles 6 et 52 de la charte des droits fondamentaux de l'Union europ\u00e9enne ;",
        "2\u00b0) Alors qu'en toute hypoth\u00e8se, aux termes d'une jurisprudence constante de la Cour de justice de l'Union europ\u00e9enne, si les dispositions d'un r\u00e8glement ont, en r\u00e8gle g\u00e9n\u00e9rale, un effet imm\u00e9diat dans les ordres juridiques nationaux en vertu de l'article 288 du trait\u00e9 sur le fonctionnement de l'Union europ\u00e9enne, certaines des dispositions d'un r\u00e8glement, m\u00eame compl\u00e9t\u00e9es par une d\u00e9cision d'ex\u00e9cution, peuvent n\u00e9cessiter, pour leur mise en oeuvre, l'adoption de mesures nationales d'application, et ne sont donc pas directement applicables dans les \u00c9tats membres ; qu'en jugeant que les dispositions de l'article 28 du r\u00e8glement (UE) n\u00b0 604/2013 du Parlement europ\u00e9en et du Conseil, du 26 juin 2013, \u00e9taient directement applicables, quand l'intervention du l\u00e9gislateur national \u00e9tait cependant n\u00e9cessaire afin de mettre en oeuvre les conditions du placement en r\u00e9tention administrative et les garanties applicables au demandeur d'asile, le d\u00e9l\u00e9gu\u00e9 du premier pr\u00e9sident de la cour d'appel a m\u00e9connu le principe pr\u00e9cit\u00e9 d\u00e9gag\u00e9 par la Cour de justice de l'Union europ\u00e9enne sur le fondement de l'article 288 du trait\u00e9 sur le fonctionnement de l'Union europ\u00e9enne ;",
        "3\u00b0) Alors qu'enfin, aucun texte de droit interne ne permet de placer ou de maintenir en r\u00e9tention administrative un demandeur d'asile qui n'a pas fait l'objet d'une d\u00e9cision de transfert par l'\u00c9tat membre responsable de l'examen de sa demande ; qu'ainsi, aucune mesure de r\u00e9tention administrative ne saurait \u00eatre justifi\u00e9e en l'absence d'une d\u00e9cision de transfert de l'\u00c9tat membre requis ; qu'en estimant, pour juger r\u00e9gulier le placement de M. B... en r\u00e9tention administrative, que cette mesure pouvait intervenir avant m\u00eame la pr\u00e9sentation d'une requ\u00eate aux fins de reprise en charge aupr\u00e8s d'un \u00c9tat membre de l'Union europ\u00e9enne, donc avant toute d\u00e9cision de transfert de l'\u00c9tat membre requis, quand aucun texte du droit interne ne pr\u00e9voit une telle mesure attentatoire au droit fondamental \u00e0 la libert\u00e9 et \u00e0 la s\u00fbret\u00e9, le d\u00e9l\u00e9gu\u00e9 du premier pr\u00e9sident de la cour d'appel a exc\u00e9d\u00e9 ses pouvoirs, en violation de l'article L. 742-5 du CESEDA et de l'article 26 du r\u00e8glement europ\u00e9en du 26 juin 2013, ensemble l'article 5 de la convention europ\u00e9enne des droits de l'homme et les articles 6 et 52 de la charte des droits fondamentaux de l'Union europ\u00e9enne."
    ]
}