{
    "decision-0": [
        "CIV. 1",
        "FB",
        "COUR DE CASSATION",
        "______________________",
        "Audience publique du 27 juin 2018",
        "Rejet",
        "Mme BATUT, pr\u00e9sident",
        "Arr\u00eat n\u00b0 661 F-D",
        "Pourvoi n\u00b0 C 17-19.505",
        "Aide juridictionnelle totale en demande",
        "au profit de Mme X....",
        "Admission du bureau d'aide juridictionnelle",
        "pr\u00e8s la Cour de cassation",
        "en date du 4 avril 2017.",
        "R \u00c9 P U B L I Q U E F R A N \u00c7 A I S E",
        "_________________________",
        "AU NOM DU PEUPLE FRAN\u00c7AIS",
        "_________________________",
        "LA COUR DE CASSATION, PREMI\u00c8RE CHAMBRE CIVILE, a rendu l'arr\u00eat suivant :",
        "Statuant sur le pourvoi form\u00e9 par Mme Farida X..., domicili\u00e9e [...] ,",
        "contre l'ordonnance rendue le 28 novembre 2016 par le premier pr\u00e9sident de la cour d'appel de Lyon, dans le litige l'opposant :",
        "1\u00b0/ au pr\u00e9fet du Rh\u00f4ne, domicili\u00e9 [...] ,",
        "2\u00b0/ au procureur g\u00e9n\u00e9ral pr\u00e8s la cour d'appel de Lyon, domicili\u00e9 n son parquet g\u00e9n\u00e9ral, [...] ,",
        "d\u00e9fendeurs \u00e0 la cassation ;",
        "La demanderesse invoque, \u00e0 l'appui de son pourvoi, les deux moyens de cassation annex\u00e9s au pr\u00e9sent arr\u00eat ;",
        "Vu la communication faite au procureur g\u00e9n\u00e9ral ;",
        "LA COUR, en l'audience publique du 23 mai 2018, o\u00f9 \u00e9taient pr\u00e9sentes : Mme Batut, pr\u00e9sident, Mme Gargoullaud, conseiller r\u00e9f\u00e9rendaire rapporteur, Mme Wallon, conseiller doyen, Mme Pecquenard, greffier de chambre ;",
        "Sur le rapport de Mme Gargoullaud, conseiller r\u00e9f\u00e9rendaire, les observations de la SCP Leduc et Vigand, avocat de Mme X..., et apr\u00e8s en avoir d\u00e9lib\u00e9r\u00e9 conform\u00e9ment \u00e0 la loi ;"
    ],
    "decision-1": [
        "Attendu, selon l'ordonnance attaqu\u00e9e rendue par le premier pr\u00e9sident d'une cour d'appel (Lyon, 28 novembre 2016), et les pi\u00e8ces de la proc\u00e9dure que, le 23 novembre 2016, \u00e0 la suite d'un contr\u00f4le d'identit\u00e9, Mme X... a \u00e9t\u00e9 plac\u00e9e en retenue pour v\u00e9rification de son droit \u00e0 la circulation et au s\u00e9jour, puis en r\u00e9tention administrative, sur d\u00e9cision du pr\u00e9fet qui lui a \u00e9t\u00e9 notifi\u00e9e \u00e0 15 heures 40 ; que, le lendemain, Mme X... a saisi le juge des libert\u00e9s et de la d\u00e9tention d'une requ\u00eate en contestation de la r\u00e9gularit\u00e9 de cette d\u00e9cision ; que le pr\u00e9fet a d\u00e9pos\u00e9 une requ\u00eate en prolongation de la r\u00e9tention ;"
    ],
    "decision-2": [
        "Sur le premier moyen, ci-apr\u00e8s annex\u00e9 :",
        "Attendu que Mme X... fait grief \u00e0 l'ordonnance de prolonger cette mesure ;"
    ],
    "decision-3": [
        "Attendu qu'ayant relev\u00e9 que les services de la police aux fronti\u00e8res avaient saisi le p\u00f4le central d'\u00e9loignement de la direction g\u00e9n\u00e9rale de la police nationale d'une demande de transport \u00e0 destination de l'Alg\u00e9rie, d\u00e8s le 24 novembre 2016 \u00e0 8 heures 51, et que la circonstance que la dur\u00e9e de validit\u00e9 du passeport soit arriv\u00e9e \u00e0 \u00e9ch\u00e9ance n'\u00e9tait pas de nature \u00e0 \u00e9tablir que les diligences accomplies \u00e0 l'initiative des services pr\u00e9fectoraux seraient de nul effet, le premier pr\u00e9sident a pu retenir, sans inverser la charge de la preuve, que l'administration n'avait pas manqu\u00e9 \u00e0 son obligation de diligence ; que le moyen n'est pas fond\u00e9 ;"
    ],
    "decision-4": [
        "Sur le second moyen, ci-apr\u00e8s annex\u00e9 :",
        "Attendu que Mme X... fait le m\u00eame grief \u00e0 l'ordonnance ;"
    ],
    "decision-5": [
        "Attendu qu'ayant constat\u00e9 que l'int\u00e9ress\u00e9e ne disposait d'aucun justificatif de la r\u00e9alit\u00e9 de son domicile et de ses moyens de subsistance en France, mais seulement d'un document d'identit\u00e9 transfronti\u00e8re, dont la limite de validit\u00e9 \u00e9tait expir\u00e9e, le premier pr\u00e9sident en a souverainement d\u00e9duit que l'existence d'un risque que celle-ci tente de se soustraire \u00e0 la mesure d'\u00e9loignement ordonn\u00e9e \u00e0 son \u00e9gard justifiait son placement en r\u00e9tention ; que le moyen ne peut \u00eatre accueilli ;"
    ],
    "decision-6": [
        "PAR CES MOTIFS :",
        "REJETTE le pourvoi ;",
        "Vu l'article 700 du code de proc\u00e9dure civile, rejette la demande ;",
        "Ainsi fait et jug\u00e9 par la Cour de cassation, premi\u00e8re chambre civile, et prononc\u00e9 par le pr\u00e9sident en son audience publique du vingt-sept juin deux mille dix-huit."
    ],
    "decision-7": [
        "MOYENS ANNEXES au pr\u00e9sent arr\u00eat",
        "Moyens produits par la SCP Leduc et Vigand, avocat aux Conseils, pour Mme X....",
        "PREMIER MOYENS DE CASSATION :",
        "Il est reproch\u00e9 \u00e0 l'ordonnance attaqu\u00e9e d'avoir confirm\u00e9 l'ordonnance rendue \u00e0 l'\u00e9gard de Farida X... par le juge des libert\u00e9s et de la d\u00e9tention du tribunal de grande instance de Lyon le 25 novembre 2016 en ce qu'elle a d\u00e9clar\u00e9 r\u00e9guli\u00e8re la d\u00e9cision du pr\u00e9fet du Rh\u00f4ne en date du 23 novembre 2016 ayant ordonn\u00e9 le maintien en r\u00e9tention administrative de l'int\u00e9ress\u00e9e, et ordonn\u00e9 la prolongation de la r\u00e9tention de Farida X... pour une dur\u00e9e de vingt-huit jours.",
        "AUX MOTIFS QUE sur la r\u00e9gularit\u00e9 du placement en d\u00e9tention de Farida X..., l'article L. 551-1 du code de l'entr\u00e9e et du s\u00e9jour des \u00e9trangers et du droit d'asile dispose que, dans les cas pr\u00e9vus aux 1\u00b0 \u00e0 7\u00b0 du I de l'article L. 561-2, l'\u00e9tranger qui ne pr\u00e9sente pas de garanties de repr\u00e9sentation effectives propres \u00e0 pr\u00e9venir le risque mentionn\u00e9 au 3\u00b0 du II de l'article L. 511-1 peut \u00eatre plac\u00e9 en r\u00e9tention par l'autorit\u00e9 administrative dans des locaux ne relevant pas de l'administration p\u00e9nitentiaire, pour une dur\u00e9e de quarante-huit heures ; que les dispositions de l'article L. 512-1 du code de l'entr\u00e9e et du s\u00e9jour des \u00e9trangers et du droit d'asile pr\u00e9voient que la d\u00e9cision de placement en r\u00e9tention peut \u00eatre contest\u00e9e devant le juge des libert\u00e9s et de la d\u00e9tention, dans un d\u00e9lai de quarante-huit heures \u00e0 compter de sa notification, suivant la proc\u00e9dure pr\u00e9vue \u00e0 la section 1 du chapitre II du titre V du livre V et dans une audience commune aux deux proc\u00e9dures, sur lesquelles le juge statue par ordonnance unique lorsqu'il est \u00e9galement saisi aux fins de prolongation de la r\u00e9tention en application de l'article L. 552-1 ; qu'il convient de rappeler \u00e0 cet \u00e9gard que la r\u00e9gularit\u00e9 des d\u00e9cisions administratives ne peut s'appr\u00e9cier qu'au jour de leur \u00e9diction, au regard des \u00e9l\u00e9ments de fait connus de l'administration \u00e0 cette date ; que, au cas particulier, Farida X... n'\u00e9tait, au moment de la mesure de retenue pour v\u00e9rification de son droit \u00e0 la circulation et au s\u00e9jour dont elle a fait l'objet le 23 novembre 2016, en possession d'aucun justificatif de la r\u00e9alit\u00e9 de son domicile et de ses moyens de subsistance en France ; que lors de son audition par les services de la police aux fronti\u00e8res de Lyon du 23 novembre 2016, Farida X... a fourni des indications particuli\u00e8rement impr\u00e9cises sur la r\u00e9alit\u00e9 et la stabilit\u00e9 de sa situation personnelle et de son domicile sur le territoire fran\u00e7ais depuis le rejet de son recours form\u00e9 devant la cour nationale du droit d'asile et son d\u00e9part du foyer \u00ab [...] \u00bb en janvier 2016 ; que la d\u00e9tention d'un document d'identit\u00e9 transfronti\u00e8re, dont il appara\u00eet au demeurant que sa limite de validit\u00e9 est expir\u00e9e, ne saurait priver le pr\u00e9fet des pr\u00e9rogatives d'ordonner le placement en r\u00e9tention administrative de l'\u00e9tranger en situation irr\u00e9guli\u00e8re tir\u00e9e des dispositions de l'article L. 561-1 du code de l'entr\u00e9e et du s\u00e9jour des \u00e9trangers et du droit d'asile, lorsqu'il \u00e9tablit, comme en l'esp\u00e8ce, l'existence d'un risque que celui-ci tente de se soustraire \u00e0 la mesure d'\u00e9loignement ordonn\u00e9e \u00e0 son \u00e9gard ; que, au regard des \u00e9l\u00e9ments ainsi rappel\u00e9s, Farida X... n'\u00e9tablit pas l'erreur d'appr\u00e9ciation du pr\u00e9fet du Rh\u00f4ne qu'elle all\u00e8gue ; que sur la prolongation de la mesure de r\u00e9tention, s'agissant de la r\u00e9gularit\u00e9 du contr\u00f4le de l'identit\u00e9 de Farida X..., les dispositions de l'article 78-2 alin\u00e9a 2 du code de proc\u00e9dure p\u00e9nale pr\u00e9voient que sur r\u00e9quisition \u00e9crites du procureur de la R\u00e9publique aux fins de recherche et de poursuite d'infractions qu'il pr\u00e9cise, l'identit\u00e9 de toute personne peut \u00eatre contr\u00f4l\u00e9e dans les lieux et pour une p\u00e9riode de temps d\u00e9termin\u00e9s par ce magistrat ; qu'il ressort en l'esp\u00e8ce du proc\u00e8s-verbal n\u00b0 16/1310 de la brigade de chemin de fer zonale sud-est relatif au contr\u00f4le de l'identit\u00e9 de Farida X..., que le p\u00e9rim\u00e8tre des r\u00e9quisitions de contr\u00f4le d'identit\u00e9 du procureur de la R\u00e9publique pr\u00e8s le tribunal de grande instance de Lyon qui y sont annex\u00e9es, s'\u00e9tend pour la journ\u00e9e du mercredi 23 novembre 2016 entre 5h30 et 24h \u00e0 l'emprise de la gare SNCF et de la gare routi\u00e8re de Lyon-Perrache ; que au cas particulier il ressort du proc\u00e8s-verbal pr\u00e9cit\u00e9 que Farida X... a fait l'objet le 23 novembre 2016 \u00e0 9h45, d'un contr\u00f4le d'identit\u00e9 par les services de la police aux fronti\u00e8res alors qu'elle se trouvait \u00e0 bord d'un autocar \u00ab OUIBUS \u00bb, moyen de transport collectif de voyageurs, en gare de Lyon Perrache ; que au regard de ces constatations, Farida X... n'\u00e9tablit pas que le contr\u00f4le d'identit\u00e9 dont elle a fait l'objet le 23 novembre 2016 aurait \u00e9t\u00e9 r\u00e9alis\u00e9 hors du p\u00e9rim\u00e8tre des r\u00e9quisitions du 12 octobre 2016 sur le fondement desquelles il a \u00e9t\u00e9 r\u00e9alis\u00e9 ; que s'agissant de la r\u00e9gularit\u00e9 de la proc\u00e9dure de v\u00e9rification du droit \u00e0 la circulation et au s\u00e9jour de Farida X..., il convient de rappeler que les dispositions de l'article 802 du code de proc\u00e9dure p\u00e9nale pr\u00e9voient que, en cas de violation des formes prescrites par la loi \u00e0 peine de nullit\u00e9 ou d'inobservation des formalit\u00e9s substantielles, toute juridiction qui est saisie d'une demande d'annulation ou qui rel\u00e8ve d'office une telle irr\u00e9gularit\u00e9 ne peut prononcer la nullit\u00e9 que lorsque celle-ci a eu pour effet de porter atteinte aux int\u00e9r\u00eats de la partie qu'elle concerne ; que Farida X... fait valoir que les proc\u00e8s-verbaux n\u00b02016/1310 \u00e9tablis par les services de la police aux fronti\u00e8res de Lyon \u00e0 l'occasion de la retenue pour v\u00e9rification du droit \u00e0 la circulation et au s\u00e9jour, qui relataient que les actes proc\u00e9duraux ont \u00e9t\u00e9 accomplis conform\u00e9ment aux instructions re\u00e7ues et sous le contr\u00f4le de l'officier de police judiciaire de permanence du service, ne font pas mention de l'identit\u00e9 de l'officier de police judiciaire sous l'autorit\u00e9 et le contr\u00f4le duquel \u00e9taient effectivement intervenues les diligences accomplies ; que pourtant, Farida X... ne fait \u00e9tat d'aucun grief en lien avec l'irr\u00e9gularit\u00e9 qu'elle d\u00e9crit ; qu'il conviendra par cons\u00e9quent d'\u00e9carter le moyen tir\u00e9 de l'irr\u00e9gularit\u00e9 all\u00e9gu\u00e9e de ce chef ; que sur le respect par l'administration de l'obligation de diligence mise \u00e0 sa charge, les dispositions de l'article 15 de la directive n\u00b02008/115/CE du parlement et du conseil du 16 d\u00e9cembre 2008 relative aux normes et proc\u00e9dures communes applicables dans les Etats membres au retour des ressortissants de pays tiers en s\u00e9jour irr\u00e9gulier pr\u00e9voient que toute mesure de r\u00e9tention doit \u00eatre aussi br\u00e8ve que possible et ne doit \u00eatre maintenue qu'aussi longtemps que le dispositif d'\u00e9loignement est en cours et ex\u00e9cut\u00e9 avec toute la diligence requise ; qu'il r\u00e9sulte des dispositions de l'article L. 554-1 du code de l'entr\u00e9e et du s\u00e9jour des \u00e9trangers et du droit d'asile qu'un \u00e9tranger ne peut \u00eatre plac\u00e9 ou maintenu en r\u00e9tention que pour le temps strictement n\u00e9cessaire \u00e0 son d\u00e9part, l'administration \u00e9tant alors tenue d'exercer toute diligence \u00e0 cet effet ; que, au cas particulier, il appara\u00eet que, suite au placement en r\u00e9tention administrative de Farida X... \u00e0 compter du 23 novembre 2016 \u00e0 15h40, les services de la police aux fronti\u00e8res du centre de r\u00e9tention administrative de [...] ont saisi le p\u00f4le central d'\u00e9loignement de la direction g\u00e9n\u00e9rale de la police nationale d'une demande de transport \u00e0 destination de l'Alg\u00e9rie, le 24 novembre 2016 \u00e0 8h51, que la circonstance que la dur\u00e9e de validit\u00e9 du transport d\u00e9livr\u00e9 \u00e0 Farida X... par les autorit\u00e9s de la R\u00e9publique alg\u00e9rienne d\u00e9mocratique et populaire, soit arriv\u00e9e \u00e0 \u00e9ch\u00e9ance le 24 novembre 2015 n'est pas de nature \u00e0 \u00e9tablir que les diligences accomplies \u00e0 l'initiative des services pr\u00e9fectoraux seraient de nul effet ; que Farida X... n'\u00e9tablit pas le d\u00e9faut de diligence de l'administration qu'elle all\u00e8gue ; que par cons\u00e9quent, au regard de l'ensemble de ces \u00e9l\u00e9ments, il conviendra de confirmer l'ordonnance d\u00e9f\u00e9r\u00e9e au juge des libert\u00e9s et de la d\u00e9tention de Lyon en toutes ses dispositions.",
        "1/ ALORS QUE la preuve de l'accomplissement des diligences n\u00e9cessaires en vue de l'\u00e9loignement de l'\u00e9tranger plac\u00e9 en r\u00e9tention administrative d\u00e8s le d\u00e9but de la r\u00e9tention incombe \u00e0 l'administration ; qu'en jugeant que Mme X... n'\u00e9tablissait pas le d\u00e9faut de diligences de l'administration, le premier pr\u00e9sident de la cour d'appel a viol\u00e9 l'article L. 554-1 du code de l'entr\u00e9e et du s\u00e9jour des \u00e9trangers et du droit d'asile, ensemble l'article 1353 du code civil.",
        "2/ ALORS QU' en toute hypoth\u00e8se, un \u00e9tranger ne peut \u00eatre plac\u00e9 ou maintenu en r\u00e9tention que pour le temps strictement n\u00e9cessaire \u00e0 son d\u00e9part ; que cette exigence implique que l'administration exerce toute diligence \u00e0 cet effet, ce qui inclut, le cas \u00e9ch\u00e9ant, la saisine de l'autorit\u00e9 consulaire comp\u00e9tente aux fins d'obtenir un laissez-passer ; qu'en jugeant que le d\u00e9faut de diligence n'\u00e9tait pas \u00e9tabli, quand la seule diligence exerc\u00e9e par l'administration consistait en la saisine, le lendemain du placement en r\u00e9tention de Mme X..., du p\u00f4le central d'\u00e9loignement de la direction g\u00e9n\u00e9rale de la police nationale, d'une demande de transport \u00e0 destination de l'Alg\u00e9rie, le premier pr\u00e9sident de la cour d'appel a viol\u00e9 l'article L. 554-1 du code de l'entr\u00e9e et du s\u00e9jour des \u00e9trangers et du droit d'asile ;",
        "3/ ALORS QU' en toute hypoth\u00e8se, un \u00e9tranger ne peut \u00eatre plac\u00e9 ou maintenu en r\u00e9tention que pour le temps strictement n\u00e9cessaire \u00e0 son d\u00e9part ; que cette exigence implique que l'administration exerce toute diligence \u00e0 cet effet d\u00e8s le placement en r\u00e9tention ; qu'en jugeant que le d\u00e9faut de diligence n'\u00e9tait pas \u00e9tabli, apr\u00e8s avoir relev\u00e9 que la premi\u00e8re diligence en vue d'obtenir l'\u00e9loignement de Mme X... n'avait \u00e9t\u00e9 accomplie que le lendemain de son placement en r\u00e9tention administrative, sans rechercher si la saisine du p\u00f4le central d'\u00e9loignement de la direction g\u00e9n\u00e9rale de la police nationale le jour du placement en r\u00e9tention avait \u00e9t\u00e9 emp\u00each\u00e9e par des circonstances impr\u00e9visibles, insurmontables et ext\u00e9rieures emp\u00eachant l'administration d'agir, le premier pr\u00e9sident de la cour d'appel a priv\u00e9 sa d\u00e9cision de base l\u00e9gale au regard de l'article L. 554-1 du code de l'entr\u00e9e et du s\u00e9jour des \u00e9trangers et du droit d'asile ;",
        "DEUXIEME MOYEN DE CASSATION",
        "Il est reproch\u00e9 \u00e0 l'ordonnance attaqu\u00e9e d'avoir confirm\u00e9 l'ordonnance rendue \u00e0 l'\u00e9gard de Farida X... par le juge des libert\u00e9s et de la d\u00e9tention du tribunal de grande instance de Lyon le 25 novembre 2016 en ce qu'elle a d\u00e9clar\u00e9 r\u00e9guli\u00e8re la d\u00e9cision du pr\u00e9fet du Rh\u00f4ne en date du 23 novembre 2016 ayant ordonn\u00e9 le maintien en r\u00e9tention administrative de l'int\u00e9ress\u00e9e, et ordonn\u00e9 la prolongation de la r\u00e9tention de Farida X... pour une dur\u00e9e de vingt-huit jours.",
        "AUX MOTIFS QUE sur la r\u00e9gularit\u00e9 du placement en d\u00e9tention de Farida X..., l'article L. 551-1 du code de l'entr\u00e9e et du s\u00e9jour des \u00e9trangers et du droit d'asile dispose que, dans les cas pr\u00e9vus aux 1\u00b0 \u00e0 7\u00b0 du I de l'article L. 561-2, l'\u00e9tranger qui ne pr\u00e9sente pas de garanties de repr\u00e9sentation effectives propres \u00e0 pr\u00e9venir le risque mentionn\u00e9 au 3\u00b0 du II de l'article L. 511-1 peut \u00eatre plac\u00e9 en r\u00e9tention par l'autorit\u00e9 administrative dans des locaux ne relevant pas de l'administration p\u00e9nitentiaire, pour une dur\u00e9e de quarante-huit heures ; que les dispositions de l'article L. 512-1 du code de l'entr\u00e9e et du s\u00e9jour des \u00e9trangers et du droit d'asile pr\u00e9voient que la d\u00e9cision de placement en r\u00e9tention peut \u00eatre contest\u00e9e devant le juge des libert\u00e9s et de la d\u00e9tention, dans un d\u00e9lai de quarante-huit heures \u00e0 compter de sa notification, suivant la proc\u00e9dure pr\u00e9vue \u00e0 la section 1 du chapitre II du titre V du livre V et dans une audience commune aux deux proc\u00e9dures, sur lesquelles le juge statue par ordonnance unique lorsqu'il est \u00e9galement saisi aux fins de prolongation de la r\u00e9tention en application de l'article L. 552-1 ; qu'il convient de rappeler \u00e0 cet \u00e9gard que la r\u00e9gularit\u00e9 des d\u00e9cisions administratives ne peut s'appr\u00e9cier qu'au jour de leur \u00e9diction, au regard des \u00e9l\u00e9ments de fait connus de l'administration \u00e0 cette date ; que, au cas particulier, Farida X... n'\u00e9tait, au moment de la mesure de retenue pour v\u00e9rification de son droit \u00e0 la circulation et au s\u00e9jour dont elle a fait l'objet le 23 novembre 2016, en possession d'aucun justificatif de la r\u00e9alit\u00e9 de son domicile et de ses moyens de subsistance en France ; que lors de son audition par les services de la police aux fronti\u00e8res de Lyon du 23 novembre 2016, Farida X... a fourni des indications particuli\u00e8rement impr\u00e9cises sur la r\u00e9alit\u00e9 et la stabilit\u00e9 de sa situation personnelle et de son domicile sur le territoire fran\u00e7ais depuis le rejet de son recours form\u00e9 devant la cour nationale du droit d'asile et son d\u00e9part du foyer \u00ab [...] \u00bb en janvier 2016 ; que la d\u00e9tention d'un document d'identit\u00e9 transfronti\u00e8re, dont il appara\u00eet au demeurant que sa limite de validit\u00e9 est expir\u00e9e, ne saurait priver le pr\u00e9fet des pr\u00e9rogatives d'ordonner le placement en r\u00e9tention administrative de l'\u00e9tranger en situation irr\u00e9guli\u00e8re tir\u00e9e des dispositions de l'article L. 561-1 du code de l'entr\u00e9e et du s\u00e9jour des \u00e9trangers et du droit d'asile, lorsqu'il \u00e9tablit, comme en l'esp\u00e8ce, l'existence d'un risque que celui-ci tente de se soustraire \u00e0 la mesure d'\u00e9loignement ordonn\u00e9e \u00e0 son \u00e9gard ; que, au regard des \u00e9l\u00e9ments ainsi rappel\u00e9s, Farida X... n'\u00e9tablit pas l'erreur d'appr\u00e9ciation du pr\u00e9fet du Rh\u00f4ne qu'elle all\u00e8gue ; que sur la prolongation de la mesure de r\u00e9tention, s'agissant de la r\u00e9gularit\u00e9 du contr\u00f4le de l'identit\u00e9 de Farida X..., les dispositions de l'article 78-2 alin\u00e9a 2 du code de proc\u00e9dure p\u00e9nale pr\u00e9voient que sur r\u00e9quisition \u00e9crites du procureur de la R\u00e9publique aux fins de recherche et de poursuite d'infractions qu'il pr\u00e9cise, l'identit\u00e9 de toute personne peut \u00eatre contr\u00f4l\u00e9e dans les lieux et pour une p\u00e9riode de temps d\u00e9termin\u00e9s par ce magistrat ; qu'il ressort en l'esp\u00e8ce du proc\u00e8s-verbal n\u00b0 16/1310 de la brigade de chemin de fer zonale sud-est relatif au contr\u00f4le de l'identit\u00e9 de Farida X..., que le p\u00e9rim\u00e8tre des r\u00e9quisitions de contr\u00f4le d'identit\u00e9 du procureur de la R\u00e9publique pr\u00e8s le tribunal de grande instance de Lyon qui y sont annex\u00e9es, s'\u00e9tend pour la journ\u00e9e du mercredi 23 novembre 2016 entre 5h30 et 24h \u00e0 l'emprise de la gare SNCF et de la gare routi\u00e8re de Lyon-Perrache ; que au cas particulier il ressort du proc\u00e8s-verbal pr\u00e9cit\u00e9 que Farida X... a fait l'objet le 23 novembre 2016 \u00e0 9h45, d'un contr\u00f4le d'identit\u00e9 par les services de la police aux fronti\u00e8res alors qu'elle se trouvait \u00e0 bord d'un autocar \u00ab OUIBUS \u00bb, moyen de transport collectif de voyageurs, en gare de Lyon Perrache ; que au regard de ces constatations, Farida X... n'\u00e9tablit pas que le contr\u00f4le d'identit\u00e9 dont elle a fait l'objet le 23 novembre 2016 aurait \u00e9t\u00e9 r\u00e9alis\u00e9 hors du p\u00e9rim\u00e8tre des r\u00e9quisitions du 12 octobre 2016 sur le fondement desquelles il a \u00e9t\u00e9 r\u00e9alis\u00e9 ; que s'agissant de la r\u00e9gularit\u00e9 de la proc\u00e9dure de v\u00e9rification du droit \u00e0 la circulation et au s\u00e9jour de Farida X..., il convient de rappeler que les dispositions de l'article 802 du code de proc\u00e9dure p\u00e9nale pr\u00e9voient que, en cas de violation des formes prescrites par la loi \u00e0 peine de nullit\u00e9 ou d'inobservation des formalit\u00e9s substantielles, toute juridiction qui est saisie d'une demande d'annulation ou qui rel\u00e8ve d'office une telle irr\u00e9gularit\u00e9 ne peut prononcer la nullit\u00e9 que lorsque celle-ci a eu pour effet de porter atteinte aux int\u00e9r\u00eats de la partie qu'elle concerne ; que Farida X... fait valoir que les proc\u00e8s-verbaux n\u00b02016/1310 \u00e9tablis par les services de la police aux fronti\u00e8res de Lyon \u00e0 l'occasion de la retenue pour v\u00e9rification du droit \u00e0 la circulation et au s\u00e9jour, qui relataient que les actes proc\u00e9duraux ont \u00e9t\u00e9 accomplis conform\u00e9ment aux instructions re\u00e7ues et sous le contr\u00f4le de l'officier de police judiciaire de permanence du service, ne font pas mention de l'identit\u00e9 de l'officier de police judiciaire sous l'autorit\u00e9 et le contr\u00f4le duquel \u00e9taient effectivement intervenues les diligences accomplies ; que pourtant, Farida X... ne fait \u00e9tat d'aucun grief en lien avec l'irr\u00e9gularit\u00e9 qu'elle d\u00e9crit ; qu'il conviendra par cons\u00e9quent d'\u00e9carter le moyen tir\u00e9 de l'irr\u00e9gularit\u00e9 all\u00e9gu\u00e9e de ce chef ; que sur le respect par l'administration de l'obligation de diligence mise \u00e0 sa charge, les dispositions de l'article 15 de la directive n\u00b02008/115/CE du parlement et du conseil du 16 d\u00e9cembre 2008 relative aux normes et proc\u00e9dures communes applicables dans les Etats membres au retour des ressortissants de pays tiers en s\u00e9jour irr\u00e9gulier pr\u00e9voient que toute mesure de r\u00e9tention doit \u00eatre aussi br\u00e8ve que possible et ne doit \u00eatre maintenue qu'aussi longtemps que le dispositif d'\u00e9loignement est en cours et ex\u00e9cut\u00e9 avec toute la diligence requise ; qu'il r\u00e9sulte des dispositions de l'article L. 554-1 du code de l'entr\u00e9e et du s\u00e9jour des \u00e9trangers et du droit d'asile qu'un \u00e9tranger ne peut \u00eatre plac\u00e9 ou maintenu en r\u00e9tention que pour le temps strictement n\u00e9cessaire \u00e0 son d\u00e9part, l'administration \u00e9tant alors tenue d'exercer toute diligence \u00e0 cet effet ; que, au cas particulier, il appara\u00eet que, suite au placement en r\u00e9tention administrative de Farida X... \u00e0 compter du 23 novembre 2016 \u00e0 15h40, les services de la police aux fronti\u00e8res du centre de r\u00e9tention administrative de [...] ont saisi le p\u00f4le central d'\u00e9loignement de la direction g\u00e9n\u00e9rale de la police nationale d'une demande de transport \u00e0 destination de l'Alg\u00e9rie, le 24 novembre 2016 \u00e0 8h51, que la circonstance que la dur\u00e9e de validit\u00e9 du transport d\u00e9livr\u00e9 \u00e0 Farida X... par les autorit\u00e9s de la R\u00e9publique alg\u00e9rienne d\u00e9mocratique et populaire, soit arriv\u00e9e \u00e0 \u00e9ch\u00e9ance le 24 novembre 2015 n'est pas de nature \u00e0 \u00e9tablir que les diligences accomplies \u00e0 l'initiative des services pr\u00e9fectoraux seraient de nul effet ; que Farida X... n'\u00e9tablit pas le d\u00e9faut de diligence de l'administration qu'elle all\u00e8gue ; que par cons\u00e9quent, au regard de l'ensemble de ces \u00e9l\u00e9ments, il conviendra de confirmer l'ordonnance d\u00e9f\u00e9r\u00e9e au juge des libert\u00e9s et de la d\u00e9tention de Lyon en toutes ses dispositions.",
        "ALORS QUE la prolongation du placement en r\u00e9tention d'un \u00e9tranger ne peut \u00eatre ordonn\u00e9e qu'\u00e0 condition que celui-ci ne pr\u00e9sente pas les garanties suffisantes de repr\u00e9sentation effectives propres \u00e0 pr\u00e9venir le risque qu'il se soustraie \u00e0 la mesure d'\u00e9loignement dont il est l'objet ; qu'en ordonnant la prolongation de la r\u00e9tention de Mme X... pour une dur\u00e9e de vingt-huit jours, alors que celle-ci \u00e9tablissait qu'elle disposait d'un lieu de r\u00e9sidence stable et qu'elle avait fourni aux services de police les documents justifiant son identit\u00e9, en sorte qu'elle justifiait de garanties de repr\u00e9sentation effectives, le premier pr\u00e9sident de la cour d'appel de Paris a viol\u00e9 l'article L. 551-1 du code de l'entr\u00e9e et du s\u00e9jour des \u00e9trangers et du droit d'asile."
    ]
}