{
    "decision-0": [
        "CIV. 1",
        "MF",
        "COUR DE CASSATION",
        "______________________",
        "Audience publique du 5 d\u00e9cembre 2018",
        "Cassation partielle sans renvoi",
        "Mme BATUT, pr\u00e9sident",
        "Arr\u00eat n\u00b0 1177 F-D",
        "Pourvoi n\u00b0 Z 17-30.979",
        "R \u00c9 P U B L I Q U E F R A N \u00c7 A I S E",
        "_________________________",
        "AU NOM DU PEUPLE FRAN\u00c7AIS",
        "_________________________",
        "LA COUR DE CASSATION, PREMI\u00c8RE CHAMBRE CIVILE, a rendu l'arr\u00eat suivant :",
        "Statuant sur le pourvoi form\u00e9 par le pr\u00e9fet du Pas-de-Calais, domicili\u00e9 [...] ,",
        "contre l'ordonnance rendue le 10 octobre 2017 par le premier pr\u00e9sident de la cour d'appel de Douai (chambre des libert\u00e9s individuelles), dans le litige l'opposant :",
        "1\u00b0/ \u00e0 M. Z... Y... , sans domicile [...] ,",
        "2\u00b0/ au procureur g\u00e9n\u00e9ral pr\u00e8s la cour d'appel de Douai, domicili\u00e9 [...] ,",
        "d\u00e9fendeurs \u00e0 la cassation ;",
        "Le demandeur invoque, \u00e0 l'appui de son pourvoi, le moyen unique de cassation annex\u00e9 au pr\u00e9sent arr\u00eat ;",
        "Vu la communication faite au procureur g\u00e9n\u00e9ral ;",
        "LA COUR, en l'audience publique du 6 novembre 2018, o\u00f9 \u00e9taient pr\u00e9sentes : Mme Batut, pr\u00e9sident, Mme X..., conseiller r\u00e9f\u00e9rendaire rapporteur, Mme Wallon, conseiller doyen, Mme Pecquenard, greffier de chambre ;",
        "Sur le rapport de Mme X..., conseiller r\u00e9f\u00e9rendaire, les observations de la SCP Garreau, Bauer-Violas et Feschotte-Desbois, avocat du pr\u00e9fet du Pas-de-Calais, et apr\u00e8s en avoir d\u00e9lib\u00e9r\u00e9 conform\u00e9ment \u00e0 la loi ;"
    ],
    "decision-1": [
        "Sur le moyen unique, pris en sa premi\u00e8re branche :"
    ],
    "decision-2": [
        "Vu la loi des 16-24 ao\u00fbt 1790 et le d\u00e9cret du 16 fructidor an III, ensemble les articles L. 512-1 et L. 551-1 \u00e0 L. 551-3 du code de l'entr\u00e9e et du s\u00e9jour des \u00e9trangers et du droit d'asile ;"
    ],
    "decision-3": [
        "Attendu, selon l'ordonnance attaqu\u00e9e, rendue par le premier pr\u00e9sident d'une cour d'appel, et les pi\u00e8ces de la proc\u00e9dure, que M. Y..., de nationalit\u00e9 afghane, en situation irr\u00e9guli\u00e8re sur le territoire national, a \u00e9t\u00e9 interpell\u00e9 le 5 octobre 2017 \u00e0 Calais ; que le jour m\u00eame, le pr\u00e9fet a pris un arr\u00eat\u00e9 lui ordonnant de quitter le territoire fran\u00e7ais sans d\u00e9lai de d\u00e9part volontaire, fixant l'Afghanistan comme pays de destination et l'a plac\u00e9 en r\u00e9tention administrative ;",
        "Attendu que, pour prononcer la mainlev\u00e9e de cette mesure, l'ordonnance retient que la perspective raisonnable d'un \u00e9loignement de M. Y... \u00e0 l'issue de la r\u00e9tention, \u00e9ventuellement prolong\u00e9e, dans le respect des conditions de l'article L. 513-2 du code de l'entr\u00e9e et du s\u00e9jour des \u00e9trangers et du droit d'asile, ou dans le d\u00e9lai pr\u00e9vu par l'accord sign\u00e9 le 2 octobre 2016 entre l'Union Europ\u00e9enne et les autorit\u00e9s centrales afghanes, n'est pas \u00e9tablie ;"
    ],
    "decision-4": [
        "Qu'en statuant ainsi, le premier pr\u00e9sident, qui s'est prononc\u00e9 sur l'opportunit\u00e9 d'un \u00e9loignement vers l'Afghanistan, et, par suite, sur la l\u00e9galit\u00e9 de la d\u00e9cision administrative fixant le pays de renvoi, a exc\u00e9d\u00e9 ses pouvoirs en violation des textes susvis\u00e9s ;",
        "Et vu les articles L. 411-3 du code de l'organisation judiciaire et 1015 du code de proc\u00e9dure civile ;"
    ],
    "decision-5": [
        "PAR CES MOTIFS et sans qu'il y ait lieu de statuer sur les autres branches du moyen :",
        "CASSE ET ANNULE, sauf en ce qu'elle d\u00e9clare l'appel recevable, l'ordonnance rendue le 10 octobre 2017, entre les parties, par le premier pr\u00e9sident de la cour d'appel de Douai ;",
        "DIT n'y avoir lieu \u00e0 renvoi ;",
        "Dit que sur les diligences du procureur g\u00e9n\u00e9ral pr\u00e8s la Cour de cassation, le pr\u00e9sent arr\u00eat sera transmis pour \u00eatre transcrit en marge ou \u00e0 la suite de l'ordonnance partiellement cass\u00e9e ;",
        "Ainsi fait et jug\u00e9 par la Cour de cassation, premi\u00e8re chambre civile, et prononc\u00e9 par le pr\u00e9sident en son audience publique du cinq d\u00e9cembre deux mille dix-huit."
    ],
    "decision-6": [
        "MOYEN ANNEXE au pr\u00e9sent arr\u00eat",
        "Moyen produit par la SCP Garreau, Bauer-Violas et Feschotte-Desbois, avocat aux Conseils, pour le pr\u00e9fet du Pas-de-Calais.",
        "Le moyen reproche \u00e0 l'ordonnance infirmative attaqu\u00e9e d'avoir d\u00e9clar\u00e9 l'appel recevable et ordonn\u00e9 la mainlev\u00e9e de la r\u00e9tention administrative de M. Y... et sa remise en libert\u00e9 imm\u00e9diate,",
        "AUX MOTIFS QUE",
        "\u00ab L'article L 554-1du code de l'entr\u00e9e et du s\u00e9jour des \u00e9trangers et du droit d'asile dispose qu'un \u00e9tranger ne peut \u00eatre plac\u00e9 ou maintenu en r\u00e9tention que pour le temps strictement n\u00e9cessaire \u00e0 son d\u00e9part ;l'administration doit effectuer toutes diligences \u00e0 cet effet ;",
        "Le juge des libert\u00e9s et de la d\u00e9tention est comp\u00e9tent pour mettre fin \u00e0 tout moment \u00e0 la r\u00e9tention administrative, lorsque des circonstances de fait ou de droit le justifient ;",
        "La d\u00e9cision portant obligation de quitter le territoire fran\u00e7ais indique l'Afghanistan comme pays de retour ;",
        "Dans les diligences effectu\u00e9es et les difficult\u00e9s rencontr\u00e9es, M. le Pr\u00e9fet du Pas-de-Calais fait valoir qu'une demande de laissez-passer consulaire a \u00e9t\u00e9 form\u00e9e au regard de la nationalit\u00e9 d\u00e9clar\u00e9e de l'appelant, laquelle est corrobor\u00e9e par la langue qu'il parle ;",
        "Il expose la difficult\u00e9 en raison du refus de M. A... Y... de proc\u00e9der au relev\u00e9 des empreintes digitales pour permettre la v\u00e9rification d'une demande d'asile ;",
        "M. A... Y... a justifi\u00e9 un rendez-vous \u00e0 Lille pour d\u00e9poser un dossier de demandeur d'asile le 1 ao\u00fbt 2017, dossier qui n'a fait l'objet d'aucune enregistrement ;",
        "Sans se prononcer sur l'opportunit\u00e9 de la l\u00e9galit\u00e9 d'un retour \u00e9ventuel dans le pays dont il revendique la nationalit\u00e9, soit l'Afghanistan, qui, comme le souligne M. le pr\u00e9fet du Pas-de-Calais rel\u00e8ve de la comp\u00e9tence du juge administratif, il convient de constater que la r\u00e9tention de M. Z... Y... n'est pas justifi\u00e9e dans la perspective raisonnable d'un \u00e9loignement \u00e0 l'issue de la r\u00e9tention m\u00eame prolong\u00e9e.",
        "Elle ne peut davantage se justifier sur les n\u00e9cessit\u00e9s de v\u00e9rifier l'identit\u00e9 de l'appelant, dont sa nationalit\u00e9, ces v\u00e9rifications devant \u00eatre effectu\u00e9es sur le temps de la retenue. La r\u00e9tention a pour seul objectif de mettre en oeuvre l'\u00e9loignement lorsque celui-ci ne peut intervenir imm\u00e9diatement.",
        "La perspective d'un \u00e9loignement \u00e0 l'issue de la r\u00e9tention administrative, \u00e9ventuellement prolong\u00e9e, dans le respect des conditions de l'article L 513-2 du code de l'entr\u00e9e et du droit d'asile, ou dans le d\u00e9lai pr\u00e9vu par l'accord sign\u00e9 le 2 octobre 2016 entre l'Union europ\u00e9enne et les autorit\u00e9s centrales afghanes n'est pas \u00e9tabli.",
        "Dans ces conditions, et sans qu'il soit n\u00e9cessaire d'examiner les autres moyens, il y a lieu d'ordonner la main-lev\u00e9e de la r\u00e9tention administrative de M. Z... Y... et de le remettre en libert\u00e9 \u00bb,",
        "ALORS, A TITRE PRINCIPAL, QUE le juge administratif est seul comp\u00e9tent pour conna\u00eetre de la l\u00e9galit\u00e9 des d\u00e9cisions relatives au s\u00e9jour et \u00e0 l'\u00e9loignement, et notamment des d\u00e9cisions fixant le pays de destination, quand bien m\u00eame leur ill\u00e9galit\u00e9 serait invoqu\u00e9e par voie d'exception \u00e0 l'occasion du contentieux, devant le juge judiciaire, du placement ou de la prolongation du placement en r\u00e9tention si bien qu'en retenant, pour prononcer la mainlev\u00e9e de la mesure de r\u00e9tention de l'int\u00e9ress\u00e9, que le renvoi vers l'Afghanistan n'\u00e9tait pas possible dans le respect des dispositions de l'article L 513-2 du code de l'entr\u00e9e et du s\u00e9jour des \u00e9trangers et du droit d'asile, le magistrat d\u00e9l\u00e9gu\u00e9 qui, tout en s'en d\u00e9fendant, a n\u00e9cessairement ainsi port\u00e9 une appr\u00e9ciation sur la l\u00e9galit\u00e9 de la d\u00e9cision fixant le pays de destination, distincte de l'arr\u00eat\u00e9 de placement en r\u00e9tention, a exc\u00e9d\u00e9 ses pouvoirs en violation de la loi des 16-24 ao\u00fbt 1790, du d\u00e9cret du 16 fructidor an III et de l'article L. 512-1 du code de l'entr\u00e9e et du s\u00e9jour des \u00e9trangers et du droit d'asile.",
        "ALORS, EN OUTRE, QU'un \u00e9tranger peut \u00eatre maintenu en r\u00e9tention pour le temps strictement n\u00e9cessaire \u00e0 son d\u00e9part de sorte qu'en pronon\u00e7ant la mainlev\u00e9e de la r\u00e9tention administrative de l'int\u00e9ress\u00e9, apr\u00e8s avoir pourtant constat\u00e9 que l'administration avait sollicit\u00e9 des autorit\u00e9s consulaires afghanes un laissez-passer, ce dont il r\u00e9sultait que l'administration avait effectu\u00e9 les diligences ad\u00e9quates depuis le placement en r\u00e9tention pour proc\u00e9der au renvoi de l'int\u00e9ress\u00e9 vers son pays d'origine, le magistrat d\u00e9l\u00e9gu\u00e9 de la cour d'appel, qui n'a pas tir\u00e9 les cons\u00e9quences l\u00e9gales de ses propres constatations, a viol\u00e9 les dispositions des articles L 554-1 et L 552-1 du code de l'entr\u00e9e et du s\u00e9jour des \u00e9trangers et du droit d'asile,",
        "ALORS, A TITRE SUBSIDIAIRE, QU'il appartient \u00e0 la personne qui sollicite la mainlev\u00e9e de la r\u00e9tention administrative d'\u00e9tablir la r\u00e9alit\u00e9 des risques que comporterait pour lui, personnellement, le retour dans son pays d'origine si bien qu'en retenant, pour prononcer la mainlev\u00e9e de la r\u00e9tention administrative de l'int\u00e9ress\u00e9, que la perspective d'un \u00e9loignement dans le respect des dispositions de l'article L 513-2 du code de l'entr\u00e9e et du s\u00e9jour des \u00e9trangers et du droit d'asile n'\u00e9tait pas \u00e9tabli et que l'int\u00e9ress\u00e9 avait d\u00e9pos\u00e9 une demande d'asile, sans caract\u00e9riser un risque personnel pesant sur l'int\u00e9ress\u00e9 en cas de retour dans son pays, le magistrat d\u00e9l\u00e9gu\u00e9 a priv\u00e9 sa d\u00e9cision de base l\u00e9gale au regard des dispositions des article L 513-2 et L 552-1 du code de l'entr\u00e9e et du s\u00e9jour des \u00e9trangers et du droit d'asile."
    ]
}