{
    "decision-0": [
        "CIV. 2",
        "CH.B",
        "COUR DE CASSATION",
        "______________________",
        "Audience publique du 7 mars 2019",
        "Cassation partielle",
        "Mme FLISE, pr\u00e9sident",
        "Arr\u00eat n\u00b0 306 F-D",
        "Pourvoi n\u00b0 V 18-10.716",
        "Aide juridictionnelle totale en d\u00e9fense",
        "au profit de Mme N....",
        "Admission du bureau d'aide juridictionnelle",
        "pr\u00e8s la Cour de cassation",
        "en date du 29 mai 2018.",
        "R \u00c9 P U B L I Q U E F R A N \u00c7 A I S E",
        "_________________________",
        "AU NOM DU PEUPLE FRAN\u00c7AIS",
        "_________________________",
        "LA COUR DE CASSATION, DEUXI\u00c8ME CHAMBRE CIVILE, a rendu l'arr\u00eat suivant :",
        "Statuant sur le pourvoi form\u00e9 par le Fonds de garantie des victimes des actes de terrorisme et d'autres infractions (FGTI), dont le si\u00e8ge est [...] ,",
        "contre l'arr\u00eat rendu le 16 novembre 2017 par la cour d'appel de Paris (p\u00f4le 2, chambre 4), dans le litige l'opposant \u00e0 Mme A... N..., domicili\u00e9e [...] ,",
        "d\u00e9fenderesse \u00e0 la cassation ;",
        "La demanderesse invoque, \u00e0 l'appui de son pourvoi, les deux moyens de cassation annex\u00e9s au pr\u00e9sent arr\u00eat ;",
        "Vu la communication faite au procureur g\u00e9n\u00e9ral ;",
        "LA COUR, en l'audience publique du 30 janvier 2019, o\u00f9 \u00e9taient pr\u00e9sents : Mme Flise, pr\u00e9sident, M. Boiffin, conseiller rapporteur, M. Savatier, conseiller doyen, Mme Rosette, greffier de chambre ;",
        "Sur le rapport de M. Boiffin, conseiller, les observations de la SCP Delvolv\u00e9 et Trichet, avocat du Fonds de garantie des victimes des actes de terrorisme et d'autres infractions, de la SCP Richard, avocat de Mme N..., l'avis de M. Grignon Dumoulin, avocat g\u00e9n\u00e9ral, et apr\u00e8s en avoir d\u00e9lib\u00e9r\u00e9 conform\u00e9ment \u00e0 la loi ;"
    ],
    "decision-1": [
        "Attendu, selon l'arr\u00eat attaqu\u00e9, que, par jugements des 30 juillet 2012 et 13 avril 2015, un tribunal correctionnel a reconnu Mme N... victime des faits de prostitution forc\u00e9e et de traite d'\u00eatres humains et lui a allou\u00e9 diverses sommes en r\u00e9paration de ses pr\u00e9judices ; que Mme N... a saisi une commission d'indemnisation des victimes d'infractions ;",
        "Attendu qu'il n'y a pas lieu de statuer par une d\u00e9cision sp\u00e9cialement motiv\u00e9e sur le premier moyen, annex\u00e9, qui n'est manifestement pas de nature \u00e0 entra\u00eener la cassation ;",
        "Mais, sur le second moyen, pris en sa premi\u00e8re branche :"
    ],
    "decision-2": [
        "Vu l'article 706-3 du code de proc\u00e9dure p\u00e9nale, ensemble le principe de la r\u00e9paration int\u00e9grale sans perte ni profit pour la victime ;",
        "Attendu que pour lui allouer la somme de 30 000 euros au titre de la perte de gains professionnels futurs, l'arr\u00eat \u00e9nonce que depuis qu'elle a pu se soustraire \u00e0 l'emprise des prox\u00e9n\u00e8tes qui l'exploitaient, Mme N..., qui a b\u00e9n\u00e9fici\u00e9 de la protection subsidiaire pr\u00e9vue par l'article L. 712-1 du code de l'entr\u00e9e et du s\u00e9jour des \u00e9trangers et du droit d'asile, a entrepris une formation professionnelle, qu'elle ne d\u00e9montre pas ne pas \u00eatre en mesure, une fois celle-ci achev\u00e9e, de trouver un emploi, et que, compte-tenu des faits dont elle a \u00e9t\u00e9 victime et qui ont retard\u00e9 son entr\u00e9e dans la vie active, il est justifi\u00e9 de retenir qu'elle aurait per\u00e7u, \u00e0 compter de la consolidation de son \u00e9tat, un salaire de 500 euros par mois et de calculer le pr\u00e9judice pendant cinq ans ;",
        "Qu'en statuant ainsi, sans avoir constat\u00e9 que subsistait, apr\u00e8s la consolidation de l'\u00e9tat de Mme N... et pendant les cinq ann\u00e9es suivantes, une incapacit\u00e9 permanente mettant celle-ci dans l'impossibilit\u00e9 d'exercer une activit\u00e9 professionnelle ou en limitant la possibilit\u00e9, la cour d'appel a viol\u00e9 le texte et le principe susvis\u00e9s ;"
    ],
    "decision-3": [
        "PAR CES MOTIFS et sans qu'il y ait lieu de statuer sur les autres branches du second moyen :",
        "CASSE ET ANNULE, mais seulement en ce qu'il alloue \u00e0 Mme N... la somme de 30 000 euros au titre de la perte de gains professionnels futurs, l'arr\u00eat rendu le 16 novembre 2017, entre les parties, par la cour d'appel de Paris ; remet, en cons\u00e9quence, sur ce point, la cause et les parties dans l'\u00e9tat o\u00f9 elles se trouvaient avant ledit arr\u00eat et, pour \u00eatre fait droit, les renvoie devant la cour d'appel de Paris, autrement compos\u00e9e ;",
        "Laisse les d\u00e9pens \u00e0 la charge du Tr\u00e9sor public ;",
        "Vu l'article 700 du code de proc\u00e9dure civile, rejette la demande de la SCP Yves Richard ;",
        "Dit que sur les diligences du procureur g\u00e9n\u00e9ral pr\u00e8s la Cour de cassation, le pr\u00e9sent arr\u00eat sera transmis pour \u00eatre transcrit en marge ou \u00e0 la suite de l'arr\u00eat partiellement cass\u00e9 ;",
        "Ainsi fait et jug\u00e9 par la Cour de cassation, deuxi\u00e8me chambre civile, et prononc\u00e9 par le pr\u00e9sident en son audience publique du sept mars deux mille dix-neuf."
    ],
    "decision-4": [
        "MOYENS ANNEXES au pr\u00e9sent arr\u00eat.",
        "Moyens produits par la SCP Delvolv\u00e9 et Trichet, avocat aux Conseils, pour le Fonds de garantie des victimes des actes de terrorisme et d'autres infractions.",
        "PREMIER MOYEN DE CASSATION",
        "Il est fait grief \u00e0 l'arr\u00eat d'avoir allou\u00e9 \u00e0 Mme N... la somme de 11 925 euros en r\u00e9paration de la perte de gains professionnels actuels ;",
        "Aux motifs que \u00ab Mme A... N... critique le jugement qui a rejet\u00e9 sa demande (rejet de la demande omis dans le dispositif du jugement), en faisant valoir qu'elle suivait des \u00e9tudes de biologie au Nig\u00e9ria, et qu'elle a perdu une chance de travailler \u00e0 son arriv\u00e9e en France ; qu'elle calcule son pr\u00e9judice sur la base d'une perte de chance de 50 % de percevoir un salaire mensuel de 1 000 euros et r\u00e9duit la somme obtenue pour tenir compte du pourcentage retenu par les experts au titre du d\u00e9ficit fonctionnel temporaire (75 % pendant 37 mois, 50 % pendant 7 mois et 25 % pendant 34 mois) ; que le FGTI qui sollicite dans le corps de ses \u00e9critures la confirmation du jugement sur ce point, et qui en demande l'infirmation dans le dispositif, s'oppose \u00e0 la demande en raison d'une part, de l'absence de justificatif d'un emploi exerc\u00e9 avant les faits, et de toute formation professionnelle, et d'autre part, des difficult\u00e9s linguistiques de la victime et de sa situation irr\u00e9guli\u00e8re sur le sol fran\u00e7ais, rendant selon lui peu probable qu'elle ait pu, m\u00eame en l'absence de faits justifiant la saisine de la Commission, exercer une activit\u00e9 professionnelle ; que toutefois, il ne peut \u00eatre reproch\u00e9 \u00e0 Mme A... N... arriv\u00e9e en France avec l'intention d'entamer une formation de coiffeuse et d'exercer un emploi, ainsi que cela ressort de ses d\u00e9clarations aux m\u00e9decins qui l'ont examin\u00e9e, et alors qu'elle \u00e9tait \u00e2g\u00e9e de seulement 20 ans, de ne pas produire de justificatif d'une activit\u00e9 professionnelle exerc\u00e9e avant les faits ; que comme l'observe justement Mme A... N..., son entr\u00e9e dans la prostitution forc\u00e9e, sous l'emprise de prox\u00e9n\u00e8tes cherchant \u00e0 la maintenir dans un \u00e9tat de vuln\u00e9rabilit\u00e9 extr\u00eame, ne lui a pas permis de r\u00e9gulariser sa situation administrative ; qu'il ne peut pas non plus \u00eatre tir\u00e9 de l'absence de justificatif des \u00e9tudes universitaires qu'elle d\u00e9clare avoir faites, qu'elle n'aurait pas pu travailler en France ; que m\u00eame en l'absence du fait dommageable, ses perspectives d'emploi \u00e9taient limit\u00e9es, il n'en demeure pas moins qu'en raison des infractions dont elle a \u00e9t\u00e9 victime, elle a perdu une chance de se former et d'exercer une activit\u00e9 professionnelle pendant la totalit\u00e9 de la p\u00e9riode pr\u00e9c\u00e9dant la consolidation ; que le pr\u00e9judice de la perte de gain est ind\u00e9pendant dans l'appr\u00e9ciation qui en est faite du d\u00e9ficit fonctionnel temporaire, poste de pr\u00e9judice extra patrimonial ; que cependant, il y a lieu de tenir compte de la demande et en cons\u00e9quence de calculer le pr\u00e9judice selon la m\u00e9thode retenue par Mme A... N... ; qu'au regard de sa situation personnelle telle que rappel\u00e9e ci-dessus, la cour \u00e9value la perte de chance de Mme A... N... \u00e0 50 % de 600 \u20ac, revenu auquel elle aurait pu pr\u00e9tendre si elle n'avait pas \u00e9t\u00e9 contrainte de se prostituer, soit [(300 x 75 % x 37 mois) + (300 \u20ac x 50 % x 7 mois) + (300 \u20ac x 25 % x 34 mois)] = 11.925 euros \u00bb (arr\u00eat, p. 4, ant\u00e9p\u00e9nult. \u00a7 et s.) ;",
        "1\u00b0) Alors, d'une part, que la disparition d'une \u00e9ventualit\u00e9 favorable n'est r\u00e9parable au titre de la perte de chance qu'autant que la chance perdue pr\u00e9sente un caract\u00e8re r\u00e9el et s\u00e9rieux ; qu'en retenant, pour allouer \u00e0 Mme N... la somme de 11 925 euros au titre de la perte de gains professionnels actuels, qu'en raison des infractions dont elle a \u00e9t\u00e9 victime, celle-ci avait perdu une chance de se former et d'exercer une activit\u00e9 professionnelle pendant la totalit\u00e9 de la p\u00e9riode pr\u00e9c\u00e9dant la consolidation, cependant qu'elle constatait que, m\u00eame en l'absence du fait dommageable, Mme N..., qui ne b\u00e9n\u00e9ficiait d'aucune formation professionnelle, qui se trouvait en situation irr\u00e9guli\u00e8re en France et ne parlait pas le fran\u00e7ais, ne b\u00e9n\u00e9ficiait que de perspectives d'emploi limit\u00e9es, la cour d'appel a r\u00e9par\u00e9 une chance d\u00e9pourvue de caract\u00e8re s\u00e9rieux et donc un pr\u00e9judice purement hypoth\u00e9tique, en violation de l'article 706-3 du code de proc\u00e9dure p\u00e9nale et du principe de la r\u00e9paration int\u00e9grale sans perte ni profit pour la victime ;",
        "2\u00b0) Alors, d'autre part, que la perte de chance implique la privation d'une potentialit\u00e9 pr\u00e9sentant un caract\u00e8re de probabilit\u00e9 raisonnable ; qu'en se bornant \u00e0 affirmer que, du fait des infractions dont elle avait \u00e9t\u00e9 victime, Mme N... avait perdu une chance de se former et d'exercer une activit\u00e9 professionnelle pendant la totalit\u00e9 de la p\u00e9riode pr\u00e9c\u00e9dant la consolidation et de pouvoir ainsi esp\u00e9rer un revenu mensuel de 600 euros, base sur laquelle le pr\u00e9judice a \u00e9t\u00e9 \u00e9valu\u00e9, sans caract\u00e9riser, au regard des circonstances de l'esp\u00e8ce, le caract\u00e8re de probabilit\u00e9 raisonnable de cette possibilit\u00e9, la cour d'appel a priv\u00e9 sa d\u00e9cision de base l\u00e9gale au regard de l'article 706-3 du code de proc\u00e9dure p\u00e9nale et du principe de la r\u00e9paration int\u00e9grale sans perte ni profit pour la victime.",
        "SECOND MOYEN DE CASSATION",
        "Il est fait grief \u00e0 l'arr\u00eat attaqu\u00e9 d'avoir allou\u00e9 \u00e0 Mme N... la somme de 30 000 euros au titre de la perte de gains professionnels futurs ;",
        "Aux motifs propres que \u00ab depuis qu'elle a pu se soustraire \u00e0 l'emprise des prox\u00e9n\u00e8tes qui l'exploitaient, Mme A... N..., aid\u00e9e par l'association Les amis du bus des femmes, et qui a b\u00e9n\u00e9fici\u00e9 ainsi que cela ressort du rapport du docteur G... de la protection subsidiaire pr\u00e9vue par l'article L 712-1 du code de l'entr\u00e9e et du s\u00e9jour des \u00e9trangers et du droit d'asile, a entrepris une formation professionnelle ; qu'elle ne d\u00e9montre pas ne pas \u00eatre en mesure, une fois celle-ci achev\u00e9e, de trouver un emploi ; que compte tenu des faits dont elle a \u00e9t\u00e9 victime qui ont retard\u00e9 son entr\u00e9e dans la vie active, il est justifi\u00e9 de retenir ainsi que l'a fait la commission, qu'elle aurait per\u00e7u, \u00e0 compter de la consolidation de son \u00e9tat, un salaire de 500 \u20ac par mois et de calculer le pr\u00e9judice pendant 5 ans ; que la d\u00e9cision qui lui a allou\u00e9 la somme de 30.000 \u20ac de ce chef est confirm\u00e9e \u00bb (arr\u00eat attaqu\u00e9, p. 4, \u00a7 5) ;",
        "Et, \u00e0 la supposer adopt\u00e9s, aux motifs que \u00ab les pertes de gains professionnels futures correspondent \u00e0 la perte ou \u00e0 la diminution des revenus cons\u00e9cutive \u00e0 l'incapacit\u00e9 permanente \u00e0 compter de la date de consolidation ; que les cons\u00e9quences de la prostitution forc\u00e9e d'A... N... ont engendr\u00e9 de graves cons\u00e9quences sur le plan psychologique chez cette jeune victime ; que Mme A... N... dispose aujourd'hui d'un titre de s\u00e9jour et \u00e9tait suivie en 2012 par l'association \"les amis du bus des femmes\" dont une assistante sociale indiquait qu'elle a une grande volont\u00e9 et des capacit\u00e9s d'apprentissage, mais que le choc post traumatique entrave ses capacit\u00e9s d'insertion ; que dans ces conditions, le tribunal fixera la perte de gains \u00e0 la somme de 500 \u20ac par mois comme demand\u00e9, sur une dur\u00e9e de 5 ann\u00e9es ; qu'il sera en cons\u00e9quence allou\u00e9 la somme de 30000\u20ac \u00bb (jugement entrepris, p. 3, \u00a7 7 et s.).",
        "1\u00b0) Alors, d'une part, que la perte de gains professionnels futurs indemnise la victime de la perte ou de la diminution de ses revenus cons\u00e9cutive \u00e0 l'incapacit\u00e9 permanente \u00e0 laquelle elle est d\u00e9sormais confront\u00e9e dans la sph\u00e8re professionnelle \u00e0 la suite du dommage ; qu'elle suppose une impossibilit\u00e9, au moins partielle, d'exercer une activit\u00e9 professionnelle en raison d'une incapacit\u00e9 permanente dont elle reste atteinte ; qu'en retenant, pour allouer \u00e0 Mme N... la somme de 30 000 euros correspondant \u00e0 un salaire de 500 euros par mois sur les cinq ans suivant la date de consolidation, que les faits ont retard\u00e9 sa formation et son entr\u00e9e dans la vie active, sans constater en quoi subsistait apr\u00e8s la date de consolidation, une incapacit\u00e9 emp\u00eachant ou limitant, sur les cinq ans suivant cette date, la possibilit\u00e9 d'exercer un emploi, la cour d'appel a viol\u00e9 l'article 706-3 du code de proc\u00e9dure p\u00e9nale et le principe de la r\u00e9paration int\u00e9grale du pr\u00e9judice sans perte ni profit pour la victime ;",
        "2\u00b0) Alors, de plus, que la perte de gains professionnels futurs a pour objet d'indemniser la victime de la perte ou de la diminution de ses revenus cons\u00e9cutive \u00e0 l'incapacit\u00e9 permanente \u00e0 laquelle elle est d\u00e9sormais confront\u00e9e dans la sph\u00e8re professionnelle \u00e0 la suite du dommage qu'elle a subi ; que cette perte correspond \u00e0 la diff\u00e9rence entre les gains obtenus par la victime avant l'accident et ceux conserv\u00e9s ou esp\u00e9r\u00e9s apr\u00e8s celui-ci ; qu'en allouant \u00e0 Mme N... la somme de 30 000 euros correspondant \u00e0 un salaire mensuel de 500 euros sur les cinq ans suivant la date de consolidation, lorsqu'elle avait constat\u00e9 que Mme N... n'exer\u00e7ait aucune activit\u00e9 r\u00e9mun\u00e9r\u00e9e au moment de l'infraction (arr\u00eat attaqu\u00e9, p. 5, \u00a7 1), ce dont il se d\u00e9duisait que la victime n'avait pu subir de diminution de salaire cons\u00e9cutive \u00e0 l'incapacit\u00e9 permanente \u00e0 laquelle elle aurait confront\u00e9e dans sa sph\u00e8re professionnelle \u00e0 la suite du dommage, la cour d'appel a viol\u00e9 l'article 706-3 du code de proc\u00e9dure p\u00e9nale et le principe de la r\u00e9paration int\u00e9grale du pr\u00e9judice sans perte ni profit pour la victime ;",
        "3\u00b0) Alors, en outre, que l'incidence professionnelle \u00e0 caract\u00e8re d\u00e9finitif a pour objet d'indemniser les incidences p\u00e9riph\u00e9riques du dommage touchant \u00e0 la sph\u00e8re professionnelle subies \u00e0 raison du handicap ; qu'elle suppose que soit caract\u00e9ris\u00e9e une atteinte li\u00e9 \u00e0 l'\u00e9tat s\u00e9quellaire de la victime ; qu'\u00e0 supposer que la somme de 30 000 euros correspondant \u00e0 un salaire de 500 euros par mois sur les cinq ans suivant la date de consolidation ait \u00e9t\u00e9 allou\u00e9e en r\u00e9paration de l'incidence professionnelle, la cour d'appel ne pouvait se d\u00e9terminer ainsi, sans caract\u00e9riser en quoi le retard dans l'entr\u00e9e dans la vie active qu'elle indemnisait r\u00e9sultait de l'\u00e9tat s\u00e9quellaire de la victime, la cour d'appel a priv\u00e9 sa d\u00e9cision de base l\u00e9gale au regard de l'article 706-3 du code de proc\u00e9dure p\u00e9nale et le principe de la r\u00e9paration int\u00e9grale du pr\u00e9judice sans perte ni profit pour la victime ;",
        "4\u00b0) Alors, subsidiairement, que le principe de r\u00e9paration int\u00e9grale du pr\u00e9judice sans perte ni profit pour la victime exclut qu'un m\u00eame pr\u00e9judice puisse \u00eatre r\u00e9par\u00e9 deux fois ; qu'en allouant \u00e0 Mme N... au titre \u00ab de la perte de gains professionnels futurs et/ou de l'incidence professionnelle \u00bb la somme de 30 000 euros correspondant \u00e0 un salaire de 500 euros par mois sur les cinq ans suivant la date de consolidation en r\u00e9paration du retard caus\u00e9 par les faits dans son entr\u00e9e dans la vie active, lorsqu'elle avait d\u00e9j\u00e0 indemnis\u00e9, au titre de la perte de gains professionnels actuels, la perte de chance de d\u00e9buter une activit\u00e9 professionnelle d\u00e8s son arriv\u00e9e en France, la cour d'appel a indemnis\u00e9 deux fois le m\u00eame pr\u00e9judice li\u00e9 au retard dans l'entr\u00e9e dans la vie active induit par l'infraction, la cour d'appel a viol\u00e9 l'article 706-3 du code de proc\u00e9dure p\u00e9nale et le principe susvis\u00e9 ;",
        "5\u00b0) Alors, en toute hypoth\u00e8se, que le pr\u00e9judice li\u00e9 au retard pris par la victime qui n'a pas pu, par suite du fait dommageable, entrer plus t\u00f4t dans la vie active, s'analyse en une perte de chance de ne pas entrer plus t\u00f4t dans la vie active ; que le pr\u00e9judice n\u00e9 d'une telle perte de chance ne peut \u00eatre \u00e9gal au montant des salaires que la victime aurait per\u00e7us si la chance s'\u00e9tait r\u00e9alis\u00e9e mais \u00e0 la seule fraction de ceux-ci, correspondant \u00e0 la chance perdue ; qu'en indemnisant le retard dans l'entr\u00e9e de la victime dans la vie active induit par l'infraction, \u00e0 hauteur de la somme de 30 000 euros correspondant \u00e0 un salaire de 500 euros par mois sur les cinq ans suivant la date de consolidation, et non une simple fraction des sommes que la victime pouvait esp\u00e9rer percevoir, la cour d'appel a viol\u00e9 l'article 706-3 du code de proc\u00e9dure p\u00e9nale et du principe de la r\u00e9paration int\u00e9grale sans perte ni profit pour la victime."
    ]
}