{
    "decision-0": [
        "CIV. 1",
        "FB",
        "COUR DE CASSATION",
        "______________________",
        "Audience publique du 16 janvier 2019",
        "Cassation partielle sans renvoi",
        "Mme BATUT, pr\u00e9sident",
        "Arr\u00eat n\u00b0 29 FS-P+B+I",
        "Pourvoi n\u00b0 W 18-50.047",
        "R \u00c9 P U B L I Q U E F R A N \u00c7 A I S E",
        "_________________________",
        "AU NOM DU PEUPLE FRAN\u00c7AIS",
        "_________________________",
        "LA COUR DE CASSATION, PREMI\u00c8RE CHAMBRE CIVILE, a rendu l'arr\u00eat suivant :",
        "Statuant sur le pourvoi form\u00e9 par le procureur g\u00e9n\u00e9ral pr\u00e8s la cour d'appel de Rouen, domicili\u00e9 en son parquet g\u00e9n\u00e9ral, 36 rue aux Juifs, 76037 Rouen cedex 1,",
        "contre l'ordonnance rendue le 5 avril 2018 par le premier pr\u00e9sident de la cour d'appel de Rouen, dans le litige l'opposant \u00e0 M. A... Z..., sans domicile connu,",
        "d\u00e9fendeur \u00e0 la cassation ;",
        "Le demandeur invoque, \u00e0 l'appui de son pourvoi, le moyen unique de cassation annex\u00e9 au pr\u00e9sent arr\u00eat ;",
        "Vu la communication faite au procureur g\u00e9n\u00e9ral ;",
        "LA COUR, compos\u00e9e conform\u00e9ment \u00e0 l'article R. 431-5 du code de l'organisation judiciaire, en l'audience publique du 4 d\u00e9cembre 2018, o\u00f9 \u00e9taient pr\u00e9sents : Mme Batut, pr\u00e9sident, Mme Gargoullaud, conseiller r\u00e9f\u00e9rendaire rapporteur, M. Hascher, conseiller doyen, M. Reynis, Mme Reygner, M. Vigneau, Mmes Bozzi, Auroy, conseillers, Mmes Mouty-Tardieu, Le Cotty, Azar, Feydeau-Thieffry, conseillers r\u00e9f\u00e9rendaires, Mme Marilly, avocat g\u00e9n\u00e9ral r\u00e9f\u00e9rendaire, Mme Pecquenard, greffier de chambre ;",
        "Sur le rapport de Mme Gargoullaud, conseiller r\u00e9f\u00e9rendaire, l'avis de Mme Marilly, avocat g\u00e9n\u00e9ral r\u00e9f\u00e9rendaire, et apr\u00e8s en avoir d\u00e9lib\u00e9r\u00e9 conform\u00e9ment \u00e0 la loi ;"
    ],
    "decision-1": [
        "Sur le moyen relev\u00e9 d'office, apr\u00e8s avis donn\u00e9 aux parties dans les conditions de l'article 1015 du code de proc\u00e9dure civile :"
    ],
    "decision-2": [
        "Vu les articles L. 512-1, III, 1er alin\u00e9a, et R. 552-10-1 du code de l'entr\u00e9e et du s\u00e9jour des \u00e9trangers et du droit d'asile ;",
        "Attendu qu'il r\u00e9sulte de ces textes que l'\u00e9tranger qui entend contester la r\u00e9gularit\u00e9 de la d\u00e9cision le pla\u00e7ant en r\u00e9tention administrative doit saisir le juge des libert\u00e9s et de la d\u00e9tention par requ\u00eate adress\u00e9e par tout moyen avant l'expiration d'un d\u00e9lai de quarante-huit heures \u00e0 compter de la notification de cette d\u00e9cision ;"
    ],
    "decision-3": [
        "Attendu, selon l'ordonnance attaqu\u00e9e, rendue par le premier pr\u00e9sident d'une cour d'appel, et les pi\u00e8ces de la proc\u00e9dure, qu'apr\u00e8s avoir s\u00e9journ\u00e9 en Italie, M. Z..., de nationalit\u00e9 irakienne, a \u00e9t\u00e9 contr\u00f4l\u00e9 dans la zone d'acc\u00e8s restreint du port du Havre et plac\u00e9 en r\u00e9tention par d\u00e9cision du pr\u00e9fet du 30 mars 2018, dans la perspective de son transfert vers l'Italie ; que le pr\u00e9fet a saisi le juge des libert\u00e9s et de la d\u00e9tention d'une demande de prolongation de cette mesure ;",
        "Attendu que, pour prononcer la mise en libert\u00e9 de M. Z..., l'ordonnance retient que la d\u00e9cision de placement en r\u00e9tention est irr\u00e9guli\u00e8re en l'absence de dispositions r\u00e9glementaires permettant la prise en compte de la vuln\u00e9rabilit\u00e9 des \u00e9trangers, au sens de l'article L. 551-1 du code de l'entr\u00e9e et du s\u00e9jour des \u00e9trangers et du droit d'asile ;"
    ],
    "decision-4": [
        "Qu'en statuant ainsi, alors qu'il n'\u00e9tait pas r\u00e9guli\u00e8rement saisi d'une contestation de la r\u00e9gularit\u00e9 de la d\u00e9cision de placement en r\u00e9tention, en l'absence de requ\u00eate d\u00e9pos\u00e9e \u00e0 cette fin par l'\u00e9tranger, le premier pr\u00e9sident a viol\u00e9 les textes susvis\u00e9s ;",
        "Et vu l'article L. 411-3 du code de l'organisation judiciaire, dont l'application est sugg\u00e9r\u00e9e par le m\u00e9moire ampliatif ;"
    ],
    "decision-5": [
        "PAR CES MOTIFS et sans qu'il y ait lieu de statuer sur le moyen :",
        "CASSE ET ANNULE, sauf en ce qu'il d\u00e9clare l'appel recevable, l'ordonnance rendue le 5 avril 2018, entre les parties, par le premier pr\u00e9sident de la cour d'appel de Rouen ;",
        "DIT n'y avoir lieu \u00e0 renvoi ;",
        "Dit que sur les diligences du procureur g\u00e9n\u00e9ral pr\u00e8s la Cour de cassation, le pr\u00e9sent arr\u00eat sera transmis pour \u00eatre transcrit en marge ou \u00e0 la suite de l'ordonnance partiellement cass\u00e9e ;",
        "Ainsi fait et jug\u00e9 par la Cour de cassation, premi\u00e8re chambre civile, et prononc\u00e9 par le pr\u00e9sident en son audience publique du seize janvier deux mille dix-neuf."
    ],
    "decision-6": [
        "MOYEN ANNEXE au pr\u00e9sent arr\u00eat",
        "Moyen produit par le procureur g\u00e9n\u00e9ral pr\u00e8s la cour d'appel de Rouen.",
        "SUR LE MOYEN UNIQUE DE CASSATION PRIS DE LA VIOLATION DES ARTICLES L. 742-3, L. 551-1 et L. 553-6 DU CESEDA (Violation des droits)",
        "En ce que l'arr\u00eat attaqu\u00e9 a infirm\u00e9 la d\u00e9cision du juge des libert\u00e9s et de la d\u00e9tention du 2 avril 2018 l'ordonnance de la prolongation de la r\u00e9tention administrative de A... Z... ;",
        "Aux motifs:",
        "Qu'en application des dispositions combin\u00e9es du Il de l'article l. 551-1 et du 1\u00b0 bis du 1 de l'article L. 561-2 du code de l'entr\u00e9e et du s\u00e9jour des \u00e9trangers et du droit d'asile, dans leur r\u00e9daction issue de la loi n\u00b0 2018-187 du 20 mars 2018, une personne \u00e9trang\u00e8re faisant l'objet d'une requ\u00eate aux fins de prise en charge ou de reprise en charge en application du r\u00e8glement (UE) n\u00b0 604/2013 du Parlement europ\u00e9en et du Conseil du 26 juin 2013 ne peut \u00eatre plac\u00e9e en r\u00e9tention que sur la base d'une \u00e9valuation individuelle prenant en compte son \u00e9tat de vuln\u00e9rabilit\u00e9 ; que les dispositions de l'article L. 553-6 du m\u00eame code, dans leur r\u00e9daction issue de la loi du 20 mars 2018, pr\u00e9voient que les modalit\u00e9s de prise en compte de cette vuln\u00e9rabilit\u00e9 seront pr\u00e9cis\u00e9es par d\u00e9cret en Conseil d'Etat, de sorte que la publication d'un tel d\u00e9cret conditionne l'entr\u00e9e en vigueur de ces nouvelles dispositions l\u00e9gales;",
        "Qu'en l'esp\u00e8ce, il est constant que monsieur A... Z..., ressortissant irakien est demandeur d'asile en Italie et que sa situation rel\u00e8ve du r\u00e8glement (UE) N\u00b0604/2013 du 26 juin 2013 ; qu'\u00e0 d\u00e9faut de publication d'un d\u00e9cret en Conseil d'Etat pr\u00e9cisant les modalit\u00e9s de prise en compte de sa vuln\u00e9rabilit\u00e9 pour proc\u00e9der \u00e0 une \u00e9valuation individuelle, les nouvelles dispositions de l'article L. 551-1 du code l'entr\u00e9e et du s\u00e9jour des \u00e9trangers et du droit d'asile ne sont pas encore entr\u00e9es en vigueur ;",
        "Que partant, la d\u00e9cision pr\u00e9fectorale de placement en r\u00e9tention de monsieur A... Z..., se trouve priv\u00e9e de base l\u00e9gale ;",
        "Qu'en cons\u00e9quence il convient d'infirmer l'ordonnance entreprise et de mettre fin \u00e0 la r\u00e9tention de monsieur A... Z... , sans qu'il soit besoin d'examiner les autres moyens soulev\u00e9s ;",
        "Alors que",
        "1 -Sauf lorsqu'elle conditionne l'entr\u00e9e en vigueur \u00e0 l'adoption d'un d\u00e9cret, la loi n'a pas besoin de dispositions r\u00e9glementaires pour s'appliquer. La loi n\u00b0 2018-187 du 20 mars 2018 ne renvoie en l'occurrence d\u00e9cret pr\u00e9alable \u00e0 sa mise en application.",
        "Pour m\u00e9moire, cette loi a pour objectif principal de d\u00e9finir un r\u00e9gime sp\u00e9cial de r\u00e9tention pour le personnes \u00ab Dublin\u00e9es \u00bb, c'est-\u00e0-dire celles qui font l'objet d'une d\u00e9cision de transfert en application de l'article L.742-3 ou d'une requ\u00eate aux fins de prise en charge en application du r\u00e8glement n\u00b0 604/2013 du Parlement europ\u00e9en et du Conseil du 26 juin 2013 \u00e9tablissant les crit\u00e8res et m\u00e9canismes de d\u00e9termination de l'Etat membre responsable de l'examen d'une demande de protection internationale introduite dans l'un des Etats membres par un ressortissant de pays tiers ou un apatride.",
        "2 -Par ailleurs, l'article L. 551-1 Il limite les possibilit\u00e9s de placement en r\u00e9tention des \u00ab Dublin\u00e9s \u00bb \u00e0 trois conditions cumulatives :",
        "\u0095 Il existe un risque non n\u00e9gligeable de fuite: cette condition est \u00e9galement applicable au placement des non Dublin\u00e9s, mais les cas dans lesquels le risque non n\u00e9gligeable de fuite peut \u00eatre regard\u00e9 comme \u00e9tablis sont diff\u00e9rents. Ce risque non n\u00e9gligeable de fuite s'appr\u00e9cie sur la base d'une \u00e9valuation individuelle prenant en compte l'\u00e9tat de vuln\u00e9rabilit\u00e9 de l'int\u00e9ress\u00e9.",
        "\u0095 Le placement en r\u00e9tention est proportionn\u00e9.",
        "\u0095 placement en assignation \u00e0 r\u00e9sidence n'est pas possible.",
        "L'article L.551-1 Il ne d\u00e9finit pas l'\u00e9tat de vuln\u00e9rabilit\u00e9 et ne renvoie pas davantage \u00e0 de futures dispositions r\u00e9glementaires.",
        "En revanche, l'article L. 553-6, relatif aux conditions de la r\u00e9tention dispose que \u00ab un d\u00e9cret en Conseil d'Etat d\u00e9finit les modalit\u00e9s selon lesquelles les \u00e9trangers maintenus en r\u00e9tention b\u00e9n\u00e9ficient d'actions d'accueil, d'information et de soutien, pour permettre l'exercice effectif de leurs droits et pr\u00e9parer leur d\u00e9part. Il pr\u00e9cise les modalit\u00e9s de prise en compte de la vuln\u00e9rabilit\u00e9 et, le cas \u00e9ch\u00e9ant, des besoins particuliers des demandeurs d'asile ou des \u00e9trangers faisant l'objet d'une requ\u00eate aux fins de prise en charge ou de reprise en charge, en application du r\u00e8glement (UE) n\u00b0604/2013 du Parlement europ\u00e9en et du Conseil du 26 juin 2013 \u00e9tablissant les crit\u00e8res et m\u00e9canismes de d\u00e9termination de l'Etat membre responsable de l'examen d'une demande de protection internationale introduite dans l'un des Etats membres par un ressortissant de pays tiers ou un apatride, ou d'une d\u00e9cision de transfert notifi\u00e9e conform\u00e9ment \u00e0 l'article L. 742-3 \u00bb.",
        "Ainsi, l'article L. 553-6 ne renvoie pas \u00e0 une d\u00e9finition r\u00e9glementaire de l'\u00e9tat de vuln\u00e9rabilit\u00e9, qui aurait conditionn\u00e9 l'application de l'article L. 551-1 Il, mais seulement des modalit\u00e9s de prise en compte des besoins des \u00e9trangers jug\u00e9s vuln\u00e9rables qui font d\u00e9j\u00e0 l'objet d'un placement en r\u00e9tention.",
        "Il n'est enfin pas exact d'indiquer que les modalit\u00e9s de prise en compte de la vuln\u00e9rabilit\u00e9, d\u00e9finies par d\u00e9cret en Conseil d'Etat, sont n\u00e9cessaires pour l'\u00e9valuation individuelle de l'\u00e9tranger susceptible d'\u00eatre plac\u00e9 en r\u00e9tention."
    ]
}