{
    "decision-0": [
        "CIV. 1",
        "JT",
        "COUR DE CASSATION",
        "______________________",
        "Audience publique du 11 juillet 2019",
        "Cassation",
        "Mme BATUT, pr\u00e9sident",
        "Arr\u00eat n\u00b0 696 F-D",
        "Pourvoi n\u00b0 Z 18-17.574",
        "Aide juridictionnelle totale en d\u00e9fense",
        "au profit de Mme L... .",
        "Admission du bureau d'aide juridictionnelle",
        "pr\u00e8s la Cour de cassation",
        "en date du 20 juillet 2018.",
        "R \u00c9 P U B L I Q U E F R A N \u00c7 A I S E",
        "_________________________",
        "AU NOM DU PEUPLE FRAN\u00c7AIS",
        "_________________________",
        "LA COUR DE CASSATION, PREMI\u00c8RE CHAMBRE CIVILE, a rendu l'arr\u00eat suivant :",
        "Statuant sur le pourvoi form\u00e9 par M. D... Y..., domicili\u00e9 [...] ,",
        "contre l'arr\u00eat rendu le 26 septembre 2017 par la cour d'appel de Toulouse (1re chambre, section 2), dans le litige l'opposant :",
        "1\u00b0/ \u00e0 Mme V... L... , domicili\u00e9e [...] ,",
        "2\u00b0/ au procureur g\u00e9n\u00e9ral pr\u00e8s la cour d'appel de Toulouse, domicili\u00e9 en son parquet g\u00e9n\u00e9ral, [...],",
        "d\u00e9fendeurs \u00e0 la cassation ;",
        "Le demandeur invoque, \u00e0 l'appui de son pourvoi, le moyen unique de cassation annex\u00e9 au pr\u00e9sent arr\u00eat ;",
        "Vu la communication faite au procureur g\u00e9n\u00e9ral ;",
        "LA COUR, en l'audience publique du 12 juin 2019, o\u00f9 \u00e9taient pr\u00e9sentes : Mme Batut, pr\u00e9sident, Mme Feydeau-Thieffry, conseiller r\u00e9f\u00e9rendaire rapporteur, Mme Auroy, conseiller doyen, Mme Pecquenard, greffier de chambre ;",
        "Sur le rapport de Mme Feydeau-Thieffry, conseiller r\u00e9f\u00e9rendaire, les observations de la SCP Rousseau et Tapie, avocat de M. Y..., de la SCP Gouz-Fitoussi, avocat de Mme L... , et apr\u00e8s en avoir d\u00e9lib\u00e9r\u00e9 conform\u00e9ment \u00e0 la loi ;"
    ],
    "decision-1": [
        "Sur le moyen unique, pris en sa deuxi\u00e8me branche :"
    ],
    "decision-2": [
        "Vu l'article 146 du code civil ;"
    ],
    "decision-3": [
        "Attendu, selon l'arr\u00eat attaqu\u00e9, que M. Y..., de nationalit\u00e9 fran\u00e7aise, et Mme L... , de nationalit\u00e9 russe, se sont mari\u00e9s en France le 27 juillet 2013 ; que M. Y... a assign\u00e9 Mme L... en nullit\u00e9 du mariage ;",
        "Attendu que, pour rejeter cette demande, l'arr\u00eat retient qu'il n'est pas \u00e9tabli qu'\u00e0 la date du mariage, Mme L... n'avait pas la volont\u00e9 de se soumettre aux obligations en r\u00e9sultant, celle-ci souhaitant au contraire que son futur \u00e9poux lui convienne et se projetant dans un avenir commun avec lui, peu important qu'elle ait ou non \u00e9prouv\u00e9 des sentiments amoureux ;"
    ],
    "decision-4": [
        "Qu'en statuant ainsi, alors qu'elle avait relev\u00e9 qu'il \u00e9tait certain que Mme L... souhaitait rencontrer un homme fran\u00e7ais et vivre en France, ce dont il r\u00e9sultait qu'il n'existait pas d'intention matrimoniale sp\u00e9cifique \u00e0 l'\u00e9gard de M. Y..., la cour d'appel n'a pas tir\u00e9 les cons\u00e9quences l\u00e9gales de ses propres constatations et viol\u00e9 le texte susvis\u00e9 ;"
    ],
    "decision-5": [
        "PAR CES MOTIFS et sans qu'il y ait lieu de statuer sur les autres branches du moyen :",
        "CASSE ET ANNULE, en toutes ses dispositions, l'arr\u00eat rendu le 26 septembre 2017, entre les parties, par la cour d'appel de Toulouse ; remet, en cons\u00e9quence, la cause et les parties dans l'\u00e9tat o\u00f9 elles se trouvaient avant ledit arr\u00eat et, pour \u00eatre fait droit, les renvoie devant la cour d'appel de Bordeaux ;",
        "Condamne Mme L... aux d\u00e9pens ;",
        "Vu l'article 700 du code de proc\u00e9dure civile, rejette la demande ;",
        "Dit que sur les diligences du procureur g\u00e9n\u00e9ral pr\u00e8s la Cour de cassation, le pr\u00e9sent arr\u00eat sera transmis pour \u00eatre transcrit en marge ou \u00e0 la suite de l'arr\u00eat cass\u00e9 ;",
        "Ainsi fait et jug\u00e9 par la Cour de cassation, premi\u00e8re chambre civile, prononc\u00e9 par le pr\u00e9sident en son audience publique du onze juillet deux mille dix-neuf et sign\u00e9 par lui et par Mme Randouin, greffier de chambre, qui a assist\u00e9 au prononc\u00e9 de l'arr\u00eat."
    ],
    "decision-6": [
        "MOYEN ANNEXE au pr\u00e9sent arr\u00eat",
        "Moyen produit par la SCP Rousseau et Tapie, avocat aux Conseils, pour M. Y...",
        "Il est reproch\u00e9 \u00e0 l'arr\u00eat infirmatif attaqu\u00e9 d'avoir d\u00e9bout\u00e9 M. Y... de ses demandes tendant \u00e0 voir annuler le mariage c\u00e9l\u00e9br\u00e9 le 27 juillet 2013 entre lui et Mme L... , ordonner la mention de la d\u00e9cision en marge de l'acte de mariage ainsi qu'en marge de l'acte de naissance des \u00e9poux, et condamner Mme L... \u00e0 lui payer la somme d'un euro \u00e0 titre de dommages et int\u00e9r\u00eats ;",
        "Aux motifs qu'aux termes des articles 144 et 184 du code civil, en l'absence de consentement des deux \u00e9poux, le mariage est nul ; qu'il n'y a point de consentement lorsque les \u00e9poux, ou l'un d'eux, ne se sont pr\u00eat\u00e9s \u00e0 la c\u00e9r\u00e9monie que pour atteindre un r\u00e9sultat \u00e9tranger \u00e0 l'union matrimoniale ; que selon l'article 12 du code de la famille russe, le consentement libre et r\u00e9ciproque de l'homme et de la femme contractant mariage est n\u00e9cessaire pour la conclusion de celui-ci, et que le mariage est d\u00e9clar\u00e9 nul en cas de violation de cette condition, ainsi qu'en cas de mariage fictif consistant en ce que les deux \u00e9poux ou l'un d'entre eux a proc\u00e9d\u00e9 aux formalit\u00e9s de mariage sans intention de fonder une famille ; qu'ainsi, la loi personnelle de chacun des \u00e9poux exige pour la validit\u00e9 du mariage une intention de vivre une v\u00e9ritable union matrimoniale et de se soumettre aux droits et obligations l\u00e9gales qui en d\u00e9coulent ; que cette intention matrimoniale doit exister au jour de la c\u00e9l\u00e9bration, et qu'il appartient \u00e0 celui qui se pr\u00e9vaut de son absence pour obtenir l'annulation du mariage sur le fondement de l'article 180 du code civil d'en rapporter la preuve ; qu'en l'esp\u00e8ce, M. D... Y... soutient que Mme L... s'est mari\u00e9e dans l'unique but d'obtenir un titre de s\u00e9jour fran\u00e7ais et d'am\u00e9liorer son confort de vie, et afin de le d\u00e9montrer se pr\u00e9vaut, notamment de propos tenus en langue russe par son \u00e9pouse lors de conversations Skype ; que le premier juge a justement estim\u00e9 qu'il n'\u00e9tait pas d\u00e9montr\u00e9 que la captation par M. Y... sur l'ordinateur familial de messages \u00e9chang\u00e9s par Mme L... avec certaines de ses amies ait \u00e9t\u00e9 obtenue par violence ou par fraude ; que devant la cour, l'appelante pr\u00e9tend que M. Y... s'est livr\u00e9 \u00e0 des trucages, falsifications et modifications d\u00e9lib\u00e9r\u00e9es de pr\u00e9tendues retranscriptions de conversations Skype ; qu'elle invoque un rapport d'une Sarl Belfort immatricul\u00e9e en Russie dont l'activit\u00e9 est la production et la r\u00e9paration d'ordinateurs et de mat\u00e9riel p\u00e9riph\u00e9rique, improprement qualifi\u00e9 de \u00ab rapport d'expertise \u00bb, aucun \u00e9l\u00e9ment n'accr\u00e9ditant la qualit\u00e9 d'expert de son auteur ; que selon ce rapport traduit du russe par un traducteur asserment\u00e9, il est possible, exemple \u00e0 l'appui, de modifier le contenu des donn\u00e9es du fichier \u00ab main.db \u00bb affich\u00e9es par le logiciel Skype gr\u00e2ce \u00e0 une application DB Browser forSQLite ; que cependant, rien dans ce rapport ne permet de penser que M. Y... s'est effectivement livr\u00e9 \u00e0 de telles falsifications, et surtout, qu'un constat d'huissier du 19 avril 2017 produit par ce dernier d\u00e9montre d'une part qu'une modification volontaire du contenu du fichier historique \u00ab main.db \u00bb entra\u00eene une mise \u00e0 jour de sa date de modification, d'autre part, que le dernier message de Mme L... est dat\u00e9 du 6 avril 2015 ce qui correspond \u00e9galement \u00e0 la date de la derni\u00e8re modification ; qu'ainsi, aucun \u00e9l\u00e9ment ne permet de remettre en question l'authenticit\u00e9 des conversations imprim\u00e9es \u00e0 partir du fichier historique \u00ab main.db \u00bb de Mme L... puis traduites du russe par une traductrice interpr\u00e8te ; que l'appelante ne fait d'ailleurs \u00e9tat d'aucune plainte d\u00e9pos\u00e9e du chef de faux ; que certaines de ces conversations sont dat\u00e9es de mars 2013, alors que Mme L... \u00e9tait en France pour rencontrer pour la premi\u00e8re fois M. Y... dont elle avait fait la connaissance sur un site Internet, d'autres de juillet 2013, alors qu'elle est install\u00e9e chez M. Y... quelques semaines avant le mariage ; que les premiers messages montrent \u00e0 la fois une anxi\u00e9t\u00e9 de Mme L... face \u00e0 aux attitudes de M. Y... (\u00ab ou bien il manque de patience, ou bien je ne lui conviens pas \u00bb), et une certaine attirance temp\u00e9r\u00e9e par la diff\u00e9rence d'\u00e2ge (\u00ab bien s\u00fbr je ne suis pas vraiment enthousiaste...en tant qu'homme et femme il me semble nous nous convenons - ma premi\u00e8re impression - il est un peu vieux \u00bb, puis 9 jours plus tard \u00ab je jouis de la France et de l'homme, il commence \u00e0 me plaire beaucoup maintenant \u00bb), puis en juillet 2013, elle fait part de sa satisfaction (\u00ab Il cuisine vraiment tr\u00e8s bien... Il me semble que je viens juste de commencer \u00e0 vivre",
        "Il fait tout \u00bb) ; qu'au cours de ces conversations, elle explique \u00e0 une amie \u00ab fatigu\u00e9e de ne pas avoir assez d'argent \u00bb et \u00ab pr\u00eate \u00e0 tout \u00bb comment s'inscrire via une interm\u00e9diaire russe vivant en France, sur un site permettant de rencontrer des Fran\u00e7ais, ajoutant qu'elle aussi en \u00e9tait \u00ab arriv\u00e9e l\u00e0 \u00bb, et indique qu'elle a rencontr\u00e9 M. Y... d\u00e8s sa premi\u00e8re connexion (conversation du 26 juin 2013) ; que le 22 juillet 2013, elle explique \u00e0 une amie qu'elle pense \u00eatre enceinte, mais que \u00ab D... ne veut pas d'enfant \u00bb, qu'elle est \u00ab d\u00e9chir\u00e9e entre l'envie et la peur \u00bb et que s'il ne veut pas cela signifie qu'elle n'aura plus jamais d'enfants ; qu'elle re\u00e7oit \u00e9galement des conseils de sa \u00ab marieuse \u00bb, Mme B..., qui en mars 2013 lui conseille d'obtenir un maximum d'impressions agr\u00e9ables, ajoutant \u00ab qu'il n'y a pas de mal \u00e0 ne pas r\u00e9ussir du premier coup \u00bb, lui rappelle que son objectif est de se faire aimer de lui, l'incitant \u00e0 lui dire des mots doux, ajoutant qu'elle d\u00e9cidera une fois rentr\u00e9e en Russie si elle veut r\u00e9pondre ou non \u00e0 son amour ; que le 4 juin 2014 cette m\u00eame marieuse, en r\u00e9ponse aux plaintes de Mme L... (seulement je finis par d\u00e9raisonner...comment supporter tout \u00e7a, il me fais perdre mon \u00e9quilibre), lui conseille d'attendre sa carte de r\u00e9sident de 10 ans, et que si c'est au dessus de ses forces, d'attendre sa prochaine carte de s\u00e9jour d'un an ; que le 2 juillet 2014, Mme L... r\u00e9pond \u00e0 sa m\u00e8re qui lui propose de faire la connaissance d'un Anglais qui veut se marier avec une Russe de 26-34 ans, que ce n'est pas r\u00e9aliste, que \u00ab c'est compliqu\u00e9 tout \u00e7a \u00bb, et qu'\u00e0 cause du stress perp\u00e9tuel elle est \u00ab compl\u00e8tement perdue \u00bb ; qu'enfin, le 11 mai 2015, Mme L... a re\u00e7u un SMS d'une amie lui proposant de rencontrer un homme russe qui vit en France depuis 15 ans et r\u00eave de fonder une famille ; que la famille et les amis de M. Y... ont attest\u00e9 des efforts de celui-ci pour offrir une vie agr\u00e9able \u00e0 Mme L... et \u00e0 son fils W..., et de l'absence de manifestation d'affection de celle-ci envers son mari en leur pr\u00e9sence ; qu'ils t\u00e9moignent \u00e9galement de ce que M. Y... manifestait son d\u00e9sarroi face au changement d'attitude de son \u00e9pouse ; que selon attestation de Mme R... \u00e9pouse E..., associ\u00e9e de Mme B..., Mme L... a, face \u00e0 son \u00e9tonnement d'un mariage d\u00e9cid\u00e9 tr\u00e8s vite avec le premier homme rencontr\u00e9, d\u00e9clar\u00e9 en mai 2013 qu'elle ne cherchait pas l'amour, mais voulait se marier rapidement pour s'installer en France, pouvant trouver un autre homme en cas de soucis ; qu'il est certain que Mme L... souhaitait rencontrer un homme fran\u00e7ais et vivre en France, ce qui n'implique pas n\u00e9cessairement qu'elle ait \u00e9t\u00e9 d\u00e9pourvue de toute intention matrimoniale \u00e0 l'\u00e9gard de M. Y... ; qu'il ne r\u00e9sulte pas des pi\u00e8ces produites qu'\u00e0 la date de son mariage avec M. Y..., Mme L... n'avait pas la volont\u00e9 de se soumettre aux obligations qui en r\u00e9sultent, soit la fid\u00e9lit\u00e9, le secours, l'assistance, la cohabitation, fonder une famille ; qu'elle souhaitait au contraire que son futur \u00e9poux lui convienne, n'envisageait pas de poursuivre une grossesse sans son accord, et se projetait dans un avenir avec lui puisqu'elle pensait que s'il ne voulait pas d'enfant elle n'en n'aurait plus jamais ; qu'elle ait ou non \u00e9prouv\u00e9 envers lui des sentiments amoureux est certes tr\u00e8s important pour l'intim\u00e9 et que la cour le comprend, mais est indiff\u00e9rent au regard du droit ; qu'il n'y a pas davantage lieu dans le cadre de l'instance en nullit\u00e9 de mariage de rechercher si des violences ont \u00e9t\u00e9 commises durant le mariage et les raisons pour lesquelles Mme L... a quitt\u00e9 le domicile conjugal ; que les conditions dans lesquelles le mariage est intervenu, soit apr\u00e8s seulement 10 jours pass\u00e9s ensemble fin mars 2013 puis le mois pr\u00e9c\u00e9dant la c\u00e9r\u00e9monie ont pu ne pas suffire, nonobstant les \u00e9changes sur Skype, \u00e0 d\u00e9celer une incompatibilit\u00e9 de caract\u00e8re ou une inad\u00e9quation des attentes r\u00e9ciproques dans le cadre de la vie commune ; que le d\u00e9faut d'intention matrimoniale de Mme L... \u00e0 la date du mariage n'est en cons\u00e9quence pas d\u00e9montr\u00e9, que la d\u00e9cision d\u00e9f\u00e9r\u00e9e sera donc infirm\u00e9e, l'action en nullit\u00e9 de mariage initi\u00e9e par M. Y... \u00e9tant rejet\u00e9e, et par suite sa demande de dommages et int\u00e9r\u00eats ;",
        "Alors que 1\u00b0) le mariage est nul, faute de consentement, d\u00e8s lors que l'un des \u00e9poux n'est pas anim\u00e9 par l'intention matrimoniale qui suppose la volont\u00e9 de se conformer, post\u00e9rieurement au mariage, aux droits et devoirs \u00e9nonc\u00e9s aux articles 212 et suivants du code civil ; qu'en l'esp\u00e8ce, M. Y... soutenait qu'il avait fait l'objet de violences physiques de la part de son \u00e9pouse, sans aucune raison, imm\u00e9diatement apr\u00e8s le mariage, et que cette derni\u00e8re, une fois son titre de s\u00e9jour obtenu, avait quitt\u00e9 le domicile conjugal puis avait d\u00e9pos\u00e9 plainte contre lui pour des faits de violences d\u00e9nonc\u00e9es de mani\u00e8re mensong\u00e8re mais qui, en application de l'article L. 313-12 du code de l'entr\u00e9e et du s\u00e9jour des \u00e9trangers et du droit d'asile, \u00e9taient la seule solution qui restait \u00e0 Mme L... pour obtenir le renouvellement de son titre de s\u00e9jour ; qu'en retenant par principe qu'il n'y avait pas lieu dans le cadre de l'instance en nullit\u00e9 de mariage de rechercher si des violences avaient \u00e9t\u00e9 commises durant le mariage et les raisons pour lesquelles Mme L... avait quitt\u00e9 le domicile conjugal, la cour d'appel a refus\u00e9 de prendre en compte des \u00e9l\u00e9ments de nature \u00e0 \u00e9tablir l'absence de volont\u00e9 de se conformer aux droits et devoirs des \u00e9poux et ainsi m\u00e9connu les articles 146, 184, 212 et 215 du code civil ;",
        "Alors que 2\u00b0) l'intention matrimoniale doit s'exprimer \u00e0 l'\u00e9gard de l'\u00e9poux exclusivement, et non comme un projet \u00e0 vis\u00e9e mat\u00e9rielle pouvant se concr\u00e9tiser avec toute personne quelconque susceptible de satisfaire \u00e0 cet objectif ; qu'apr\u00e8s avoir constat\u00e9 que Mme L... avait confi\u00e9 en mai 2013 \u00ab ne pas chercher l'amour mais vouloir se marier rapidement pour s'installer en France, pouvant trouver un autre homme en cas de soucis \u00bb, ce dont il r\u00e9sultait qu'elle avait des intentions de mariage avec un homme quelconque de nationalit\u00e9 fran\u00e7aise \u00e0 des fins mat\u00e9rielles, mais non d'intention matrimoniale sp\u00e9cifiquement \u00e0 l'\u00e9gard de M. Y... ; qu'apr\u00e8s avoir ainsi admis que Mme L... poursuivait un but mat\u00e9riel, mais en retenant ensuite que cela n'impliquait pas n\u00e9cessairement que cette derni\u00e8re f\u00fbt d\u00e9pourvue de toute intention matrimoniale \u00e0 l'\u00e9gard de M. Y..., la cour d'appel n'a pas tir\u00e9 les cons\u00e9quences l\u00e9gales de ses propres constatations, violant les articles 146, 184, 212 et 215 du code civil :",
        "Alors que 3\u00b0) s'il y a eu erreur dans la personne ou sur ses qualit\u00e9s essentielles, l'autre \u00e9poux peut demander la nullit\u00e9 du mariage ; qu'en supposant m\u00eame qu'un \u00e9poux entende se soumettre aux obligations du mariage, le fait que sa d\u00e9marche soit exclusivement ou principalement mue par un int\u00e9r\u00eat mat\u00e9riel peut r\u00e9v\u00e9ler une erreur sur ses qualit\u00e9s essentielles de nature \u00e0 vicier le consentement de l'autre \u00e9poux ; qu'en ne recherchant pas, ainsi qu'elle y \u00e9tait invit\u00e9e (notamment conclusions, p. 5 et 6), si les motivations r\u00e9elles de l'\u00e9pouse, \u00e0 savoir \u00e9pouser n'importe quel homme fran\u00e7ais afin de s'\u00e9tablir en France, ne r\u00e9v\u00e9laient pas l'existence d'une erreur sur ses qualit\u00e9s essentielles ayant vici\u00e9 le consentement de l'\u00e9poux, qui cherchait pour sa part une relation sinc\u00e8re et d\u00e9sint\u00e9ress\u00e9e, la cour d'appel a priv\u00e9 son arr\u00eat de base l\u00e9gale au regard 180 du code civil."
    ]
}