{
    "decision-0": [
        "CIV. 1",
        "LM",
        "COUR DE CASSATION",
        "______________________",
        "Audience publique du 14 octobre 2020",
        "Cassation sans renvoi",
        "Mme BATUT, pr\u00e9sident",
        "Arr\u00eat n\u00b0 608 F-P+B",
        "Pourvoi n\u00b0 T 19-19.021",
        "Aide juridictionnelle totale en demande",
        "au profit de M. V....",
        "Admission du bureau d'aide juridictionnelle",
        "pr\u00e8s la Cour de cassation",
        "en date du 7 mai 2019.",
        "R \u00c9 P U B L I Q U E F R A N \u00c7 A I S E",
        "_________________________",
        "AU NOM DU PEUPLE FRAN\u00c7AIS",
        "_________________________",
        "ARR\u00caT DE LA COUR DE CASSATION, PREMI\u00c8RE CHAMBRE CIVILE, DU 14 OCTOBRE 2020",
        "M. U... V..., domicili\u00e9 chez M. C... M..., [...] , a form\u00e9 le pourvoi n\u00b0 T 19-19.021 contre l'ordonnance rendue le 19 janvier 2019 par le premier pr\u00e9sident de la cour d'appel de Paris, dans le litige l'opposant :",
        "1\u00b0/ au pr\u00e9fet de police de Paris, domicili\u00e9 9 boulevard du Palais, 75004 Paris,",
        "2\u00b0/ au procureur g\u00e9n\u00e9ral pr\u00e8s la cour d'appel de Paris, domicili\u00e9 en son parquet g\u00e9n\u00e9ral, 34 quai des Orf\u00e8vres, 75055 Paris cedex 01,",
        "3\u00b0/ au procureur de la R\u00e9publique pr\u00e8s le tribunal de grande instance de Paris, domicili\u00e9 en son parquet, parvis du tribunal de Paris, 75859 Paris cedex 17,",
        "d\u00e9fendeurs \u00e0 la cassation.",
        "Le demandeur invoque, \u00e0 l'appui de son pourvoi, le moyen unique de cassation annex\u00e9 au pr\u00e9sent arr\u00eat.",
        "Le dossier a \u00e9t\u00e9 communiqu\u00e9 au procureur g\u00e9n\u00e9ral.",
        "Sur le rapport de Mme Gargoullaud, conseiller r\u00e9f\u00e9rendaire, les observations de la SCP Zribi et Texier, avocat de M. V..., et l'avis de Mme Marilly, avocat g\u00e9n\u00e9ral r\u00e9f\u00e9rendaire, apr\u00e8s d\u00e9bats en l'audience publique du 1er septembre 2020 o\u00f9 \u00e9taient pr\u00e9sentes Mme Batut, pr\u00e9sident, Mme Gargoullaud, conseiller r\u00e9f\u00e9rendaire rapporteur, Mme Auroy, conseiller doyen, et Mme Berthomier, greffier de chambre,",
        "la premi\u00e8re chambre civile de la Cour de cassation, compos\u00e9e des pr\u00e9sident et conseillers pr\u00e9cit\u00e9s, apr\u00e8s en avoir d\u00e9lib\u00e9r\u00e9 conform\u00e9ment \u00e0 la loi, a rendu le pr\u00e9sent arr\u00eat ;"
    ],
    "decision-1": [
        "Faits et proc\u00e9dure",
        "1. Selon l'ordonnance attaqu\u00e9e, rendue par le premier pr\u00e9sident d'une cour d'appel (Paris, 19 janvier 2019), et les pi\u00e8ces de la proc\u00e9dure, le 15 janvier 2019, M. V..., de nationalit\u00e9 ivoirienne, en situation irr\u00e9guli\u00e8re sur le territoire national, a fait l'objet d'une d\u00e9cision portant obligation de quitter le territoire fran\u00e7ais sans d\u00e9lai et d'un arr\u00eat\u00e9 de placement en r\u00e9tention administrative.",
        "2. Le 17 janvier 2019, le pr\u00e9fet a saisi le juge des libert\u00e9s et de la d\u00e9tention aux fins de prolongation de la mesure."
    ],
    "decision-2": [
        "Examen du moyen",
        "Sur le moyen, pris en sa premi\u00e8re branche, ci-apr\u00e8s annex\u00e9"
    ],
    "decision-3": [
        "3. En application de l'article 1014, alin\u00e9a 2, du code de proc\u00e9dure civile, il n'y a pas lieu de statuer par une d\u00e9cision sp\u00e9cialement motiv\u00e9e sur ce grief qui n'est manifestement pas de nature \u00e0 entra\u00eener la cassation."
    ],
    "decision-4": [
        "Mais sur le moyen, pris en sa deuxi\u00e8me branche",
        "Enonc\u00e9 du moyen",
        "4. M. V... fait grief \u00e0 l'ordonnance de prolonger la mesure de r\u00e9tention administrative, alors \u00ab que l'ordonnance du 17 janvier 2019 du juge des libert\u00e9s et de la d\u00e9tention mentionne seulement, en derni\u00e8re page : \u00ab informons l'int\u00e9ress\u00e9 qu'il est maintenu \u00e0 disposition de la justice pendant un d\u00e9lai de dix heures \u00e0 compter de la notification de la pr\u00e9sente ordonnance au procureur de la R\u00e9publique \u00bb ; qu'en \u00e9non\u00e7ant toutefois que figuraient au pied de l'ordonnance des mentions permettant de s'assurer que les droits de M. V... lui avaient \u00e9t\u00e9 notifi\u00e9s, \u00e0 savoir, contacter un avocat, contacter un tiers, rencontrer un m\u00e9decin et s'alimenter, quand l'ordonnance \u00e9tait muette sur ce point, le premier pr\u00e9sident de la cour d'appel, qui l'a d\u00e9natur\u00e9e, a viol\u00e9 l'article 4 du code de proc\u00e9dure civile. \u00bb"
    ],
    "decision-5": [
        "R\u00e9ponse de la Cour",
        "Vu l'obligation pour le juge de ne pas d\u00e9naturer l'\u00e9crit qui lui est soumis :",
        "5. Pour prolonger la r\u00e9tention, l'ordonnance retient que figuraient au pied de la d\u00e9cision du juge des libert\u00e9s et de la d\u00e9tention des mentions permettant de s'assurer que les droits de M. V... lui avaient \u00e9t\u00e9 notifi\u00e9s, \u00e0 savoir, contacter un avocat, contacter un tiers, rencontrer un m\u00e9decin et s'alimenter.",
        "6. En statuant ainsi, alors que l'ordonnance du juge des libert\u00e9s et de la d\u00e9tention informant l'\u00e9tranger de son maintien \u00e0 disposition de la justice pendant un d\u00e9lai de dix heures \u00e0 compter de sa notification au procureur de la R\u00e9publique, ne mentionnait pas la possibilit\u00e9 pour lui pour de contacter son avocat et un tiers, rencontrer un m\u00e9decin et s'alimenter durant cette p\u00e9riode et, le cas \u00e9ch\u00e9ant celle s'\u00e9coulant jusqu'\u00e0 ce qu'il soit statu\u00e9 sur l'effet suspensif de l'appel ou le jugement au fond, le premier pr\u00e9sident a viol\u00e9 le principe susvis\u00e9."
    ],
    "decision-6": [
        "Et sur le moyen, pris en sa troisi\u00e8me branche",
        "Enonc\u00e9 du moyen",
        "7. M. V... fait le m\u00eame grief \u00e0 l'ordonnance, alors \u00ab que la preuve de l'effectivit\u00e9 de l'exercice de ses droits par un \u00e9tranger plac\u00e9 en r\u00e9tention administrative doit r\u00e9sulter des pi\u00e8ces de la proc\u00e9dure ; qu'en \u00e9non\u00e7ant, pour consid\u00e9rer que M. V... avait pu exercer ses droits durant la p\u00e9riode de mise \u00e0 disposition de la justice, qu'il avait pu b\u00e9n\u00e9ficier d'un avocat, \u00e9nonciation impropre \u00e0 justifier de ce qu'il aurait pu exercer l'ensemble de ses droits, le d\u00e9l\u00e9gu\u00e9 du premier pr\u00e9sident a priv\u00e9 sa d\u00e9cision de base l\u00e9gale au regard de l'article L. 552-10 du CESEDA. \u00bb"
    ],
    "decision-7": [
        "R\u00e9ponse de la Cour",
        "Vu l'article L. 552-10 du code de l'entr\u00e9e et du s\u00e9jour des \u00e9trangers et du droit d'asile :",
        "8. Il r\u00e9sulte de ce texte que, durant la p\u00e9riode pendant laquelle l'\u00e9tranger est maintenu \u00e0 la disposition de la justice jusqu'\u00e0 ce que l'ordonnance du premier pr\u00e9sident statuant sur l'effet suspensif de l'appel du minist\u00e8re public soit rendue et, si elle donne un tel effet, jusqu'\u00e0 ce qu'il soit statu\u00e9 sur le fond, cette personne peut, si elle le souhaite, contacter son avocat et un tiers, rencontrer un m\u00e9decin et s'alimenter.",
        "9. Pour prolonger la r\u00e9tention, l'ordonnance retient que M. V... a exerc\u00e9 ses droits, d\u00e8s lors qu'il \u00e9tait assist\u00e9 en cause d'appel par un avocat de son choix qui a \u00e9t\u00e9 en mesure, en temps utile, de d\u00e9poser des conclusions.",
        "10. En statuant ainsi, alors que la seule assistance d'un conseil en appel ne pouvait suffire \u00e0 rapporter la preuve de l'exercice effectif des droits pendant le maintien \u00e0 disposition de la justice, le premier pr\u00e9sident a viol\u00e9 le texte susvis\u00e9.",
        "Port\u00e9e et cons\u00e9quences de la cassation",
        "11. Apr\u00e8s avis donn\u00e9 aux parties, conform\u00e9ment \u00e0 l'article 1015 du code de proc\u00e9dure civile, il est fait application des articles L. 411-3, alin\u00e9a 1er, du code de l'organisation judiciaire et 627 du code de proc\u00e9dure civile.",
        "12. Les d\u00e9lais l\u00e9gaux pour statuer sur la mesure \u00e9tant expir\u00e9s, il ne reste plus rien \u00e0 juger."
    ],
    "decision-8": [
        "PAR CES MOTIFS, et sans qu'il y ait lieu de statuer sur la quatri\u00e8me branche du moyen, la Cour :",
        "CASSE ET ANNULE, en toutes ses dispositions, l'ordonnance rendue le 19 janvier 2019, entre les parties, par le premier pr\u00e9sident de la cour d'appel de Paris ;",
        "DIT n'y avoir lieu \u00e0 renvoi ;",
        "En application de l'article 700 du code de proc\u00e9dure civile, rejette la demande form\u00e9e par M. V... ;",
        "Dit que sur les diligences du procureur g\u00e9n\u00e9ral pr\u00e8s la Cour de cassation, le pr\u00e9sent arr\u00eat sera transmis pour \u00eatre transcrit en marge ou \u00e0 la suite de l'ordonnance cass\u00e9e ;",
        "Ainsi fait et jug\u00e9 par la Cour de cassation, premi\u00e8re chambre civile, et prononc\u00e9 par le pr\u00e9sident en son audience publique du quatorze octobre deux mille vingt."
    ],
    "decision-9": [
        "MOYEN ANNEXE au pr\u00e9sent arr\u00eat",
        "Moyen produit par la SCP Zribi et Texier, avocat aux Conseils, pour M. V...",
        "Il est fait grief \u00e0 la d\u00e9cision attaqu\u00e9e D'AVOIR ordonn\u00e9 la prolongation de la r\u00e9tention de M. V... dans les locaux ne d\u00e9pendant pas de l'administration p\u00e9nitentiaire ;",
        "AUX MOTIFS QUE \u00ab la cour consid\u00e8re que c'est \u00e0 tort que le premier juge a constat\u00e9 l'irr\u00e9gularit\u00e9 de la proc\u00e9dure au motif qu'il n'a pas \u00e9t\u00e9 notifi\u00e9 \u00e0 M. U... F... K... V... \u00ab certains droits indiqu\u00e9s sur le justificatif de l'ex\u00e9cution de l'obligation de quitter le territoire fran\u00e7ais lui permettant de justifier de la date \u00e0 laquelle il a ex\u00e9cut\u00e9 cette mesure \u00bb ; le contr\u00f4le de la r\u00e9gularit\u00e9 de la notification de la mesure d'\u00e9loignement, en application de l'article L.512-1 du code de l'entr\u00e9e et du s\u00e9jour des \u00e9trangers et du droit d'asile, ne rel\u00e8ve pas de la comp\u00e9tence du juge judiciaire mais exclusivement de celle, exclusive, de la juridiction administrative ; l'exception de nullit\u00e9 \u00e9tait donc inop\u00e9rante devant le juge des libert\u00e9s et de la d\u00e9tention ; sur le second moyen, soulev\u00e9 par voie de conclusions d'intim\u00e9, et tenant \u00e0 l'exercice des droits entre le 17 janvier 2019 \u00e0 14 h 45 et l'heure de retour au centre de r\u00e9tention administrative, la cour observe que l'ordonnance du premier juge, qui mettait un terme \u00e0 la r\u00e9tention, a \u00e9t\u00e9 rendue le 17 janvier 2019 \u00e0 14 h 45, avis \u00e9tant aussit\u00f4t donn\u00e9 \u00e0 M. U... V..., contrairement \u00e0 ce qu'il soutient dans les \u00e9critures de son conseil, qu'il \u00e9tait maintenu \u00e0 la disposition de la justice pendant un d\u00e9lai de 10 heures \u00e0 compter de la notification de cette d\u00e9cision au procureur de la R\u00e9publique et que pendant ce d\u00e9lai, il pouvait exercer ses droits, \u00e0 savoir, contacter un avocat, contacter un tiers, rencontrer un m\u00e9decin et s'alimenter, ces mentions figurant au pied de l'ordonnance querell\u00e9e, dont une copie lui a \u00e9t\u00e9 remise, ainsi qu'\u00e0 son conseil ; ces dispositions proc\u00e9durales, pr\u00e9vues par l'article R.552-12 du code de l'entr\u00e9e et du s\u00e9jour des \u00e9trangers et du droit d'asile, avaient seulement pour effet que la mainlev\u00e9e de la r\u00e9tention ordonn\u00e9e par le premier juge \u00e9tait suspendue \u00e0 l'exercice \u00e9ventuel de la facult\u00e9 donn\u00e9e au procureur de la R\u00e9publique de former appel en sollicitant du premier pr\u00e9sident ou de son d\u00e9l\u00e9gu\u00e9 qu'il d\u00e9clare l'appel suspensif ; aucun \u00e9l\u00e9ment du dossier de la proc\u00e9dure ne sugg\u00e8re que M. U... F... K... n'aurait pu exercer les droits qui lui ont \u00e9t\u00e9 notifi\u00e9s \u2013 sauf in\u00e9vitablement, en cons\u00e9quence des dispositions nouvelles introduites par la loi du 10 septembre 2018, pendant le transfert, lorsque, comme les autres retenus, il a \u00e9t\u00e9, \u00e0 l'issue de l'audience du juge des libert\u00e9s et de la d\u00e9tention, reconduit au centre de r\u00e9tention administrative ; et il faut bien constater que M. U... F... K... V..., a exerc\u00e9 ses droits puisqu'il s'est fait assister en cause d'appel par un avocat qu'il a choisi, lequel a pu, dans le d\u00e9lai d'appel, d\u00e9poser des conclusions d'intim\u00e9 ; M. U... F... K... V... ne rapporte pas ainsi la preuve de l'irr\u00e9gularit\u00e9 qu'il invoque ; le moyen, d\u00e8s lors en application de l'article 9 du code de proc\u00e9dure civile, ne peut qu'\u00eatre rejet\u00e9 ; il convient en cons\u00e9quence d'infirmer l'ordonnance querell\u00e9e et statuant \u00e0 nouveau, de d\u00e9clarer \u00e0 la requ\u00eate du pr\u00e9fet de police recevable et d'ordonner la prolongation de la r\u00e9tention administrative de M. U... F... K... V... pour une dur\u00e9e maximale de vingt-huit jours ; au vu des d\u00e9bats, il convient en outre d'inviter l'administration \u00e0 faire \u00e9tablir un avis m\u00e9dical sur la compatibilit\u00e9 de l'\u00e9tat de sant\u00e9 de M. U... F... K... V... avec les modalit\u00e9s de la r\u00e9tention et celle de son \u00e9loignement \u00bb ;",
        "1\u00b0) ALORS QUE dans ses conclusions d'intim\u00e9, M. V... soutenait qu'il n'avait pas \u00e9t\u00e9 inform\u00e9 des effets de l'interdiction de retour dont il faisait l'objet et des modalit\u00e9s de constat de l'ex\u00e9cution de l'obligation de quitter le territoire fran\u00e7ais permettant de faire courir le d\u00e9lai de cette interdiction ; qu'en se bornant \u00e0 examiner la question de la r\u00e9gularit\u00e9 de la notification de la mesure d'\u00e9loignement elle-m\u00eame, sans r\u00e9pondre au moyen invoqu\u00e9 par M. V..., la cour d'appel a viol\u00e9 l'article 455 du code de proc\u00e9dure civile ;",
        "2\u00b0) ALORS QUE l'ordonnance du 17 janvier 2019 du juge des libert\u00e9s et de la d\u00e9tention mentionne seulement, en derni\u00e8re page : \u00ab informons l'int\u00e9ress\u00e9 qu'il est maintenu \u00e0 disposition de la justice pendant un d\u00e9lai de dix heures \u00e0 compter de la notification de la pr\u00e9sente ordonnance au procureur de la R\u00e9publique \u00bb ; qu'en \u00e9non\u00e7ant toutefois que figuraient au pied de l'ordonnance des mentions permettant de s'assurer que les droits de M. V... lui avaient \u00e9t\u00e9 notifi\u00e9s, \u00e0 savoir, contacter un avocat, contacter un tiers, rencontrer un m\u00e9decin et s'alimenter, quand l'ordonnance \u00e9tait muette sur ce point, le premier pr\u00e9sident de la cour d'appel, qui l'a d\u00e9natur\u00e9e, a viol\u00e9 l'article 4 du code de proc\u00e9dure civile ;",
        "3\u00b0) ALORS QUE la preuve de l'effectivit\u00e9 de l'exercice de ses droits par un \u00e9tranger plac\u00e9 en r\u00e9tention administrative doit r\u00e9sulter des pi\u00e8ces de la proc\u00e9dure ; qu'en \u00e9non\u00e7ant, pour consid\u00e9rer que M. V... avait pu exercer ses droits durant la p\u00e9riode de mise \u00e0 disposition de la justice, qu'il avait pu b\u00e9n\u00e9ficier d'un avocat, \u00e9nonciation impropre \u00e0 justifier de ce qu'il aurait pu exercer l'ensemble de ses droits, le d\u00e9l\u00e9gu\u00e9 du premier pr\u00e9sident a priv\u00e9 sa d\u00e9cision de base l\u00e9gale au regard de l'article L.552-10 du Ceseda ;",
        "4\u00b0) ALORS QUE, en tout \u00e9tat de cause, toute d\u00e9cision doit \u00eatre motiv\u00e9e ; qu'en ordonnant la prolongation de la r\u00e9tention administrative de M. V..., sans donner aucun motif \u00e0 sa d\u00e9cision permettant de la justifier, le d\u00e9l\u00e9gu\u00e9 du premier pr\u00e9sident a viol\u00e9 l'article 455 du code de proc\u00e9dure civile."
    ]
}