{
    "decision-0": [
        "N\u00b0 T 17-85.736 F-P+B+I",
        "N\u00b0 2923",
        "FAR",
        "12 D\u00c9CEMBRE 2018",
        "ANNULATION PARTIELLE",
        "M. SOULARD pr\u00e9sident,",
        "R \u00c9 P U B L I Q U E F R A N \u00c7 A I S E",
        "________________________________________",
        "AU NOM DU PEUPLE FRAN\u00c7AIS",
        "_________________________",
        "LA COUR DE CASSATION, CHAMBRE CRIMINELLE, en son audience publique tenue au Palais de Justice \u00e0 PARIS, a rendu l'arr\u00eat suivant :",
        "ANNULATION PARTIELLE sur le pourvoi form\u00e9 par M. C\u00e9dric X..., contre l'arr\u00eat de la cour d'appel d'Aix-en-Provence, 13e chambre, en date du 8 ao\u00fbt 2017, qui, pour aide \u00e0 l'entr\u00e9e, \u00e0 la circulation et au s\u00e9jour irr\u00e9guliers d'un \u00e9tranger en France et installation en r\u00e9union sur le terrain d'autrui sans autorisation, l'a condamn\u00e9 \u00e0 quatre mois d'emprisonnement avec sursis et a prononc\u00e9 sur les int\u00e9r\u00eats civils ;",
        "La COUR, statuant apr\u00e8s d\u00e9bats en l'audience publique du 31 octobre 2018 o\u00f9 \u00e9taient pr\u00e9sents dans la formation pr\u00e9vue \u00e0 l'article 567-1-1 du code de proc\u00e9dure p\u00e9nale : M. Soulard, pr\u00e9sident, M. Moreau, conseiller rapporteur, M. Castel, conseiller de la chambre ;",
        "Greffier de chambre : Mme Darcheux ;",
        "Sur le rapport de M. le conseiller Moreau, les observations de la soci\u00e9t\u00e9 civile professionnelle SPINOSI et SUREAU, de la soci\u00e9t\u00e9 civile professionnelle COUTARD et MUNIER-APAIRE, avocats en la Cour, et les conclusions de M. l'avocat g\u00e9n\u00e9ral SALOMON ;"
    ],
    "decision-1": [
        "Vu les m\u00e9moires en demande et en d\u00e9fense et les observations compl\u00e9mentaires produits ;"
    ],
    "decision-2": [
        "Sur le moyen relev\u00e9 d'office, pris de la violation de l'article L. 622-4 du code de l'entr\u00e9e et du s\u00e9jour des \u00e9trangers et du droit d'asile, dans sa r\u00e9daction r\u00e9sultant de l'article 38 de la loi n\u00b0 2018-778 du 10 septembre 2018 :"
    ],
    "decision-3": [
        "Attendu que l'avocat du demandeur au pourvoi ayant conclu, dans ses observations compl\u00e9mentaires, \u00e0 l'application de la loi nouvelle du 10 septembre 2018, qui tire les cons\u00e9quences de la d\u00e9cision du Conseil constitutionnel n\u00b0 2018/718 du 6 juillet 2018, il convient de relever d'office le moyen pris de l'application imm\u00e9diate aux faits poursuivis des dispositions du 3\u00b0 de l'article L. 622-4 du code de l'entr\u00e9e et du s\u00e9jour des \u00e9trangers et du droit d'asile ;",
        "Vu ledit article, ensemble l'article 112-1 du code p\u00e9nal ;",
        "Attendu que, d'une part, il r\u00e9sulte du 3\u00b0 de l'article L. 622-4, dans sa version nouvelle, du code de l'entr\u00e9e et du s\u00e9jour des \u00e9trangers et du droit d'asile (CESEDA) que ne peut donner lieu \u00e0 des poursuites p\u00e9nales, sur le fondement des articles L. 622-1 \u00e0 L. 622-3, l'aide \u00e0 la circulation et au s\u00e9jour irr\u00e9guliers d'un \u00e9tranger lorsque l'acte reproch\u00e9 n'a donn\u00e9 lieu \u00e0 aucune contrepartie directe ou indirecte et a consist\u00e9 \u00e0 fournir des conseils ou accompagnements juridiques, linguistiques ou sociaux, ou toute autre aide apport\u00e9e dans un but exclusivement humanitaire ;",
        "Attendu que, d'autre part, il r\u00e9sulte du second de ces textes que les dispositions nouvelles s'appliquent aux infractions commises avant leur entr\u00e9e en vigueur d\u00e8s lors qu'elles n'ont pas donn\u00e9 lieu \u00e0 une condamnation pass\u00e9e en force de chose jug\u00e9e, lorsqu'elles sont moins s\u00e9v\u00e8res que les dispositions anciennes ;"
    ],
    "decision-4": [
        "Attendu qu'il r\u00e9sulte de l'arr\u00eat attaqu\u00e9 et des pi\u00e8ces de proc\u00e9dure que le 18 octobre 2016, les militaires de la brigade de gendarmerie de Breil-sur-Roya ont constat\u00e9 la pr\u00e9sence de cinquante-sept \u00e9trangers, dont des mineurs, en situation irr\u00e9guli\u00e8re, majoritairement originaires d'Erythr\u00e9e et du Soudan, assist\u00e9s de plusieurs repr\u00e9sentants d'associations, dans un b\u00e2timent d\u00e9pendant d'un complexe immobilier appartenant \u00e0 la SNCF, situ\u00e9 \u00e0 Saint-Dalmas-de-Tende, exploit\u00e9 jusqu'en 1991 comme colonie de vacances et inoccup\u00e9 depuis de nombreuses ann\u00e9es ; que les int\u00e9ress\u00e9s avaient p\u00e9n\u00e9tr\u00e9 par une fen\u00eatre du rez-de-chauss\u00e9e ; que le b\u00e2timent avait \u00e9t\u00e9 am\u00e9nag\u00e9 en dortoir ; que M. X..., agriculteur \u00e0 Breil-sur-Roya, \u00e9galement pr\u00e9sent, a reconnu \u00eatre \u00e0 l'origine de cette occupation ; qu'il a d\u00e9clar\u00e9 \u00e0 la presse avoir voulu \u00e9tablir un lieu d'accueil humanitaire destin\u00e9 aux migrants ; que le responsable habilit\u00e9 de la SNCF a d\u00e9pos\u00e9 plainte pour intrusion sans autorisation dans des locaux ferm\u00e9s et s\u00e9curis\u00e9s ;",
        "Que le 20 octobre 2016, alors qu'ils se rendaient \u00e0 la gare de Saint Dalmas-de-Tende, des agents de la police aux fronti\u00e8res se sont trouv\u00e9s en pr\u00e9sence, devant le domicile de M. X..., de quatre personnes en situation irr\u00e9guli\u00e8re qu'ils ont interpell\u00e9es ; qu'ils ont constat\u00e9 sur le site de la SNCF, toujours occup\u00e9, la pr\u00e9sence d'un groupe de personnes, assist\u00e9es de repr\u00e9sentants d'associations, qui pr\u00e9paraient l'\u00e9vacuation des lieux ;",
        "Qu'une enqu\u00eate a \u00e9t\u00e9 ouverte ; que, plac\u00e9 en garde \u00e0 vue, M. X..., qui s'est pr\u00e9sent\u00e9 comme le porte-parole des migrants et des militants associatifs, a d\u00e9clar\u00e9 avoir organis\u00e9 une action humanitaire pour r\u00e9pondre \u00e0 l'afflux de migrants dans la vall\u00e9e de la Roya et venir au secours des personnes les plus fragiles ; qu'il a reconnu s'\u00eatre rendu tr\u00e8s r\u00e9guli\u00e8rement \u00e0 Vintimille pour prendre en charge des migrants, et avoir ainsi convoy\u00e9 d'Italie en France environ deux cents personnes, les avoir conduites \u00e0 son domicile pour leur procurer un h\u00e9bergement d\u00e9cent, et avoir occup\u00e9 le b\u00e2timent de la SNCF parce qu'il manquait de place chez lui ; qu'il a affirm\u00e9 avoir agi dans un but exclusivement humanitaire, sans contrepartie ;",
        "Que, poursuivi pour aide \u00e0 l'entr\u00e9e, \u00e0 la circulation et au s\u00e9jour irr\u00e9guliers, courant octobre 2016, d'environ deux cents \u00e9trangers d\u00e9pourvus de titre de s\u00e9jour et installation en r\u00e9union sur le terrain d'autrui sans autorisation, M. X... a \u00e9t\u00e9 d\u00e9clar\u00e9 coupable d'infractions au code de l'entr\u00e9e et du s\u00e9jour des \u00e9trangers et du droit d'asile (CESEDA) mais renvoy\u00e9 des fins de la poursuite pour le d\u00e9lit d'installation en r\u00e9union sur le terrain d'autrui sans autorisation ; que le minist\u00e8re public, le pr\u00e9venu et la SNCF, partie civile d\u00e9bout\u00e9e de ses demandes, ont interjet\u00e9 appel ;",
        "Attendu que pour d\u00e9clarer M. X... coupable d'aide \u00e0 l'entr\u00e9e, \u00e0 la circulation et au s\u00e9jour irr\u00e9guliers d'\u00e9trangers en France, l'arr\u00eat retient que la mat\u00e9rialit\u00e9 des faits n'est pas contest\u00e9e, que le pr\u00e9venu savait que les migrants pris en charge \u00e9taient d\u00e9munis de titre de s\u00e9jour, et que m\u00eame si son action \u00e9tait d\u00e9pourvue de contrepartie directe ou indirecte, il ne pouvait revendiquer le b\u00e9n\u00e9fice des immunit\u00e9s pr\u00e9vues par le 3\u00b0 de l'article L. 622-4 du CESEDA, dans sa r\u00e9daction alors en vigueur, d\u00e8s lors que son action s'inscrivait dans une d\u00e9marche d'action militante en vue de soustraire des \u00e9trangers aux contr\u00f4les mis en oeuvre par les autorit\u00e9s pour appliquer les dispositions l\u00e9gales relatives \u00e0 l'immigration ;"
    ],
    "decision-5": [
        "Mais attendu que l'article 38 de la loi susvis\u00e9e du 10 septembre 2018 a \u00e9largi le champ d'application de l'article L. 622-4 du CESEDA en faisant obstacle aux poursuites p\u00e9nales dans le cas o\u00f9 l'aide \u00e0 la circulation et au s\u00e9jour irr\u00e9gulier d'un \u00e9tranger n'a donn\u00e9 lieu, de la part d'une personne physique ou morale, \u00e0 aucune contrepartie directe ou indirecte et a consist\u00e9 \u00e0 fournir une aide quelconque dans un but exclusivement humanitaire ;",
        "Que cette disposition, d'application imm\u00e9diate en vertu de l'article 71 de ladite loi, entre dans le champ d'application de l'article 112-1 du code p\u00e9nal, d\u00e8s lors qu'elle \u00e9largit les immunit\u00e9s pr\u00e9vues par l'article L. 622-4 du code de l'entr\u00e9e et du s\u00e9jour des \u00e9trangers et du droit d'asile ;",
        "Que, dans la mesure o\u00f9, d\u00e8s son interpellation, M. X... a invoqu\u00e9 le caract\u00e8re humanitaire de son action, il convient que le juge du fond r\u00e9examine les faits au regard des nouvelles dispositions de l'article L. 622-4 pr\u00e9cit\u00e9 ;",
        "Qu'il y a lieu, pour ce motif, d'annuler l'arr\u00eat attaqu\u00e9, mais seulement en tant qu'il a reconnu le pr\u00e9venu coupable d'infractions au code de l'entr\u00e9e et du s\u00e9jour des \u00e9trangers et du droit d'asile et a statu\u00e9 sur la peine, la d\u00e9claration de culpabilit\u00e9 du chef d'installation sur le terrain d'autrui sans autorisation et les dispositions civiles de l'arr\u00eat, non contest\u00e9es par le demandeur, ayant, par ailleurs, acquis un caract\u00e8re d\u00e9finitif ;"
    ],
    "decision-6": [
        "Par ces motifs, et sans qu'il y ait lieu de statuer sur les moyens propos\u00e9s par le pourvoi :",
        "ANNULE l'arr\u00eat susvis\u00e9 de la cour d'appel d'Aix-en-Provence, en date du 11 Septembre 2017, mais uniquement en ses dispositions concernant la d\u00e9claration de culpabilit\u00e9 du chef d'infractions au CESEDA et la peine, toutes autres dispositions \u00e9tant express\u00e9ment maintenues ;",
        "Et pour qu'il soit \u00e0 nouveau jug\u00e9, conform\u00e9ment \u00e0 la loi, dans les limites de l'annulation ainsi prononc\u00e9e ;",
        "RENVOIE la cause et les parties devant la cour d'appel de Lyon, \u00e0 ce d\u00e9sign\u00e9e par d\u00e9lib\u00e9ration sp\u00e9ciale prise en chambre du conseil ;",
        "ORDONNE l'impression du pr\u00e9sent arr\u00eat, sa transcription sur les registres du greffe de la cour d'appel de d'Aix-en-Provence et sa mention en marge ou \u00e0 la suite de l'arr\u00eat partiellement annul\u00e9 ;",
        "Ainsi fait et jug\u00e9 par la Cour de cassation, chambre criminelle, et prononc\u00e9 par le pr\u00e9sident le douze d\u00e9cembre deux mille dix-huit ;",
        "En foi de quoi le pr\u00e9sent arr\u00eat a \u00e9t\u00e9 sign\u00e9 par le pr\u00e9sident, le rapporteur et le greffier de chambre."
    ]
}