{
    "decision-0": [
        "CIV. 1",
        "MF",
        "COUR DE CASSATION",
        "______________________",
        "Audience publique du 11 juillet 2019",
        "Cassation partielle sans renvoi",
        "Mme BATUT, pr\u00e9sident",
        "Arr\u00eat n\u00b0 689 F-D",
        "Pourvoi n\u00b0 H 18-15.971",
        "R \u00c9 P U B L I Q U E F R A N \u00c7 A I S E",
        "_________________________",
        "AU NOM DU PEUPLE FRAN\u00c7AIS",
        "_________________________",
        "LA COUR DE CASSATION, PREMI\u00c8RE CHAMBRE CIVILE, a rendu l'arr\u00eat suivant :",
        "Statuant sur le pourvoi form\u00e9 par le pr\u00e9fet du Bas-Rhin, domicili\u00e9 [...] ,",
        "contre l'ordonnance rendue le 1er mars 2018 par le premier pr\u00e9sident de la cour d'appel de Colmar (chambre 6, \u00e9trangers), dans le litige l'opposant :",
        "1\u00b0/ \u00e0 M. K... L..., domicili\u00e9 [...],",
        "2\u00b0/ au procureur g\u00e9n\u00e9ral pr\u00e8s la cour d'appel de Colmar, domicili\u00e9 en son parquet g\u00e9n\u00e9ral, [...],",
        "d\u00e9fendeurs \u00e0 la cassation ;",
        "Le demandeur invoque, \u00e0 l'appui de son pourvoi, le moyen unique de cassation annex\u00e9 au pr\u00e9sent arr\u00eat ;",
        "Vu la communication faite au procureur g\u00e9n\u00e9ral ;",
        "LA COUR, en l'audience publique du 12 juin 2019, o\u00f9 \u00e9taient pr\u00e9sentes : Mme Batut, pr\u00e9sident, Mme Gargoullaud, conseiller r\u00e9f\u00e9rendaire rapporteur, Mme Auroy, conseiller doyen, Mme Pecquenard, greffier de chambre ;",
        "Sur le rapport de Mme Gargoullaud, conseiller r\u00e9f\u00e9rendaire, les observations de la SCP Foussard et Froger, avocat du pr\u00e9fet du Bas-Rhin, et apr\u00e8s en avoir d\u00e9lib\u00e9r\u00e9 conform\u00e9ment \u00e0 la loi ;"
    ],
    "decision-1": [
        "Sur le moyen unique, pris en sa deuxi\u00e8me branche :"
    ],
    "decision-2": [
        "Vu les articles L. 551-1 et L. 552-1 du code de l'entr\u00e9e et du s\u00e9jour des \u00e9trangers et du droit d'asile ;"
    ],
    "decision-3": [
        "Attendu, selon l'ordonnance attaqu\u00e9e, rendue par le premier pr\u00e9sident d'une cour d'appel, et les pi\u00e8ces de la proc\u00e9dure, que M. L..., de nationalit\u00e9 tunisienne, a r\u00e9sid\u00e9 en Allemagne, o\u00f9 il a b\u00e9n\u00e9fici\u00e9 d'un titre de s\u00e9jour \u00e9tudiant avant d'\u00eatre interpell\u00e9 le 1er f\u00e9vrier 2017, \u00e0 l'occasion d'une op\u00e9ration polici\u00e8re antiterroriste ; que, le 26 juin 2017, l'autorit\u00e9 allemande lui a retir\u00e9 le titre de s\u00e9jour \u00e9tudiant dont il \u00e9tait pr\u00e9c\u00e9demment titulaire jusqu'au 7 janvier 2018 ; que, le 4 ao\u00fbt 2017, le ministre de l'int\u00e9rieur fran\u00e7ais a consid\u00e9r\u00e9 que sa pr\u00e9sence en France, dans le courant de l'ann\u00e9e 2017, constituait une menace particuli\u00e8rement grave pour l'ordre public, dans un contexte de menace terroriste \u00e9lev\u00e9, et a prononc\u00e9 son expulsion du territoire fran\u00e7ais ; qu'\u00e0 la suite d'un contr\u00f4le, le pr\u00e9fet l'a plac\u00e9, le 26 f\u00e9vrier 2018, en r\u00e9tention administrative ; que, le lendemain, le juge des libert\u00e9s et de la d\u00e9tention a \u00e9t\u00e9 saisi d'une requ\u00eate de M. L... aux fins de contester la r\u00e9gularit\u00e9 de cette d\u00e9cision et d'une requ\u00eate du pr\u00e9fet aux fins de prolongation de la r\u00e9tention ;",
        "Attendu que, pour rejeter la demande du pr\u00e9fet, l'ordonnance retient que M. L... est membre de la famille d'une citoyenne de l'Union europ\u00e9enne, titulaire d'un passeport valide jusqu'au 9 juillet 2019 et autoris\u00e9 \u00e0 vivre et travailler en Allemagne jusqu'au 9 mai 2018 ;"
    ],
    "decision-4": [
        "Qu'en statuant ainsi, par des motifs impropres \u00e0 \u00e9tablir que M. L... pr\u00e9sentait des garanties de repr\u00e9sentation effectives en France suffisantes pour pr\u00e9venir le risque qu'il se soustraie \u00e0 son obligation de quitter le territoire fran\u00e7ais, le premier pr\u00e9sident a viol\u00e9 les textes susvis\u00e9s ;",
        "Et vu les articles 411-3 du code de l'organisation judiciaire et 1015 du code de proc\u00e9dure civile ;"
    ],
    "decision-5": [
        "PAR CES MOTIFS et sans qu'il y ait lieu de statuer sur les autres branches du moyen :",
        "CASSE ET ANNULE, sauf en ce qu'elle d\u00e9clare l'appel recevable, l'ordonnance rendue le 1er mars 2018, entre les parties, par le premier pr\u00e9sident de la cour d'appel de Colmar ;",
        "DIT n'y avoir lieu \u00e0 renvoi ;",
        "Dit que sur les diligences du procureur g\u00e9n\u00e9ral pr\u00e8s la Cour de cassation, le pr\u00e9sent arr\u00eat sera transmis pour \u00eatre transcrit en marge ou \u00e0 la suite de l'ordonnance partiellement cass\u00e9e ;",
        "Ainsi fait et jug\u00e9 par la Cour de cassation, premi\u00e8re chambre civile, prononc\u00e9 par le pr\u00e9sident en son audience publique du onze juillet deux mille dix-neuf et sign\u00e9 par lui et par Mme Randouin, greffier de chambre, qui a assist\u00e9 au prononc\u00e9 de l'arr\u00eat."
    ],
    "decision-6": [
        "MOYEN ANNEXE au pr\u00e9sent arr\u00eat",
        "Moyen produit par la SCP Foussard et Froger, avocat aux Conseils, pour le pr\u00e9fet du Bas-Rhin.",
        "L'ordonnance attaqu\u00e9e encourt la censure ;",
        "EN CE QU'elle a, infirmant l'ordonnance du 28 f\u00e9vrier 2018, dit n'y avoir lieu \u00e0 prolongation du maintien de Monsieur L... en r\u00e9tention administrative dans des locaux ne d\u00e9pendant pas de l'administration p\u00e9nitentiaire ;",
        "AUX MOTIFS QUE \u00ab si, lors de sa comparution devant le juge des libert\u00e9s et de la d\u00e9tention, Monsieur L... disposait du seul permis de conduire tunisien et n'avait aucune carte d'identit\u00e9 ni passeport et faisait l'objet en France d'un arr\u00eat\u00e9 minist\u00e9riel d'expulsion du 4 ao\u00fbt 2017 et n'avait plus de titre valable depuis juin 2017 pour s\u00e9journer en Allemagne, il est apparu \u00e0 l'audience de ce jour que le service d'escorte avait en sa possession le passeport de M. L... n\u00b0 [...], sans que l'on sache qui l'a apport\u00e9 au centre de r\u00e9tention, et son conseil a pr\u00e9sent\u00e9 un document provenant de la ville de Francfort Sur Le Main dat\u00e9 du 2 f\u00e9vrier 2018 aux termes duquel M. L... identifi\u00e9 par un passeport \u00e9tranger portant le n\u00b0 [...] a demand\u00e9 un titre de s\u00e9jour UE ; que ce document ajoute qu'il est membre de famille d'une citoyenne de l'union europ\u00e9enne et qu'il est autoris\u00e9 \u00e0 travailler jusqu'au 9 mai 2018, date de validit\u00e9 de cette attestation ; que d\u00e8s lors, si Monsieur L... ne peut circuler en France, il est titulaire d'un passeport valide jusqu'au 9 juillet 2019 et autoris\u00e9 \u00e0 vivre et travailler en Allemagne jusqu'au 9 mai 2018 ; qu'en cons\u00e9quence, l'ordonnance du premier juge doit en cons\u00e9quence \u00eatre infirm\u00e9e, la prolongation du placement en r\u00e9tention administrative n'\u00e9tant pas autoris\u00e9e \u00bb ;",
        "ALORS QUE, premi\u00e8rement, dans le cadre du contentieux de la r\u00e9tention, le juge des libert\u00e9s et de la d\u00e9tention a simplement le pouvoir de se prononcer sur le point de savoir si l'\u00e9tranger pr\u00e9sente les garanties de repr\u00e9sentation effectives propres \u00e0 pr\u00e9venir le risque qu'il se soustraie \u00e0 l'obligation de quitter le territoire ; qu'en s'abstenant de s'expliquer sur les garanties de repr\u00e9sentation effectives offertes par Monsieur L..., le juge du second degr\u00e9 a priv\u00e9 sa d\u00e9cision de base l\u00e9gale au regard des articles L. 551-1 et L. 552-1 du code de l'entr\u00e9e et du s\u00e9jour des \u00e9trangers et du droit d'asile ;",
        "ALORS QUE, deuxi\u00e8mement, l'ordonnance attaqu\u00e9e a certes fait \u00e9tat de ce que Monsieur L... aurait pr\u00e9sent\u00e9 un document faisant \u00e9tat d'un passeport \u00e9tranger et d'une demande au titre de s\u00e9jour, qu'il est membre de la famille d'une citoyenne de l'Union europ\u00e9enne et qu'il est autoris\u00e9 \u00e0 travailler jusqu'au 9 mai 2018, date de validit\u00e9 de l'attestation et encore qu'il est titulaire d'un passeport valide jusqu'au 9 juillet 2019 ; que toutefois, ces motifs \u00e9taient inop\u00e9rants ; qu'en effet, ils concernaient le droit de s\u00e9jour \u00e0 l'\u00e9tranger et non les garanties de repr\u00e9sentation effectives pr\u00e9sent\u00e9es par Monsieur L... ; que l'ordonnance attaqu\u00e9e a \u00e9t\u00e9 rendue en violation des articles L. 551-1 et L. 552-1 du code de l'entr\u00e9e et du s\u00e9jour des \u00e9trangers et du droit d'asile ;",
        "ALORS QUE, troisi\u00e8mement, il n'entre dans les pouvoirs du juge des libert\u00e9s et de la d\u00e9tention et du premier pr\u00e9sident en cas d'appel de se prononcer sur le bien-fond\u00e9 de l'obligation faite \u00e0 l'int\u00e9ress\u00e9 de quitter le territoire \u00e0 destination de tel Etat ; qu'en consid\u00e9rant que l'int\u00e9ress\u00e9 pouvait se rendre en Allemagne, le juge judiciaire a remis en cause la d\u00e9cision administrative prescrivant l'expulsion \u00e0 destination de la Tunisie ; qu'en statuant comme il l'a fait, le juge du second degr\u00e9 a m\u00e9connu sa comp\u00e9tence et viol\u00e9 le principe des s\u00e9parations des pouvoirs, la loi des 16-24 ao\u00fbt 1790, et le d\u00e9cret du 26 fructidor an III, ensemble l'article L. 551-1 et L. 552-1 du code de l'entr\u00e9e et du s\u00e9jour des \u00e9trangers et du droit d'asile ;",
        "ALORS QUE, quatri\u00e8mement, et en tout cas, s'il fallait consid\u00e9rer par impossible que le juge du second degr\u00e9 \u00e9tait fond\u00e9 \u00e0 justifier sa d\u00e9cision sur une volont\u00e9 de d\u00e9part vers l'Allemagne, de toute fa\u00e7on, ce dernier devait s'expliquer sur les circonstances mises en avant par le pr\u00e9fet du BAS-RHIN et montrant que Monsieur L... n'avait ni la volont\u00e9, ni la possibilit\u00e9 de partir pour l'Allemagne \u00e0 raison des poursuites p\u00e9nales exerc\u00e9es en Allemagne ; qu'en s'abstenant de s'expliquer sur ces circonstances, le juge du second degr\u00e9 a, \u00e0 tout le moins, priv\u00e9 sa d\u00e9cision de base l\u00e9gale au regard des articles L. 551-1 et L. 552-1 du code de l'entr\u00e9e et du s\u00e9jour des \u00e9trangers et du droit d'asile."
    ]
}