{
    "decision-0": [
        "CIV. 1",
        "MY1",
        "COUR DE CASSATION",
        "______________________",
        "Audience publique du 8 juillet 2020",
        "Cassation sans renvoi",
        "Mme BATUT, pr\u00e9sident",
        "Arr\u00eat n\u00b0 416 F-D",
        "Pourvoi n\u00b0 C 19-16.408",
        "Aide juridictionnelle totale en demande",
        "au profit de M. F....",
        "Admission du bureau d'aide juridictionnelle",
        "pr\u00e8s la Cour de cassation",
        "en date du 12 mars 2019.",
        "R \u00c9 P U B L I Q U E F R A N \u00c7 A I S E",
        "_________________________",
        "AU NOM DU PEUPLE FRAN\u00c7AIS",
        "_________________________",
        "ARR\u00caT DE LA COUR DE CASSATION, PREMI\u00c8RE CHAMBRE CIVILE, DU 8 JUILLET 2020",
        "M. O... F..., domicili\u00e9 chez M. R... L..., [...] , a form\u00e9 le pourvoi n\u00b0 C 19-16.408 contre l'ordonnance rendue le 17 octobre 2018 par le premier pr\u00e9sident de la cour d'appel de Paris, dans le litige l'opposant :",
        "1\u00b0/ au pr\u00e9fet de police de Paris, domicili\u00e9 [...] ,",
        "2\u00b0/ au procureur g\u00e9n\u00e9ral pr\u00e8s la cour d'appel de Paris, domicili\u00e9 en son parquet g\u00e9n\u00e9ral, [...],",
        "d\u00e9fendeurs \u00e0 la cassation.",
        "Le demandeur invoque, \u00e0 l'appui de son pourvoi, les deux moyens de cassation annex\u00e9s au pr\u00e9sent arr\u00eat.",
        "Le dossier a \u00e9t\u00e9 communiqu\u00e9 au procureur g\u00e9n\u00e9ral.",
        "Sur le rapport de Mme Auroy, conseiller doyen, les observations de la SCP Lyon-Caen et Thiriez, avocat de M. F..., et l'avis de Mme Marilly, avocat g\u00e9n\u00e9ral r\u00e9f\u00e9rendaire, apr\u00e8s d\u00e9bats en l'audience publique du 26 mai 2020 o\u00f9 \u00e9taient pr\u00e9sents Mme Batut, pr\u00e9sident, Mme Auroy, conseiller doyen rapporteur, M. Acquaviva, conseiller, et Mme Berthomier, greffier de chambre,",
        "la premi\u00e8re chambre civile de la Cour de cassation, compos\u00e9e des pr\u00e9sident et conseillers pr\u00e9cit\u00e9s, apr\u00e8s en avoir d\u00e9lib\u00e9r\u00e9 conform\u00e9ment \u00e0 la loi, a rendu le pr\u00e9sent arr\u00eat."
    ],
    "decision-1": [
        "Faits et proc\u00e9dure",
        "1. Selon l'ordonnance attaqu\u00e9e, rendue par le premier pr\u00e9sident d'une cour d'appel (Paris, 17 octobre 2018), et les pi\u00e8ces de la proc\u00e9dure, M. F..., de nationalit\u00e9 malienne, a fait l'objet, \u00e0 la suite de divers d\u00e9lits commis au cours des ann\u00e9es 2009 \u00e0 2012, d'un arr\u00eat\u00e9 d'expulsion du pr\u00e9fet de police de Paris le 15 novembre 2013. Le pr\u00e9fet a d\u00e9cid\u00e9 de proc\u00e9der \u00e0 l'ex\u00e9cution de cet arr\u00eat\u00e9 et au placement en r\u00e9tention administrative de M. F... le 13 octobre 2018.",
        "2. Le 15 octobre, le juge des libert\u00e9s et de la d\u00e9tention a \u00e9t\u00e9 saisi, par le pr\u00e9fet, d'une requ\u00eate en prolongation de la mesure et, par l'\u00e9tranger, d'une requ\u00eate en contestation de la r\u00e9gularit\u00e9 de la d\u00e9cision."
    ],
    "decision-2": [
        "Examen des moyens",
        "Sur le premier moyen, ci-apr\u00e8s annex\u00e9"
    ],
    "decision-3": [
        "3. En application de l'article 1014, alin\u00e9a 2, du code de proc\u00e9dure civile, il n'y a pas lieu de statuer par une d\u00e9cision sp\u00e9cialement motiv\u00e9e sur ce moyen qui n'est manifestement pas de nature \u00e0 entra\u00eener la cassation ."
    ],
    "decision-4": [
        "Mais sur le second moyen, pris en sa premi\u00e8re branche",
        "Enonc\u00e9 du moyen",
        "4. M. F... fait grief \u00e0 l'ordonnance de prolonger la mesure, alors \u00ab qu' \u00e0 peine d'irrecevabilit\u00e9, la requ\u00eate en prolongation de r\u00e9tention doit \u00eatre motiv\u00e9e, dat\u00e9e, sign\u00e9e et accompagn\u00e9e de toutes pi\u00e8ces justificatives utiles ; que constitue une pi\u00e8ce justificative utile le proc\u00e8s-verbal de fin de garde \u00e0 vue ; qu'en relevant, pour rejeter le recours de M. F... contre l'ordonnance de prolongation de sa r\u00e9tention administrative pour d\u00e9faut de production de pi\u00e8ces justificatives utiles, qu'aucun moyen tir\u00e9 d'une irr\u00e9gularit\u00e9 des pi\u00e8ces pr\u00e9tendues manquantes ou incompl\u00e8tes n'ayant \u00e9t\u00e9 soutenu en premi\u00e8re instance, il ne peut \u00eatre consid\u00e9r\u00e9 que cette pi\u00e8ce constitue une pi\u00e8ce justificative utile, le pr\u00e9sident de chambre de la cour d'appel de Paris, agissant par d\u00e9l\u00e9gation du premier pr\u00e9sident de cette cour, a viol\u00e9 les articles L. 552-1 et R. 552-3 du Code de l'entr\u00e9e et du s\u00e9jour des \u00e9trangers et du droit d'asile, ensemble l'article 66 de la Constitution. \u00bb"
    ],
    "decision-5": [
        "R\u00e9ponse de la Cour",
        "Vu l'article R. 552-3 du code de l'entr\u00e9e et du s\u00e9jour des \u00e9trangers et du droit d'asile :",
        "5. Il r\u00e9sulte de ce texte qu'\u00e0 peine d'irrecevabilit\u00e9, la requ\u00eate du pr\u00e9fet est accompagn\u00e9e de toutes pi\u00e8ces justificatives utiles, qui sont n\u00e9cessaires au contr\u00f4le de la r\u00e9gularit\u00e9 de la proc\u00e9dure.",
        "6. Pour d\u00e9clarer la requ\u00eate du pr\u00e9fet recevable, l'ordonnance rel\u00e8ve que, d\u00e8s lors qu'en premi\u00e8re instance aucun moyen tir\u00e9 d'une irr\u00e9gularit\u00e9 des pi\u00e8ces pr\u00e9tendues manquantes ou incompl\u00e8tes n'a \u00e9t\u00e9 soutenu, il ne peut \u00eatre consid\u00e9r\u00e9 que ces pi\u00e8ces constituent des pi\u00e8ces justificatives utiles.",
        "7. En statuant ainsi, alors que le proc\u00e8s-verbal de fin de garde \u00e0 vue constitue, ind\u00e9pendamment de toute contestation, une pi\u00e8ce justificative utile, le premier pr\u00e9sident a viol\u00e9 le texte susvis\u00e9.",
        "Port\u00e9e et cons\u00e9quences de la cassation",
        "8. Apr\u00e8s avis donn\u00e9 aux parties, conform\u00e9ment \u00e0 l'article 1015 du code de proc\u00e9dure civile, il est fait application des articles L. 411-3, alin\u00e9a 1, du code de l'organisation judiciaire et 627 du code de proc\u00e9dure civile.",
        "9. Les d\u00e9lais l\u00e9gaux pour statuer sur la mesure \u00e9tant expir\u00e9s, il ne reste plus rien \u00e0 juger."
    ],
    "decision-6": [
        "PAR CES MOTIFS, la Cour, sans qu'il y ait lieu de statuer sur la seconde branche du second moyen :",
        "CASSE et ANNULE, en toutes ses dispositions, l'ordonnance rendue le 17 octobre 2018, par le premier pr\u00e9sident de la cour d'appel de Paris ;",
        "DIT n'y avoir lieu \u00e0 renvoi ;",
        "En application de l'article 700 du code de proc\u00e9dure civile, rejette la demande ;",
        "Dit que sur les diligences du procureur g\u00e9n\u00e9ral pr\u00e8s la Cour de cassation, le pr\u00e9sent arr\u00eat sera transmis pour \u00eatre transcrit en marge ou \u00e0 la suite de l'ordonnance cass\u00e9e ;",
        "Ainsi fait et jug\u00e9 par la Cour de cassation, premi\u00e8re chambre civile, et prononc\u00e9 par le pr\u00e9sident en son audience publique du huit juillet deux mille vingt."
    ],
    "decision-7": [
        "MOYENS ANNEXES au pr\u00e9sent arr\u00eat",
        "Moyens produits par la SCP Lyon-Caen et Thiriez, avocat aux Conseils, pour M. F....",
        "PREMIER MOYEN DE CASSATION",
        "Il est fait grief \u00e0 l'ordonnance confirmative attaqu\u00e9e d'avoir rejet\u00e9 le recours form\u00e9 par Monsieur F... contre la d\u00e9cision de placement en r\u00e9tention prise \u00e0 son encontre par le pr\u00e9fet de police de Paris le 13 octobre 2018 ;",
        "Aux motifs propres que sur le moyen tir\u00e9 d'une erreur de fait, qu'aucune erreur de fait n'a \u00e9t\u00e9 commise, la pr\u00e9c\u00e9dente mesure vis\u00e9e par le pr\u00e9fet de police \u00e9tant l'arr\u00eat\u00e9 d'expulsion du 15 novembre 2013 arr\u00eat\u00e9 dont la preuve d'une annulation n'est pas rapport\u00e9e et dont il convient de constater qu'il n'a pas \u00e9t\u00e9 ex\u00e9cut\u00e9 ; qu'il convient en cons\u00e9quence de confirmer l'ordonnance querell\u00e9e ;",
        "Et aux motifs adopt\u00e9s du premier juge, que la d\u00e9cision de placement en r\u00e9tention de M. F... est motiv\u00e9e en fait et en droit, \u00e0 savoir qu'il repr\u00e9sente une menace pour l'ordre public ; qu'il ne peut justifier de la possession de documents de voyage, et qu'il s'est soustrait \u00e0 l'ex\u00e9cution d'une pr\u00e9c\u00e9dente mesure d'\u00e9loignement ; que dans ces conditions la requ\u00eate en contestation sera rejet\u00e9e ;",
        "Alors que, de premi\u00e8re part, dans sa d\u00e9claration d'appel, Monsieur F... avait soutenu que l'affirmation du pr\u00e9fet de police de Paris selon laquelle il se serait soustrait \u00e0 une pr\u00e9c\u00e9dente mesure d'\u00e9loignement \u00e9tait fond\u00e9e sur une erreur de fait parce que lorsque l'autorit\u00e9 administrative avait pr\u00e9c\u00e9demment entrepris de proc\u00e9der \u00e0 son \u00e9loignement, au mois de janvier 2016, cette d\u00e9cision avait \u00e9t\u00e9 annul\u00e9e par le tribunal administratif de Melun par un jugement du 12 janvier 2016 qui enjoignait au pr\u00e9fet de proc\u00e9der au r\u00e9examen de sa situation et de lui d\u00e9livrer une autorisation provisoire de s\u00e9jour, ce que l'administration s'\u00e9tait abstenue de faire ; que dans ce jugement, cette juridiction administrative avait effectivement statu\u00e9 comme l'avait soutenu Monsieur F..., apr\u00e8s avoir, entre autres motifs, retenu que le pr\u00e9fet, se bornait \u00e0 produire un relev\u00e9 administratif indiquant que l'arr\u00eat\u00e9 d'expulsion du 15 novembre 2013 avait \u00e9t\u00e9 notifi\u00e9 le 15 novembre 2013 \u00e0 Monsieur F... mais n'avait pas \u00e9tabli qu'il avait \u00e9t\u00e9 notifi\u00e9 \u00e0 celui-ci, ni qu'une d\u00e9cision de retrait de sa carte de r\u00e9sident valable du 20 mai 2009 au 19 mai 2019 lui avait \u00e9t\u00e9 notifi\u00e9e ; qu'en d\u00e9cidant qu'aucune erreur de fait n'avait \u00e9t\u00e9 commise par le Pr\u00e9fet de Police parce que la preuve d'une annulation de l'arr\u00eat\u00e9 d'expulsion n'avait pas \u00e9t\u00e9 rapport\u00e9e sans rechercher si cet arr\u00eat\u00e9 avait \u00e9t\u00e9 notifi\u00e9 \u00e0 Monsieur F..., le pr\u00e9sident de chambre de la cour d'appel de Paris, agissant par d\u00e9l\u00e9gation du premier pr\u00e9sident de cette cour, a priv\u00e9 sa d\u00e9cision de base l\u00e9gale au regard de l'article L. 551-1 du code de l'entr\u00e9e et du s\u00e9jour des \u00e9trangers et du droit d'asile ensemble l'article L. 221-8 du Code des relations entre le public et l'administration ;",
        "Alors que, de deuxi\u00e8me part, tout jugement doit \u00eatre motiv\u00e9 \u00e0 peine de nullit\u00e9 ; qu'en se bornant \u00e0 retenir, par motifs adopt\u00e9s du premier juge, que Monsieur F... repr\u00e9senterait une menace pour l'ordre public sans pr\u00e9ciser la nature de la menace qu'il constituerait, le pr\u00e9sident de chambre de la cour d'appel de Paris, agissant par d\u00e9l\u00e9gation du premier pr\u00e9sident de cette cour, a statu\u00e9 par voie de simple affirmation et viol\u00e9, ce faisant, l'article 455 du code de proc\u00e9dure civile ;",
        "SECOND MOYEN DE CASSATION",
        "Il est fait grief \u00e0 l'ordonnance confirmative attaqu\u00e9e d'avoir ordonn\u00e9 la prolongation du maintien de Monsieur F... dans les locaux ne relevant pas de l'administration p\u00e9nitentiaire, pour une dur\u00e9e maximale de vingt-huit jours, soit jusqu'au 12 novembre 2018 \u00e0 21h31 ;",
        "Aux motifs propres, que c'est par une analyse circonstanci\u00e9e et des motifs particuli\u00e8rement pertinents qu'il convient d'adopter que le premier juge a statu\u00e9 sur les moyens de fond soulev\u00e9s devant lui et repris devant la cour sans qu'il soit n\u00e9cessaire d'apporter quelque observation, y ajoutant sur le premier moyen tir\u00e9 d'une irrecevabilit\u00e9 de la requ\u00eate pour d\u00e9faut de pi\u00e8ces justificatives utiles, en l'esp\u00e8ce, proc\u00e8s-verbal de fin de garde \u00e0 vue et proc\u00e8s-verbal de notification des droits en r\u00e9tention incomplet comme ne comportant pas de signatures, d\u00e8s lors qu'il appara\u00eet qu'en premi\u00e8re instance aucun moyen tir\u00e9 d'une irr\u00e9gularit\u00e9 des pi\u00e8ces pr\u00e9tendues manquantes ou incompl\u00e8tes n'a \u00e9t\u00e9 soutenu, il ne peut \u00eatre consid\u00e9r\u00e9 que ces pi\u00e8ces constituent des pi\u00e8ces justificatives utiles, le moyen est donc rejet ; qu'il convient en cons\u00e9quence de confirmer l'ordonnance querell\u00e9e ;",
        "Et aux motifs adopt\u00e9s du premier juge, que l'int\u00e9ress\u00e9 ne pr\u00e9sente ni passeport ni garanties suffisantes de repr\u00e9sentation, et ne remplit donc pas les conditions pr\u00e9alables \u00e0 une assignation \u00e0 r\u00e9sidence ; qu'il importe de permettre \u00e0 l'autorit\u00e9 administrative d'effectuer toutes d\u00e9marches utiles aupr\u00e8s des autorit\u00e9s consulaires comp\u00e9tentes de fa\u00e7on \u00e0 mettre en oeuvre la d\u00e9cision de reconduite \u00e0 la fronti\u00e8re qui a \u00e9t\u00e9 prise ; qu'il y a lieu d'ordonner la prolongation de sa r\u00e9tention administrative pour une dur\u00e9e de 28 jours ;",
        "Alors que, de premi\u00e8re part, \u00e0 peine d'irrecevabilit\u00e9, la requ\u00eate en prolongation de r\u00e9tention doit \u00eatre motiv\u00e9e, dat\u00e9e, sign\u00e9e et accompagn\u00e9e de toutes pi\u00e8ces justificatives utiles ; que constitue une pi\u00e8ce justificative utile le proc\u00e8s-verbal de fin de garde \u00e0 vue ; qu'en relevant, pour rejeter le recours de Monsieur F... contre l'ordonnance de prolongation de sa r\u00e9tention administrative pour d\u00e9faut de production de pi\u00e8ces justificatives utiles, qu'aucun moyen tir\u00e9 d'une irr\u00e9gularit\u00e9 des pi\u00e8ces pr\u00e9tendues manquantes ou incompl\u00e8tes n'ayant \u00e9t\u00e9 soutenu en premi\u00e8re instance, il ne peut \u00eatre consid\u00e9r\u00e9 que cette pi\u00e8ce constitue une pi\u00e8ce justificative utile, le pr\u00e9sident de chambre de la cour d'appel de Paris, agissant par d\u00e9l\u00e9gation du premier pr\u00e9sident de cette cour, a viol\u00e9 les articles L. 552-1 et R. 552-3 du Code de l'entr\u00e9e et du s\u00e9jour des \u00e9trangers et du droit d'asile, ensemble l'article 66 de la Constitution ;",
        "Alors que, de deuxi\u00e8me part, \u00e0 peine d'irrecevabilit\u00e9, la requ\u00eate en prolongation de r\u00e9tention doit \u00eatre motiv\u00e9e, dat\u00e9e, sign\u00e9e et accompagn\u00e9e de toutes pi\u00e8ces justificatives utiles ; que constitue une pi\u00e8ce justificative utile le proc\u00e8s-verbal de notification de placement en r\u00e9tention et des droits y aff\u00e9rents d\u00fbment sign\u00e9 ; que dans sa d\u00e9claration d'appel, Monsieur F... avait soutenu que le proc\u00e8s-verbal de notification de placement en r\u00e9tention et des droits y aff\u00e9rents \u00e9tait vierge de toute signature de l'agent notificateur et de l'int\u00e9ress\u00e9 et ne comportait aucune date ni heure de notification ; qu'en relevant, pour rejeter le recours de Monsieur F... contre l'ordonnance de prolongation de sa r\u00e9tention administrative, qu'aucun moyen tir\u00e9 d'une irr\u00e9gularit\u00e9 des pi\u00e8ces pr\u00e9tendues manquantes ou incompl\u00e8tes n'ayant \u00e9t\u00e9 soutenu en premi\u00e8re instance, il ne peut \u00eatre consid\u00e9r\u00e9 que cette pi\u00e8ce constitue une pi\u00e8ce justificative utile, le pr\u00e9sident de chambre de la cour d'appel de Paris, agissant par d\u00e9l\u00e9gation du premier pr\u00e9sident de cette cour, a viol\u00e9 les articles L. 552-1 et R. 552-3 du Code de l'entr\u00e9e et du s\u00e9jour des \u00e9trangers et du droit d'asile, ensemble l'article 66 de la Constitution."
    ]
}