{
    "decision-0": [
        "CIV. 1",
        "CM",
        "COUR DE CASSATION",
        "______________________",
        "Audience publique du 20 novembre 2019",
        "Cassation partielle",
        "sans renvoi",
        "Mme BATUT, pr\u00e9sident",
        "Arr\u00eat n\u00b0 980 F-D",
        "Pourvoi n\u00b0 W 18-23.758",
        "Aide juridictionnelle totale en demande",
        "au profit de Mme B....",
        "Admission du bureau d'aide juridictionnelle",
        "pr\u00e8s la Cour de cassation",
        "en date du 25 septembre 2018.",
        "R \u00c9 P U B L I Q U E F R A N \u00c7 A I S E",
        "_________________________",
        "AU NOM DU PEUPLE FRAN\u00c7AIS",
        "_________________________",
        "LA COUR DE CASSATION, PREMI\u00c8RE CHAMBRE CIVILE, a rendu l'arr\u00eat suivant :",
        "Statuant sur le pourvoi form\u00e9 par Mme O... B..., domicili\u00e9e chez Mme D... Y...[...] ,",
        "contre l'ordonnance rendue le 28 f\u00e9vrier 2018 par le premier pr\u00e9sident de la cour d'appel de Toulouse, dans le litige l'opposant :",
        "1\u00b0/ au pr\u00e9fet de la Haute-Garonne, domicili\u00e9 [...] , [...],",
        "2\u00b0/ au procureur g\u00e9n\u00e9ral pr\u00e8s la cour d'appel de Toulouse, domicili\u00e9 en son parquet g\u00e9n\u00e9ral, [...],",
        "d\u00e9fendeurs \u00e0 la cassation ;",
        "La demanderesse invoque, \u00e0 l'appui de son pourvoi, le moyen unique de cassation annex\u00e9 au pr\u00e9sent arr\u00eat ;",
        "Vu la communication faite au procureur g\u00e9n\u00e9ral ;",
        "LA COUR, en l'audience publique du 15 octobre 2019, o\u00f9 \u00e9taient pr\u00e9sentes : Mme Batut, pr\u00e9sident, Mme Feydeau-Thieffry, conseiller r\u00e9f\u00e9rendaire rapporteur, Mme Auroy, conseiller doyen, Mme Berthomier, greffier de chambre ;",
        "Sur le rapport de Mme Feydeau-Thieffry, conseiller r\u00e9f\u00e9rendaire, les observations de la SCP Fabiani, Luc-Thaler et Pinatel, avocat de Mme B..., l'avis de M. Sassoust, avocat g\u00e9n\u00e9ral, et apr\u00e8s en avoir d\u00e9lib\u00e9r\u00e9 conform\u00e9ment \u00e0 la loi ;"
    ],
    "decision-1": [
        "Sur le moyen unique, pris en sa premi\u00e8re branche :"
    ],
    "decision-2": [
        "Vu l'article L. 552-7 du code de l'entr\u00e9e et du s\u00e9jour des \u00e9trangers et du droit d'asile, dans sa r\u00e9daction issue de la loi n\u00b0 2016-274 du 7 mars 2016 ;",
        "Attendu que le d\u00e9lai de vingt-huit jours de prolongation de la r\u00e9tention peut \u00eatre prorog\u00e9 d'une dur\u00e9e maximale de quinze jours par ordonnance du juge des libert\u00e9s et de la d\u00e9tention lorsque, malgr\u00e9 les diligences de l'administration, la mesure d'\u00e9loignement n'a pu \u00eatre ex\u00e9cut\u00e9e en raison du d\u00e9faut de d\u00e9livrance des documents de voyage par le consulat dont rel\u00e8ve l'int\u00e9ress\u00e9 ou de l'absence de moyens de transport et qu'il est \u00e9tabli par l'autorit\u00e9 administrative comp\u00e9tente que l'une ou l'autre de ces circonstances doit intervenir \u00e0 bref d\u00e9lai ;"
    ],
    "decision-3": [
        "Attendu, selon l'ordonnance attaqu\u00e9e, rendue par le premier pr\u00e9sident d'une cour d'appel, et les pi\u00e8ces de la proc\u00e9dure, que Mme B..., de nationalit\u00e9 congolaise, en situation irr\u00e9guli\u00e8re en France, a \u00e9t\u00e9 plac\u00e9e en r\u00e9tention administrative le 26 janvier 2018 par le pr\u00e9fet ; que cette mesure a \u00e9t\u00e9 prolong\u00e9e une premi\u00e8re fois pour une dur\u00e9e de vingt-huit jours ;",
        "Attendu que, pour accueillir la requ\u00eate tendant \u00e0 prolonger une seconde fois la r\u00e9tention, l'ordonnance retient que la pr\u00e9fecture a relanc\u00e9 les autorit\u00e9s consulaires congolaises le 19 f\u00e9vrier 2018 de telle sorte que la demande de prolongation dat\u00e9e du 23 f\u00e9vrier \u00e9tait justifi\u00e9e, l'obtention de documents de voyage pour Mme B... \u00e9tant susceptible d'intervenir \u00e0 bref d\u00e9lai ;"
    ],
    "decision-4": [
        "Qu'en se d\u00e9terminant ainsi, par des motifs impropres \u00e0 caract\u00e9riser que la d\u00e9livrance des documents de voyage par le consulat devait intervenir \u00e0 bref d\u00e9lai, le premier pr\u00e9sident n'a pas donn\u00e9 de base l\u00e9gale \u00e0 sa d\u00e9cision ;",
        "Et vu les articles L. 411-3 du code de l'organisation judiciaire et 1015 du code de proc\u00e9dure civile ;"
    ],
    "decision-5": [
        "PAR CES MOTIFS, et sans qu'il y ait lieu de statuer sur l'autre branche du moyen ;",
        "CASSE ET ANNULE, sauf en ce qu'elle d\u00e9clare l'appel recevable, l'ordonnance rendue le 28 f\u00e9vrier 2018, entre les parties, par le premier pr\u00e9sident de la cour d'appel de Toulouse ;",
        "DIT n'y avoir lieu \u00e0 renvoi ;",
        "Vu l'article 700 du code de proc\u00e9dure civile, rejette la demande ;",
        "Dit que sur les diligences du procureur g\u00e9n\u00e9ral pr\u00e8s la Cour de cassation, le pr\u00e9sent arr\u00eat sera transmis pour \u00eatre transcrit en marge ou \u00e0 la suite de la ordonnance partiellement cass\u00e9e ;",
        "Ainsi fait et jug\u00e9 par la Cour de cassation, premi\u00e8re chambre civile, et prononc\u00e9 par le pr\u00e9sident en son audience publique du vingt novembre deux mille dix-neuf."
    ],
    "decision-6": [
        "MOYEN ANNEXE au pr\u00e9sent arr\u00eat",
        "Moyen produit par la SCP Fabiani, Luc-Thaler et Pinatel, avocat aux Conseils, pour Mme B...",
        "Il est fait grief \u00e0 l'ordonnance attaqu\u00e9e d'AVOIR prolong\u00e9 le placement de Mme B... dans les locaux du centre de r\u00e9tention administrative, ne d\u00e9pendant pas de l'administration p\u00e9nitentiaire ;",
        "AUX MOTIFS QUE :",
        "\u00ab Devant la cour -Mme B... soutient que la requ\u00eate de la pr\u00e9fecture n'est pas suffisamment, motiv\u00e9e, que si la Pr\u00e9fecture justifie ses d\u00e9marches aupr\u00e8s des autorit\u00e9s consulaires, elle n'est pas en mesure d'\u00e9tablir que la d\u00e9livrance des documents de voyage doit intervenir \u00e0 bref d\u00e9lai.",
        "La requ\u00eate en date du 23 f\u00e9vrier 2018 rappelle le parcours de Mme B... ainsi que l'historique des d\u00e9cisions et d\u00e9marches effectu\u00e9es, et se termine par les raisons d'\u00eatre de la demande de prolongation \u00e0 savoir essentiellement le d\u00e9faut de d\u00e9livrance des documents de voyage par le consulat.",
        "Cette demande est donc suffisamment motiv\u00e9e.",
        "Par ailleurs, la pr\u00e9fecture a relanc\u00e9 les autorit\u00e9s consulaires congolaises 1e 19 f\u00e9vrier 2018 de telle sorte que la demande de prolongation dat\u00e9e du 23 f\u00e9vrier \u00e9tait justifi\u00e9e, l'obtention de documente de voyage pour Mme B... \u00e9tant susceptible d'intervenir \u00e0 bref d\u00e9lai.",
        "Au-del\u00e0, il est relev\u00e9 que Mme B... n'a jamais \u00e9t\u00e9 en mesure de remettre son passeport et- un document d'identit\u00e9, ce qui impose d'exclure une mesure d'assignation \u00e0 r\u00e9sidence \u00bb.",
        "ALORS QU'il r\u00e9sulte de L. 552-7 du code de l'entr\u00e9e et du s\u00e9jour des \u00e9trangers et du droit d'asile, dans sa version r\u00e9sultant de la loi n\u00b0 2016-274 du 7 mars 2016, applicable \u00e0 la cause, que le d\u00e9lai de vingt jours \u00e0 l'expiration duquel prend fin la prolongation du maintien en r\u00e9tention d'un \u00e9tranger peut \u00eatre prorog\u00e9 d'une dur\u00e9e maximale de vingt jours, notamment lorsque malgr\u00e9 les diligences de l'administration, la mesure d'\u00e9loignement n'a pu \u00eatre ex\u00e9cut\u00e9e en raison du d\u00e9faut de d\u00e9livrance des documents de voyage par le consulat dont rel\u00e8ve l'int\u00e9ress\u00e9 ou de l'absence de moyens de transport et qu'il est \u00e9tabli par l'autorit\u00e9 administrative comp\u00e9tente que l'une ou l'autre de ces circonstances doit intervenir \u00e0 bref d\u00e9lai ; qu'il appartient \u00e0 l'administration de d\u00e9montrer, d'une part, qu'elle a bien effectu\u00e9 les diligences permettant l'\u00e9loignement de l'\u00e9tranger et, d'autre part, que la d\u00e9livrance des documents de voyage interviendra \u00e0 bref d\u00e9lai ; qu'en se bornant \u00e0 \u00e9noncer que les documents de voyage de Mme B... \u00e9taient \u00ab susceptibles d'\u00eatre obtenus \u00e0 bref d\u00e9lai \u00bb d\u00e8s lors que l'administration avait relanc\u00e9 les autorit\u00e9s consulaires du Congo \u00e0 ce sujet le 19 f\u00e9vrier 2018, sans caract\u00e9riser en quoi cette d\u00e9marche garantissait que les documents seraient effectivement d\u00e9livr\u00e9s \u00e0 bref d\u00e9lai, la cour d'appel a priv\u00e9 sa d\u00e9cision de base l\u00e9gale au regard de l'article L. 552-7 du code de l'entr\u00e9e et du s\u00e9jour des \u00e9trangers et du droit d'asile dans sa version applicable \u00e0 la cause ;",
        "ALORS, EN TOUT ETAT DE CAUSE, QU'en statuant de la sorte sans pr\u00e9ciser sur quelle pi\u00e8ce elle se fondait pour retenir que l'administration d\u00e9montrait que les documents seraient effectivement obtenus \u00e0 bref d\u00e9lai, la cour d'appel a m\u00e9connu les exigences de l'article 455 du code de proc\u00e9dure civile.",
        "Le greffier de chambre"
    ]
}