{
    "decision-0": [
        "CIV. 1",
        "CH.B",
        "COUR DE CASSATION",
        "______________________",
        "Audience publique du 12 f\u00e9vrier 2020",
        "Cassation partielle sans renvoi",
        "Mme BATUT, pr\u00e9sident",
        "Arr\u00eat n\u00b0 137 F-D",
        "Pourvoi n\u00b0 K 19-14.000",
        "Aide juridictionnelle totale en demande",
        "au profit de M. K....",
        "Admission du bureau d'aide juridictionnelle",
        "pr\u00e8s la Cour de cassation",
        "en date du 8 janvier 2019.",
        "R \u00c9 P U B L I Q U E F R A N \u00c7 A I S E",
        "_________________________",
        "AU NOM DU PEUPLE FRAN\u00c7AIS",
        "_________________________",
        "ARR\u00caT DE LA COUR DE CASSATION, PREMI\u00c8RE CHAMBRE CIVILE, DU 12 F\u00c9VRIER 2020",
        "M. E... K..., domicili\u00e9 [...] , a form\u00e9 le pourvoi n\u00b0 K 19-14.000 contre l'ordonnance rendue le 27 juin 2018 par le premier pr\u00e9sident de la cour d'appel de Douai (chambre des libert\u00e9s individuelles) dans le litige l'opposant :",
        "1\u00b0/ au pr\u00e9fet du Nord, domicili\u00e9 [...] ,",
        "2\u00b0/ au procureur g\u00e9n\u00e9ral pr\u00e8s la cour d'appel de Douai, domicili\u00e9 en son parquet g\u00e9n\u00e9ral, [...],",
        "d\u00e9fendeurs \u00e0 la cassation.",
        "Le demandeur invoque, \u00e0 l'appui de son pourvoi, le moyen unique de cassation annex\u00e9 au pr\u00e9sent arr\u00eat.",
        "Le dossier a \u00e9t\u00e9 communiqu\u00e9 au procureur g\u00e9n\u00e9ral.",
        "Sur le rapport de Mme Gargoullaud, conseiller r\u00e9f\u00e9rendaire, les observations de Me Bertrand, avocat de M. K..., apr\u00e8s d\u00e9bats en l'audience publique du 14 janvier 2020 o\u00f9 \u00e9taient pr\u00e9sentes Mme Batut, pr\u00e9sident, Mme Gargoullaud, conseiller r\u00e9f\u00e9rendaire rapporteur, Mme Auroy, conseiller doyen, et Mme Berthomier, greffier de chambre,",
        "la premi\u00e8re chambre civile de la Cour de cassation, compos\u00e9e des pr\u00e9sident et conseillers pr\u00e9cit\u00e9s, apr\u00e8s en avoir d\u00e9lib\u00e9r\u00e9 conform\u00e9ment \u00e0 la loi, a rendu le pr\u00e9sent arr\u00eat."
    ],
    "decision-1": [
        "Faits et proc\u00e9dure",
        "1. Selon l'ordonnance attaqu\u00e9e, rendue par le premier pr\u00e9sident d'une cour d'appel (Douai, 27 juin 2018), et les pi\u00e8ces de la proc\u00e9dure, M. K..., de nationalit\u00e9 guin\u00e9enne, qui avait d\u00e9pos\u00e9 une demande d'asile aupr\u00e8s de la pr\u00e9fecture, a fait l'objet, le 3 novembre 2017, de d\u00e9cisions de transfert aux autorit\u00e9s italiennes et d'assignation \u00e0 r\u00e9sidence. Le transfert n'est pas intervenu, l'int\u00e9ress\u00e9 ayant refus\u00e9 d'embarquer.",
        "2. Le 20 juin 2018, le pr\u00e9fet a adress\u00e9 au juge des libert\u00e9s et de la d\u00e9tention une requ\u00eate aux fins d'\u00eatre autoris\u00e9 \u00e0 visiter M. K... \u00e0 son domicile pour lui notifier une d\u00e9cision de placement en r\u00e9tention administrative dans l'attente de sa reconduite \u00e0 la fronti\u00e8re."
    ],
    "decision-2": [
        "Examen du moyen",
        "Sur le moyen unique, pris en sa premi\u00e8re branche",
        "Enonc\u00e9 du moyen",
        "3. M. K... fait grief \u00e0 l'ordonnance d'autoriser une visite domiciliaire, alors \u00ab que dans ses conclusions d'appel (du 26 juin 2018), M. K... faisait valoir que l'auteur de la requ\u00eate ayant donn\u00e9 lieu \u00e0 l'ordonnance du juge des libert\u00e9s et de la d\u00e9tention du 20 juin 2018 n'\u00e9tait pas comp\u00e9tent, son auteur ne disposant pas d'une d\u00e9l\u00e9gation de signature r\u00e9guli\u00e8re ; qu'en laissant sans r\u00e9ponse ce moyen pertinent, le conseiller d\u00e9l\u00e9gu\u00e9 du premier pr\u00e9sident a viol\u00e9 l'article 455 du code de proc\u00e9dure civile. \u00bb"
    ],
    "decision-3": [
        "R\u00e9ponse de la Cour",
        "Vu l'article 455 du code de proc\u00e9dure civile :",
        "4. Pour ordonner la visite domiciliaire, l'ordonnance retient qu'apr\u00e8s avoir constat\u00e9 que M. K... avait volontairement fait obstruction \u00e0 son d\u00e9part le 10 janvier 2018, le pr\u00e9fet a saisi le juge des libert\u00e9s et de la d\u00e9tention qui a accueilli sa requ\u00eate et que l'ordonnance entreprise a statu\u00e9 sur une demande pr\u00e9fectorale fond\u00e9e en droit et en fait.",
        "5. En statuant ainsi, sans r\u00e9pondre aux conclusions de M. K... qui faisait valoir que l'auteur de la requ\u00eate n'\u00e9tait pas comp\u00e9tent pour la signer, le premier pr\u00e9sident n'a pas satisfait aux exigences du texte susvis\u00e9.",
        "Port\u00e9e et cons\u00e9quences de la cassation",
        "6. Apr\u00e8s avis donn\u00e9 aux parties, conform\u00e9ment \u00e0 l'article 1015 du code de proc\u00e9dure civile, il est fait application des articles L. 411-3, alin\u00e9a 1, du code de l'organisation judiciaire et 627 du code de proc\u00e9dure civile.",
        "7. Les d\u00e9lais l\u00e9gaux pour statuer sur la mesure \u00e9tant expir\u00e9s, il ne reste plus rien \u00e0 juger."
    ],
    "decision-4": [
        "PAR CES MOTIFS, et sans qu'il y ait lieu de statuer sur les autres branches du moyen, la Cour :",
        "CASSE ET ANNULE, sauf en ce qu'elle d\u00e9clare les appels recevables, l'ordonnance rendue le 27 juin 2018, entre les parties, par le premier pr\u00e9sident de la cour d'appel de Douai ;",
        "DIT n'y avoir lieu \u00e0 renvoi ;",
        "Dit que sur les diligences du procureur g\u00e9n\u00e9ral pr\u00e8s la Cour de cassation, le pr\u00e9sent arr\u00eat sera transmis pour \u00eatre transcrit en marge ou \u00e0 la suite de l'ordonnance partiellement cass\u00e9e ;",
        "Ainsi fait et jug\u00e9 par la Cour de cassation, premi\u00e8re chambre civile, et prononc\u00e9 par le pr\u00e9sident en son audience publique du douze f\u00e9vrier deux mille vingt."
    ],
    "decision-5": [
        "MOYEN ANNEXE au pr\u00e9sent arr\u00eat",
        "Moyen produit par Me Bertrand, avocat aux Conseils, pour M. K...",
        "Il est fait grief \u00e0 l'ordonnance attaqu\u00e9e d'avoir autoris\u00e9 le pr\u00e9fet du Nord \u00e0 requ\u00e9rir les officiers de police judiciaire afin qu'ils visitent le domicile de M. K... pour s'assurer de sa pr\u00e9sence et de le reconduire \u00e0 la fronti\u00e8re ou, si le d\u00e9part n'\u00e9tait pas possible imm\u00e9diatement, de lui notifier une d\u00e9cision de placement en r\u00e9tention ;",
        "AUX MOTIFS QUE sur la situation juridique de M. E... K... : l'article L.562-1 \u00a7 II du code de l'entr\u00e9e et du s\u00e9jour des \u00e9trangers et du droit d'asile est applicable et dispose \u00ab En cas d'impossibilit\u00e9 d'ex\u00e9cution d'office de la mesure d'\u00e9loignement r\u00e9sultant de l'obstruction volontaire de l'\u00e9tranger assign\u00e9 \u00e0 r\u00e9sidence en application du I du pr\u00e9sent article, l'autorit\u00e9 administrative peut demander au juge des libert\u00e9s et de la d\u00e9tention de l'autoriser \u00e0 requ\u00e9rir les services de police ou les unit\u00e9s de gendarmerie pour qu'ils visitent le domicile de l'\u00e9tranger afin de s'assurer de sa pr\u00e9sence et de le reconduire \u00e0 la fronti\u00e8re",
        "\u00bb. Les d\u00e9cisions dont appel s'inscrivent dans ce cadre juridique. Apr\u00e8s avoir constat\u00e9 que M. E... K... a volontairement fait obstruction \u00e0 son d\u00e9part le 10 janvier 2018, la pr\u00e9fecture du Nord a saisi le juge des libert\u00e9s et de la d\u00e9tention qui a fait droit \u00e0 la requ\u00eate. Sur la demande d'annulation de l'ordonnance dont appel : le 10 janvier 2018, les agents de la police de l'air et des fronti\u00e8res, fonctionnaires de police habilit\u00e9s tentaient d'ex\u00e9cuter \u00e0 l'encontre de M. E... K... une d\u00e9cision administrative rendue par une autorit\u00e9 l\u00e9gitime. Il n'appartient pas au juge des libert\u00e9s et de la d\u00e9tention de qualifier le refus de M. E... K... d'embarquer le 10 janvier 2018 comme une obstruction l\u00e9gitime \u00e0 un ordre manifestement ill\u00e9gal. Cette qualification rel\u00e8ve soit du juge administratif, soit du jug\u00e9 p\u00e9nal. Ni la remise de M. E... K... en Italie, o\u00f9 il \u00e9tait demandeur d'asile, ni l'assignation \u00e0 r\u00e9sidence jusqu'\u00e0 son d\u00e9part n'ayant \u00e9t\u00e9 lev\u00e9es, ce dernier demeurait soumis \u00e0 l'obligation de quitter le territoire fran\u00e7ais. L'appel suspensif devant le tribunal administratif ne suspend pas les affaires d\u00e9f\u00e9r\u00e9es devant le juge judiciaire en application de la s\u00e9paration des deux ordres de juridiction. Le droit \u00e0 un proc\u00e8s \u00e9quitable de M. E... K... est respect\u00e9 en ce qu'il peut se faire repr\u00e9senter lors des d\u00e9bats par un conseil choisi ou d\u00e9sign\u00e9 d'office. L'ordonnance dont appel a statu\u00e9 sur une demande pr\u00e9fectorale fond\u00e9e en droit et en fait (ordonnance attaqu\u00e9e pp. 2-3) ;",
        "ALORS, d'une part, QUE dans ses conclusions d'appel (du 26 juin 2018), M. K... faisait valoir que l'auteur de la requ\u00eate ayant donn\u00e9 lieu \u00e0 l'ordonnance du juge des libert\u00e9s et de la d\u00e9tention du 20 juin 2018 n'\u00e9tait pas comp\u00e9tent, son auteur ne disposant pas d'une d\u00e9l\u00e9gation de signature r\u00e9guli\u00e8re ; qu'en laissant sans r\u00e9ponse ce moyen pertinent, le conseiller d\u00e9l\u00e9gu\u00e9 du premier pr\u00e9sident a viol\u00e9 l'article 455 du code de proc\u00e9dure civile ;",
        "ALORS, d'autre part, QU'en s'abstenant en toute hypoth\u00e8se de constater qu'\u00e9tait produite aux d\u00e9bats une d\u00e9l\u00e9gation de signature du pr\u00e9fet habilitant Mme R... F..., qui a sign\u00e9 la requ\u00eate \u00ab pour le Pr\u00e9fet et par d\u00e9l\u00e9gation \u00bb, \u00e0 signer la requ\u00eate pr\u00e9sent\u00e9e au juge des libert\u00e9s et de la d\u00e9tention, le conseiller d\u00e9l\u00e9gu\u00e9 du premier pr\u00e9sident a priv\u00e9 sa d\u00e9cision de base l\u00e9gale au regard des articles L.552-1 et R.552-3 du code de l'entr\u00e9e et du s\u00e9jour des \u00e9trangers et du droit d'asile ;",
        "ALORS, de troisi\u00e8me part, QUE dans ses conclusions d'appel (du 26 juin 2018), M. K... faisait valoir que l'ordonnance du 20 juin 2018, rectifi\u00e9e le 21 juin suivant, encourait n\u00e9cessairement l'annulation, dans la mesure o\u00f9 l'article L.561-2 du code de l'entr\u00e9e et du s\u00e9jour des \u00e9trangers et du droit d'asile, sur la base duquel le d\u00e9l\u00e9gu\u00e9 du premier pr\u00e9sident a express\u00e9ment fond\u00e9 sa d\u00e9cision (cf. ordonnance attaqu\u00e9e, p. 2 in fine), ne concerne que les \u00e9trangers faisant l'objet d'une assignation \u00e0 r\u00e9sidence, ce qui n'\u00e9tait pas son cas ; qu'en laissant sans r\u00e9ponse ce moyen pertinent, le conseiller d\u00e9l\u00e9gu\u00e9 du premier pr\u00e9sident a viol\u00e9 l'article 455 du code de proc\u00e9dure civile ;",
        "ALORS, de quatri\u00e8me part, QU' aux termes de l'article L.562-1 \u00a7 II du code de l'entr\u00e9e et du s\u00e9jour des \u00e9trangers et du droit d'asile, \u00ab en cas d'impossibilit\u00e9 d'ex\u00e9cution d'office de la mesure d'\u00e9loignement r\u00e9sultant de l'obstruction volontaire de l'\u00e9tranger assign\u00e9 \u00e0 r\u00e9sidence en application du I du pr\u00e9sent article, l'autorit\u00e9 administrative peut demander au juge des libert\u00e9s et de la d\u00e9tention de l'autoriser \u00e0 requ\u00e9rir les services de police ou les unit\u00e9s de gendarmerie pour qu'ils visitent le domicile de l'\u00e9tranger afin de s'assurer de sa pr\u00e9sence et de le reconduire \u00e0 la fronti\u00e8re",
        "\u00bb ; que ces dispositions ne concernent que les \u00e9trangers assign\u00e9s \u00e0 r\u00e9sidence ; qu'en affirmant que le litige s'inscrivait dans le cadre de ce texte, sans rechercher si M. K... se trouvait assign\u00e9 \u00e0 r\u00e9sidence au jour de la requ\u00eate pr\u00e9sent\u00e9e par le pr\u00e9fet du Nord au juge des libert\u00e9s et de la d\u00e9tention, le conseiller d\u00e9l\u00e9gu\u00e9 du premier pr\u00e9sident a priv\u00e9 sa d\u00e9cision de base l\u00e9gale au regard du texte pr\u00e9cit\u00e9 ;",
        "ALORS, enfin, QU' \u00e0 l'appui de l'acte d'appel en date du 25 juin 2018, le conseil de M. K... a adress\u00e9 au greffe de la juridiction, le 26 juin suivant, les moyens d\u00e9velopp\u00e9s \u00e0 l'appui de ce recours ; qu'en se bornant \u00e0 viser les \u00ab observations \u00e9crites de Ma\u00eetre B... re\u00e7ues le 25 juin 2018 \u00bb (ordonnance attaqu\u00e9e, p. 2 al. 7), et en \u00e9ludant ainsi les moyens contenus dans les \u00e9critures du 26 juin 2018, le conseiller d\u00e9l\u00e9gu\u00e9 du premier pr\u00e9sident a viol\u00e9 l'article 455 du code de proc\u00e9dure civile."
    ]
}