{
    "decision-0": [
        "CIV. 1",
        "MF",
        "COUR DE CASSATION",
        "______________________",
        "Audience publique du 29 mai 2019",
        "Cassation sans renvoi",
        "Mme BATUT, pr\u00e9sident",
        "Arr\u00eat n\u00b0 512 F-P+B",
        "Pourvoi n\u00b0 C 18-13.989",
        "Aide juridictionnelle totale en demande",
        "au profit de M. V... .",
        "Admission du bureau d'aide juridictionnelle",
        "pr\u00e8s la Cour de cassation",
        "en date du 9 janvier 2018.",
        "R \u00c9 P U B L I Q U E F R A N \u00c7 A I S E",
        "_________________________",
        "AU NOM DU PEUPLE FRAN\u00c7AIS",
        "_________________________",
        "LA COUR DE CASSATION, PREMI\u00c8RE CHAMBRE CIVILE, a rendu l'arr\u00eat suivant :",
        "Statuant sur le pourvoi form\u00e9 par M. U... V..., domicili\u00e9 chez Mme X... W..., [...],",
        "contre l'ordonnance rendue le 10 mai 2017 par le premier pr\u00e9sident de la cour d'appel de Paris (p\u00f4le 2, chambre 11), dans le litige l'opposant :",
        "1\u00b0/ au pr\u00e9fet de l'Essonne, domicili\u00e9 [...],",
        "2\u00b0/ au procureur g\u00e9n\u00e9ral pr\u00e8s la cour d'appel de Paris, domicili\u00e9 en son parquet g\u00e9n\u00e9ral, [...],",
        "d\u00e9fendeurs \u00e0 la cassation ;",
        "Le demandeur invoque, \u00e0 l'appui de son pourvoi, le moyen unique de cassation annex\u00e9 au pr\u00e9sent arr\u00eat ;",
        "Vu la communication faite au procureur g\u00e9n\u00e9ral ;",
        "LA COUR, en l'audience publique du 16 avril 2019, o\u00f9 \u00e9taient pr\u00e9sentes : Mme Batut, pr\u00e9sident, Mme Gargoullaud, conseiller r\u00e9f\u00e9rendaire rapporteur, Mme Wallon, conseiller doyen, Mme Pecquenard, greffier de chambre ;",
        "Sur le rapport de Mme Gargoullaud, conseiller r\u00e9f\u00e9rendaire, les observations de la SCP Ghestin, avocat de M. V... , l'avis de M. Sassoust, avocat g\u00e9n\u00e9ral, et apr\u00e8s en avoir d\u00e9lib\u00e9r\u00e9 conform\u00e9ment \u00e0 la loi ;"
    ],
    "decision-1": [
        "Sur le moyen unique :"
    ],
    "decision-2": [
        "Vu l'article L. 554-1 du code de l'entr\u00e9e et du s\u00e9jour des \u00e9trangers et du droit d'asile ;",
        "Attendu qu'il r\u00e9sulte de ce texte qu'un \u00e9tranger ne peut \u00eatre plac\u00e9 ou maintenu en r\u00e9tention que pour le temps strictement n\u00e9cessaire \u00e0 son d\u00e9part, l'administration \u00e9tant tenue d'exercer toutes diligences \u00e0 cet effet d\u00e8s le placement en r\u00e9tention ; que constitue une telle diligence la notification par celle-ci de l'arr\u00eat\u00e9 de placement en r\u00e9tention au tribunal administratif saisi d'un recours contre une d\u00e9cision d'\u00e9loignement, cette notification faisant courir le d\u00e9lai dont il dispose pour statuer ;"
    ],
    "decision-3": [
        "Attendu, selon l'ordonnance attaqu\u00e9e, rendue par le premier pr\u00e9sident d'une cour d'appel, et les pi\u00e8ces de la proc\u00e9dure, que M. V..., de nationalit\u00e9 tunisienne, en situation irr\u00e9guli\u00e8re en France, a \u00e9t\u00e9 plac\u00e9 en r\u00e9tention administrative en application d'une d\u00e9cision prise le 24 avril 2017 au visa d'une obligation de quitter le territoire fran\u00e7ais qu'il avait contest\u00e9e devant le tribunal administratif par requ\u00eate du 13 avril 2017 ;",
        "Attendu que, pour prolonger la mesure de r\u00e9tention, l'ordonnance retient que le juge judiciaire, saisi d'une contestation d'une mesure de r\u00e9tention, ne tient d'aucune disposition du code de l'entr\u00e9e et du s\u00e9jour des \u00e9trangers et du droit d'asile comp\u00e9tence pour appr\u00e9cier le d\u00e9faut de notification au tribunal administratif du placement en r\u00e9tention ;"
    ],
    "decision-4": [
        "Qu'en statuant ainsi, le premier pr\u00e9sident a viol\u00e9 le texte susvis\u00e9 ;",
        "Et vu les articles L. 411-3 du code de l'organisation judiciaire et 1015 du code de proc\u00e9dure civile ;"
    ],
    "decision-5": [
        "PAR CES MOTIFS :",
        "CASSE ET ANNULE, en toutes ses dispositions, l'ordonnance rendue le 10 mai 2017, entre les parties, par le premier pr\u00e9sident de la cour d'appel de Paris ;",
        "DIT n'y avoir lieu \u00e0 renvoi ;",
        "Vu l'article 700 du code de proc\u00e9dure civile, rejette la demande ;",
        "Dit que sur les diligences du procureur g\u00e9n\u00e9ral pr\u00e8s la Cour de cassation, le pr\u00e9sent arr\u00eat sera transmis pour \u00eatre transcrit en marge ou \u00e0 la suite de l'ordonnance cass\u00e9e ;",
        "Ainsi fait et jug\u00e9 par la Cour de cassation, premi\u00e8re chambre civile, et prononc\u00e9 par le pr\u00e9sident en son audience publique du vingt-neuf mai deux mille dix-neuf."
    ],
    "decision-6": [
        "MOYEN ANNEXE au pr\u00e9sent arr\u00eat",
        "Moyen produit par la SCP Ghestin, avocat aux Conseils, pour M. V... .",
        "Il est fait grief \u00e0 l'ordonnance attaqu\u00e9e rendue par le d\u00e9l\u00e9gu\u00e9 du premier pr\u00e9sident de la cour d'appel de Paris d'AVOIR confirm\u00e9 l'ordonnance du juge des libert\u00e9s et de la d\u00e9tention du tribunal de grande instance de Meaux ayant rejet\u00e9 la demande de mise en libert\u00e9 pr\u00e9sent\u00e9e par M. U... V... ;",
        "AUX MOTIFS QUE c'est par une analyse circonstanci\u00e9e et des motifs particuli\u00e8rement pertinents qu'il convient d'adopter que le premier juge a statu\u00e9 sur les moyens de nullit\u00e9 et de fond soulev\u00e9s devant lui et repris devant la cour tout en y ajoutant :",
        "- que la notification au tribunal administratif d'une mesure de r\u00e9tention fait courir le d\u00e9lai de 72 h mais ne constitue pas une diligence au sens de l'article L. 554-1 du code de l'entr\u00e9e et du s\u00e9jour des \u00e9trangers et du droit d'asile ;",
        "ET AUX MOTIFS ADOPTES QUE l'int\u00e9ress\u00e9 demande qu'il soit mis fin \u00e0 sa r\u00e9tention administrative, faisant valoir qu'il a \u00e9t\u00e9 plac\u00e9 en r\u00e9tention administrative le 24 avril 2017 par le pr\u00e9fet de l'Essonne sur la base d'un arr\u00eat\u00e9 portant refus de d\u00e9livrance d'un titre de s\u00e9jour et obligation de quitter le territoire fran\u00e7ais ; qu'avant son placement en r\u00e9tention, le 13 avril 2017, il avait d\u00e9pos\u00e9 un recours devant le tribunal administratif de Versailles contre l'arr\u00eat\u00e9 du pr\u00e9fet, le dossier \u00e9tant actuellement en cours d'instruction ; que d\u00e8s le d\u00e9but de son placement en r\u00e9tention administrative, son conseil a inform\u00e9 par t\u00e9l\u00e9phone le greffe du centre de r\u00e9tention administrative de l'instance en cours afin que l'audience du tribunal administratif puisse \u00eatre organis\u00e9e dans les conditions pr\u00e9vues par l'article L. 512-1 IV ; qu'au vu de l'inertie de l'administration qui aurait ainsi manqu\u00e9 \u00e0 son devoir d'information du tribunal administratif, cet avis a \u00e9t\u00e9 renouvel\u00e9 dans les m\u00eames conditions ; que nonobstant, aucune audience n'a \u00e9t\u00e9 fix\u00e9e \u00e0 bref d\u00e9lai devant le tribunal administratif ;",
        "que par suite, il conviendrait pour le juge des libert\u00e9s et de la d\u00e9tention de sanctionner cette d\u00e9faillance de l'administration en le remettant en libert\u00e9, toute autre solution \u00e9tant contraire aux articles 5 et 13 de la CEDH ;",
        "que cependant, le juge judiciaire, dans le cadre d'une mesure de r\u00e9tention, ne tient d'aucune disposition du code de l'entr\u00e9e et du s\u00e9jour des \u00e9trangers et du droit d'asile comp\u00e9tence pour appr\u00e9cier le d\u00e9faut de notification au tribunal administratif du placement en r\u00e9tention ;",
        "qu'au surplus, assist\u00e9 par un avocat choisi, l'int\u00e9ress\u00e9 avait la facult\u00e9 de faire conna\u00eetre son placement en r\u00e9tention administrative au tribunal administratif afin de provoquer le prononc\u00e9 de la d\u00e9cision de cette juridiction dans les 72 heures, comme le pr\u00e9voit l'article L. 512-1 du code de l'entr\u00e9e et du s\u00e9jour des \u00e9trangers et du droit d'asile ;",
        "ALORS QUE l'administration est tenue d'informer le juge administratif qui doit alors statuer \u00e0 bref d\u00e9lai du placement en r\u00e9tention administrative d'un \u00e9tranger, lorsque cette mesure intervient en cours d'instance d'annulation d'une des d\u00e9cisions \u00e0 l'origine de son \u00e9loignement ; que le 23 novembre 2016, M. V... avait form\u00e9 une demande d'aide juridictionnelle afin de former un recours en annulation de l'arr\u00eat\u00e9 pr\u00e9fectoral \u00e0 l'origine de son \u00e9loignement, le recours ayant \u00e9t\u00e9 d\u00e9pos\u00e9 le 13 avril 2017 avant son placement en r\u00e9tention administrative le 24 avril 2017 ; qu'en d\u00e9cidant n\u00e9anmoins qu'aucune disposition n'obligeait l'administration \u00e0 informer le tribunal administratif du placement en r\u00e9tention d'un \u00e9tranger ayant pr\u00e9alablement form\u00e9 un recours en annulation devant ledit tribunal de la d\u00e9cision \u00e0 l'origine de son \u00e9loignement, le d\u00e9l\u00e9gu\u00e9 du premier pr\u00e9sident de la cour d'appel de Paris a viol\u00e9 les articles L. 512-1 et L. 554-1 du CESEDA."
    ]
}