{
    "decision-0": [
        "CIV. 1",
        "LG",
        "COUR DE CASSATION",
        "______________________",
        "Audience publique du 29 novembre 2017",
        "Cassation partielle sans renvoi",
        "Mme BATUT, pr\u00e9sident",
        "Arr\u00eat n\u00b0 1247 F-D",
        "Pourvoi n\u00b0 P 16-26.089",
        "R \u00c9 P U B L I Q U E F R A N \u00c7 A I S E",
        "_________________________",
        "AU NOM DU PEUPLE FRAN\u00c7AIS",
        "_________________________",
        "LA COUR DE CASSATION, PREMI\u00c8RE CHAMBRE CIVILE, a rendu l'arr\u00eat suivant :",
        "Statuant sur le pourvoi form\u00e9 par le pr\u00e9fet de l'Eure-et-Loir, domicili\u00e9 Direction de la r\u00e9glementation et des libert\u00e9s publiques, place de la R\u00e9publique, CS 80537, [...] ,",
        "contre l'ordonnance rendue le 21 septembre 2016 par le premier pr\u00e9sident de la cour d'appel de Rouen, dans le litige l'opposant \u00e0 M. Moussa X..., sans domicile connu et pr\u00e9c\u00e9demment d\u00e9tenu [...] \u00a0\u00a0 \u00a0\u00a0\u00a0\u00a0\u00a0\u00a0\u00a0\u00a0\u00a0\u00a0\u00a0\u00a0 \u00a0\u00a0\u00a0\u00a0\u00a0\u00a0 \u00a0\u00a0 \u00a0\u00a0\u00a0\u00a0 \u00a0\u00a0 \u00a0\u00a0\u00a0\u00a0\u00a0\u00a0 \u00a0\u00a0 \u00a0\u00a0\u00a0\u00a0\u00a0\u00a0\u00a0 \u00a0\u00a0\u00a0\u00a0\u00a0\u00a0\u00a0\u00a0 \u00a0\u00a0\u00a0\u00a0\u00a0 \u00a0\u00a0\u00a0\u00a0\u00a0\u00a0\u00a0\u00a0\u00a0\u00a0,",
        "d\u00e9fendeur \u00e0 la cassation ;",
        "Le demandeur invoque, \u00e0 l'appui de son pourvoi, le moyen unique de cassation annex\u00e9 au pr\u00e9sent arr\u00eat ;",
        "Vu la communication faite au procureur g\u00e9n\u00e9ral ;",
        "LA COUR, en l'audience publique du 24 octobre 2017, o\u00f9 \u00e9taient pr\u00e9sents : Mme Batut, pr\u00e9sident, M. Y..., conseiller r\u00e9f\u00e9rendaire rapporteur, Mme Wallon, conseiller doyen, Mme Pecquenard, greffier de chambre ;",
        "Sur le rapport de M. Y..., conseiller r\u00e9f\u00e9rendaire, les observations de la SCP Garreau, Bauer-Violas et Feschotte-Desbois, avocat du pr\u00e9fet de l'Eure-et-Loir, l'avis de M. Z..., avocat g\u00e9n\u00e9ral, et apr\u00e8s en avoir d\u00e9lib\u00e9r\u00e9 conform\u00e9ment \u00e0 la loi ;"
    ],
    "decision-1": [
        "Sur le moyen unique, pris en sa premi\u00e8re branche :"
    ],
    "decision-2": [
        "Vu l'obligation pour le juge de ne pas d\u00e9naturer l'\u00e9crit qui lui est soumis ;"
    ],
    "decision-3": [
        "Attendu, selon l'ordonnance attaqu\u00e9e, rendue par le premier pr\u00e9sident d'une cour d'appel, et les pi\u00e8ces de la proc\u00e9dure, que M. X..., condamn\u00e9 \u00e0 une peine d'emprisonnement et \u00e0 une interdiction du territoire national, a \u00e9t\u00e9 plac\u00e9 en r\u00e9tention administrative \u00e0 l'issue de sa d\u00e9tention ; que le pr\u00e9fet a sollicit\u00e9 la prolongation de cette mesure ;",
        "Attendu que, pour rejeter cette demande, l'ordonnance \u00e9nonce que si les procureurs de la R\u00e9publique pr\u00e8s les tribunaux de grande instance de Chartres et de Rouen ont \u00e9t\u00e9 inform\u00e9s, entre 10 heures 51 et 10 heures 56, de ce que l'\u00e9tranger plac\u00e9 en r\u00e9tention administrative le 14 septembre 2016 \u00e9tait transf\u00e9r\u00e9 au centre de r\u00e9tention administrative de [...], ces avis qui se bornent \u00e0 informer ces magistrats, plus de cinquante minutes apr\u00e8s la notification du placement r\u00e9alis\u00e9e \u00e0 11 heures, du transfert d'une personne plac\u00e9e en r\u00e9tention, ne satisfont pas \u00e0 l'obligation d'information imm\u00e9diate de la mesure m\u00eame de placement en r\u00e9tention qui devait \u00eatre faite \u00e0 l'un ou l'autre de ces magistrats, en vertu de l'article L. 551-2 du code de l'entr\u00e9e et du s\u00e9jour des \u00e9trangers et du droit d'asile ;"
    ],
    "decision-4": [
        "Qu'en statuant ainsi, alors que les t\u00e9l\u00e9copies du 14 septembre 2016 envoy\u00e9es aux procureurs de la R\u00e9publique mentionnaient qu'elles avaient pour objet de les informer du placement en r\u00e9tention de M. X... et de son transfert, le m\u00eame jour, du centre de d\u00e9tention de Ch\u00e2teaudun au centre de r\u00e9tention de [...], le premier pr\u00e9sident, qui a d\u00e9natur\u00e9 ces \u00e9crits valant information sur la r\u00e9tention administrative, a viol\u00e9 le principe susvis\u00e9 ;",
        "Vu les articles L. 411-3 du code de l'organisation judiciaire et 1015 du code de proc\u00e9dure civile ;"
    ],
    "decision-5": [
        "PAR CES MOTIFS et sans qu'il y ait lieu de statuer sur l'autre branche du moyen :",
        "CASSE ET ANNULE, sauf en ce qu'il d\u00e9clare l'appel recevable, l'ordonnance rendue le 21 septembre 2016, entre les parties, par le premier pr\u00e9sident de la cour d'appel de Rouen ;",
        "DIT n'y avoir lieu \u00e0 renvoi ;",
        "Dit que sur les diligences du procureur g\u00e9n\u00e9ral pr\u00e8s la Cour de cassation, le pr\u00e9sent arr\u00eat sera transmis pour \u00eatre transcrit en marge ou \u00e0 la suite de l'ordonnance partiellement cass\u00e9e ;",
        "Ainsi fait et jug\u00e9 par la Cour de cassation, premi\u00e8re chambre civile, et prononc\u00e9 par le pr\u00e9sident en son audience publique du vingt-neuf novembre deux mille dix-sept."
    ],
    "decision-6": [
        "MOYEN ANNEXE au pr\u00e9sent arr\u00eat",
        "Moyen produit par la SCP Garreau, Bauer-Violas et Feschotte-Desbois, avocat aux Conseils, pour le pr\u00e9fet de l'Eure-et-Loir",
        "Le moyen reproche \u00e0 l'ordonnance infirmative attaqu\u00e9e d'avoir d\u00e9cid\u00e9 n'y avoir lieu \u00e0 prolongation du maintien de M. Moussa X... en r\u00e9tention administrative dans des locaux ne d\u00e9pendant pas de l'administration p\u00e9nitentiaire,",
        "AUX MOTIFS QUE \u00ab la proc\u00e9dure est irr\u00e9guli\u00e8re d\u00e8s lors que si les procureurs de la R\u00e9publique pr\u00e8s les tribunaux de grande instance de Charte et de Rouen ont \u00e9t\u00e9 inform\u00e9s entre 10h51 et 10h56 de ce que l'\u00e9tranger \"plac\u00e9 en r\u00e9tention administrative le 14 septembre 2016 (\u00e9tait) transf\u00e9r\u00e9 au centre de r\u00e9tention administrative de [...]\", ces avis qui se bornent \u00e0 informer ces magistrats, plus de cinquante minutes apr\u00e8s la notification du placement r\u00e9alis\u00e9 \u00e0 11h00, du transfert d'une personne plac\u00e9e en r\u00e9tention ne satisfont pas \u00e0 l'obligation d'information imm\u00e9diate de la mesure m\u00eame du placement en r\u00e9tention qui devait \u00eatre faite \u00e0 l'un ou l'autre de ces magistrats, en vertu de l'article L. 551-2 du code de l'entr\u00e9e et du s\u00e9jour des \u00e9trangers et du droit d'asile aux termes duquel : \"La d\u00e9cision de placement est prise par l'autorit\u00e9 administrative, apr\u00e8s l'interpellation de l'\u00e9tranger ou, le cas \u00e9ch\u00e9ant, lors de sa retenue aux fins de v\u00e9rification de son droit de circulation ou de s\u00e9jour, \u00e0 l'expiration de sa garde \u00e0 vue, ou \u00e0 l'issue de sa p\u00e9riode d'incarc\u00e9ration en cas de d\u00e9tention. Elle est \u00e9crite et motiv\u00e9e. Elle prend effet \u00e0 compter de sa notification \u00e0 l'int\u00e9ress\u00e9. Le procureur de la R\u00e9publique en est inform\u00e9 imm\u00e9diatement\" ; qu'il convient de mettre fin \u00e0 la r\u00e9tention, par infirmation de l'ordonnance, sans qu'il soit besoin d'examiner les autres moyens soulev\u00e9s \u00bb ;",
        "1) \u2013 ALORS, D'UNE PART, QUE les juges ont l'interdiction de d\u00e9naturer les documents de la cause si bien qu'en estimant que l'obligation d'information imm\u00e9diate du procureur de la R\u00e9publique de la mesure de placement en r\u00e9tention de M. X... n'a pas \u00e9t\u00e9 satisfaite quand les avis re\u00e7us le 14 septembre 2016, entre 10 h 51 et 10 h 56, par les procureurs de la R\u00e9publique, concomitamment \u00e0 la notification \u00e0 11 h de son placement \u00e0 l'\u00e9tranger, informaient ces magistrats de ce que \u00ab l'int\u00e9ress\u00e9 cit\u00e9 en objet [\u00e9tait] plac\u00e9 en r\u00e9tention administrative le 14 septembre 2016 \u00bb et non \u00ab du transfert d'une personne plac\u00e9e en r\u00e9tention \u00bb, le premier pr\u00e9sident de la cour d'appel, qui a d\u00e9natur\u00e9 ces documents ainsi que leurs relev\u00e9s d'\u00e9mission, a viol\u00e9 le principe susvis\u00e9 ;",
        "2) \u2013 ALORS, D'AUTRE PART, QUE le procureur de la R\u00e9publique doit \u00eatre inform\u00e9 imm\u00e9diatement de la d\u00e9cision de placement d'un \u00e9tranger en r\u00e9tention administrative de sorte qu'en d\u00e9cidant que l'obligation d'information imm\u00e9diate du procureur de la R\u00e9publique de la mesure de placement en r\u00e9tention n'avait pas \u00e9t\u00e9 satisfaite, apr\u00e8s avoir pourtant constat\u00e9 que les procureurs de la R\u00e9publique pr\u00e8s les tribunaux de grande instance de Chartres et de Rouen ont \u00e9t\u00e9 inform\u00e9s entre 10h51 et 10h56 de ce que M. X... \"plac\u00e9 en r\u00e9tention administrative le 14 septembre 2016 (\u00e9tait) transf\u00e9r\u00e9 au centre de r\u00e9tention administrative de [...]\" et que l'int\u00e9ress\u00e9 a re\u00e7u notification de ce placement, le m\u00eame jour, \u00e0 11h, le premier pr\u00e9sident de la cour d'appel, qui a cru pouvoir en d\u00e9duire que l'information avait \u00e9t\u00e9 faite \u00ab plus de cinquante minutes apr\u00e8s la notification du placement \u00bb n'a pas tir\u00e9 les cons\u00e9quences l\u00e9gales de ses propres constatations, a viol\u00e9 l'article L. 551-2 du code de l'entr\u00e9e et du s\u00e9jour des \u00e9trangers et du droit d'asile."
    ]
}