{
    "decision-0": [
        "CIV. 1",
        "CF",
        "COUR DE CASSATION",
        "______________________",
        "Audience publique du 27 septembre 2017",
        "Cassation sans renvoi",
        "Mme\u00a0BATUT, pr\u00e9sident",
        "Arr\u00eat n\u00b0 1130 FS-P+B+R+I",
        "Pourvoi n\u00b0 E 17-15.160",
        "R \u00c9 P U B L I Q U E F R A N \u00c7 A I S E",
        "_________________________",
        "AU NOM DU PEUPLE FRAN\u00c7AIS",
        "_________________________",
        "LA COUR DE CASSATION, PREMI\u00c8RE CHAMBRE CIVILE, a rendu l'arr\u00eat suivant :",
        "Statuant sur le pourvoi form\u00e9 par M. Y... C... B..., domicili\u00e9 [...],",
        "contre l'ordonnance rendue le 17 f\u00e9vrier 2017 par le premier pr\u00e9sident de la cour d'appel de Paris, dans le litige l'opposant :",
        "1\u00b0/ au pr\u00e9fet du Val-d'Oise, domicili\u00e9 [...],",
        "2\u00b0/ au procureur g\u00e9n\u00e9ral pr\u00e8s la cour d'appel de Paris, domicili\u00e9 [...],",
        "d\u00e9fendeurs \u00e0 la cassation ;",
        "Le demandeur invoque, \u00e0 l'appui de son pourvoi, les deux moyens de cassation annex\u00e9s au pr\u00e9sent arr\u00eat ;",
        "Vu la communication faite au procureur g\u00e9n\u00e9ral ;",
        "LA COUR, compos\u00e9e conform\u00e9ment \u00e0 l'article R. 431-5 du code de l'organisation judiciaire, en l'audience publique du 26 septembre 2017, o\u00f9 \u00e9taient pr\u00e9sents : Mme\u00a0Batut, pr\u00e9sident, Mme Gargoullaud, conseiller r\u00e9f\u00e9rendaire rapporteur, Mme Wallon, conseiller doyen, MM. Hascher, Reynis, Mme Reygner, M. Vigneau, Mmes Bozzi, Auroy, conseillers, MM. Mansion, Roth, Mmes Mouty-Tardieu, Le Cotty, Azar, conseillers r\u00e9f\u00e9rendaires, Mme Ancel, avocat g\u00e9n\u00e9ral r\u00e9f\u00e9rendaire, Mme Pecquenard, greffier de chambre ;",
        "Sur le rapport de Mme Gargoullaud, conseiller r\u00e9f\u00e9rendaire, les observations et plaidoiries de la SCP Zribi et Texier, avocat de M. B..., l'avis de Mme Ancel, avocat g\u00e9n\u00e9ral r\u00e9f\u00e9rendaire, auquel l'avocat a \u00e9t\u00e9 invit\u00e9 \u00e0 r\u00e9pliquer, et apr\u00e8s en avoir d\u00e9lib\u00e9r\u00e9 conform\u00e9ment \u00e0 la loi ;"
    ],
    "decision-1": [
        "Sur le premier moyen, pris en sa premi\u00e8re branche :"
    ],
    "decision-2": [
        "Vu les articles 2 et 28 du r\u00e8glement (UE) n\u00b0 604/2013 du Parlement europ\u00e9en et du Conseil du 26 juin 2013 \u00e9tablissant les crit\u00e8res et m\u00e9canismes de d\u00e9termination de l'Etat membre responsable de l'examen d'une demande de protection internationale introduite dans l'un des Etats membres par un ressortissant de pays tiers ou un apatride ;",
        "Attendu, d'une part, qu'il r\u00e9sulte de ces textes que, si les Etats membres de l'Union europ\u00e9enne peuvent placer les personnes concern\u00e9es en r\u00e9tention en vue de garantir les proc\u00e9dures de transfert conform\u00e9ment au r\u00e8glement lorsqu'il existe un risque non n\u00e9gligeable de fuite de ces personnes, ce risque s'entend, dans un cas individuel, comme l'existence de raisons, fond\u00e9es sur des crit\u00e8res objectifs d\u00e9finis par la loi, de craindre la fuite d'un demandeur de protection internationale, ressortissant de pays tiers ou apatride, qui fait l'objet d'une proc\u00e9dure de transfert ;",
        "Attendu, d'autre part, que la Cour de justice de l'Union europ\u00e9enne (CJUE, arr\u00eat du 15 mars 2017, Al Chodor, C-528/15) a dit pour droit que ces textes doivent \u00eatre interpr\u00e9t\u00e9s en ce sens qu'ils imposent aux Etats membres de fixer, dans une disposition contraignante de port\u00e9e g\u00e9n\u00e9rale, les crit\u00e8res objectifs sur lesquels sont fond\u00e9es les raisons de craindre la fuite du demandeur d'une protection internationale qui fait l'objet d'une proc\u00e9dure de transfert et que l'absence d'une telle disposition entra\u00eene l'inapplicabilit\u00e9 de l'article 28, \u00a7 2, de ce r\u00e8glement ; qu'au point 45 de l'arr\u00eat, elle pr\u00e9cise qu'en tout \u00e9tat de cause, une jurisprudence \u00e9tablie, sanctionnant une pratique constante de la police des \u00e9trangers, ne saurait suffire ;"
    ],
    "decision-3": [
        "Attendu, selon l'ordonnance attaqu\u00e9e, rendue par le premier pr\u00e9sident d'une cour d'appel, et les pi\u00e8ces de la proc\u00e9dure, que M. B..., de nationalit\u00e9 sri-lankaise, a pr\u00e9sent\u00e9 une demande d'asile ; que par un arr\u00eat\u00e9 du 13 f\u00e9vrier 2017, le pr\u00e9fet a d\u00e9cid\u00e9 que celui-ci serait remis aux autorit\u00e9s italiennes pour \u00eatre pris en charge en vue du traitement de cette demande en application du r\u00e8glement du 26 juin 2013 ; que par un second arr\u00eat\u00e9 du m\u00eame jour, M. B... a \u00e9t\u00e9 plac\u00e9 en r\u00e9tention administrative au motif qu'il ne pr\u00e9sentait pas les garanties propres \u00e0 pr\u00e9venir le risque de se soustraire \u00e0 la mesure d'\u00e9loignement en attente de sa mise en oeuvre effective ;",
        "Attendu que, pour confirmer la prolongation de la r\u00e9tention, l'ordonnance retient que le placement en r\u00e9tention est r\u00e9gulier en la forme et que les conditions de fond sont remplies, d\u00e8s lors que l'int\u00e9ress\u00e9, d\u00e9pourvu de passeport et connu sous un alias, n'a pas communiqu\u00e9 d'attestation d'h\u00e9bergement ni justifi\u00e9 de ses ressources, de sorte qu'il n'offre pas de garanties suffisantes de repr\u00e9sentation ;"
    ],
    "decision-4": [
        "Qu'en statuant ainsi, alors qu'en l'absence de disposition contraignante de port\u00e9e g\u00e9n\u00e9rale, fixant les crit\u00e8res objectifs sur lesquels sont fond\u00e9es les raisons de craindre la fuite du demandeur d'une protection internationale qui fait l'objet d'une proc\u00e9dure de transfert, l'article 28, \u00a7 2, du r\u00e8glement \u00e9tait inapplicable, le premier pr\u00e9sident a viol\u00e9 les textes susvis\u00e9s ;",
        "Et attendu qu'en l'absence de doute raisonnable quant \u00e0 l'interpr\u00e9tation des articles 2 et 28 du r\u00e8glement, il n'y a pas lieu de saisir la Cour de justice de l'Union europ\u00e9enne d'une question pr\u00e9judicielle ;",
        "Vu les articles L. 411-3 du code de l'organisation judiciaire et 1015 du code de proc\u00e9dure civile ;"
    ],
    "decision-5": [
        "PAR CES MOTIFS, et sans qu'il y ait lieu de statuer sur les autres griefs :",
        "CASSE ET ANNULE, en toutes ses dispositions, l'ordonnance rendue le 17 f\u00e9vrier 2017, entre les parties, par le premier pr\u00e9sident de la cour d'appel de Paris ;",
        "DIT n'y avoir lieu \u00e0 renvoi ;",
        "Vu l'article 700 du code de proc\u00e9dure civile, rejette la demande ;",
        "Dit que sur les diligences du procureur g\u00e9n\u00e9ral pr\u00e8s la Cour de cassation, le pr\u00e9sent arr\u00eat sera transmis pour \u00eatre transcrit en marge ou \u00e0 la suite de l'ordonnance cass\u00e9e ;",
        "Ainsi fait et jug\u00e9 par la Cour de cassation, premi\u00e8re chambre civile, et prononc\u00e9 par le pr\u00e9sident en son audience publique du vingt-sept septembre deux mille dix-sept."
    ],
    "decision-6": [
        "MOYENS ANNEXES au pr\u00e9sent arr\u00eat",
        "Moyens produits par la SCP Zribi et Texier, avocat aux Conseils, pour M. B....",
        "PREMIER MOYEN DE CASSATION",
        "M. B... fait grief \u00e0 l'ordonnance attaqu\u00e9e,",
        "D'AVOIR rejet\u00e9 son recours form\u00e9 contre l'arr\u00eat\u00e9 de placement en r\u00e9tention administrative du 13 f\u00e9vrier 2017 et ordonn\u00e9 la prolongation de sa r\u00e9tention administrative pour une dur\u00e9e de vingt-huit jours \u00e0 compter du 15 f\u00e9vrier 2017 ;",
        "AUX MOTIFS QUE \u00ab La cour consid\u00e8re que c'est par une analyse circonstanci\u00e9e et des motifs pertinents qu'il convient d'adopter que le premier juge a statu\u00e9 sur les moyens de nullit\u00e9, d'irr\u00e9gularit\u00e9 et d'irrecevabilit\u00e9 soulev\u00e9s devant lui et repris en cause d'appel, \u00e9tant ajout\u00e9 sur le premier moyen, que l'accord des autorit\u00e9s italiennes ne pouvait \u00eatre notifi\u00e9 \u00e0 Y... C... B..., dans la mesure o\u00f9 il s'agissait d'un accord implicite, constat\u00e9 le 27 octobre 2016. La cour rel\u00e8ve que l'arr\u00eat\u00e9 de placement est motiv\u00e9 en droit et en fait, puisqu'il est pr\u00e9cis\u00e9 que l'int\u00e9ress\u00e9 a \u00e9t\u00e9 identifi\u00e9 par le syst\u00e8me Visabio et qu'il est apparu qu'un visa de court s\u00e9jour lui avait \u00e9t\u00e9 d\u00e9livr\u00e9 sur la p\u00e9riode du 5 au 29 juin 2016, et que les autorit\u00e9s italiennes avaient donc \u00e9t\u00e9 saisies le 6 juillet 2016 d'une demande de prise en charge. Il ne peut donc \u00eatre invoqu\u00e9 une erreur d'appr\u00e9ciation, \u00e9tant pr\u00e9cis\u00e9 que l'\u00e9tranger n'avait alors pas communiqu\u00e9 d'attestation d'h\u00e9bergement, et qu'il ne pr\u00e9sentait donc pas de garanties suffisantes de repr\u00e9sentation \u00bb ;",
        "ET AUX MOTIFS ADOPT\u00c9S QUE \u00ab avant de prendre la d\u00e9cision contest\u00e9e, le pr\u00e9fet a pris en consid\u00e9ration les d\u00e9clarations de l'int\u00e9ress\u00e9 r\u00e9alis\u00e9es au cours de l'entretien r\u00e9alis\u00e9 le 1er juillet 2016 ; que le pr\u00e9fet n'a pas commis d'erreur manifeste d'appr\u00e9ciation en prenant la d\u00e9cision contest\u00e9e, notamment tenant compte de l'absence de passeport, de l'absence de domicile certain sauf, pour l'int\u00e9ress\u00e9, \u00e0 se pr\u00e9valoir d'une domiciliation, de son absence de ressources d\u00e9clar\u00e9es ; que de plus, l'int\u00e9ress\u00e9 est connu sous un alias, qui ne permet pas d'\u00e9tablir clairement son identit\u00e9 ; qu'au surplus, il n'est pas d\u00e9montr\u00e9 que l'int\u00e9ress\u00e9 aurait \u00e9t\u00e9 en outre priv\u00e9 de la garantie d'exercice de l'un de ses droits \u00bb ;",
        "1\u00b0) ALORS QU'aux termes de l'article 28 du r\u00e8glement du 26 juin 2013 \u00ab Dublin III \u00bb, le placement en r\u00e9tention administrative des ressortissants \u00e9trangers faisant l'objet d'une proc\u00e9dure de transfert ne peut \u00eatre prononc\u00e9 qu'en cas de risque non n\u00e9gligeable de fuite ; que les crit\u00e8res objectifs sur lesquels sont fond\u00e9es les raisons de craindre la fuite du demandeur d'une protection internationale qui fait l'objet d'une proc\u00e9dure de transfert doivent \u00eatre fix\u00e9s par une disposition nationale contraignante de port\u00e9e g\u00e9n\u00e9rale ; qu'en l'absence d'une telle d\u00e9finition l\u00e9gale, le placement en r\u00e9tention doit \u00eatre d\u00e9clar\u00e9 ill\u00e9gal ; que la loi fran\u00e7aise ne d\u00e9finit pas les crit\u00e8res objectifs sur lesquels sont fond\u00e9es les raisons de craindre la fuite du demandeur d'une protection internationale qui fait l'objet d'une proc\u00e9dure de transfert au sens des articles 2 et 28 du r\u00e8glement du 26 juin 2013 \u00ab Dublin III \u00bb ; qu'en rejetant toutefois la demande de remise en libert\u00e9 de M. B..., la cour d'appel a viol\u00e9, par refus d'application, les articles 2 et 28 du r\u00e8glement du 26 juin 2013 \u00ab Dublin III \u00bb ;",
        "2\u00b0) ALORS QUE, en tout \u00e9tat de cause, aux termes de l'article 28 du r\u00e8glement du 26 juin 2013 \u00ab Dublin III \u00bb, le placement en r\u00e9tention administrative des ressortissants \u00e9trangers faisant l'objet d'une proc\u00e9dure de transfert ne peut \u00eatre prononc\u00e9 qu'en cas de risque non n\u00e9gligeable de fuite ; que les crit\u00e8res objectifs sur lesquels sont fond\u00e9es les raisons de craindre la fuite du demandeur d'une protection internationale qui fait l'objet d'une proc\u00e9dure de transfert doivent \u00eatre fix\u00e9s par une disposition nationale contraignante de port\u00e9e g\u00e9n\u00e9rale ; qu'en l'absence d'une telle d\u00e9finition l\u00e9gale, le placement en r\u00e9tention doit \u00eatre d\u00e9clar\u00e9 ill\u00e9gal ; que la loi fran\u00e7aise ne d\u00e9finit pas les crit\u00e8res objectifs sur lesquels sont fond\u00e9es les raisons de craindre la fuite du demandeur d'une protection internationale qui fait l'objet d'une proc\u00e9dure de transfert au sens des articles 2 et 28 du r\u00e8glement du 26 juin 2013 \u00ab Dublin III \u00bb ; qu'en \u00e9non\u00e7ant que la d\u00e9cision de placement en r\u00e9tention visait et motivait le risque non n\u00e9gligeable de fuite, et qu'elle n'\u00e9tait donc pas d\u00e9pourvue de base l\u00e9gale et en statuant ainsi par des motifs inop\u00e9rants \u00e0 exclure l'absence de d\u00e9finition l\u00e9gale par le droit national des crit\u00e8res objectifs permettant de caract\u00e9riser le risque non n\u00e9gligeable de fuite, la cour d'appel a priv\u00e9 sa d\u00e9cision de base l\u00e9gale au regard des articles 2 et 28 du r\u00e8glement du 26 juin 2013 \u00ab Dublin III \u00bb ;",
        "3\u00b0) ALORS QUE, en tout \u00e9tat de cause, l'article L.511-1 du code de l'entr\u00e9e et du s\u00e9jour des \u00e9trangers et du droit d'asile (CESEDA) n'est applicable qu'aux ressortissants \u00e9trangers faisant l'objet d'une obligation de quitter le territoire fran\u00e7ais ou d'une assignation \u00e0 r\u00e9sidence ; qu'en examinant le risque non n\u00e9gligeable de fuite de M. B..., demandeur d'asile dublin\u00e9, au regard des crit\u00e8res pos\u00e9s par l'article L.511-1 du CESEDA, la cour d'appel a viol\u00e9 par fausse application cette disposition ;",
        "4\u00b0) ALORS QUE, en tout \u00e9tat de cause, s'il \u00e9tait envisag\u00e9 de consid\u00e9rer que l'article L.511-1 du code de l'entr\u00e9e et du s\u00e9jour des \u00e9trangers et du droit d'asile d\u00e9finissait les crit\u00e8res sur lesquels sont fond\u00e9es les raisons de craindre la fuite du demandeur d'une protection internationale qui fait l'objet d'une proc\u00e9dure de transfert, il est demand\u00e9 de renvoyer \u00e0 la Cour de justice de l'Union europ\u00e9enne la question pr\u00e9judicielle suivante, conform\u00e9ment \u00e0 l'article 267 TFUE : \u00ab l'article 28 paragraphe 2 du r\u00e8glement n\u00b0604/2013 du 26 juin 2013 doit-il s'interpr\u00e9ter en ce sens que les crit\u00e8res objectifs, par lesquels sera appr\u00e9ci\u00e9 le risque non n\u00e9gligeable de fuite des ressortissants \u00e9trangers demandeurs d'une protection internationale et faisant l'objet d'une proc\u00e9dure de transfert, doivent \u00eatre pr\u00e9vus par des dispositions nationales sp\u00e9ciales, relatives aux \u00ab dublin\u00e9s \u00bb \u00bb ?",
        "5\u00b0) ALORS QUE en tout \u00e9tat de cause, s'il \u00e9tait envisag\u00e9 de consid\u00e9rer que l'article L.511-1 du code de l'entr\u00e9e et du s\u00e9jour des \u00e9trangers et du droit d'asile d\u00e9finissait les crit\u00e8res sur lesquels sont fond\u00e9es les raisons de craindre la fuite du demandeur d'une protection internationale qui fait l'objet d'une proc\u00e9dure de transfert, il est demand\u00e9 de renvoyer \u00e0 la Cour de justice de l'Union europ\u00e9enne la question pr\u00e9judicielle suivante, conform\u00e9ment \u00e0 l'article 267 TFUE : \u00ab l'article L.511-1 du code de l'entr\u00e9e et du s\u00e9jour des \u00e9trangers et du droit d'asile qui d\u00e9finit les crit\u00e8res permettant de caract\u00e9riser un risque de fuite de ressortissants \u00e9trangers faisant l'objet d'une obligation de quitter le territoire fran\u00e7ais ou d'une assignation \u00e0 r\u00e9sidence, parmi lesquels sont vis\u00e9s l'entr\u00e9e irr\u00e9guli\u00e8re sur le territoire fran\u00e7ais, l'absence de possession de documents d'identit\u00e9 ou de voyage en cours de validit\u00e9, et l'absence de domicile stable, constitue-t-il une disposition g\u00e9n\u00e9rale contraignante d\u00e9finissant les crit\u00e8res objectifs sur lesquels sont fond\u00e9es les raisons de craindre la fuite du demandeur d'une protection internationale qui fait l'objet d'une proc\u00e9dure de transfert, au sens des articles 2 et 28 du R\u00e8glement \u00ab Dublin III \u00bb ?",
        "SECOND MOYEN DE CASSATION (Subsidiaire)",
        "M. B... fait grief \u00e0 l'ordonnance attaqu\u00e9e,",
        "D'AVOIR rejet\u00e9 le recours qu'il a form\u00e9 contre l'arr\u00eat\u00e9 de placement en r\u00e9tention administrative du 13 f\u00e9vrier 2017 et ordonn\u00e9 la prolongation de sa r\u00e9tention administrative pour une dur\u00e9e de vingt-huit jours \u00e0 compter du 15 f\u00e9vrier 2017 ;",
        "AUX MOTIFS QUE \u00ab La cour consid\u00e8re que c'est par une analyse circonstanci\u00e9e et des motifs pertinents qu'il convient d'adopter que le premier juge a statu\u00e9 sur les moyens de nullit\u00e9, d'irr\u00e9gularit\u00e9 et d'irrecevabilit\u00e9 soulev\u00e9s devant lui et repris en cause d'appel, \u00e9tant ajout\u00e9 sur le premier moyen, que l'accord des autorit\u00e9s italiennes ne pouvait \u00eatre notifi\u00e9 \u00e0 Y... C... B..., dans la mesure o\u00f9 il s'agissait d'un accord implicite, constat\u00e9 le 27 octobre 2016. La cour rel\u00e8ve que l'arr\u00eat\u00e9 de placement est motiv\u00e9 en droit et en fait, puisqu'il est pr\u00e9cis\u00e9 que l'int\u00e9ress\u00e9 a \u00e9t\u00e9 identifi\u00e9 par le syst\u00e8me Visabio et qu'il est apparu qu'un visa de court s\u00e9jour lui avait \u00e9t\u00e9 d\u00e9livr\u00e9 sur la p\u00e9riode du 5 au 29 juin 2016, et que les autorit\u00e9s italiennes avaient donc \u00e9t\u00e9 saisies le 6 juillet 2016 d'une demande de prise en charge. Il ne peut donc \u00eatre invoqu\u00e9 une erreur d'appr\u00e9ciation, \u00e9tant pr\u00e9cis\u00e9 que l'\u00e9tranger n'avait alors pas communiqu\u00e9 d'attestation d'h\u00e9bergement, et qu'il ne pr\u00e9sentait donc pas de garanties suffisantes de repr\u00e9sentation \u00bb ;",
        "ET AUX MOTIFS ADOPT\u00c9S QUE \u00ab avant de prendre la d\u00e9cision contest\u00e9e, le pr\u00e9fet a pris en consid\u00e9ration les d\u00e9clarations de l'int\u00e9ress\u00e9 r\u00e9alis\u00e9es au cours de l'entretien r\u00e9alis\u00e9 le 1er juillet 2016 ; que le pr\u00e9fet n'a pas commis d'erreur manifeste d'appr\u00e9ciation en prenant la d\u00e9cision contest\u00e9e, notamment tenant compte de l'absence de passeport, de l'absence de domicile certain sauf, pour l'int\u00e9ress\u00e9, \u00e0 se pr\u00e9valoir d'une domiciliation, de son absence de ressources d\u00e9clar\u00e9es ; que de plus, l'int\u00e9ress\u00e9 est connu sous un alias, qui ne permet pas d'\u00e9tablir clairement son identit\u00e9 ; qu'au surplus, il n'est pas d\u00e9montr\u00e9 que l'int\u00e9ress\u00e9 aurait \u00e9t\u00e9 en outre priv\u00e9 de la garantie d'exercice de l'un de ses droits\u00bb ;",
        "1\u00b0) ALORS QUE l'article 28 paragraphe 2 du r\u00e8glement du 16 juin 2013 pr\u00e9voit qu'un ressortissant \u00e9tranger faisant l'objet d'une proc\u00e9dure de transfert ne peut \u00eatre plac\u00e9 en r\u00e9tention, sans qu'une \u00e9valuation individuelle pr\u00e9alable soit r\u00e9alis\u00e9e ; que cette \u00e9valuation individuelle, qui a pour but pour l'administration, de se d\u00e9terminer sur le placement en r\u00e9tention de l'\u00e9tranger ne se confond pas avec l'entretien individuel r\u00e9alis\u00e9 d\u00e8s que la demande de protection internationale est form\u00e9e, permettant de d\u00e9terminer l'Etat responsable ; qu'en \u00e9non\u00e7ant qu'\u00ab avant de prendre la d\u00e9cision contest\u00e9e, le pr\u00e9fet a pris en consid\u00e9ration les d\u00e9clarations de l'int\u00e9ress\u00e9e r\u00e9alis\u00e9s au cours de l'entretien r\u00e9alis\u00e9 le 1er juillet 2016 \u00bb et en consid\u00e9rant ainsi que l'entretien individuel r\u00e9alis\u00e9 au moment o\u00f9 la demande de protection internationale a \u00e9t\u00e9 form\u00e9e pouvait suffire \u00e0 respecter l'exigence d'une \u00e9valuation individuelle, devant pr\u00e9c\u00e9der le placement en r\u00e9tention, et ayant pour but de permettre \u00e0 l'administration de se d\u00e9terminer sur sa n\u00e9cessit\u00e9, la cour d'appel a viol\u00e9 l'article 28 du R\u00e8glement du 16 juin 2013 ;",
        "2\u00b0) ALORS QUE, en tout \u00e9tat de cause, l'article 28 paragraphe 2 du r\u00e8glement du 16 juin 2013 pr\u00e9voit qu'un ressortissant \u00e9tranger faisant l'objet d'une proc\u00e9dure de transfert ne peut \u00eatre plac\u00e9 en r\u00e9tention, sans qu'une \u00e9valuation individuelle pr\u00e9alable soit r\u00e9alis\u00e9e ; que cette \u00e9valuation individuelle, qui a pour but pour l'administration, de se d\u00e9terminer sur le placement en r\u00e9tention de l'\u00e9tranger ne se confond pas avec l'entretien individuel r\u00e9alis\u00e9 d\u00e8s que la demande de protection internationale est form\u00e9e ; qu'en se bornant \u00e0 \u00e9noncer que le pr\u00e9fet avait tenu compte des d\u00e9clarations de M. B... faites au cours de l'entretien individuel, sans rechercher, comme elle y \u00e9tait invit\u00e9e, si M. B... avait par ailleurs fait l'objet d'une \u00e9valuation individuelle pr\u00e9alable au placement en r\u00e9tention, la cour d'appel a priv\u00e9 sa d\u00e9cision de base l\u00e9gale au regard de l'article 28 du r\u00e8glement du 16 juin 2013 ;",
        "3\u00b0) ALORS QUE les Etats membres ne peuvent placer les demandeurs d'asile faisant l'objet d'une proc\u00e9dure de transfert en r\u00e9tention administrative que si ce placement en r\u00e9tention est proportionnel ; qu'en s'abstenant de rechercher, comme elle y \u00e9tait pourtant invit\u00e9e, si le placement en r\u00e9tention de M. B... \u00e9tait proportionnel, la cour d'appel a priv\u00e9 sa d\u00e9cision de base l\u00e9gale au regard de l'article 28 du R\u00e8glement du 16 juin 2013 ;",
        "4\u00b0) ALORS QUE les Etats membres ne peuvent placer les demandeurs d'asile faisant l'objet d'une proc\u00e9dure de transfert en r\u00e9tention que si d'autres mesures moins coercitives ne peuvent \u00eatre effectivement appliqu\u00e9es ; qu'en s'abstenant de s'assurer que d'autres mesures moins coercitives que le placement en r\u00e9tention ne pouvaient pas \u00eatre appliqu\u00e9es, la cour d'appel a viol\u00e9 de l'article 28 du R\u00e8glement du 16 juin 2013."
    ]
}