{
    "decision-0": [
        "CIV. 1",
        "MF",
        "COUR DE CASSATION",
        "______________________",
        "Audience publique du 5 d\u00e9cembre 2018",
        "Rejet",
        "Mme BATUT, pr\u00e9sident",
        "Arr\u00eat n\u00b0 1178 F-D",
        "Pourvoi n\u00b0 T 18-11.657",
        "Aide juridictionnelle totale en demande",
        "au profit de M. X....",
        "Admission du bureau d'aide juridictionnelle",
        "pr\u00e8s la Cour de cassation",
        "en date du 9 janvier 2018.",
        "R \u00c9 P U B L I Q U E F R A N \u00c7 A I S E",
        "_________________________",
        "AU NOM DU PEUPLE FRAN\u00c7AIS",
        "_________________________",
        "LA COUR DE CASSATION, PREMI\u00c8RE CHAMBRE CIVILE, a rendu l'arr\u00eat suivant :",
        "Statuant sur le pourvoi form\u00e9 par M. Y... X..., domicili\u00e9 [...] ,",
        "contre l'ordonnance rendue le 16 juin 2017 par le premier pr\u00e9sident de la cour d'appel de Toulouse, dans le litige l'opposant au pr\u00e9fet de l'Aveyron, domicili\u00e9 [...] ,",
        "d\u00e9fendeur \u00e0 la cassation ;",
        "Le demandeur invoque, \u00e0 l'appui de son pourvoi, le moyen unique de cassation annex\u00e9 au pr\u00e9sent arr\u00eat ;",
        "Vu la communication faite au procureur g\u00e9n\u00e9ral ;",
        "LA COUR, en l'audience publique du 6 novembre 2018, o\u00f9 \u00e9taient pr\u00e9sentes : Mme Batut, pr\u00e9sident, Mme Z..., conseiller r\u00e9f\u00e9rendaire rapporteur, Mme Wallon, conseiller doyen, Mme Pecquenard, greffier de chambre ;",
        "Sur le rapport de Mme Z..., conseiller r\u00e9f\u00e9rendaire, les observations de la SCP Bernard H\u00e9mery, Carole Thomas-Raquin, Martin Le Guerer, avocat de M. X..., de la SCP Garreau, Bauer-Violas et Feschotte-Desbois, avocat du pr\u00e9fet de l'Aveyron, l'avis de M. A..., avocat g\u00e9n\u00e9ral, et apr\u00e8s en avoir d\u00e9lib\u00e9r\u00e9 conform\u00e9ment \u00e0 la loi ;"
    ],
    "decision-1": [
        "Sur le moyen unique :"
    ],
    "decision-2": [
        "Attendu, selon l'ordonnance attaqu\u00e9e, rendue par le premier pr\u00e9sident d'une cour d'appel (Toulouse, 16 juin 2017), et les pi\u00e8ces de la proc\u00e9dure, que le pr\u00e9fet a, le 12 juin 2017, pris une d\u00e9cision de placement en r\u00e9tention administrative \u00e0 l'\u00e9gard de M. X... et, le lendemain, saisi le juge des libert\u00e9s et de la d\u00e9tention d'une requ\u00eate, sign\u00e9e par d\u00e9l\u00e9gation, en prolongation de cette mesure ;"
    ],
    "decision-3": [
        "Attendu que M. X... fait grief \u00e0 l'ordonnance de prononcer son maintien en r\u00e9tention alors, selon le moyen, que la d\u00e9l\u00e9gation de signature consentie \u00e0 un fonctionnaire en cas d'absence ou d'emp\u00eachement du titulaire de la d\u00e9l\u00e9gation suppose la r\u00e9alit\u00e9 d\u00e9montr\u00e9e de cette absence ou de cet emp\u00eachement ; qu'en ayant jug\u00e9 du contraire le pr\u00e9sident de la chambre de l'instruction a viol\u00e9 les articles 1 et 4 de l'arr\u00eat\u00e9 du pr\u00e9fet de l'Aveyron du 12 octobre 2015, ensemble les articles L. 552-1 et R. 552-3 du code de l'entr\u00e9e et du s\u00e9jour des \u00e9trangers et du droit d'asile ;"
    ],
    "decision-4": [
        "Mais attendu, qu'ayant exactement retenu qu'aucune disposition l\u00e9gale n'oblige l'administration \u00e0 justifier de l'indisponibilit\u00e9 du subd\u00e9l\u00e9guant, le premier pr\u00e9sident a fait ressortir qu'il appartenait \u00e0 M. X..., qui contestait l'emp\u00eachement, de d\u00e9montrer que celui-ci n'\u00e9tait pas constitu\u00e9 ; que le moyen n'est pas fond\u00e9 ;"
    ],
    "decision-5": [
        "PAR CES MOTIFS :",
        "REJETTE le pourvoi ;",
        "Ainsi fait et jug\u00e9 par la Cour de cassation, premi\u00e8re chambre civile, et prononc\u00e9 par le pr\u00e9sident en son audience publique du cinq d\u00e9cembre deux mille dix-huit."
    ],
    "decision-6": [
        "MOYEN ANNEXE au pr\u00e9sent arr\u00eat",
        "Moyen produit par la SCP Bernard H\u00e9mery, Carole Thomas-Raquin, Martin Le Guerer, avocat aux Conseils, pour M. X....",
        "Il est fait grief \u00e0 l'ordonnance confirmative attaqu\u00e9e d'Avoir ordonn\u00e9 la prolongation de la r\u00e9tention de M. Y... X... pour une dur\u00e9e de 28 jours,",
        "AUX MOTIFS PROPRES QUE \" la d\u00e9fense soul\u00e8ve en cause d'appel un moyen de proc\u00e9dure li\u00e9 \u00e0 l'identit\u00e9 du signataire de la requ\u00eate en prolongation de la r\u00e9tention ;",
        "ce moyen sera rejet\u00e9, dans la mesure o\u00f9, comme relev\u00e9 par le premier juge, la requ\u00eate est sign\u00e9e par M. B..., qui dispose d'une subd\u00e9l\u00e9gation \u00e0 cette fin ; aucune disposition l\u00e9gale n'oblige en ce cas \u00e0 justifier de l'indisponibilit\u00e9 du subd\u00e9l\u00e9guant\" (ordonnance, p. 2).",
        "Et AUX MOTIFS ADOPTES QUE \" la requ\u00eate en prolongation de r\u00e9tention administrative est sign\u00e9e par M. Christophe B..., chef de bureau \u00e0 la pr\u00e9fecture de l'Aveyron. Il dispose d'une d\u00e9l\u00e9gation de signature selon arr\u00eat\u00e9 du Pr\u00e9fet en date du 12/10/2015, r\u00e9guli\u00e8rement publi\u00e9, en cas d'emp\u00eachement ou d'absence de M. C....",
        "Le Pr\u00e9fet n'a pas \u00e0 justifier du fonctionnement interne de ses services\" (ordonnance, p. 2).",
        "ALORS QUE la d\u00e9l\u00e9gation de signature consentie \u00e0 un fonctionnaire en cas d'absence ou d'emp\u00eachement du titulaire de la d\u00e9l\u00e9gation suppose la r\u00e9alit\u00e9 d\u00e9montr\u00e9e de cette absence ou de cet emp\u00eachement ; qu'en ayant jug\u00e9 du contraire le Pr\u00e9sident de la Chambre de l'Instruction a viol\u00e9 les articles 1 et 4 de l'arr\u00eat\u00e9 du Pr\u00e9fet de l'Aveyron du 12 octobre 2015, ensemble les articles L 552-1 et R 552-3 du Code de l'entr\u00e9e et du s\u00e9jour des \u00e9trangers et du droit d'asile."
    ]
}