{
    "decision-0": [
        "CIV. 1",
        "LM",
        "COUR DE CASSATION",
        "______________________",
        "Audience publique du 20 novembre 2019",
        "Cassation partielle sans renvoi",
        "Mme BATUT, pr\u00e9sident",
        "Arr\u00eat n\u00b0 982 F-D",
        "Pourvoi n\u00b0 Y 18-23.967",
        "R \u00c9 P U B L I Q U E F R A N \u00c7 A I S E",
        "_________________________",
        "AU NOM DU PEUPLE FRAN\u00c7AIS",
        "_________________________",
        "LA COUR DE CASSATION, PREMI\u00c8RE CHAMBRE CIVILE, a rendu l'arr\u00eat suivant :",
        "Statuant sur le pourvoi form\u00e9 par le pr\u00e9fet du Var, domicili\u00e9 en cette qualit\u00e9 [...],",
        "contre l'ordonnance rendue le 5 septembre 2018 par le premier pr\u00e9sident de la cour d'appel de N\u00eemes, dans le litige l'opposant \u00e0 M. B... W..., domicili\u00e9 [...] ,",
        "d\u00e9fendeur \u00e0 la cassation ;",
        "Le demandeur invoque, \u00e0 l'appui de son pourvoi, le moyen unique de cassation annex\u00e9 au pr\u00e9sent arr\u00eat ;",
        "Vu la communication faite au procureur g\u00e9n\u00e9ral ;",
        "LA COUR, en l'audience publique du 15 octobre 2019, o\u00f9 \u00e9taient pr\u00e9sentes : Mme Batut, pr\u00e9sident, Mme Feydeau-Thieffry, conseiller r\u00e9f\u00e9rendaire rapporteur, Mme Auroy, conseiller doyen, Mme Berthomier, greffier de chambre ;",
        "Sur le rapport de Mme Feydeau-Thieffry, conseiller r\u00e9f\u00e9rendaire, les observations de la SCP Didier et Pinet, avocat du pr\u00e9fet du Var, et apr\u00e8s en avoir d\u00e9lib\u00e9r\u00e9 conform\u00e9ment \u00e0 la loi ;"
    ],
    "decision-1": [
        "Sur le moyen unique, pris en sa premi\u00e8re branche :"
    ],
    "decision-2": [
        "Vu les articles L. 551-2 et L. 611-1-1 du code de l'entr\u00e9e et du s\u00e9jour des \u00e9trangers et du droit d'asile ;",
        "Attendu que, selon le premier de ces textes, la d\u00e9cision de placement en r\u00e9tention est prise par l'autorit\u00e9 administrative apr\u00e8s l'interpellation de l'\u00e9tranger ou, le cas \u00e9ch\u00e9ant, lors de sa retenue aux fins de v\u00e9rification de son droit de circulation ou de s\u00e9jour, \u00e0 l'expiration de la garde \u00e0 vue, ou \u00e0 l'issue de sa p\u00e9riode d'incarc\u00e9ration en cas de d\u00e9tention ;"
    ],
    "decision-3": [
        "Attendu, selon l'ordonnance attaqu\u00e9e, rendue par le premier pr\u00e9sident d'une cour d'appel, et les pi\u00e8ces de la proc\u00e9dure, que M. W..., de nationalit\u00e9 \u00e9gyptienne, en situation irr\u00e9guli\u00e8re sur le territoire national, a fait l'objet, le 14 novembre 2017, d'un arr\u00eat\u00e9 pr\u00e9fectoral d'expulsion et, le 30 ao\u00fbt 2018, de deux arr\u00eat\u00e9s pr\u00e9fectoraux, l'un fixant comme pays de retour celui dont il a la nationalit\u00e9 ou tout autre Etat dans lequel il peut apporter la preuve qu'il est l\u00e9galement admissible, l'autre ordonnant son placement en r\u00e9tention \u00e0 sa lib\u00e9ration effective de la maison d'arr\u00eat ; que le pr\u00e9fet a saisi le juge des libert\u00e9s et de la d\u00e9tention d'une demande de prolongation de la mesure de r\u00e9tention ;",
        "Attendu que, pour mettre fin \u00e0 la mesure de r\u00e9tention, l'ordonnance se fonde sur un non-respect des r\u00e8gles l\u00e9gales en mati\u00e8re de retenue ;"
    ],
    "decision-4": [
        "Qu'en statuant ainsi, alors qu'il avait constat\u00e9 que la d\u00e9cision de placement en r\u00e9tention administrative \u00e9tait intervenue, non pas \u00e0 la suite d'une retenue aux fins de v\u00e9rification du droit de circulation ou de s\u00e9jour, mais \u00e0 l'issue d'une p\u00e9riode d'incarc\u00e9ration, le premier pr\u00e9sident, qui n'a pas tir\u00e9 les cons\u00e9quences l\u00e9gales de ses constatations, a viol\u00e9 les textes susvis\u00e9s ;",
        "Et vu l'article L. 411-3 du code de l'organisation judiciaire et 1015 du code de proc\u00e9dure civile ;"
    ],
    "decision-5": [
        "PAR CES MOTIFS et sans qu'il y ait lieu de statuer sur les autres branches du moyen :",
        "CASSE ET ANNULE, sauf en ce qu'elle d\u00e9clare l'appel recevable, l'ordonnance rendue le 5 septembre 2018, entre les parties, par le premier pr\u00e9sident de la cour d'appel de N\u00eemes ;",
        "DIT n'y avoir lieu \u00e0 renvoi ;",
        "Vu l'article 700 du code de proc\u00e9dure civile, rejette la demande ;",
        "Dit que sur les diligences du procureur g\u00e9n\u00e9ral pr\u00e8s la Cour de cassation, le pr\u00e9sent arr\u00eat sera transmis pour \u00eatre transcrit en marge ou \u00e0 la suite de l'ordonnance partiellement cass\u00e9e ;",
        "Ainsi fait et jug\u00e9 par la Cour de cassation, premi\u00e8re chambre civile, et prononc\u00e9 par le pr\u00e9sident en son audience publique du vingt novembre deux mille dix-neuf."
    ],
    "decision-6": [
        "MOYEN ANNEXE au pr\u00e9sent arr\u00eat",
        "Moyen produit par la SCP Didier et Pinet, avocat aux Conseils, pour le pr\u00e9fet du Var",
        "Il est fait grief \u00e0 l'ordonnance infirmative attaqu\u00e9e d'AVOIR ordonn\u00e9 la mise en libert\u00e9 imm\u00e9diate de M. W... ;",
        "AUX MOTIFS QUE, vu l'arr\u00eat\u00e9 de M. le pr\u00e9fet du Var ordonnant la reconduite \u00e0 la fronti\u00e8re en date du 14 novembre 2018 notifi\u00e9 le 15 novembre 2017, \u00e9dict\u00e9 moins d'un an avant la d\u00e9cision de placement en r\u00e9tention en date du 1er septembre 2018, notifi\u00e9e le m\u00eame jour \u00e0 9h59 concernant M. B... alias W... X... W... ; (",
        ") que M. X alias W... B... a \u00e9t\u00e9 l'objet d'un arr\u00eat\u00e9 d'expulsion du territoire national fran\u00e7ais le 14 novembre 2017 et d'une mesure de placement en r\u00e9tention \u00e0 la sortie de la maison d'arr\u00eat de Draguignan le 1er septembre 2018 ; qu'il a interjet\u00e9 appel de l'ordonnance accordant la prolongation de sa r\u00e9tention administrative, rendue par le juge des libert\u00e9s et de la d\u00e9tention de N\u00eemes le 3 septembre 2018 et soutient par reprise des moyens de premi\u00e8re instance la nullit\u00e9 de cette d\u00e9cision ainsi que des moyens de fond ; que, sur l'audience, M. X alias W... B... fait valoir qu'il ne peut pas retourner en \u00c9gypte car il n'y a plus de famille et demande une chance de rester en France ; que son avocat soutient que les droits de r\u00e9tention n'ont pas \u00e9t\u00e9 notifi\u00e9s et notamment le droit \u00e0 l'assistance \u00e0 la pr\u00e9sence d'un avocat ; que M. le repr\u00e9sentant du pr\u00e9fet du Var demande la confirmation de l'ordonnance dont appel ; que, sur les exceptions de nullit\u00e9 au titre d'irr\u00e9gularit\u00e9 de la proc\u00e9dure ant\u00e9rieure \u00e0 l'arr\u00eat\u00e9 : l'article L. 611-1-1 du code de l'entr\u00e9e et du s\u00e9jour des \u00e9trangers et du droit d'asile dispose notamment : \u00ab L'officier de police judiciaire ou, sous le contr\u00f4le de celui-ci, un agent de police judiciaire informe aussit\u00f4t l'\u00e9tranger, dans une langue qu'il comprend ou dont il est raisonnable de supposer qu'il la comprend, des motifs de son placement en retenue et de la dur\u00e9e maximale de la mesure ainsi que du fait qu'il b\u00e9n\u00e9ficie : 1\u00b0 Du droit d'\u00eatre assist\u00e9 par un interpr\u00e8te ; 2\u00b0 Du droit d'\u00eatre assist\u00e9 par un avocat d\u00e9sign\u00e9 par lui ou commis d'office par le b\u00e2tonnier, qui est alors inform\u00e9 de cette demande par tous moyens et sans d\u00e9lai. D\u00e8s son arriv\u00e9e, l'avocat peut communiquer pendant trente minutes avec la personne retenue dans des conditions qui garantissent la confidentialit\u00e9 de l'entretien. L'\u00e9tranger peut demander que l'avocat assiste \u00e0 ses auditions. Dans ce cas, la premi\u00e8re audition, sauf si elle porte uniquement sur les \u00e9l\u00e9ments d'identit\u00e9, ne peut d\u00e9buter sans la pr\u00e9sence de l'avocat avant l'expiration d'un d\u00e9lai d'une heure suivant l'information adress\u00e9e \u00e0 celui-ci. Toutefois, les op\u00e9rations de v\u00e9rification ne n\u00e9cessitant pas la pr\u00e9sence de l'\u00e9tranger peuvent \u00eatre effectu\u00e9es d\u00e8s le d\u00e9but de la retenue. Au cours des auditions, l'avocat peut prendre des notes. \u00c0 la fin de la retenue, l'avocat peut, \u00e0 sa demande, consulter le proc\u00e8s-verbal \u00e9tabli en application du treizi\u00e8me alin\u00e9a du pr\u00e9sent I ainsi que le certificat m\u00e9dical y \u00e9tant, le cas \u00e9ch\u00e9ant, annex\u00e9 et formuler des observations \u00e9crites \u00e9galement annex\u00e9es ; 3\u00b0 Du droit d'\u00eatre examin\u00e9 par un m\u00e9decin d\u00e9sign\u00e9 par l'officier de police judiciaire. Le m\u00e9decin se prononce sur l'aptitude au maintien de la personne en retenue et proc\u00e8de \u00e0 toutes constatations utiles ; 4\u00b0 Du droit de pr\u00e9venir \u00e0 tout moment sa famille et toute personne de son choix et de prendre tout contact utile afin d'assurer l'information et, le cas \u00e9ch\u00e9ant, la prise en charge des enfants dont il assure normalement la garde, qu'ils l'aient ou non accompagn\u00e9 lors de son placement en retenue. Si des circonstances particuli\u00e8res l'exigent, l'officier de police judiciaire pr\u00e9vient lui-m\u00eame la famille et la personne choisie. En tant que de besoin, il informe le procureur de la R\u00e9publique aux fins d'instruction dans l'int\u00e9r\u00eat des enfants ; 5\u00b0 Du droit d'avertir ou de faire avertir les autorit\u00e9s consulaires de son pays. Lorsque l'\u00e9tranger ne parle pas le fran\u00e7ais, il est fait application de l'article L. 111-7 \u00bb ; que la lecture des pi\u00e8ces du dossier met en \u00e9vidence que : - M. X alias W... B... a \u00e9t\u00e9 l'objet le 7 d'un mois de l'ann\u00e9e 2018 illisible sur la copie du dossier, d'une audition \u00e0 la maison d'arr\u00eat de Draguignan hors de la pr\u00e9sence d'un interpr\u00e8te, - ce proc\u00e8s-verbal intitul\u00e9 \u00ab audition administrative \u00bb est constitu\u00e9 par une page dactylographi\u00e9e pr\u00e9-renseign\u00e9e et compl\u00e9t\u00e9e de fa\u00e7on manuscrite, - cette audition recueillie par un agent de police judiciaire vise \u00ab la mise en oeuvre des mesures d'\u00e9loignement du territoire national des \u00e9trangers incarc\u00e9r\u00e9s \u00bb et les dispositions du code de l'entr\u00e9e et du s\u00e9jour des \u00e9trangers et du droit d'asile, - aucune mention de textes du code de l'entr\u00e9e et du s\u00e9jour des \u00e9trangers et du droit d'asile n'est faite, - la lecture du proc\u00e8s-verbal montre qu'aucun des droits pr\u00e9vues \u00e0 l'article L. 611-1-1 du code de l'entr\u00e9e et du s\u00e9jour des \u00e9trangers et du droit d'asile n'a \u00e9t\u00e9 notifi\u00e9 \u00e0 l'int\u00e9ress\u00e9 notamment celui de l'assistance d'un avocat ; qu'en outre aucune mention des conditions et dur\u00e9e de la retenue n'appara\u00eet, - cette d\u00e9position n'est pas re\u00e7ue dans le cadre d'une mesure de r\u00e9tention laquelle n'est pr\u00e9vue par le pr\u00e9fet que du 1er au 3 septembre 2018 selon avis donn\u00e9 au Procureur de la r\u00e9publique local, - l'int\u00e9ress\u00e9 est avis\u00e9 de ce que \u00ab mon audition pourrait aboutir \u00e0 une d\u00e9cision de placement en centre de r\u00e9tention d\u00e9cision prise par la pr\u00e9fecture du Var qui priverait \u00e0 nouveau de ma libert\u00e9 d'aller et venir \u00e0 l'issue de ma peine d'incarc\u00e9ration \u00bb ; que concernant le placement en r\u00e9tention, l'article L. 551-2 du code de l'entr\u00e9e et du s\u00e9jour des \u00e9trangers et du droit d'asile dispose : \u00ab La d\u00e9cision de placement est prise par l'autorit\u00e9 administrative, apr\u00e8s l'interpellation de l'\u00e9tranger ou, le cas \u00e9ch\u00e9ant, lors de sa retenue aux fins de v\u00e9rification de son droit de circulation ou de s\u00e9jour, \u00e0 l'expiration de sa garde \u00e0 vue, ou \u00e0 l'issue de sa p\u00e9riode d'incarc\u00e9ration en cas de d\u00e9tention. Elle est \u00e9crite et motiv\u00e9e. Elle prend effet \u00e0 compter de sa notification \u00e0 l'int\u00e9ress\u00e9. Le procureur de la R\u00e9publique en est inform\u00e9 imm\u00e9diatement \u00bb ; que la lecture de l'arr\u00eat\u00e9 de placement en r\u00e9tention du 28 ao\u00fbt 2018 pris par le pr\u00e9fet du Var r\u00e9v\u00e8le que cette audition a \u00e9t\u00e9 prise au visa des articles L. 121-1 et 2, L. 122-1 et 2 du code des relations entre le public et l'administration ; qu'or, il ressort des dispositions de l'article L. 121-2 3\u00b0 du code pr\u00e9cit\u00e9 que \u00ab Les dispositions de l'article L. 121-1 ne sont pas applicables aux d\u00e9cisions pour lesquelles des dispositions l\u00e9gislatives ont instaur\u00e9 une proc\u00e9dure contradictoire particuli\u00e8re \u00bb ; qu'en l'esp\u00e8ce, l'audition contient en pr\u00e9ambule la mention : \u00ab mon audition pourrait abouti \u00e0 une d\u00e9cision de placement en centre de r\u00e9tention d\u00e9cision prise par la pr\u00e9fecture du Var qui me priverait \u00e0 nouveau de ma libert\u00e9 d'aller et venir \u00e0 l'issue de la peine d'incarc\u00e9ration \u00bb et le placement en r\u00e9tention repose sur une audition r\u00e9gl\u00e9e par les dispositions du code de l'entr\u00e9e et du s\u00e9jour des \u00e9trangers et du droit d'asile et notamment en mati\u00e8re de retenue l'article L. 611-1-1 ; que la fiche de notification des droits de r\u00e9tention remise en sortant de prison au moment de la lev\u00e9e d'\u00e9crou et de la notification du placement en r\u00e9tention ne saurait suppl\u00e9er \u00e0 la carence caract\u00e9ris\u00e9e lors de l'audition en retenue ; qu'il est constant que le procureur de la R\u00e9publique doit inform\u00e9 d\u00e8s lors d\u00e9but de la retenue et selon une jurisprudence constante de la Cour de cassation le retard dans l'information donn\u00e9e \u00e0 ce magistrat, doit \u00eatre justifi\u00e9 par des circonstances insurmontables et \u00e0 d\u00e9faut il est de nature \u00e0 porter atteinte aux droits de la personne concern\u00e9e : en l'esp\u00e8ce aucun avis de cette audition n'a \u00e9t\u00e9 donn\u00e9e au procureur de la R\u00e9publique le 26 juillet 2018 ; qu'en l'esp\u00e8ce, - un avis au procureur de la R\u00e9publique de Toulon du 28 ao\u00fbt 2018 renseigne le fait que le pr\u00e9fet a pris \u00e0 l'encontre de l'int\u00e9ress\u00e9 \u00ab une d\u00e9cision de placement en r\u00e9tention administrative pour une dur\u00e9e de deux jours \u00e0 compter de l'heure de la notification soit du 1er septembre 2018 au 3 septembre 2018 conform\u00e9ment \u00e0 l'article L. 551-2 du code de l'entr\u00e9e et du s\u00e9jour des \u00e9trangers et du droit d'asile \u00bb, - aucun avis n'a \u00e9t\u00e9 donn\u00e9 au procureur de la R\u00e9publique de Toulon le 1er septembre 2018 ; l'article L. 552-13 du code de l'entr\u00e9e et du s\u00e9jour des \u00e9trangers et du droit d'asile dispose : \u00ab En cas de violation des formes prescrites par la loi \u00e0 peine de nullit\u00e9 ou d'inobservation des formalit\u00e9s substantielles, toute juridiction, y compris la Cour de cassation, qui est saisie d'une demande d'annulation ou qui rel\u00e8ve d'office une telle irr\u00e9gularit\u00e9 ne peut prononcer la mainlev\u00e9e de la mesure de placement en r\u00e9tention que lorsque celle-ci a eu pour effet de porter atteinte aux droits de l'\u00e9tranger \u00bb ; qu'ainsi une irr\u00e9gularit\u00e9 tir\u00e9e de violation des formes prescrites par la loi \u00e0 peine de nullit\u00e9 ou d'inobservation de formalit\u00e9s substantielles ne peut conduire \u00e0 une mainlev\u00e9e de la r\u00e9tention que si elle a eu pour effet de porter atteinte aux droits de l'\u00e9tranger ; qu'en cons\u00e9quence, dans tous les cas o\u00f9 une irr\u00e9gularit\u00e9 est constat\u00e9e, l'article pr\u00e9cit\u00e9 impose au juge de v\u00e9rifier que cette irr\u00e9gularit\u00e9 a pour effet de porter atteinte aux droits de l'\u00e9tranger ; qu'\u00e0 d\u00e9faut d'un tel constat l'irr\u00e9gularit\u00e9 relev\u00e9e ne saurait entra\u00eener l'annulation de la proc\u00e9dure ; qu'en l'esp\u00e8ce l'irrespect des r\u00e8gles l\u00e9gales en mati\u00e8re de retenue, l'absence de notification des droits \u00e9l\u00e9mentaires d'une personne retenue, l'absence de mention du droit \u00e0 l'assistance d'un avocat, l'absence d'avis au procureur de la R\u00e9publique local du caract\u00e8re effectif de la mesure de placement en r\u00e9tention malgr\u00e9 l'obligation l\u00e9gale constituent des manquements graves aux r\u00e8gles de proc\u00e9dures \u00e9dict\u00e9es par le code de l'entr\u00e9e et du s\u00e9jour des \u00e9trangers et du droit d'asile et des irr\u00e9gularit\u00e9s portant incontestablement atteinte aux droits de la personne concern\u00e9e ; qu'il y a donc lieu de constater que les droits de M. X alias W... B... n'ont pas \u00e9t\u00e9 pr\u00e9serv\u00e9s durant la proc\u00e9dure ant\u00e9rieure \u00e0 l'arr\u00eat\u00e9 de r\u00e9tention et que ces multiples carences lui ont incontestablement caus\u00e9 un grief ; qu'en cons\u00e9quence, l'ordonnance entreprise doit \u00eatre infirm\u00e9e au visa de la proc\u00e9dure irr\u00e9guli\u00e8re et il convient d'ordonner la mise en libert\u00e9 imm\u00e9diate de M. X alias W... B... et de lui rappeler qu'il a obligation de quitter le territoire national fran\u00e7ais en vertu de l'arr\u00eat\u00e9 d'expulsion pris le 14 novembre 2017 par le pr\u00e9fet des Bouches-du-Rh\u00f4ne et notifi\u00e9 le 15 novembre 2017 ;",
        "1\u00b0) ALORS QUE, pour s'opposer \u00e0 la prolongation de sa r\u00e9tention, l'\u00e9tranger ne peut utilement invoquer la privation des garanties \u00e9nonc\u00e9es \u00e0 l'article L. 611-1-1 du code de l'entr\u00e9e et du s\u00e9jour des \u00e9trangers et du droit d'asile, que si la d\u00e9cision de placement a \u00e9t\u00e9 prise lors de sa retenue aux fins de v\u00e9rification de son droit de circulation ou de s\u00e9jour ; qu'en retenant que ces garanties auraient d\u00fb \u00eatre respect\u00e9es en l'esp\u00e8ce, apr\u00e8s avoir pourtant constat\u00e9 que la d\u00e9cision de placement \u00e9tait intervenue \u00e0 l'issue d'une p\u00e9riode d'incarc\u00e9ration \u00e0 la maison d'arr\u00eat de Draguignan \u2013 et non lors d'une retenue aux fins de v\u00e9rification du droit de circulation ou de s\u00e9jour \u2013, le premier pr\u00e9sident, qui n'a pas tir\u00e9 les cons\u00e9quences l\u00e9gales de ses constatations, a viol\u00e9 les articles L. 551-2 et L. 611-1-1 du code de l'entr\u00e9e et du s\u00e9jour des \u00e9trangers et du droit d'asile ;",
        "2\u00b0) ALORS QU'en tout \u00e9tat de cause, en retenant que ces garanties auraient d\u00fb \u00eatre respect\u00e9es en l'esp\u00e8ce, sans constater que la d\u00e9cision de placement en r\u00e9tention \u00e9tait intervenue lors d'une retenue aux fins de v\u00e9rification du droit de circulation ou de s\u00e9jour, le premier pr\u00e9sident a priv\u00e9 sa d\u00e9cision de base l\u00e9gale au regard des articles L. 551-2 et L. 611-1-1 du code de l'entr\u00e9e et du s\u00e9jour des \u00e9trangers et du droit d'asile ;",
        "3\u00b0) ALORS QUE les informations que l'\u00e9tranger, alors d\u00e9tenu, doit recevoir dans les meilleurs d\u00e9lais au moment de son placement en r\u00e9tention peuvent lui \u00eatre notifi\u00e9es au moment de la lev\u00e9e d'\u00e9crou et de la notification du placement en r\u00e9tention ; que d\u00e8s lors, en jugeant qu'avaient \u00e9t\u00e9 m\u00e9connues les r\u00e8gles relatives \u00e0 la notification des droits de la personne retenue, apr\u00e8s avoir pourtant constat\u00e9 la remise \u00e0 M. W..., au moment de la lev\u00e9e d'\u00e9crou et de la notification du placement en r\u00e9tention, d'une \u00ab fiche de notification des droits de r\u00e9tention \u00bb, le premier pr\u00e9sident, qui n'a pas retenu qu'une telle notification aurait \u00e9t\u00e9 incompl\u00e8te, a viol\u00e9 l'article L. 551-2 du code de l'entr\u00e9e et du s\u00e9jour des \u00e9trangers et du droit d'asile ;",
        "4\u00b0) ALORS QUE l'information au procureur de la R\u00e9publique du placement en r\u00e9tention peut intervenir au cours des jours qui le pr\u00e9c\u00e8dent ; que le premier pr\u00e9sident, qui, pour ordonner la mise en libert\u00e9 imm\u00e9diate de M. W..., s'est fond\u00e9 sur ce qu'aucun avis n'avait \u00e9t\u00e9 donn\u00e9 au Procureur de la R\u00e9publique au premier jour de r\u00e9tention \u2013 le 1er septembre 2018 \u2013, apr\u00e8s avoir pourtant constat\u00e9 qu'un tel avis lui avait \u00e9t\u00e9 adress\u00e9 le 28 ao\u00fbt 2018, a viol\u00e9 l'article L. 551-2 du code de l'entr\u00e9e et du s\u00e9jour des \u00e9trangers et du droit d'asile ;",
        "5\u00b0) ALORS QU'en cas de violation des formes prescrites par la loi \u00e0 peine de nullit\u00e9 ou d'inobservation des formalit\u00e9s substantielles, la mainlev\u00e9e de la mesure de placement en r\u00e9tention ne peut \u00eatre prononc\u00e9e que lorsque celle-ci a eu pour effet de porter atteinte aux droits de l'\u00e9tranger ; que le premier pr\u00e9sident, qui a constat\u00e9 que le procureur de la R\u00e9publique avait, par un avis du 28 ao\u00fbt 2018, \u00e9t\u00e9 inform\u00e9 de la retenue pour une dur\u00e9e de deux jours \u00e0 compter du 1er septembre 2018, ce dont il r\u00e9sultait qu'il n'avait pas \u00e9t\u00e9 port\u00e9e atteinte aux droits de M. W... nonobstant l'absence d'avis au procureur au jour de la r\u00e9tention, a viol\u00e9 les articles L. 551-2 et L. 552-13 du code de l'entr\u00e9e et du s\u00e9jour des \u00e9trangers et du droit d'asile."
    ]
}