{
    "decision-0": [
        "CIV. 1",
        "IK",
        "COUR DE CASSATION",
        "______________________",
        "Audience publique du 12 juin 2018",
        "Cassation partielle sans renvoi",
        "Mme BATUT, pr\u00e9sident",
        "Arr\u00eat n\u00b0 603 F-D",
        "Pourvoi n\u00b0 V 17-14.047",
        "R \u00c9 P U B L I Q U E F R A N \u00c7 A I S E",
        "_________________________",
        "AU NOM DU PEUPLE FRAN\u00c7AIS",
        "_________________________",
        "LA COUR DE CASSATION, PREMI\u00c8RE CHAMBRE CIVILE, a rendu l'arr\u00eat suivant :",
        "Statuant sur le pourvoi form\u00e9 par le pr\u00e9fet de l'H\u00e9rault, domicili\u00e9 [...] ,",
        "contre l'ordonnance rendue le 2 janvier 2017 par le premier pr\u00e9sident de la cour d'appel de Montpellier, dans le litige l'opposant :",
        "1\u00b0/ \u00e0 M. Robert X..., domicili\u00e9 [...] ,",
        "2\u00b0/ au procureur g\u00e9n\u00e9ral pr\u00e8s la cour d'appel de Montpellier, domicili\u00e9 [...] ,",
        "d\u00e9fendeurs \u00e0 la cassation ;",
        "La demanderesse invoque, \u00e0 l'appui de son pourvoi, le moyen unique de cassation annex\u00e9 au pr\u00e9sent arr\u00eat ;",
        "Vu la communication faite au procureur g\u00e9n\u00e9ral ;",
        "LA COUR, en l'audience publique du 9 mai 2018, o\u00f9 \u00e9taient pr\u00e9sentes : Mme Batut, pr\u00e9sident, Mme Y..., conseiller r\u00e9f\u00e9rendaire rapporteur, Mme Wallon, conseiller doyen, Mme Pecquenard, greffier de chambre ;",
        "Sur le rapport de Mme Y..., conseiller r\u00e9f\u00e9rendaire, les observations de la SCP Fabiani, Luc-Thaler et Pinatel, avocat du pr\u00e9fet de l'H\u00e9rault, et apr\u00e8s en avoir d\u00e9lib\u00e9r\u00e9 conform\u00e9ment \u00e0 la loi ;"
    ],
    "decision-1": [
        "Sur le moyen unique, pris en sa premi\u00e8re branche :"
    ],
    "decision-2": [
        "Vu l'article L. 554-1 du code de l'entr\u00e9e et du s\u00e9jour des \u00e9trangers et du droit d'asile ;"
    ],
    "decision-3": [
        "Attendu, selon l'ordonnance attaqu\u00e9e rendue par le premier pr\u00e9sident d'une cour d'appel, et les pi\u00e8ces de la proc\u00e9dure, que, le 7 janvier 2016, M. X..., de nationalit\u00e9 allemande, a \u00e9t\u00e9 condamn\u00e9 par le tribunal correctionnel, pour infractions \u00e0 la l\u00e9gislation sur les stup\u00e9fiants, \u00e0 une peine d'emprisonnement, assortie d'une interdiction du territoire fran\u00e7ais d'une dur\u00e9e de trois ans ; que, le 4 novembre 2016, \u00e0 l'occasion de la proc\u00e9dure contradictoire pr\u00e9vue aux articles L. 120-1 et L. 121-1 du code des relations entre le public et l'administration, relative \u00e0 la d\u00e9cision fixant le pays de destination, l'int\u00e9ress\u00e9 a indiqu\u00e9 ne d\u00e9tenir aucun document d'identit\u00e9 ni titre de voyage et a exprim\u00e9 le souhait d'obtenir un laisser-passer afin de retourner en Allemagne ; que, le 17 novembre suivant, le pr\u00e9fet a form\u00e9 une demande de laisser-passer aupr\u00e8s du consulat d'Allemagne, qui a fix\u00e9 un rendez-vous au 5 janvier 2017 ; que, le 27 d\u00e9cembre, veille de l'\u00e9largissement de M. X..., le pr\u00e9fet a pris un arr\u00eat\u00e9 portant placement en r\u00e9tention, qui a \u00e9t\u00e9 notifi\u00e9 \u00e0 celui-ci d\u00e8s sa sortie de prison ; que, le lendemain, M. X... a pr\u00e9sent\u00e9 au juge des libert\u00e9s et de la d\u00e9tention une requ\u00eate en contestation de la r\u00e9gularit\u00e9 de cet arr\u00eat\u00e9 et le pr\u00e9fet une requ\u00eate en prolongation de la mesure ;",
        "Attendu que, pour rejeter la demande de prolongation de la r\u00e9tention de l'int\u00e9ress\u00e9, l'ordonnance retient que, pendant son incarc\u00e9ration, M. X... a sollicit\u00e9 un rendez-vous au consulat g\u00e9n\u00e9ral d'Allemagne \u00e0 Marseille, qui lui a \u00e9t\u00e9 accord\u00e9 le 3 janvier 2017, pour l'\u00e9tablissement d'un nouveau passeport et qu'il justifiait d'une somme suffisante pour regagner l'Allemagne par ses propres moyens, tandis que le pr\u00e9fet, qui disposait depuis longtemps des \u00e9l\u00e9ments n\u00e9cessaires \u00e0 l'accomplissement des diligences, n'a obtenu un rendez-vous que le 5 janvier 2017 ;"
    ],
    "decision-4": [
        "Qu'en statuant ainsi, alors que le pr\u00e9fet n'avait aucun pouvoir de contrainte sur les autorit\u00e9s consulaires qu'il avait saisies d\u00e8s le 17 novembre 2016, plusieurs semaines avant la date de fin de peine de M. X..., le premier pr\u00e9sident, qui n'a pas tir\u00e9 les cons\u00e9quences l\u00e9gales de ses propres constatations, a viol\u00e9 le texte susvis\u00e9 ;",
        "Et vu l'article L. 411-3 du code de l'organisation judiciaire, dont l'application est sugg\u00e9r\u00e9e par le m\u00e9moire ampliatif ;"
    ],
    "decision-5": [
        "PAR CES MOTIFS et sans qu'il y ait lieu de statuer sur la seconde branche du moyen :",
        "CASSE ET ANNULE, sauf en ce qu'il d\u00e9clare l'appel recevable, l'ordonnance rendue le 2 janvier 2017, entre les parties, par le premier pr\u00e9sident de la cour d'appel de Montpellier ;",
        "DIT n'y avoir lieu \u00e0 renvoi ;",
        "Dit que sur les diligences du procureur g\u00e9n\u00e9ral pr\u00e8s la Cour de cassation, le pr\u00e9sent arr\u00eat sera transmis pour \u00eatre transcrit en marge ou \u00e0 la suite de l'ordonnance partiellement cass\u00e9e ;",
        "Ainsi fait et jug\u00e9 par la Cour de cassation, premi\u00e8re chambre civile, et prononc\u00e9 par le pr\u00e9sident en son audience publique du douze juin deux mille dix-huit."
    ],
    "decision-6": [
        "MOYEN ANNEXE au pr\u00e9sent arr\u00eat",
        "Moyen produit par la SCP Fabiani, Luc-Thaler et Pinatel, avocat aux Conseils, pour le pr\u00e9fet de l'H\u00e9rault",
        "Il est fait grief \u00e0 l'ordonnance infirmative attaqu\u00e9e d'AVOIR accueilli le moyen de nullit\u00e9 et d'AVOIR en cons\u00e9quence ordonn\u00e9 la remise en libert\u00e9 de M. X....",
        "Aux motifs que \u00ab sur le moyen de nullit\u00e9 tir\u00e9 de l'insuffisance de diligences par l'administration : que selon l'article L. 554-1 du CESEDA, un \u00e9tranger ne peut \u00eatre plac\u00e9 ou maintenu en r\u00e9tention que pour le temps strictement n\u00e9cessaire \u00e0 son d\u00e9part ; que l'administration doit exercer toutes les diligences \u00e0 cet effet ; qu'en l'esp\u00e8ce, M. X... a \u00e9t\u00e9 incarc\u00e9r\u00e9 le 7 janvier 2016 \u00e0 la maison d'arr\u00eat de B\u00e9ziers suite \u00e0 une condamnation par le tribunal correctionnel de Narbonne \u00e0 une peine d'emprisonnement de 2 ans pour infraction \u00e0 la l\u00e9gislation des stup\u00e9fiants, assortie d'une interdiction sur le territoire national d'une dur\u00e9e de 3 ans ; que pendant son incarc\u00e9ration, M. X... a entrepris des d\u00e9marches pour regagner l'Allemagne d\u00e8s sa sortie de prison ; que d'ailleurs du centre de r\u00e9tention, ce week-end, il a obtenu un rendez-vous au consulat g\u00e9n\u00e9ral d'Allemagne \u00e0 Marseille le 3 janvier 2017 \u00e0 10 heures, aux fins d'obtenir un nouveau passeport ; qu'il a en sa possession une photocopie de sa carte d'identit\u00e9 ainsi qu'un extrait de son acte de naissance ; qu'en outre, il a une somme d'argent lui permettant de regagner l'Allemagne par ses propres moyens ; que la pr\u00e9fecture n'a obtenu un rendez-vous consulaire que le 5 janvier 2017, alors que M. X... est d\u00e9tenu depuis des mois ; que l'administration avait tous les \u00e9l\u00e9ments n\u00e9cessaires \u00e0 l'accomplissement des diligences depuis longtemps ; qu'en l'esp\u00e8ce, la r\u00e9tention qui dure depuis le 28 d\u00e9cembre 2016 n'a pas permis \u00e0 l'administration de reconduire l'int\u00e9ress\u00e9 en Allemagne alors qu'il ne s'y oppose pas et qu'il est m\u00eame en demande pour retourner dans son pays, ce qu'il justifie par ses d\u00e9marches en d\u00e9tention et puis le centre de r\u00e9tention ; que ce moyen de nullit\u00e9 sera donc accueilli ; qu'il y a lieu en cons\u00e9quence d'infirmer l'ordonnance attaqu\u00e9e \u00bb ;",
        "Alors, d'une part, que les diligences entreprises par l'administration en vue de la mise en oeuvre d'une peine compl\u00e9mentaire d'interdiction de territoire doivent \u00eatre prises a minima d\u00e8s le placement en r\u00e9tention provisoire ; qu'il ressort des pi\u00e8ces du dossier que d\u00e8s le 17 novembre 2016, soit plus d'un mois avant l'\u00e9largissement de M. X... du centre p\u00e9nitentiaire le 28 d\u00e9cembre 2016, l'administration avait pris contact avec les autorit\u00e9s consulaires allemandes de son ressort en vue de l'obtention des documents de voyage et que c'est du seul fait des autorit\u00e9 consulaires allemandes qu'un rendez-vous n'a pu \u00eatre obtenu que le 5 janvier 2017 ; qu'en jugeant pourtant, pour prononcer la remise en libert\u00e9 de M. X..., que l'administration n'avait pas \u00e9t\u00e9 suffisamment diligente car elle n'avait pu obtenir un rendez-vous consulaire que le 5 janvier 2017, le conseiller d\u00e9l\u00e9gu\u00e9 a viol\u00e9 l'article L. 554-1 du code de l'entr\u00e9e et du s\u00e9jour des \u00e9trangers et du droit d'asile ;",
        "Alors, d'autre part, que les diligences de l'administration inutiles en vue de l'ex\u00e9cution d'une peine compl\u00e9mentaire d'interdiction de territoire ne s'appr\u00e9cient pas par comparaison aux d\u00e9marches que peut entreprendre, par lui-m\u00eame, l'\u00e9tranger incarc\u00e9r\u00e9 puis plac\u00e9 en r\u00e9tention provisoire ; qu'en jugeant pourtant, pour prononcer la remise en libert\u00e9 de M. X..., que l'administration n'avait pas \u00e9t\u00e9 suffisamment diligente car ce dernier avait lui-m\u00eame pu obtenir un rendez-vous au consulat g\u00e9n\u00e9ral d'Allemagne \u00e0 Marseille le 3 janvier 2017 aux fins d'obtenir un nouveau passeport, le conseiller d\u00e9l\u00e9gu\u00e9 a statu\u00e9 par des motifs impropres \u00e0 \u00e9tablir l'insuffisance des diligences de l'administration et ainsi viol\u00e9 l'article L. 554-1 du code de l'entr\u00e9e et du s\u00e9jour des \u00e9trangers et du droit d'asile."
    ]
}