{
    "decision-0": [
        "CIV. 1",
        "MY1",
        "COUR DE CASSATION",
        "______________________",
        "Audience publique du 19 septembre 2019",
        "Cassation partielle sans renvoi",
        "Mme BATUT, pr\u00e9sident",
        "Arr\u00eat n\u00b0 734 FS-P+B",
        "Pourvoi n\u00b0 J 18-20.297",
        "R \u00c9 P U B L I Q U E F R A N \u00c7 A I S E",
        "_________________________",
        "AU NOM DU PEUPLE FRAN\u00c7AIS",
        "_________________________",
        "LA COUR DE CASSATION, PREMI\u00c8RE CHAMBRE CIVILE, a rendu l'arr\u00eat suivant :",
        "Statuant sur le pourvoi form\u00e9 par M. K... J..., domicili\u00e9 chez Mme Fran\u00e7oise Selles[...],",
        "contre l'ordonnance rendue le 29 mai 2018 par le premier pr\u00e9sident de la cour d'appel de Pau, dans le litige l'opposant :",
        "1\u00b0/ au pr\u00e9fet des Pyr\u00e9n\u00e9es-Atlantiques, domicili\u00e9 [...],",
        "2\u00b0/ au procureur g\u00e9n\u00e9ral pr\u00e8s la cour d'appel de Pau, domicili\u00e9 en son parquet g\u00e9n\u00e9ral, [...],",
        "d\u00e9fendeurs \u00e0 la cassation ;",
        "Le demandeur invoque, \u00e0 l'appui de son pourvoi, le moyen unique de cassation annex\u00e9 au pr\u00e9sent arr\u00eat ;",
        "Vu la communication faite au procureur g\u00e9n\u00e9ral ;",
        "LA COUR, compos\u00e9e conform\u00e9ment \u00e0 l'article R. 431-5 du code de l'organisation judiciaire, en l'audience publique du 25 juin 2019, o\u00f9 \u00e9taient pr\u00e9sents : Mme Batut, pr\u00e9sident, Mme Feydeau-Thieffry, conseiller r\u00e9f\u00e9rendaire rapporteur, Mme Auroy, conseiller doyen, M. Hascher, Mme Reygner, M. Vigneau, Mme Bozzi, M. Acquaviva, conseillers, Mmes Le Cotty, Gargoullaud, Azar, conseillers r\u00e9f\u00e9rendaires, M. Sassoust, avocat g\u00e9n\u00e9ral, Mme Pecquenard, greffier de chambre ;",
        "Sur le rapport de Mme Feydeau-Thieffry, conseiller r\u00e9f\u00e9rendaire, les observations de la SCP Spinosi et Sureau, avocat de M. J..., l'avis de M. Sassoust, avocat g\u00e9n\u00e9ral, et apr\u00e8s en avoir d\u00e9lib\u00e9r\u00e9 conform\u00e9ment \u00e0 la loi ;"
    ],
    "decision-1": [
        "Sur le moyen unique :"
    ],
    "decision-2": [
        "Vu l'article L. 554-1 du code de l'entr\u00e9e et du s\u00e9jour des \u00e9trangers et du droit d'asile, dans sa r\u00e9daction issue de la loi n\u00b0 2018-187 du 20 mars 2018 ;",
        "Attendu qu'il r\u00e9sulte de ce texte que l'\u00e9tranger ne peut \u00eatre plac\u00e9 ou maintenu en r\u00e9tention au titre du 1\u00b0 bis du I de l'article L. 561-2 que pour le temps strictement n\u00e9cessaire \u00e0 la d\u00e9termination de l'Etat responsable de l'examen de sa demande d'asile, et le cas \u00e9ch\u00e9ant, \u00e0 l'ex\u00e9cution d'une d\u00e9cision de transfert et qu'en cas d'accord d'un Etat requis, la d\u00e9cision de transfert est notifi\u00e9e \u00e0 l'\u00e9tranger dans les plus brefs d\u00e9lais ;"
    ],
    "decision-3": [
        "Attendu, selon l'ordonnance attaqu\u00e9e, rendue par le premier pr\u00e9sident d'une cour d'appel, et les pi\u00e8ces de la proc\u00e9dure, que M. J..., de nationalit\u00e9 ivoirienne, en situation irr\u00e9guli\u00e8re sur le territoire national, a \u00e9t\u00e9 plac\u00e9 en garde \u00e0 vue le 26 avril 2018 pour des faits de d\u00e9tention de faux documents et d'escroquerie ; que la consultation du fichier Eurodac a mis en \u00e9vidence qu'il avait pr\u00e9c\u00e9demment introduit une demande de protection internationale en Italie ; que la mesure de r\u00e9tention administrative, d\u00e9cid\u00e9e par arr\u00eat\u00e9 du pr\u00e9fet du 27 avril, a \u00e9t\u00e9 prolong\u00e9e le 28 par le juge des libert\u00e9s et de la d\u00e9tention pour vingt-huit jours ; que M. J... a, le 23 mai 2018, demand\u00e9 qu'il soit mis fin \u00e0 sa r\u00e9tention ;",
        "Attendu que, pour rejeter la demande de mise en libert\u00e9 de M. J..., l'ordonnance, par motifs propres et adopt\u00e9s, rel\u00e8ve que, le 26 avril 2018, une demande de prise en charge de M. J... a \u00e9t\u00e9 communiqu\u00e9e aux autorit\u00e9s italiennes, que celles-ci ont accept\u00e9 leur responsabilit\u00e9 par un accord implicite du 11 mai 2018, que le 14 mai, un laissez-passer europ\u00e9en a \u00e9t\u00e9 \u00e9tabli et une demande d'acheminement adress\u00e9e au pays requis, que le 24 mai, le pr\u00e9fet des Pyr\u00e9n\u00e9es-Atlantiques a pris et notifi\u00e9 \u00e0 M. J... un arr\u00eat\u00e9 de transfert vers l'Italie et qu'un d\u00e9part a \u00e9t\u00e9 programm\u00e9 pour le 7 juin 2018 ; qu'elle en d\u00e9duit que l'administration n'a pas agi de mani\u00e8re tardive ;"
    ],
    "decision-4": [
        "Qu'en statuant ainsi, alors qu'il r\u00e9sultait de ses propres constatations que la d\u00e9cision de transfert \u00e9tait intervenue treize jours apr\u00e8s l'accord des autorit\u00e9s italiennes, sans que l'administration ait caract\u00e9ris\u00e9 des circonstances de nature \u00e0 justifier un tel d\u00e9lai, le premier pr\u00e9sident a viol\u00e9 le texte susvis\u00e9 ;",
        "Et vu les articles L. 411-3 du code de l'organisation judiciaire et 1015 du code de proc\u00e9dure civile ;"
    ],
    "decision-5": [
        "PAR CES MOTIFS",
        "CASSE ET ANNULE, sauf en ce qu'elle d\u00e9clare la requ\u00eate de M. J... recevable, l'ordonnance rendue le 29 mai 2018, entre les parties, par le premier pr\u00e9sident de la cour d'appel de Pau ;",
        "DIT n'y avoir lieu \u00e0 renvoi ;",
        "Vu l'article 700 du code de proc\u00e9dure civile, rejette la demande ;",
        "Dit que sur les diligences du procureur g\u00e9n\u00e9ral pr\u00e8s la Cour de cassation, le pr\u00e9sent arr\u00eat sera transmis pour \u00eatre transcrit en marge ou \u00e0 la suite de l'ordonnance partiellement cass\u00e9e ;",
        "Ainsi fait et jug\u00e9 par la Cour de cassation, premi\u00e8re chambre civile, prononc\u00e9 par le pr\u00e9sident en son audience publique du dix-neuf septembre deux mille dix-neuf et sign\u00e9 par lui et par Mme Randouin, greffier de chambre, qui a assist\u00e9 au prononc\u00e9 de l'arr\u00eat."
    ],
    "decision-6": [
        "MOYEN ANNEXE au pr\u00e9sent arr\u00eat",
        "Moyen produit par la SCP Spinosi et Sureau, avocat aux Conseils, pour M. J....",
        "Il est reproch\u00e9 \u00e0 l'ordonnance attaqu\u00e9e d'avoir confirm\u00e9 l'ordonnance du juge des libert\u00e9s et de la d\u00e9tention de Bayonne du 25 mai 2018 et d'avoir rejet\u00e9 la demande de mise en libert\u00e9 de Monsieur J... ;",
        "Aux motifs que \u00ab M K... J... n\u00e9 \u00e0 Vavoua, C\u00f4te d'Ivoire, soit le [...] , selon ses d\u00e9clarations \u00e0 l'audience, soit le 1 janvier 1996, selon ce qu'il a d\u00e9clar\u00e9 sur le conseil de personnes pr\u00e9sentes, aux autorit\u00e9s italiennes, de nationalit\u00e9 ivoirienne, a \u00e9t\u00e9 l'objet d'une d\u00e9cision de M. le Pr\u00e9fet des Pyr\u00e9n\u00e9es-Atlantiques aux fins de placement en centre de r\u00e9tention administrative en date du 27 avril 2018 aux motifs essentiels qu'il ne b\u00e9n\u00e9ficie d'aucune garantie de repr\u00e9sentation sur le territoire national et a dissimul\u00e9 des \u00e9l\u00e9ments de renseignement sur son parcours migratoire;",
        "Attendu, \u00e0 cet \u00e9gard, qu'au regard des actes d'\u00e9tat-civil produits par lui, il appartiendra \u00e0 l'autorit\u00e9 administrative saisie de sa demande d'asile de v\u00e9rifier et d'\u00e9tablir sa date de naissance r\u00e9elle, les autorit\u00e9s ivoiriennes pouvant, par exemple, \u00eatre valablement sollicit\u00e9es aux fins de certification de la validit\u00e9 de ces actes ;",
        "Attendu qu'il a fait appel, le 28 mai 2018, de la d\u00e9cision du juge des libert\u00e9s et de la d\u00e9tention du tribunal de grande instance de Bayonne rejetant sa demande de mise en libert\u00e9 en soulevant le moyen expos\u00e9 ci-dessus, soit un d\u00e9faut de diligence de la part de l'administration ;",
        "Attendu que dans son intervention son avocat, Maitre SELLES, a pr\u00e9cis\u00e9 que ce d\u00e9faut de diligence est \u00e9tabli, en l'esp\u00e8ce, par le fait que la pr\u00e9fecture a, par exemple, attendu que l'int\u00e9ress\u00e9 fasse appel pour imm\u00e9diatement rendre l'arr\u00eat\u00e9 de transfert qu'elle devait rendre plus rapidement, soit d\u00e8s apr\u00e8s avoir obtenu l'accord implicite des autorit\u00e9s italiennes ;",
        "Attendu, en effet, que M. K... J... fait l'objet d'un arr\u00eat\u00e9 de transfert en date du 24 mai 2018, \u00e0 destination de l'Italie, les autorit\u00e9s administratives italiennes \u00e9tant responsables de l'examen de sa demande d'asile,",
        "Attendu que l'autorit\u00e9 administrative, qui fait \u00e9tat dans son dernier m\u00e9moire d'une feuille de vol pr\u00e9voyant un d\u00e9part le 7 mai 2018, a cependant et objectivement justifi\u00e9 point par point de l'ensemble des diligences entreprises dans ce dossier ; que, d\u00e8s lors, un d\u00e9faut de diligence ne peut lui \u00eatre valablement reproch\u00e9,",
        "Attendu, par ailleurs, que M. E... J..., jeune homme isol\u00e9 et sans soutien amical ou familial en France ne b\u00e9n\u00e9ficie d'aucun titre ou document administratif et que faute d'une domiciliation possible, il ne pr\u00e9sente aucune garantie de repr\u00e9sentation sur le territoire national, et ne peut, d\u00e8s lors, b\u00e9n\u00e9ficier d'une mesure de mise en libert\u00e9, m\u00eame sous la forme d'une assignation \u00e0 r\u00e9sidence \u00bb ;",
        "Et aux motifs pr\u00e9sum\u00e9s adopt\u00e9s que \u00ab si aux termes de l'article L 554-1 du CESEDA, un \u00e9tranger ne peut \u00eatre maintenu en r\u00e9tention que pour le temps strictement n\u00e9cessaire \u00e0 son d\u00e9part, il r\u00e9sulte des pi\u00e8ces communiqu\u00e9es dans le cadre de la demande de mise en libert\u00e9 que contrairement aux all\u00e9gations de la personne retenue toutes diligences ont \u00e9t\u00e9 entreprises par l'administration en vue d'assurer \u00e0 bref d\u00e9lai le d\u00e9part de la personne retenue vers l'Italie, pays requis.",
        "En effet d\u00e8s le 26 Avril 2018 il a \u00e9t\u00e9 communiqu\u00e9 aux autorit\u00e9s italiennes une demande de prise en charge de la personne retenue sur le fondement des dispositions de l'article 18 lb du r\u00e8glement UE N\u00b0 604-2013, que ces derni\u00e8res ont formul\u00e9 leur accord implicite en date du 11 mai, confirm\u00e9 le 14 mai 2018 ;",
        "Qu'un laissez-passer europ\u00e9en a \u00e9t\u00e9 \u00e9tabli d\u00e8s le 14 mai ainsi qu'une demande de routing a \u00e9t\u00e9 adress\u00e9e au pays requis et pour laquelle une r\u00e9ponse est en attente ;",
        "Que par arr\u00eat\u00e9 du 24 mai 2018, une d\u00e9cision de transfert a \u00e9t\u00e9 prise par l'autorit\u00e9 administrative et notifi\u00e9e \u00e0 la personne retenue le m\u00eame jour ;",
        "Qu'il ne saurait d\u00e8s lors \u00eatre consid\u00e9r\u00e9 que l'administration a agi de mani\u00e8re tardive ;",
        "Qu'en cons\u00e9quence la demande de mise en libert\u00e9 de monsieur J... K... ne saurait prosp\u00e9rer \u00bb ;",
        "Alors qu'un \u00e9tranger ne peut \u00eatre plac\u00e9 ou maintenu en r\u00e9tention que pour le temps strictement n\u00e9cessaire \u00e0 son d\u00e9part, l'administration devant exercer toute diligence \u00e0 cet effet ; que tout retard dans l'accomplissement des diligences doit \u00eatre justifi\u00e9 par des circonstances impr\u00e9visibles, insurmontables ou ext\u00e9rieures emp\u00eachant l'autorit\u00e9 administrative d'agir ; qu'\u00e0 d\u00e9faut, la personne retenue doit \u00eatre remise en libert\u00e9 ; qu'en constatant que l'Italie avait accept\u00e9 sa responsabilit\u00e9 \u00e0 l'\u00e9gard de Monsieur J... d\u00e8s le 11 mai 2018, mais que le pr\u00e9fet des Pyr\u00e9n\u00e9es-Atlantiques n'a d\u00e9cid\u00e9 son transfert que le 24 mai suivant, soit plus de douze jours plus tard, sans pour autant remettre Monsieur J... en libert\u00e9, la cour d'appel de Pau n'a pas tir\u00e9 les cons\u00e9quences l\u00e9gales de ses propres constatations, en violation de l'article L. 554-1 du code de l'entr\u00e9e et du s\u00e9jour des \u00e9trangers et du droit d'asile."
    ]
}