{
    "decision-0": [
        "CIV. 1",
        "CH.B",
        "COUR DE CASSATION",
        "______________________",
        "Audience publique du 17 octobre 2018",
        "Cassation partielle sans renvoi",
        "Mme BATUT, pr\u00e9sident",
        "Arr\u00eat n\u00b0 961 FS-P+B",
        "Pourvoi n\u00b0 U 17-16.852",
        "Aide juridictionnelle totale en demande",
        "au profit de M. X....",
        "Admission du bureau d'aide juridictionnelle",
        "pr\u00e8s la Cour de cassation",
        "en date du 7 novembre 2017.",
        "R \u00c9 P U B L I Q U E F R A N \u00c7 A I S E",
        "_________________________",
        "AU NOM DU PEUPLE FRAN\u00c7AIS",
        "_________________________",
        "LA COUR DE CASSATION, PREMI\u00c8RE CHAMBRE CIVILE, a rendu l'arr\u00eat suivant :",
        "Statuant sur le pourvoi form\u00e9 par M. Oussama X..., domicili\u00e9 [...],",
        "contre l'ordonnance rendue le 18 avril 2017 par le premier pr\u00e9sident de la cour d'appel de Montpellier, dans le litige l'opposant :",
        "1\u00b0/ au pr\u00e9fet de l'H\u00e9rault, domicili\u00e9place des Martyrs de la R\u00e9sistance, 34000 Montpellier,",
        "2\u00b0/ au procureur g\u00e9n\u00e9ral pr\u00e8s la cour d'appel de Montpellier, domicili\u00e9en son parquet g\u00e9n\u00e9ral, 1 rue du mar\u00e9chal Foch, 34023 Montpellier cedex 1,",
        "d\u00e9fendeurs \u00e0 la cassation ;",
        "Le demandeur invoque, \u00e0 l'appui de son pourvoi, le moyen unique de cassation annex\u00e9 au pr\u00e9sent arr\u00eat ;",
        "Vu la communication faite au procureur g\u00e9n\u00e9ral ;",
        "LA COUR, compos\u00e9e conform\u00e9ment \u00e0 l'article R. 431-5 du code de l'organisation judiciaire, en l'audience publique du 18 septembre 2018, o\u00f9 \u00e9taient pr\u00e9sents : Mme Batut, pr\u00e9sident, Mme Gargoullaud, conseiller r\u00e9f\u00e9rendaire rapporteur, Mme Wallon, conseiller doyen, MM. Hascher, Reynis, Mme Reygner, M. Vigneau, Mme Bozzi, M. Acquaviva, Mme Auroy, M. Mornet, conseillers, Mmes Mouty-Tardieu, Le Cotty, Azar, Feydeau-Thieffry, conseillers r\u00e9f\u00e9rendaires, M. Sassoust, avocat g\u00e9n\u00e9ral, Mme Pecquenard, greffier de chambre ;",
        "Sur le rapport de Mme Gargoullaud, conseiller r\u00e9f\u00e9rendaire, les observations de la SCP B\u00e9nabent, avocat de M. X..., l'avis de M. Sassoust, avocat g\u00e9n\u00e9ral, et apr\u00e8s en avoir d\u00e9lib\u00e9r\u00e9 conform\u00e9ment \u00e0 la loi ;"
    ],
    "decision-1": [
        "Sur le moyen unique, pris en sa premi\u00e8re branche :"
    ],
    "decision-2": [
        "Vu les articles L. 611-4 et R. 611-12 du code de l'entr\u00e9e et du s\u00e9jour des \u00e9trangers et du droit d'asile et l'article 8 du d\u00e9cret n\u00b0 87-249 du 8 avril 1987 relatif au fichier automatis\u00e9 des empreintes digitales g\u00e9r\u00e9 par le minist\u00e8re de l'int\u00e9rieur ;"
    ],
    "decision-3": [
        "Attendu, selon l'ordonnance attaqu\u00e9e, rendue par le premier pr\u00e9sident d'une cour d'appel, et les pi\u00e8ces de la proc\u00e9dure, que M. X..., de nationalit\u00e9 tunisienne, en situation irr\u00e9guli\u00e8re en France, a \u00e9t\u00e9 plac\u00e9 en r\u00e9tention administrative par arr\u00eat\u00e9 du pr\u00e9fet du 12 avril 2017 ; que, le 14 avril, M. X... a pr\u00e9sent\u00e9 au juge des libert\u00e9s et de la d\u00e9tention une requ\u00eate en contestation de la r\u00e9gularit\u00e9 de cet arr\u00eat\u00e9 et le pr\u00e9fet une requ\u00eate en prolongation de la mesure ;",
        "Attendu que, pour prolonger cette mesure, l'ordonnance retient que la consultation des fichiers biom\u00e9triques a n\u00e9cessairement \u00e9t\u00e9 effectu\u00e9e par des personnes habilit\u00e9es, qui disposent d'un code qui leur est propre ;"
    ],
    "decision-4": [
        "Qu'en se d\u00e9terminant ainsi, sans rechercher, comme il le lui \u00e9tait demand\u00e9, s'il r\u00e9sultait des actes de la proc\u00e9dure, notamment des mentions, faisant foi jusqu'\u00e0 preuve contraire, du proc\u00e8s-verbal contenant le r\u00e9sultat de la consultation des fichiers, que le fonctionnaire de police les ayant consult\u00e9s \u00e9tait express\u00e9ment habilit\u00e9 \u00e0 cet effet, le premier pr\u00e9sident a priv\u00e9 sa d\u00e9cision de base l\u00e9gale au regard des textes susvis\u00e9s ;",
        "Et vu les articles L. 411-3 du code de l'organisation judiciaire et 1015 du code de proc\u00e9dure civile ;"
    ],
    "decision-5": [
        "PAR CES MOTIFS et sans qu'il y ait lieu de statuer sur l'autre branche du moyen :",
        "CASSE ET ANNULE, sauf en ce qu'elle d\u00e9clare l'appel recevable, l'ordonnance rendue le 18 avril 2017, entre les parties, par le premier pr\u00e9sident de la cour d'appel de Montpellier ;",
        "Dit n'y avoir lieu \u00e0 renvoi ;",
        "Dit que sur les diligences du procureur g\u00e9n\u00e9ral pr\u00e8s la Cour de cassation, le pr\u00e9sent arr\u00eat sera transmis pour \u00eatre transcrit en marge ou \u00e0 la suite de l'ordonnance partiellement cass\u00e9e ;",
        "Ainsi fait et jug\u00e9 par la Cour de cassation, premi\u00e8re chambre civile, et prononc\u00e9 par le pr\u00e9sident en son audience publique du dix-sept octobre deux mille dix-huit."
    ],
    "decision-6": [
        "MOYEN ANNEXE au pr\u00e9sent arr\u00eat.",
        "Moyen produit par la SCP B\u00e9nabent, avocat aux Conseils, pour M. X....",
        "Il est fait grief \u00e0 l'ordonnance attaqu\u00e9e d'avoir confirm\u00e9 l'ordonnance du juge des libert\u00e9s et de la d\u00e9tention en ce qu'elle avait, d'une part, rejet\u00e9 la requ\u00eate en contestation de la r\u00e9gularit\u00e9 de la d\u00e9cision de placement en r\u00e9tention administrative form\u00e9e par M. X... et, d'autre part, ordonn\u00e9 la prolongation de la r\u00e9tention administrative pour une dur\u00e9e de 28 jours \u00e0 compter du 14 avril 2017 \u00e0 18h10 ;",
        "AUX MOTIFS PROPRES QUE \u00ab Sur les moyens de nullit\u00e9 (...)",
        "- Sur l'absence d'habilitation des fonctionnaires ayant consult\u00e9 les fichiers biom\u00e9triques",
        "Que l'article L 611-4 du Ceseda dispose que les donn\u00e9es du fichier Faed peuvent \u00eatre consult\u00e9es par les agents express\u00e9ment habilit\u00e9s ; que ce fichier ne peut d'ailleurs \u00eatre consult\u00e9 que par des agents express\u00e9ment habilit\u00e9s qui disposent d'un code qui leur est propre ; que la consultation a donc n\u00e9cessairement \u00e9t\u00e9 effectu\u00e9e par des personnes habilit\u00e9es ;",
        "Que quant \u00e0 la production de l'habilitation, cette pi\u00e8ce ne fait pas partie des pi\u00e8ces consid\u00e9r\u00e9es comme devant \u00eatre automatiquement produites \u00e0 la proc\u00e9dure et ne sont donc pas utiles ; que leur absence n'entra\u00eene en cons\u00e9quence aucune irr\u00e9gularit\u00e9 de proc\u00e9dure ;",
        "Que le m\u00eame raisonnement est applicable \u00e0 la consultation du fichier Visabio ;",
        "Que ces deux moyens de nullit\u00e9 seront rejet\u00e9s ; (...)",
        "Qu'il convient en cons\u00e9quence de confirmer l'ordonnance d\u00e9f\u00e9r\u00e9e \u00bb ;",
        "ET AUX MOTIFS EVENTUELLEMENT ADOPTES QUE \u00ab I - SUR LA REGULARITE DE LA DECISION DE PLACEMENT EN RETENTION (...)",
        "A/ Sur les moyens de nullit\u00e9 (...)",
        "e/ sur la consultation des fichiers biom\u00e9triques",
        "que l'article L. 611-4 du code pr\u00e9voit qu'en vue de l'identification d'un \u00e9tranger qui n'a pas justifi\u00e9 des pi\u00e8ces ou documents vis\u00e9s \u00e0 l'article L. 611-1 ou qui n'a pas pr\u00e9sent\u00e9 \u00e0 l'autorit\u00e9 administrative comp\u00e9tente les documents de voyage permettant l'ex\u00e9cution de l'une des mesures mentionn\u00e9es au premier alin\u00e9a de l'article L 624-1 ou qui, \u00e0 d\u00e9faut de ceux-ci, n'a pas communiqu\u00e9 les renseignements permettant cette ex\u00e9cution, les donn\u00e9es des fichiers automatis\u00e9s des empreintes digitales g\u00e9r\u00e9s par le minist\u00e8re de l'int\u00e9rieur peuvent \u00eatre consult\u00e9es par les agents express\u00e9ment habilit\u00e9s des services du minist\u00e8re de l'int\u00e9rieur et de la gendarmerie nationale, dans les conditions fix\u00e9es par la loi n\u00b0 78-17 du 6 janvier 1978, relative \u00e0 l'informatique, aux fichiers et aux libert\u00e9s ;",
        "que ce texte relatif \u00e0 la consultation des fichiers \u00e9num\u00e8re les personnes habilit\u00e9es \u00e0 les consulter et ne donne pas de pouvoir au juge des libert\u00e9s et de la d\u00e9tention pour v\u00e9rifier les habilitations des agents asserment\u00e9s, de leur bonne habilitation ; qu'exiger le versement au d\u00e9bat de ces habilitations ajoute au texte et ce moyen ne peut qu'\u00eatre rejet\u00e9 ; (...) \u00bb ;",
        "1\u00b0ALORS QUE les fichiers biom\u00e9triques Faed et Visabio permettant l'identification d'une personne de nationalit\u00e9 \u00e9trang\u00e8re plac\u00e9e en r\u00e9tention ne peuvent \u00eatre consult\u00e9s que par des agents express\u00e9ment habilit\u00e9s \u00e0 cet effet ; que lorsque cette habilitation est contest\u00e9e, le juge est tenu de v\u00e9rifier son existence ; que M. X... contestait l'habilitation des fonctionnaires ayant consult\u00e9 les fichiers biom\u00e9triques en vue de proc\u00e9der \u00e0 son identification ; que pour \u00e9carter ce moyen, le premier pr\u00e9sident de la cour d'appel a retenu que les fichiers biom\u00e9triques ne pouvant \u00eatre consult\u00e9s que par des agents express\u00e9ment habilit\u00e9s qui disposent d'un code qui leur est propre, leur consultation aurait, en l'esp\u00e8ce, \u00ab n\u00e9cessairement \u00e9t\u00e9 effectu\u00e9e par des personnes habilit\u00e9es \u00bb ; qu'en statuant ainsi par voie de pr\u00e9somption, cependant qu'il lui appartenait de v\u00e9rifier si les personnes ayant proc\u00e9d\u00e9 \u00e0 cette consultation \u00e9taient effectivement habilit\u00e9es \u00e0 le faire, le premier pr\u00e9sident a priv\u00e9 sa d\u00e9cision de base l\u00e9gale au regard des articles L. 611- 4 et R. 611-12 du Ceseda ainsi que des articles 8 et 8 -1 du d\u00e9cret du 8 avril 1987 modifi\u00e9 le 28 d\u00e9cembre 2015 ;",
        "2\u00b0ALORS QUE les fichiers biom\u00e9triques ne peuvent \u00eatre consult\u00e9s que par des agents express\u00e9ment habilit\u00e9s \u00e0 cet effet ; que la circonstance que cette habilitation n'ait pas \u00e0 \u00eatre produite \u00e0 la proc\u00e9dure ne saurait dispenser le juge d'en v\u00e9rifier la r\u00e9alit\u00e9 lorsque son existence est contest\u00e9e ; qu'en retenant pourtant, pour \u00e9carter le moyen de M. X... tenant \u00e0 l'absence d'habilitation des fonctionnaires ayant proc\u00e9d\u00e9 \u00e0 la consultation des fichiers biom\u00e9triques, que l'habilitation ne fait pas partie des pi\u00e8ces devant \u00eatre automatiquement produites \u00e0 la proc\u00e9dure, le premier pr\u00e9sident de la cour d'appel a statu\u00e9 par des motifs inop\u00e9rants, et a ainsi priv\u00e9 sa d\u00e9cision de base l\u00e9gale au regard des articles L. 611-4 et R. 611-12 du Ceseda ainsi que des articles 8 et 8-1 du d\u00e9cret du 8 avril 1987 modifi\u00e9 le 28 d\u00e9cembre 2015."
    ]
}