{
    "decision-0": [
        "CIV. 1",
        "MF",
        "COUR DE CASSATION",
        "______________________",
        "Audience publique du 4 juillet 2018",
        "Cassation partielle sans renvoi",
        "Mme BATUT, pr\u00e9sident",
        "Arr\u00eat n\u00b0 706 FS-P+B",
        "Pourvoi n\u00b0 S 17-20.760",
        "Aide juridictionnelle totale en d\u00e9fense",
        "au profit de M. X....",
        "Admission du bureau d'aide juridictionnelle",
        "pr\u00e8s la Cour de cassation",
        "en date du 27 novembre 2017.",
        "R \u00c9 P U B L I Q U E F R A N \u00c7 A I S E",
        "_________________________",
        "AU NOM DU PEUPLE FRAN\u00c7AIS",
        "_________________________",
        "LA COUR DE CASSATION, PREMI\u00c8RE CHAMBRE CIVILE, a rendu l'arr\u00eat suivant :",
        "Statuant sur le pourvoi form\u00e9 par le pr\u00e9fet de l'H\u00e9rault, domicili\u00e9 [...],",
        "contre l'ordonnance rendue le 23 mai 2017 par le premier pr\u00e9sident de la cour d'appel de Montpellier, dans le litige l'opposant :",
        "1\u00b0/ \u00e0 M. Ahmed X..., domicili\u00e9 chez M. Y... Z...[...],",
        "2\u00b0/ au procureur g\u00e9n\u00e9ral pr\u00e8s la cour d'appel de Montpellier, domicili\u00e9 [...],",
        "d\u00e9fendeurs \u00e0 la cassation ;",
        "Le demandeur invoque, \u00e0 l'appui de son pourvoi, le moyen unique de cassation annex\u00e9 au pr\u00e9sent arr\u00eat ;",
        "Vu la communication faite au procureur g\u00e9n\u00e9ral ;",
        "LA COUR, compos\u00e9e conform\u00e9ment \u00e0 l'article R. 431-5 du code de l'organisation judiciaire, en l'audience publique du 5 juin 2018, o\u00f9 \u00e9taient pr\u00e9sents : Mme Batut, pr\u00e9sident, Mme Gargoullaud, conseiller r\u00e9f\u00e9rendaire rapporteur, Mme Wallon, conseiller doyen, MM. Hascher, Reynis, Mme Reygner, M. Vigneau, Mme Bozzi, M. Acquaviva, Mme Auroy, conseillers, M. Roth, Mmes Mouty-Tardieu, Le Cotty, Azar, conseillers r\u00e9f\u00e9rendaires, Mme A..., avocat g\u00e9n\u00e9ral r\u00e9f\u00e9rendaire, Mme Pecquenard, greffier de chambre ;",
        "Sur le rapport de Mme Gargoullaud, conseiller r\u00e9f\u00e9rendaire, les observations de la SCP Fabiani, Luc-Thaler et Pinatel, avocat du pr\u00e9fet de l'H\u00e9rault, de la SCP Ortscheidt, avocat de M. X..., l'avis de Mme A..., avocat g\u00e9n\u00e9ral r\u00e9f\u00e9rendaire, et apr\u00e8s en avoir d\u00e9lib\u00e9r\u00e9 conform\u00e9ment \u00e0 la loi ;"
    ],
    "decision-1": [
        "Attendu, selon l'ordonnance attaqu\u00e9e, rendue par le premier pr\u00e9sident d'une cour d'appel, et les pi\u00e8ces de la proc\u00e9dure, que M. X..., de nationalit\u00e9 marocaine, a obtenu plusieurs titres de s\u00e9jour en France depuis 2001, avant d'\u00eatre condamn\u00e9, le 13 octobre 2008, \u00e0 une peine de huit ann\u00e9es d'emprisonnement assortie d'une interdiction du territoire national pour une dur\u00e9e de dix ans ; qu'ayant b\u00e9n\u00e9fici\u00e9 d'une lib\u00e9ration conditionnelle, avec assignation \u00e0 r\u00e9sidence, et d'une lev\u00e9e de l'interdiction du territoire national, il a fait l'objet, le 12 juillet 2013, d'un arr\u00eat\u00e9 d'expulsion du territoire fran\u00e7ais puis de deux d\u00e9cisions de placement en r\u00e9tention qu'il a contest\u00e9es ; qu'apr\u00e8s l'interpellation de l'int\u00e9ress\u00e9, le 19 mai 2017, le pr\u00e9fet a pris un nouvel arr\u00eat\u00e9 de placement en r\u00e9tention administrative ; que, le lendemain, le juge des libert\u00e9s et de la d\u00e9tention a \u00e9t\u00e9 saisi, par M. X..., d'une contestation de l'arr\u00eat\u00e9 du pr\u00e9fet et, par celui-ci, d'une demande de prolongation de cette mesure ;"
    ],
    "decision-2": [
        "Sur le moyen unique, pris en sa premi\u00e8re branche :"
    ],
    "decision-3": [
        "Vu l'article L. 552-4 du code de l'entr\u00e9e et du s\u00e9jour des \u00e9trangers et du droit d'asile ;",
        "Attendu que la d\u00e9cision d'assignation \u00e0 r\u00e9sidence ne peut \u00eatre prise qu'apr\u00e8s la remise \u00e0 un service de police ou de gendarmerie du passeport et de tout document justificatif de l'identit\u00e9 de l'\u00e9tranger ;",
        "Attendu que l'ordonnance prononce l'assignation \u00e0 r\u00e9sidence de M. X... en indiquant que son passeport devra \u00eatre remis le jour-m\u00eame aux services de la police aux fronti\u00e8res contre r\u00e9c\u00e9piss\u00e9 valant justification de son identit\u00e9 ;",
        "Qu'en statuant ainsi, alors que le prononc\u00e9 de l'assignation \u00e0 r\u00e9sidence de M. X... \u00e9tait subordonn\u00e9 \u00e0 la constatation pr\u00e9alable de la remise de son passeport \u00e0 un service de police ou \u00e0 une unit\u00e9 de gendarmerie contre r\u00e9c\u00e9piss\u00e9 valant justification de son identit\u00e9, ce qui excluait le recueil du passeport apr\u00e8s la d\u00e9cision, le premier pr\u00e9sident a viol\u00e9 le texte susvis\u00e9 ;",
        "Et sur la troisi\u00e8me branche du moyen :",
        "Vu l'article L. 552-5 du code de l'entr\u00e9e et du s\u00e9jour des \u00e9trangers et du droit d'asile ;",
        "Attendu, selon ce texte, que l'\u00e9tranger assign\u00e9 \u00e0 r\u00e9sidence doit se pr\u00e9senter quotidiennement aux services de police ou aux unit\u00e9s de gendarmerie territorialement comp\u00e9tents au regard du lieu d'assignation, en vue de l'ex\u00e9cution de la mesure d'\u00e9loignement ;",
        "Attendu que l'ordonnance impose \u00e0 l'int\u00e9ress\u00e9 de se pr\u00e9senter deux fois par semaine aux services de gendarmerie comp\u00e9tents ;",
        "Qu'en statuant ainsi, le premier pr\u00e9sident a viol\u00e9 le texte susvis\u00e9 ;",
        "Et vu l'article L. 411-3 du code de l'organisation judiciaire, dont l'application est sugg\u00e9r\u00e9e par le m\u00e9moire ampliatif ;"
    ],
    "decision-4": [
        "PAR CES MOTIFS, et sans qu'il y ait lieu de statuer sur la deuxi\u00e8me branche du moyen :",
        "CASSE ET ANNULE, sauf en ce qu'elle d\u00e9clare l'appel recevable, l'ordonnance rendue le 23 mai 2017, entre les parties, par le premier pr\u00e9sident de la cour d'appel de Montpellier ;",
        "DIT n'y avoir lieu \u00e0 renvoi ;",
        "Dit que sur les diligences du procureur g\u00e9n\u00e9ral pr\u00e8s la Cour de cassation, le pr\u00e9sent arr\u00eat sera transmis pour \u00eatre transcrit en marge ou \u00e0 la suite de l'ordonnance partiellement cass\u00e9e ;",
        "Ainsi fait et jug\u00e9 par la Cour de cassation, premi\u00e8re chambre civile, et prononc\u00e9 par le pr\u00e9sident en son audience publique du quatre juillet deux mille dix-huit."
    ],
    "decision-5": [
        "MOYEN ANNEXE au pr\u00e9sent arr\u00eat",
        "Moyen produit par la SCP Fabiani, Luc-Thaler et Pinatel, avocat aux Conseils, pour le pr\u00e9fet de l'H\u00e9rault.",
        "Il est fait grief \u00e0 l'ordonnance infirmative attaqu\u00e9 d'AVOIR ordonn\u00e9 l'assignation \u00e0 r\u00e9sidence de M. Ahmed X... chez M. Y... Z... [...] ;",
        "Aux motifs qu'\u00aben l'esp\u00e8ce, il est \u00e9tabli que M. Ahmed X..., pr\u00e9sente un passeport en cours de validit\u00e9, a une attestation d'h\u00e9bergement par un ami dont il d\u00e9montre la r\u00e9alit\u00e9, notamment, par un courrier de sa banque \u00e0 cette adresse et l'immatriculation de sa soci\u00e9t\u00e9 \u00e0 cette adresse : chez M. Z... Y... [...] . Qu'en outre, l'int\u00e9ress\u00e9 depuis sa sortie de prison en 2011, a \u00e9t\u00e9 suivi par le juge d'application des peines de B\u00e9ziers, en lib\u00e9ration conditionnelle, qui l'a relev\u00e9 de l'interdiction du territoire Fran\u00e7ais et qui lui a donn\u00e9 l'obligation de travailler en France ;",
        "Qu'ainsi, M. Ahmed X... pr\u00e9sente des garanties de repr\u00e9sentation suffisantes pour \u00eatre assign\u00e9 \u00e0 r\u00e9sidence ;",
        "Qu'en effet, depuis la Loi du 07 mars 2016, entr\u00e9e en vigueur le 1er novembre 2016, l'assignation \u00e0 r\u00e9sidence est devenue la r\u00e8gle. \u00bb",
        "1\u00b0 Alors que s'il peut assigner l'\u00e9tranger \u00e0 r\u00e9sidence contre remise pr\u00e9alable de l'original de son passeport \u00e0 un service de police ou une unit\u00e9 de gendarmerie, le juge des libert\u00e9s et de la d\u00e9tention n'a pas le pouvoir d'ordonner la remise ult\u00e9rieure de ce document \u00e0 l'administration ou aux services de police ; qu'en ordonnant l'assignation \u00e0 r\u00e9sidence de M. X... tout en disant que \u00ab son passeport devra \u00eatre remis ce jour aux services de la PAF contre r\u00e9c\u00e9piss\u00e9 valant justification de son identit\u00e9 \u00bb, le d\u00e9l\u00e9gu\u00e9 du premier pr\u00e9sident de la cour d'appel a exc\u00e9d\u00e9 les pouvoirs qui lui sont conf\u00e9r\u00e9s par l'article L. 552-4 du code de l'entr\u00e9e et du s\u00e9jour des \u00e9trangers et du droit d'asile, ensemble l'article L. 611-2 du m\u00eame code.",
        "2\u00b0 Alors que l'assignation \u00e0 r\u00e9sidence d'un \u00e9tranger en instance d'\u00e9loignement qui s'est, par le pass\u00e9, soustrait \u00e0 l'ex\u00e9cution d'une mesure d'expulsion en vigueur doit faire l'objet d'une motivation sp\u00e9ciale ; qu'en cons\u00e9quence, en assignant M. X... \u00e0 r\u00e9sidence, sans motiver sp\u00e9cialement sa d\u00e9cision, alors qu'il \u00e9tait \u00e9tabli que l'int\u00e9ress\u00e9 n'avait pas ex\u00e9cut\u00e9 l'arr\u00eat\u00e9 d'expulsion du 12 juillet 2013, confirm\u00e9 par le tribunal administratif de Montpellier par jugement du 6 mars et avait \u00e9t\u00e9 plac\u00e9 une premi\u00e8re fois en r\u00e9tention administrative par arr\u00eat\u00e9 du 16 octobre 2015, le d\u00e9l\u00e9gu\u00e9 du premier pr\u00e9sident a viol\u00e9 l'article L. 552-4 du code de l'entr\u00e9e et du s\u00e9jour des \u00e9trangers et du droit d'asile ;",
        "3\u00b0 Alors que l'\u00e9tranger assign\u00e9 \u00e0 r\u00e9sidence doit se pr\u00e9senter quotidiennement aux services de police ou aux unit\u00e9s de gendarmerie territorialement comp\u00e9tents au regard du lieu d'assignation, en vue de l'ex\u00e9cution de la mesure d'\u00e9loignement ; qu'en pronon\u00e7ant l'assignation de M. X... \u00e0 r\u00e9sidence en lui demandant de se pr\u00e9senter \u00e0 la gendarmerie de Servian \u00ab deux fois par semaine les mercredi et samedi\u00bb, le d\u00e9l\u00e9gu\u00e9 du premier pr\u00e9sident a viol\u00e9 l'article L. 552-5 du code de l'entr\u00e9e et du s\u00e9jour des \u00e9trangers et du droit d'asile."
    ]
}