{
    "decision-0": [
        "CIV. 1",
        "MY1",
        "COUR DE CASSATION",
        "______________________",
        "Audience publique du 28 mars 2018",
        "Cassation sans renvoi",
        "Mme BATUT, pr\u00e9sident",
        "Arr\u00eat n\u00b0 366 F-D",
        "Pourvoi n\u00b0 X 16-26.189",
        "Aide juridictionnelle totale en demande",
        "au profit de M. B...\u00a0\u00a0\u00a0\u00a0\u00a0 \u00a0\u00a0\u00a0\u00a0\u00a0\u00a0\u00a0\u00a0\u00a0\u00a0.",
        "Admission du bureau d'aide juridictionnelle",
        "pr\u00e8s la Cour de cassation",
        "en date du 4 avril 2017.",
        "R \u00c9 P U B L I Q U E F R A N \u00c7 A I S E",
        "_________________________",
        "AU NOM DU PEUPLE FRAN\u00c7AIS",
        "_________________________",
        "LA COUR DE CASSATION, PREMI\u00c8RE CHAMBRE CIVILE, a rendu l'arr\u00eat suivant :",
        "Statuant sur le pourvoi form\u00e9 par M. Bryan B...\u00a0\u00a0\u00a0\u00a0\u00a0 \u00a0\u00a0\u00a0\u00a0\u00a0\u00a0\u00a0\u00a0\u00a0\u00a0, domicili\u00e9 [...]\u00a0 \u00a0\u00a0 \u00a0\u00a0\u00a0\u00a0\u00a0\u00a0\u00a0\u00a0\u00a0 \u00a0\u00a0\u00a0\u00a0\u00a0\u00a0\u00a0\u00a0\u00a0\u00a0\u00a0\u00a0\u00a0\u00a0 \u00a0\u00a0\u00a0\u00a0\u00a0\u00a0 \u00a0 \u00a0\u00a0\u00a0 \u00a0\u00a0\u00a0\u00a0\u00a0\u00a0\u00a0\u00a0\u00a0 \u00a0\u00a0\u00a0\u00a0\u00a0 \u00a0\u00a0 \u00a0\u00a0\u00a0\u00a0\u00a0\u00a0\u00a0\u00a0\u00a0\u00a0\u00a0\u00a0\u00a0,",
        "contre l'ordonnance rendue le 8 novembre 2016 par le premier pr\u00e9sident de la cour d'appel de Paris, dans le litige l'opposant :",
        "1\u00b0/ au pr\u00e9fet des Hauts-de-Seine, domicili\u00e9 [...]\u00a0\u00a0 \u00a0\u00a0\u00a0\u00a0\u00a0\u00a0 \u00a0\u00a0\u00a0\u00a0\u00a0\u00a0\u00a0\u00a0\u00a0\u00a0\u00a0\u00a0\u00a0 \u00a0\u00a0\u00a0\u00a0\u00a0 \u00a0\u00a0\u00a0\u00a0\u00a0\u00a0\u00a0\u00a0,",
        "2\u00b0/ au procureur g\u00e9n\u00e9ral pr\u00e8s la cour d'appel de Paris, domicili\u00e9 [...] \u00a0\u00a0\u00a0\u00a0\u00a0\u00a0\u00a0 \u00a0\u00a0\u00a0\u00a0\u00a0\u00a0\u00a0\u00a0 \u00a0\u00a0 \u00a0\u00a0\u00a0\u00a0 \u00a0\u00a0\u00a0 \u00a0\u00a0\u00a0\u00a0\u00a0\u00a0\u00a0\u00a0\u00a0 \u00a0\u00a0\u00a0\u00a0\u00a0 \u00a0\u00a0\u00a0\u00a0\u00a0 \u00a0\u00a0\u00a0\u00a0\u00a0 \u00a0\u00a0,",
        "d\u00e9fendeurs \u00e0 la cassation ;",
        "Le demandeur invoque, \u00e0 l'appui de son pourvoi, le moyen unique de cassation annex\u00e9 au pr\u00e9sent arr\u00eat ;",
        "Vu la communication faite au procureur g\u00e9n\u00e9ral ;",
        "LA COUR, en l'audience publique du 27 f\u00e9vrier 2018, o\u00f9 \u00e9taient pr\u00e9sentes : Mme Batut, pr\u00e9sident, Mme X..., conseiller r\u00e9f\u00e9rendaire rapporteur, Mme Wallon, conseiller doyen, Mme Pecquenard, greffier de chambre ;",
        "Sur le rapport de Mme X..., conseiller r\u00e9f\u00e9rendaire, les observations de la SCP Zribi et Texier, avocat de M. B...\u00a0\u00a0\u00a0\u00a0\u00a0 \u00a0\u00a0\u00a0\u00a0\u00a0\u00a0\u00a0\u00a0\u00a0\u00a0, l'avis de M. Y..., avocat g\u00e9n\u00e9ral, et apr\u00e8s en avoir d\u00e9lib\u00e9r\u00e9 conform\u00e9ment \u00e0 la loi ;"
    ],
    "decision-1": [
        "Sur le moyen unique, pris en sa premi\u00e8re branche :"
    ],
    "decision-2": [
        "Vu les articles 346 et 349 du code de proc\u00e9dure civile, dans leur r\u00e9daction ant\u00e9rieure \u00e0 celle issue du d\u00e9cret n\u00b0 2017-892 du 6 mai 2017 ;",
        "Attendu, selon le premier de ces textes, que, d\u00e8s qu'il a communication de la demande, le juge doit s'abstenir jusqu'\u00e0 ce qu'il ait \u00e9t\u00e9 statu\u00e9 sur la r\u00e9cusation ; qu'aux termes du second, s'il s'oppose \u00e0 la r\u00e9cusation ou ne r\u00e9pond pas, la demande de r\u00e9cusation est jug\u00e9e sans d\u00e9lai par la cour d'appel ;"
    ],
    "decision-3": [
        "Attendu, selon l'ordonnance attaqu\u00e9e, rendue par le premier pr\u00e9sident d'une cour d'appel, et les pi\u00e8ces de la proc\u00e9dure, que le 2 novembre 2016 le pr\u00e9fet a pris une d\u00e9cision de placement en r\u00e9tention administrative de M. B...\u00a0\u00a0\u00a0\u00a0\u00a0 \u00a0\u00a0\u00a0\u00a0\u00a0\u00a0\u00a0\u00a0\u00a0\u00a0 ; que, lors de l'audience du juge des libert\u00e9s et de la d\u00e9tention statuant \u00e0 la fois sur la demande de prolongation de la mesure pr\u00e9sent\u00e9e par le pr\u00e9fet et sur la requ\u00eate de l'int\u00e9ress\u00e9 contre cette d\u00e9cision, ce dernier a d\u00e9pos\u00e9 une requ\u00eate en r\u00e9cusation ; que par ordonnance du 5 novembre 2016, le juge a prolong\u00e9 la r\u00e9tention ;"
    ],
    "decision-4": [
        "Qu'en confirmant cette d\u00e9cision, le premier pr\u00e9sident a exc\u00e9d\u00e9 ses pouvoirs et viol\u00e9 les textes susvis\u00e9s ;",
        "Et vu les articles L. 411-3 du code de l'organisation judiciaire et 1015 du code de proc\u00e9dure civile ;"
    ],
    "decision-5": [
        "PAR CES MOTIFS et sans qu'il y ait lieu de statuer sur l'autre branche du moyen :",
        "CASSE ET ANNULE, en toutes ses dispositions, l'ordonnance rendue le 8 novembre 2016, entre les parties, par le premier pr\u00e9sident de la cour d'appel de Paris ;",
        "DIT n'y avoir lieu \u00e0 renvoi ;",
        "Vu l'article 700 du code de proc\u00e9dure civile, rejette la demande ;",
        "Dit que sur les diligences du procureur g\u00e9n\u00e9ral pr\u00e8s la Cour de cassation, le pr\u00e9sent arr\u00eat sera transmis pour \u00eatre transcrit en marge ou \u00e0 la suite de l'ordonnance cass\u00e9e ;",
        "Ainsi fait et jug\u00e9 par la Cour de cassation, premi\u00e8re chambre civile, et prononc\u00e9 par le pr\u00e9sident en son audience publique du vingt-huit mars deux mille dix-huit."
    ],
    "decision-6": [
        "MOYEN ANNEXE au pr\u00e9sent arr\u00eat",
        "Moyen produit par la SCP Zribi et Texier, avocat aux Conseils, pour M. B...\u00a0\u00a0\u00a0\u00a0\u00a0 \u00a0\u00a0\u00a0\u00a0\u00a0\u00a0\u00a0\u00a0\u00a0\u00a0.",
        "Il est fait grief \u00e0 l'ordonnance attaqu\u00e9e",
        "D'AVOIR confirm\u00e9 l'ordonnance apr\u00e8s l'avoir infirm\u00e9e sur le refus de s'abstenir comme suite \u00e0 une requ\u00eate en r\u00e9cusation,",
        "AUX MOTIFS QU'\u00ab aux termes de l'article 346 du code de proc\u00e9dure civile, le juge d\u00e8s qu'il a connaissance d'une demande de r\u00e9cusation doit s'abstenir jusqu'\u00e0 ce qu'il ait \u00e9t\u00e9 statu\u00e9 sur la r\u00e9cusation ; en cas d'urgence, comme en l'esp\u00e8ce, un autre juge peut \u00eatre d\u00e9sign\u00e9 ; Le magistrat de premi\u00e8re instance saisi, vis\u00e9 par une requ\u00eate en r\u00e9cusation du 9 novembre 2016, devait s'abstenir de statuer ; faute de l'avoir fait, son ordonnance qui n'est pas nulle pour autant et a \u00e9t\u00e9 rendue dans les d\u00e9lais, doit \u00eatre infirm\u00e9e sur ce point ; que le juge de premi\u00e8re instance a examin\u00e9, lors d'une proc\u00e9dure contradictoire, l'ensemble des moyens et y a r\u00e9pondu, le proc\u00e8s n'est pas in\u00e9quitable et le double degr\u00e9 de juridiction respect\u00e9 ; que, sur le moyen tir\u00e9 de la nullit\u00e9 de l'ordonnance statuant ultra petita, la cour observe la requ\u00eate pr\u00e9sent\u00e9e par le Pr\u00e9fet des Hauts-de-Seine le 4 novembre 2016 relative \u00e0 une demande de premi\u00e8re prolongation de la r\u00e9tention administrative de Monsieur Bryan B...\u00a0\u00a0\u00a0\u00a0\u00a0 \u00a0\u00a0\u00a0\u00a0\u00a0\u00a0\u00a0\u00a0\u00a0\u00a0, suite \u00e0 l'arr\u00eat\u00e9 pr\u00e9fectoral du 2 novembre 2016 le pla\u00e7ant en r\u00e9tention pour 48 heures, est fond\u00e9e sur les articles L 552-1 \u00e0 L 552-10, et que dans ces conditions, elle fait implicitement r\u00e9f\u00e9rence \u00e0 la dur\u00e9e l\u00e9gale de 28 jours ; qu'il convient de consid\u00e9rer que la r\u00e9f\u00e9rence \u00e0 une p\u00e9riode de vingt jours r\u00e9sulte d'une simple erreur mat\u00e9rielle ; qu'il y a lieu de rejeter ce moyen ; que sur les moyens relatifs \u00e0 la contestation relative \u00e0 l'arr\u00eat\u00e9 de placement en r\u00e9tention, et au titre de la l\u00e9galit\u00e9 externe, sur le moyen tir\u00e9 de l'absence de base l\u00e9gale, la cour rel\u00e8ve que l'arr\u00eat\u00e9 de placement en r\u00e9tention en date du 2 novembre 2016 vise \u00e0 la fois l'article L 551-1 sur le placement en r\u00e9tention et l'article L 561-2 relatif \u00e0 l'assignation \u00e0 r\u00e9sidence d'un \u00e9tranger d\u00e8s lors que l'\u00e9loignement demeure une perspective raisonnable, y compris lorsque cet \u00e9tranger fait l'objet d'une obligation de quitter le territoire fran\u00e7ais prise moins d'un an auparavant et pour laquelle le d\u00e9lai pour quitter le territoire n'a pas \u00e9t\u00e9 accord\u00e9 comme en l'esp\u00e8ce ; qu'il convient \u00e9galement d'observer que l'article L 561-1 s'applique uniquement \u00e0 l'\u00e9tranger d\u00e8s lors qu'il \u00ab justifie \u00eatre dans l'impossibilit\u00e9 de quitter le territoire fran\u00e7ais ou ne peut ni regagner son pays d'origine ni se rendre dans aucun autre pays \u00bb, et qu'il n'y avait d\u00e8s lors pas lieu d'en faire mention ; qu'il y a lieu de rejeter ce moyen ; que sur le second moyen tir\u00e9 de la violation du droit d'\u00eatre entendu, la cour consid\u00e8re que ce droit est en l'esp\u00e8ce respect\u00e9, Monsieur Bryan B...\u00a0\u00a0\u00a0\u00a0\u00a0 \u00a0\u00a0\u00a0\u00a0\u00a0\u00a0\u00a0\u00a0\u00a0\u00a0 ayant \u00e9t\u00e9 pr\u00e9alablement entendu sur l'irr\u00e9gularit\u00e9 de son s\u00e9jour, et qu'en tout \u00e9tat de cause, le constat d'une \u00e9ventuelle m\u00e9connaissance de ce droit n'entra\u00eenerait l'annulation de la d\u00e9cision de placement que si l'int\u00e9ress\u00e9 rapportait la preuve qu'il a \u00e9t\u00e9 priv\u00e9 de la possibilit\u00e9 effective de pr\u00e9senter des \u00e9l\u00e9ments pertinents qui auraient pu influer sur le contenu de la d\u00e9cision et sur l'appr\u00e9ciation du droit d'\u00eatre assist\u00e9 par un avocat pr\u00e9alablement \u00e0 la d\u00e9cision d'\u00e9loignement, la cour consid\u00e8re que ce moyen ne rel\u00e8ve pas de la comp\u00e9tence du juge judiciaire ; qu'il y a lieu de rejeter ces moyens ; que sur le troisi\u00e8me moyen tir\u00e9 de l'incomp\u00e9tence du signataire de l'acte, la cour constate que l'arr\u00eat\u00e9 du 2 novembre 2016 portant obligation de quitter le territoire et pla\u00e7ant Monsieur Bryan B...\u00a0\u00a0\u00a0\u00a0\u00a0 \u00a0\u00a0\u00a0\u00a0\u00a0\u00a0\u00a0\u00a0\u00a0\u00a0 en r\u00e9tention porte la mention d'une signature, avec un tampon \u00ab L'adjointe au Chef de Bureau \u00bb dont l'identit\u00e9 figure sous le tampon de la pr\u00e9fecture comme \u00e9tant Monsieur Beno\u00eet Z..., identit\u00e9 figurant \u00e9galement sur la notification de la d\u00e9cision ; que ce dernier, par arr\u00eat\u00e9 en date du 5 septembre 2016, b\u00e9n\u00e9ficie d'une d\u00e9l\u00e9gation de signature, en cas d'absence ou d'emp\u00eachement de Madame Annick A..., charg\u00e9e des fonctions de directeur de l'immigration et de l'int\u00e9gration, \u00e0 l'effet de signer les d\u00e9cisions d'obligation de quitter le territoire fran\u00e7ais assorties ou non d'un d\u00e9lai de d\u00e9part volontaire et fixant le pays de renvoi ainsi que les d\u00e9cisions de placement en r\u00e9tention ; qu'il y a lieu en cons\u00e9quence de rejeter ce moyen ; que sur le quatri\u00e8me moyen tir\u00e9 de l'absence de motivation, la Cour rel\u00e8ve que l'arr\u00eat\u00e9 de placement en r\u00e9tention en date du 2 novembre 2016 motive le placement en r\u00e9tention de Monsieur Bryan B...\u00a0\u00a0\u00a0\u00a0\u00a0 \u00a0\u00a0\u00a0\u00a0\u00a0\u00a0\u00a0\u00a0\u00a0\u00a0 par le fait que ce dernier \u00ab est d\u00e9pourvu de passeport ou de tout autre document d'identit\u00e9, ne justifie pas d'un domicile certain et a d\u00e9clar\u00e9 ne pas vouloir se conformer \u00e0 la mesure d'\u00e9loignement \u00bb et, qu'en cons\u00e9quence, il \u00ab ne pr\u00e9sente pas les garanties propres \u00e0 pr\u00e9venir les risques de soustraction \u00e0 la mesure d'\u00e9loignement \u00bb ; qu'il convient de consid\u00e9rer que ledit arr\u00eat\u00e9 est r\u00e9guli\u00e8rement motiv\u00e9 notamment par rapport \u00e0 la situation personnelle de l'int\u00e9ress\u00e9 ; qu'il y a lieu de rejeter ce moyen ; que sur la l\u00e9galit\u00e9 interne, et sur le moyen tir\u00e9 de la l\u00e9galit\u00e9 de la d\u00e9cision de placement en r\u00e9tention et la violation du principe de proportionnalit\u00e9, la cour observe qu'il ressort de son audition en date du 2 novembre 2016 que Monsieur Bryan B...\u00a0\u00a0\u00a0\u00a0\u00a0 \u00a0\u00a0\u00a0\u00a0\u00a0\u00a0\u00a0\u00a0\u00a0\u00a0 n'est pas en mesure de justifier d'un budget stable puisqu'ayant d\u00e9clar\u00e9 qu'il travaille quelques jours par semaine en bricolant, et que la pr\u00e9sentation de la seule attestation d'h\u00e9bergement \u00e9tablie par une tante et dat\u00e9e du 2 novembre 2016, jour de l'arr\u00eat\u00e9 de placement en r\u00e9tention, est insuffisante pour consid\u00e9rer qu'il justifie d'un domicile certain, ayant dans son audition d\u00e9clar\u00e9 habiter chez un ami ; que s'il n'a pas clairement affirm\u00e9 ne pas vouloir quitter le territoire fran\u00e7ais, il a d\u00e9clar\u00e9 \u00eatre venu en France pour y travailler ; qu'ainsi, au vu des circonstances, il appara\u00eet que l'int\u00e9ress\u00e9 ne disposait pas de garanties de repr\u00e9sentation de nature \u00e0 justifier une assignation \u00e0 r\u00e9sidence et que l'autorit\u00e9 pr\u00e9fectorale a donc pu l\u00e9galement d\u00e9cider de le placer en r\u00e9tention ; qu'il y a lieu de rejeter ce moyen ; que sur la demande de prolongation de la r\u00e9tention et des moyens de nullit\u00e9 soulev\u00e9s \u00ab \u00e0 titre plus subsidiaire \u00bb : que pour le premier de la tardivet\u00e9 de la notification du placement en retenue, des incoh\u00e9rences, et de l'impossible contr\u00f4le du juge, la cour rappelle que suite au contr\u00f4le de l'int\u00e9ress\u00e9 intervenu le 2 octobre \u00e0 7h40 et \u00e0 sa pr\u00e9sentation \u00e0 l'officier de police judiciaire \u00e0 7h50, les droits en retenue lui ont \u00e9t\u00e9 notifi\u00e9s \u00e0 9h10 par l'entremise d'une interpr\u00e8te requises imm\u00e9diatement ; qu'aucune incoh\u00e9rence n'affecte ce d\u00e9roulement d'op\u00e9rations ; pour les second et troisi\u00e8me moyens tir\u00e9s des avis \u00e0 Parquet du placement en retenue et de la prise d'empreintes, et de la prise d'empreinte sans avis \u00e0 Parquet pr\u00e9alable, la seule mention au proc\u00e8s-verbal de ces avis suffit ; et qu'au surplus, au titre de ces irr\u00e9gularit\u00e9s all\u00e9gu\u00e9es, l'int\u00e9ress\u00e9 ne justifie au visa de l'article L 552-13 du Code de l'entr\u00e9e et du s\u00e9jour des \u00e9trangers et du droit d'asile d'aucune atteinte \u00e0 ses droits ; qu'il y a lieu de rejeter ces moyens ; que sur les diligences, l'administration justifie avoir saisir le consulat de Colombie par un courrier en date du 3 novembre 2016 adress\u00e9 par t\u00e9l\u00e9copie \u00e0 17h57, soit le lendemain de l'arr\u00eat\u00e9 de placement notifi\u00e9 \u00e0 15h30 ; qu'ainsi aucun d\u00e9faut de diligence ne peut \u00eatre reproch\u00e9 \u00e0 l'administration ; que sur la demande d'assignation \u00e0 r\u00e9sidence, l'int\u00e9ress\u00e9, s'il justifie d'un passeport en cours de validit\u00e9, celui-ci n'a pas \u00e9t\u00e9 remis pr\u00e9alablement aux autorit\u00e9s comp\u00e9tentes ; de plus, il ne justifie pas de garanties de repr\u00e9sentations effectives, ne disposant pas d'un domicile stable ni de ressources suffisantes \u00bb ;",
        "1\u00b0) ALORS QUE le juge, d\u00e8s qu'il a communication de la demande de r\u00e9cusation, doit s'abstenir jusqu'\u00e0 ce qu'il ait \u00e9t\u00e9 statu\u00e9 sur la r\u00e9cusation ; qu'\u00e0 d\u00e9faut, son ordonnance encourt la nullit\u00e9 ; qu'il r\u00e9sulte de la d\u00e9cision attaqu\u00e9e que le juge des libert\u00e9s et de la d\u00e9tention a statu\u00e9, alors m\u00eame qu'une requ\u00eate en r\u00e9cusation avait \u00e9t\u00e9 d\u00e9pos\u00e9e \u00e0 son encontre et \u00e9tait pendante ; qu'en relevant que le juge des libert\u00e9s et de la d\u00e9tention aurait d\u00fb s'abstenir de statuer tout en confirmant sa d\u00e9cision, aux motifs qu'un tel vice n'emportait pas la nullit\u00e9 de l'ordonnance, la cour d'appel a viol\u00e9 les articles 346 et 354 du code de proc\u00e9dure civile ;",
        "2\u00b0) ALORS QU'une cour d'appel ne saurait, sans m\u00e9conna\u00eetre par ricochet le principe d'impartialit\u00e9, confirmer l'ordonnance d'un juge qui a statu\u00e9 en d\u00e9pit d'une requ\u00eate en r\u00e9cusation form\u00e9e \u00e0 son encontre ; que d\u00e8s lors, en confirmant l'ordonnance du juge des libert\u00e9s et de la d\u00e9tention qui ne s'\u00e9tait pas abstenu de statuer, en d\u00e9pit d'une demande en r\u00e9cusation form\u00e9e \u00e0 son encontre, la cour d'appel a viol\u00e9 l'article 6, \u00a7 1, Convention europ\u00e9enne de sauvegarde des droits de l'homme et des libert\u00e9s fondamentales."
    ]
}