{
    "decision-0": [
        "CIV. 1",
        "LM",
        "COUR DE CASSATION",
        "______________________",
        "Audience publique du 15 mai 2019",
        "Cassation partielle sans renvoi",
        "Mme BATUT, pr\u00e9sident",
        "Arr\u00eat n\u00b0 459 F-D",
        "Pourvoi n\u00b0 A 18-19.277",
        "Aide juridictionnelle totale en demande",
        "au profit de M. N....",
        "Admission du bureau d'aide juridictionnelle",
        "pr\u00e8s la Cour de cassation",
        "en date du 15 mai 2018.",
        "R \u00c9 P U B L I Q U E F R A N \u00c7 A I S E",
        "_________________________",
        "AU NOM DU PEUPLE FRAN\u00c7AIS",
        "_________________________",
        "LA COUR DE CASSATION, PREMI\u00c8RE CHAMBRE CIVILE, a rendu l'arr\u00eat suivant :",
        "Statuant sur le pourvoi form\u00e9 par M. U... N..., domicili\u00e9 chez SCP Waquet, Farge et Hazan, [...],",
        "contre l'ordonnance rendue le 6 f\u00e9vrier 2018 par le premier pr\u00e9sident de la cour d'appel de Metz, dans le litige l'opposant au pr\u00e9fet de la Moselle, domicili\u00e9 [...],",
        "d\u00e9fendeur \u00e0 la cassation ;",
        "Le demandeur invoque, \u00e0 l'appui de son pourvoi, le moyen unique de cassation annex\u00e9 au pr\u00e9sent arr\u00eat ;",
        "Vu la communication faite au procureur g\u00e9n\u00e9ral ;",
        "LA COUR, en l'audience publique du 2 avril 2019, o\u00f9 \u00e9taient pr\u00e9sentes : Mme Batut, pr\u00e9sident, Mme Gargoullaud, conseiller r\u00e9f\u00e9rendaire rapporteur, Mme Wallon, conseiller doyen, Mme Pecquenard, greffier de chambre ;",
        "Sur le rapport de Mme Gargoullaud, conseiller r\u00e9f\u00e9rendaire, les observations de la SCP Waquet, Farge et Hazan, avocat de M. N..., l'avis de Mme Legoherel, avocat g\u00e9n\u00e9ral r\u00e9f\u00e9rendaire, et apr\u00e8s en avoir d\u00e9lib\u00e9r\u00e9 conform\u00e9ment \u00e0 la loi ;"
    ],
    "decision-1": [
        "Sur le moyen unique, pris en sa premi\u00e8re branche :"
    ],
    "decision-2": [
        "Vu les articles 66 de la Constitution et L. 552-1 du code de l'entr\u00e9e et du s\u00e9jour des \u00e9trangers et du droit d'asile ;",
        "Attendu que l'\u00e9tranger qui n'a pas form\u00e9 de recours contre la d\u00e9cision de placement en r\u00e9tention n'est pas priv\u00e9 du droit de soulever des exceptions tir\u00e9es de l'irr\u00e9gularit\u00e9 de la proc\u00e9dure pr\u00e9alable \u00e0 cette mesure,",
        "lorsque le juge des libert\u00e9s et de la d\u00e9tention statue pour la premi\u00e8re fois sur sa prolongation ;"
    ],
    "decision-3": [
        "Attendu, selon l'ordonnance attaqu\u00e9e, rendue par le premier pr\u00e9sident d'une cour d'appel, et les pi\u00e8ces de la proc\u00e9dure, que M. N..., de nationalit\u00e9 congolaise, a \u00e9t\u00e9 plac\u00e9 en retenue pour v\u00e9rification de son droit de circulation et de s\u00e9jour, puis, \u00e0 l'issue de celle-ci, en r\u00e9tention administrative ; que le pr\u00e9fet a saisi le juge des libert\u00e9s et de la d\u00e9tention d'une demande de prolongation de la mesure ;",
        "Attendu que, pour accueillir la demande, apr\u00e8s avoir relev\u00e9 que l'\u00e9tranger n'a pas form\u00e9 de recours contre la d\u00e9cision de placement en r\u00e9tention, l'ordonnance retient que la contestation de la r\u00e9gularit\u00e9 de la proc\u00e9dure pr\u00e9alable n'est pas recevable, d\u00e8s lors qu'elle a \u00e9t\u00e9 \u00e9mise \u00e0 l'occasion de l'instance en prolongation et non lors d'un recours contre la d\u00e9cision de placement en r\u00e9tention ;"
    ],
    "decision-4": [
        "Qu'en statuant ainsi, le premier pr\u00e9sident a viol\u00e9 les textes susvis\u00e9s ;",
        "Et vu les articles L. 411-3 du code de l'organisation judiciaire et 1015 du code de proc\u00e9dure civile ;"
    ],
    "decision-5": [
        "PAR CES MOTIFS et sans qu'il y ait lieu de statuer sur l'autre branche du moyen :",
        "CASSE ET ANNULE, sauf en ce qu'elle d\u00e9clare l'appel recevable, l'ordonnance rendue le 6 f\u00e9vrier 2018 par le premier pr\u00e9sident de la cour d'appel de Metz ;",
        "DIT n'y avoir lieu \u00e0 renvoi ;",
        "Vu l'article 700 du code de proc\u00e9dure civile, rejette la demande ;",
        "Dit que sur les diligences du procureur g\u00e9n\u00e9ral pr\u00e8s la Cour de cassation, le pr\u00e9sent arr\u00eat sera transmis pour \u00eatre transcrit en marge ou \u00e0 la suite de l'ordonnance partiellement cass\u00e9e ;",
        "Ainsi fait et jug\u00e9 par la Cour de cassation, premi\u00e8re chambre civile, et prononc\u00e9 par le pr\u00e9sident en son audience publique du quinze mai deux mille dix-neuf."
    ],
    "decision-6": [
        "MOYEN ANNEXE au pr\u00e9sent arr\u00eat",
        "Moyen produit par la SCP Waquet, Farge et Hazan, avocat aux Conseils, pour M. N...",
        "Il est fait grief \u00e0 l'ordonnance attaqu\u00e9e D'AVOIR d\u00e9clar\u00e9 M. U... N... irrecevable \u00e0 soulever les exceptions de proc\u00e9dure tenant au d\u00e9faut de lecture des pi\u00e8ces relatives \u00e0 la retenue administrative et \u00e0 la prise d'empreinte au cours de la retenue qui se rattachent \u00e0 la proc\u00e9dure de retenue ant\u00e9rieure au placement en r\u00e9tention administrative, infirm\u00e9 en cons\u00e9quence l'ordonnance entreprise en ce qu'elle a d\u00e9clar\u00e9 recevable et rejet\u00e9 ces exceptions alors que le premier juge \u00e9tait saisi de la prolongation de la r\u00e9tention administrative et confirm\u00e9 ladite ordonnance en ses autres dispositions et sp\u00e9cialement, en ce qu'elle a prolong\u00e9 la r\u00e9tention,",
        "AUX MOTIFS QU' \u00ab au soutien de son appel, l'\u00e9tranger reprend les exceptions de proc\u00e9dure soulev\u00e9es en premi\u00e8re instance et tenant au d\u00e9faut au d\u00e9faut de lecture des pi\u00e8ces relatives \u00e0 la retenue et \u00e0 la prise d'empreintes au cours de la retenue ; qu'interrog\u00e9 sur la recevabilit\u00e9 de ces exceptions relatives \u00e0 la retenue ant\u00e9rieure au placement en r\u00e9tention, l'avocat de l'appelant soutient qu'elles sont recevables et observent qu'elles ont \u00e9t\u00e9 examin\u00e9es en premi\u00e8re instance et l'avocat de la pr\u00e9fecture s'en rapporte sur ce point ; Mais que constituent des exceptions de proc\u00e9dure, au sens de l'article 74 alin\u00e9a 1 du code de proc\u00e9dure civile, les exceptions prises de la violation des dispositions li\u00e9es \u00e0 la proc\u00e9dure pr\u00e9alable au placement en r\u00e9tention ; qu'elles doivent en cons\u00e9quence \u00eatre soulev\u00e9es in limite litis, avant toute d\u00e9fense au fond ; qu'il en est ainsi des pr\u00e9tendues irr\u00e9gularit\u00e9s tenant au d\u00e9faut de lecture des pi\u00e8ces relatives \u00e0 la retenue et \u00e0 la prise d'empreintes au cours de la retenue ; que l'int\u00e9ress\u00e9 contestant ainsi la r\u00e9gularit\u00e9 de la proc\u00e9dure ayant pr\u00e9c\u00e9d\u00e9 son placement en r\u00e9tention, cette exception de proc\u00e9dure n'est recevable que si elle est soulev\u00e9e \u00e0 l'occasion du recours form\u00e9 contre la d\u00e9cision pr\u00e9fectorale de placement en r\u00e9tention, \u00e9tant rappel\u00e9 que depuis la loi du 7 mars 2016 ayant r\u00e9form\u00e9 l'article L. 512-1 III du code de l'entr\u00e9e et du s\u00e9jour des \u00e9trangers et du droit d'asile, la d\u00e9cision de placement en r\u00e9tention ne peut \u00eatre contest\u00e9e que devant le juge des Libert\u00e9s et de la D\u00e9tention ; que cette exception de proc\u00e9dure est irrecevable si elle est soulev\u00e9e uniquement \u00e0 l'occasion du recours form\u00e9 contre la prolongation de la r\u00e9tention, r\u00e9tention qui a \u00e9t\u00e9 ant\u00e9rieurement d\u00e9cid\u00e9e ; qu'or le pr\u00e9sent appel porte uniquement sur l'ordonnance de prolongation de la r\u00e9tention ; qu'il n'est pas contest\u00e9 que M. U... N... n'a form\u00e9 aucun recours \u00e0 l'encontre de la d\u00e9cision du Pr\u00e9fet ayant ant\u00e9rieurement ordonne son placement en r\u00e9tention ; qu'il se trouve donc, \u00e0 ce stade de Ia proc\u00e9dure lors de l'examen de la prolongation de la r\u00e9tention, irrecevable \u00e0 critiquer la r\u00e9gularit\u00e9 de la proc\u00e9dure au motif d'un d\u00e9faut de lecture des pi\u00e8ces relatives \u00e0 la retenue et \u00e0 la prise d'empreintes au cours de la retenue, exceptions propres \u00e0 la proc\u00e9dure de retenue ant\u00e9rieure au placement en r\u00e9tention ; qu'il convient en cons\u00e9quence d'infirmer l'ordonnance entreprise ; en ce qu'elle a statu\u00e9 sur ces exceptions qui \u00e9taient pourtant irrecevables puisque se rattachant \u00e0 la proc\u00e9dure de retenue sur le fondement de l'article L. 611-1 du CESEDA ant\u00e9rieure au placement en r\u00e9tention administrative \u00bb.",
        "1\u00b0 ALORS QU'en jugeant que les exceptions de proc\u00e9dure tenant au d\u00e9faut de lecture des pi\u00e8ces relatives \u00e0 la retenue administrative et \u00e0 la prise d'empreinte au cours de la retenue, qui se rattachent \u00e0 la proc\u00e9dure de retenue ant\u00e9rieure au placement en r\u00e9tention administrative, sont irrecevables si elles sont soulev\u00e9es uniquement lors de la prolongation de la r\u00e9tention, en l'absence de recours form\u00e9 contre la d\u00e9cision de placement en r\u00e9tention, l'ordonnance attaqu\u00e9e a viol\u00e9 l'article L. 512-1 III du code de l'entr\u00e9e et du s\u00e9jour des \u00e9trangers et du droit d'asile par fausse application, ensemble l'article 66 de la Constitution ;",
        "2\u00b0 ALORS QUE l'ordonnance attaqu\u00e9e, qui a relev\u00e9 que \u00ab l'\u00e9tranger reprend les exceptions de proc\u00e9dure soulev\u00e9es en premi\u00e8re instance et tenant au d\u00e9faut de lecture des pi\u00e8ces relatives \u00e0 la retenue administrative et \u00e0 la prise d'empreinte au cours de la retenue \u00bb, n'a pas constat\u00e9 que M. N... aurait pr\u00e9alablement fait valoir des d\u00e9fenses au fond en premi\u00e8re instance ; que les articles 74 et 112 du code de proc\u00e9dure civile ont donc \u00e9t\u00e9 m\u00e9connus."
    ]
}