{
    "decision-0": [
        "CIV. 1",
        "LG",
        "COUR DE CASSATION",
        "______________________",
        "Audience publique du 11 juillet 2019",
        "Cassation sans renvoi",
        "Mme BATUT, pr\u00e9sident",
        "Arr\u00eat n\u00b0 698 F-D",
        "Pourvoi n\u00b0 R 18-19.475",
        "R \u00c9 P U B L I Q U E F R A N \u00c7 A I S E",
        "_________________________",
        "AU NOM DU PEUPLE FRAN\u00c7AIS",
        "_________________________",
        "LA COUR DE CASSATION, PREMI\u00c8RE CHAMBRE CIVILE, a rendu l'arr\u00eat suivant :",
        "Statuant sur le pourvoi form\u00e9 par le pr\u00e9fet d'Indre-et-Loire, domicili\u00e9 [...] ,",
        "contre l'ordonnance rendue le 24 mai 2018 par le premier pr\u00e9sident de la cour d'appel de Douai, dans le litige l'opposant \u00e0 M. W... N..., domicili\u00e9 centre de r\u00e9tention administrative, [...] , [...],",
        "d\u00e9fendeur \u00e0 la cassation ;",
        "Le demandeur invoque, \u00e0 l'appui de son pourvoi, le moyen unique de cassation annex\u00e9 au pr\u00e9sent arr\u00eat ;",
        "Vu la communication faite au procureur g\u00e9n\u00e9ral ;",
        "LA COUR, en l'audience publique du 12 juin 2019, o\u00f9 \u00e9taient pr\u00e9sentes : Mme Batut, pr\u00e9sident, Mme Feydeau-Thieffry, conseiller r\u00e9f\u00e9rendaire rapporteur, Mme Auroy, conseiller doyen, Mme Pecquenard, greffier de chambre ;",
        "Sur le rapport de Mme Feydeau-Thieffry, conseiller r\u00e9f\u00e9rendaire, les observations de la SCP L. Poulet-Odent, avocat du pr\u00e9fet d'Indre-et-Loire, et apr\u00e8s en avoir d\u00e9lib\u00e9r\u00e9 conform\u00e9ment \u00e0 la loi ;"
    ],
    "decision-1": [
        "Sur le moyen unique, pris en sa premi\u00e8re branche :"
    ],
    "decision-2": [
        "Vu l'article 14 du code de proc\u00e9dure civile, ensemble l'article R. 552-15 du code de l'entr\u00e9e et du s\u00e9jour des \u00e9trangers et du droit d'asile ;",
        "Attendu que nulle partie ne pouvant \u00eatre jug\u00e9e sans avoir \u00e9t\u00e9 entendue ou appel\u00e9e, l'autorit\u00e9 administrative, qui a ordonn\u00e9 le placement en r\u00e9tention, doit avoir \u00e9t\u00e9 mise en mesure de pr\u00e9senter ses observations sur la requ\u00eate de l'\u00e9tranger qui sollicite sa remise en libert\u00e9 ;"
    ],
    "decision-3": [
        "Attendu, selon l'ordonnance attaqu\u00e9e, rendue par le premier pr\u00e9sident d'une cour d'appel, et les pi\u00e8ces de la proc\u00e9dure, que M. N..., de nationalit\u00e9 alg\u00e9rienne, en situation irr\u00e9guli\u00e8re sur le territoire national, a \u00e9t\u00e9 plac\u00e9 en r\u00e9tention administrative par arr\u00eat\u00e9 du pr\u00e9fet d'Indre-et-Loire du 30 avril 2018 ; qu'apr\u00e8s une prolongation de cette mesure par le juge des libert\u00e9s et de la d\u00e9tention, l'int\u00e9ress\u00e9 a, le 22 mai 2018, demand\u00e9 qu'il soit mis fin \u00e0 sa r\u00e9tention ;",
        "Attendu que, pour accueillir la demande de M. N..., l'ordonnance retient qu'en l'\u00e9tat des pi\u00e8ces du dossier, il n'est justifi\u00e9 d'aucune diligence de l'administration depuis le 4 mai 2018 ;"
    ],
    "decision-4": [
        "Qu'en statuant ainsi, alors qu'il avait constat\u00e9 que le pr\u00e9fet d'Indre-et-Loire ayant plac\u00e9 M. N... en r\u00e9tention administrative n'avait pas \u00e9t\u00e9 convoqu\u00e9 \u00e0 l'audience, ce qui le privait de la possibilit\u00e9 de justifier des diligences accomplies, et qu'un renvoi de l'affaire, en d\u00e9pit des d\u00e9lais contraints, \u00e9tait possible afin de r\u00e9gulariser la proc\u00e9dure, le premier pr\u00e9sident a viol\u00e9 les textes susvis\u00e9s ;",
        "Et vu les articles L. 411-3 du code de l'organisation judiciaire et 1015 du code de proc\u00e9dure civile ;"
    ],
    "decision-5": [
        "PAR CES MOTIFS et sans qu'il y ait lieu de statuer sur les autres branches du moyen :",
        "CASSE ET ANNULE, en toutes ses dispositions, l'ordonnance rendue le 24 mai 2018, entre les parties, par le premier pr\u00e9sident de la cour d'appel de Douai ;",
        "DIT n'y avoir lieu \u00e0 renvoi ;",
        "Dit que sur les diligences du procureur g\u00e9n\u00e9ral pr\u00e8s la Cour de cassation, le pr\u00e9sent arr\u00eat sera transmis pour \u00eatre transcrit en marge ou \u00e0 la suite de l'ordonnance cass\u00e9e ;",
        "Ainsi fait et jug\u00e9 par la Cour de cassation, premi\u00e8re chambre civile, prononc\u00e9 par le pr\u00e9sident en son audience publique du onze juillet deux mille dix-neuf et sign\u00e9 par lui et par Mme Randouin, greffier de chambre, qui a assist\u00e9 au prononc\u00e9 de l'arr\u00eat."
    ],
    "decision-6": [
        "MOYEN ANNEXE au pr\u00e9sent arr\u00eat",
        "Moyen produit par la SCP L. Poulet-Odent, avocat aux Conseils, pour le pr\u00e9fet d'Indre-et-Loire",
        "Il est fait grief \u00e0 l'ordonnance attaqu\u00e9e d'avoir ordonn\u00e9 la mainlev\u00e9e de la r\u00e9tention administrative de M. W... N... et sa mise en libert\u00e9 imm\u00e9diate ;",
        "AUX MOTIFS QUE la cour constate que le pr\u00e9fet comp\u00e9tent qui a plac\u00e9 M. W... N... en r\u00e9tention administrative, soit le pr\u00e9fet d'Indre-et-Loire, n'a \u00e9t\u00e9 convoqu\u00e9 ni pour l'audience devant le juge des libert\u00e9s et de la d\u00e9tention, ni pour l'audience de ce jour devant la cour d'appel ; une nouvelle convocation pour r\u00e9gulariser la proc\u00e9dure est impossible dans les d\u00e9lais contraints impos\u00e9s par la loi. En l'\u00e9tat des pi\u00e8ces du dossier, aucune \u00e9volution relative aux diligences de l'administration n'a \u00e9t\u00e9 produite depuis le 4 mai ; en l'absence d'autres diligences de l'administration, la mise en libert\u00e9 de M. W... N... s'impose ; il n'est pas n\u00e9cessaire d'examiner les autres moyens. L'ordonnance entreprise est infirm\u00e9e. M. W... N... doit \u00eatre remis en libert\u00e9 sans d\u00e9lai ;",
        "1\u00b0 ALORS QUE le juge des libert\u00e9s et de la d\u00e9tention, et en appel le conseiller d\u00e9l\u00e9gu\u00e9, ne peut mettre fin au placement en r\u00e9tention d'un \u00e9tranger, sans que le pr\u00e9fet qui a pris l'initiative de la mesure soit appel\u00e9 \u00e0 l'audience ; qu'en ayant ordonn\u00e9 la remise en libert\u00e9 de M. N..., au motif de l'insuffisance des diligences accomplies par l'autorit\u00e9 administrative pour organiser le d\u00e9part de l'\u00e9tranger, apr\u00e8s avoir pourtant constat\u00e9 que le pr\u00e9fet d'Indre-et-Loire n'avait \u00e9t\u00e9 appel\u00e9 ni \u00e0 l'audience du juge des libert\u00e9s, ni \u00e0 celle d'appel, le conseiller d\u00e9l\u00e9gu\u00e9 a viol\u00e9 les articles R. 552-5, R. 552-15 du code de l'entr\u00e9e et du s\u00e9jour des \u00e9trangers et du droit d'asile et 16 du code de proc\u00e9dure civile, ensemble le principe de la contradiction ;",
        "2\u00b0 ALORS QUE chaque partie a droit \u00e0 ce que sa cause soit entendue \u00e9quitablement ; qu'en ayant ordonn\u00e9 la remise en libert\u00e9 de M. N..., au motif de l'insuffisance des diligences accomplies par l'autorit\u00e9 administrative pour organiser le d\u00e9part de l'\u00e9tranger, quand le pr\u00e9fet d'Indre-et-Loire n'avait \u00e9t\u00e9 appel\u00e9 ni \u00e0 l'audience du juge des libert\u00e9s, ni \u00e0 celle d'appel, outre qu'il n'avait m\u00eame pas eu connaissance de la requ\u00eate pr\u00e9sent\u00e9e par l'\u00e9tranger aux fins qu'il soit mis fin \u00e0 sa r\u00e9tention administrative, le conseiller d\u00e9l\u00e9gu\u00e9 a viol\u00e9 l'article 6 \u00a7 1 de la Convention europ\u00e9enne des droits de l'homme et du citoyen ;",
        "3\u00b0 ALORS QUE le juge des libert\u00e9s et de la d\u00e9tention, et le conseiller d\u00e9l\u00e9gu\u00e9 par le premier pr\u00e9sident en appel, ne peuvent mettre fin \u00e0 la r\u00e9tention administrative d'un \u00e9tranger, sans que le pr\u00e9fet qui a pris la mesure ont \u00e9t\u00e9 appel\u00e9 \u00e0 se d\u00e9fendre \u00e0 l'audience ; qu'en ayant mis fin au placement en r\u00e9tention administrative de M. N..., sans que le pr\u00e9fet d'Indre-et-Loire ait \u00e9t\u00e9 appel\u00e9 \u00e0 l'audience d'appel, au motif inop\u00e9rant que les d\u00e9lais contraints ne permettaient pas la r\u00e9gularisation de la proc\u00e9dure, le conseiller d\u00e9l\u00e9gu\u00e9 a priv\u00e9 sa d\u00e9cision de base l\u00e9gale au regard des articles R. 552-5, R. 552-15 du code de l'entr\u00e9e et du s\u00e9jour des \u00e9trangers et du droit d'asile et 16 du code de proc\u00e9dure civile, ensemble du principe de la contradiction."
    ]
}