{
    "decision-0": [
        "CIV. 1",
        "JT",
        "COUR DE CASSATION",
        "______________________",
        "Audience publique du 29 mai 2019",
        "Cassation sans renvoi",
        "Mme BATUT, pr\u00e9sident",
        "Arr\u00eat n\u00b0 513 F-D",
        "Pourvoi n\u00b0 B 18-14.931",
        "R \u00c9 P U B L I Q U E F R A N \u00c7 A I S E",
        "_________________________",
        "AU NOM DU PEUPLE FRAN\u00c7AIS",
        "_________________________",
        "LA COUR DE CASSATION, PREMI\u00c8RE CHAMBRE CIVILE, a rendu l'arr\u00eat suivant :",
        "Statuant sur le pourvoi form\u00e9 par Mme X... B..., domicili\u00e9e [...] ,",
        "contre l'ordonnance rendue le 9 f\u00e9vrier 2018 par le premier pr\u00e9sident de la cour d'appel de Paris, dans le litige l'opposant au pr\u00e9fet de police de Paris, domicili\u00e9 [...] ,",
        "d\u00e9fendeur \u00e0 la cassation ;",
        "La demanderesse invoque, \u00e0 l'appui de son pourvoi, le moyen unique de cassation annex\u00e9 au pr\u00e9sent arr\u00eat ;",
        "Vu la communication faite au procureur g\u00e9n\u00e9ral ;",
        "LA COUR, en l'audience publique du 16 avril 2019, o\u00f9 \u00e9taient pr\u00e9sentes : Mme Batut, pr\u00e9sident, Mme Gargoullaud, conseiller r\u00e9f\u00e9rendaire rapporteur, Mme Wallon, conseiller doyen, Mme Pecquenard, greffier de chambre ;",
        "Sur le rapport de Mme Gargoullaud, conseiller r\u00e9f\u00e9rendaire, les observations de la SCP Spinosi et Sureau, avocat de Mme B..., et apr\u00e8s en avoir d\u00e9lib\u00e9r\u00e9 conform\u00e9ment \u00e0 la loi ;"
    ],
    "decision-1": [
        "Sur le moyen unique, pris en sa sixi\u00e8me branche :"
    ],
    "decision-2": [
        "Vu les articles 2 et 28 du r\u00e8glement (UE) n\u00b0 604/2013 du Parlement europ\u00e9en et du Conseil du 26 juin 2013 \u00e9tablissant les crit\u00e8res et m\u00e9canismes de d\u00e9termination de l'\u00c9tat membre responsable de l'examen d'une demande de protection internationale introduite dans l'un des \u00c9tats membres par un ressortissant de pays tiers ou un apatride ;",
        "Attendu, d'une part, qu'il r\u00e9sulte de ces textes que, si les \u00c9tats membres de l'Union europ\u00e9enne peuvent placer les personnes concern\u00e9es en r\u00e9tention en vue de garantir les proc\u00e9dures de transfert conform\u00e9ment au r\u00e8glement lorsqu'il existe un risque non n\u00e9gligeable de fuite de ces personnes, ce risque s'entend, dans un cas individuel, comme l'existence de raisons, fond\u00e9es sur des crit\u00e8res objectifs d\u00e9finis par la loi, de craindre la fuite d'un demandeur de protection internationale, ressortissant de pays tiers ou apatride, qui fait l'objet d'une proc\u00e9dure de transfert ;",
        "Attendu, d'autre part, que la Cour de justice de l'Union europ\u00e9enne (CJUE, arr\u00eat du 15 mars 2017, Al Chodor, C-528/15) a dit pour droit que ces textes doivent \u00eatre interpr\u00e9t\u00e9s en ce sens qu'ils imposent aux \u00c9tats membres de fixer, dans une disposition contraignante de port\u00e9e g\u00e9n\u00e9rale, les crit\u00e8res objectifs sur lesquels sont fond\u00e9es les raisons de craindre la fuite du demandeur d'une protection internationale qui fait l'objet d'une proc\u00e9dure de transfert et que l'absence d'une telle disposition entra\u00eene l'inapplicabilit\u00e9 de l'article 28, paragraphe 2, de ce r\u00e8glement ; qu'au point 45 de l'arr\u00eat, elle pr\u00e9cise qu'en tout \u00e9tat de cause, une jurisprudence \u00e9tablie, sanctionnant une pratique constante de la police des \u00e9trangers, ne saurait suffire ;"
    ],
    "decision-3": [
        "Attendu, selon l'ordonnance attaqu\u00e9e, rendue par le premier pr\u00e9sident d'une cour d'appel, et les pi\u00e8ces de la proc\u00e9dure, que Mme B..., de nationalit\u00e9 ivoirienne, a pr\u00e9sent\u00e9 une demande d'asile en France ; que par un arr\u00eat\u00e9 du 5 f\u00e9vrier 2018, le pr\u00e9fet a d\u00e9cid\u00e9, d'une part, sa remise aux autorit\u00e9s italiennes pour qu'elle soit prise en charge en vue du traitement de cette demande en application du r\u00e8glement du 26 juin 2013, d'autre part, son placement en r\u00e9tention administrative, accompagn\u00e9e de son enfant de 13 mois, au motif qu'elle ne pr\u00e9sentait pas les garanties propres \u00e0 pr\u00e9venir le risque de se soustraire \u00e0 la mesure de r\u00e9admission en Italie en attente de sa mise en oeuvre effective ; que le juge des libert\u00e9s et de la d\u00e9tention a \u00e9t\u00e9 saisi, le 6 f\u00e9vrier, par Mme B..., d'une contestation de la d\u00e9cision de placement en r\u00e9tention et, le 7 f\u00e9vrier, par le pr\u00e9fet, d'une demande de prolongation de la mesure ;",
        "Attendu que, pour confirmer la prolongation de la r\u00e9tention, l'ordonnance retient, par motifs adopt\u00e9s, qu'il ressort des pi\u00e8ces du dossier que la personne retenue ne s'est pas pr\u00e9sent\u00e9e \u00e0 une convocation au bureau de l'\u00e9loignement le 14 novembre 2017 et qu'elle a refus\u00e9 la proposition d'aide au transfert volontaire vers l'\u00c9tat membre responsable de sa demande d'asile le 24 octobre 2017, de sorte qu'elle a \u00e9t\u00e9 d\u00e9clar\u00e9e en fuite et ne peut utilement se pr\u00e9valoir de l'absence de d\u00e9finition du risque de fuite dans la loi fran\u00e7aise qui rendrait impossible son placement en r\u00e9tention ;"
    ],
    "decision-4": [
        "Qu'en statuant ainsi, alors qu'en l'absence, \u00e0 cette date, de disposition contraignante de port\u00e9e g\u00e9n\u00e9rale, fixant les crit\u00e8res objectifs sur lesquels sont fond\u00e9es les raisons de craindre la fuite du demandeur d'une protection internationale qui fait l'objet d'une proc\u00e9dure de transfert, l'article 28, paragraphe 2, du r\u00e8glement \u00e9tait inapplicable, le premier pr\u00e9sident a viol\u00e9 les textes susvis\u00e9s ;",
        "Et vu l'article L. 411-3 du code de l'organisation judiciaire dont l'application est sugg\u00e9r\u00e9e par le m\u00e9moire ampliatif ;"
    ],
    "decision-5": [
        "PAR CES MOTIFS et sans qu'il y ait lieu de statuer sur les autres branches du moyen :",
        "CASSE ET ANNULE, en toutes ses dispositions, l'ordonnance rendue le 9 f\u00e9vrier 2018, entre les parties, par le premier pr\u00e9sident de la cour d'appel de Paris ;",
        "DIT n'y avoir lieu \u00e0 renvoi ;",
        "Vu l'article 700 du code de proc\u00e9dure civile, rejette la demande ;",
        "Dit que sur les diligences du procureur g\u00e9n\u00e9ral pr\u00e8s la Cour de cassation, le pr\u00e9sent arr\u00eat sera transmis pour \u00eatre transcrit en marge ou \u00e0 la suite de l'ordonnance cass\u00e9e ;",
        "Ainsi fait et jug\u00e9 par la Cour de cassation, premi\u00e8re chambre civile, et prononc\u00e9 par le pr\u00e9sident en son audience publique du vingt-neuf mai deux mille dix-neuf."
    ],
    "decision-6": [
        "MOYEN ANNEXE au pr\u00e9sent arr\u00eat",
        "Moyen produit par la SCP Spinosi et Sureau, avocat aux Conseils, pour Mme B...",
        "Il est reproch\u00e9 \u00e0 l'ordonnance attaqu\u00e9e d'avoir rejet\u00e9 le recours de Mme B..., d\u00e9clar\u00e9 la requ\u00eate du pr\u00e9fet de police de Paris recevable et la proc\u00e9dure r\u00e9guli\u00e8re, ordonn\u00e9 la prolongation de la r\u00e9tention de Mme B... au centre de r\u00e9tention administrative n\u00b0 2 du Mesnil-Amelot, ou dans tout autre centre ne d\u00e9pendant pas de l'administration p\u00e9nitentiaire, pour une dur\u00e9e de vingt-huit jours \u00e0 compter du 7 f\u00e9vrier 2018 \u00e0 15h15 ;",
        "Aux motifs propres que \u00ab La cour consid\u00e8re que c'est par une analyse circonstanci\u00e9e et des motifs pertinents qu'il convient d'adopter que le premier juge a statu\u00e9 sur les moyens d'irr\u00e9gularit\u00e9 et de nullit\u00e9 soulev\u00e9s devant lui et repris en cause d'appel, \u00e9tant ajout\u00e9 que l'application des dispositions de la Convention europ\u00e9enne de sauvegarde des droits de l'Homme et des libert\u00e9s fondamentales ne rel\u00e8ve pas, en tout \u00e9tat de cause, de la comp\u00e9tence du juge judiciaire \u00bb (ordonnance attaqu\u00e9e du 9 f\u00e9vrier 2018, p. 2) ;",
        "Et aux motifs adopt\u00e9s du premier juge que \u00ab SUR LA CONTESTATION DE L'ARR\u00caT\u00c9 DE PLACEMENT EN R\u00c9TENTION :",
        "Attendu en premier lieu, que la circonstance que l'arr\u00eat\u00e9 querell\u00e9 ne mentionne pas que la retenue est m\u00e8re d'un jeune enfant ne permet, pas, contrairement \u00e0 ce qui est soutenu, de d\u00e9duire que le pr\u00e9fet ne se serait pas livr\u00e9 \u00e0 un examen particulier de sa situation personnelle, l'int\u00e9ress\u00e9e ayant \u00e9t\u00e9 plac\u00e9e au centre de r\u00e9tention du Mesnil Amelot, permettant d'accueillir des enfants mineurs, \u00e9tant rappel\u00e9 que le pr\u00e9fet n'est tenu de retenir dans sa motivation, que les \u00e9l\u00e9ments positifs servant de fondement \u00e0 sa d\u00e9cision ;",
        "Attendu en deuxi\u00e8me lieu, qu'il ressort des pi\u00e8ces du dossier que la retenue ne s'est pas pr\u00e9sent\u00e9e \u00e0 une convocation au bureau de l'\u00e9loignement le 14 novembre 2017 et qu'elle a refus\u00e9 la proposition d'aide au transfert volontaire vers l'Etat membre responsable de sa demande d'asile le 24 octobre 2017 ; que de ce fait elle a \u00e9t\u00e9 d\u00e9clar\u00e9e en fuite que dans ces conditions, elle ne peut, \u00e9tant d\u00e9clar\u00e9e en fuite, utilement se pr\u00e9valoir de l'absence de d\u00e9finition du risque de fuite dans la loi fran\u00e7aise qui rendrait impossible son placement en r\u00e9tention ;",
        "Attendu en troisi\u00e8me lieu, qu'ainsi qu'il vient d'\u00eatre dit, l'int\u00e9ress\u00e9e n'a pas honor\u00e9 toutes les convocations et s'est oppos\u00e9e \u00e0 la proposition d'aide au transfert qui lui \u00e9tait faite ; que dans ces conditions, le pr\u00e9fet de police a pu l\u00e9gitimement estimer qu'elle ne souhaitait pas ex\u00e9cuter la mesure de transfert, comme le d\u00e9montre d'ailleurs son refus ult\u00e9rieur d'embarquer le 6 f\u00e9vrier 2018 ; qu'il suit de l\u00e0, que le moyen tir\u00e9 de ce que l'arr\u00eat\u00e9 portant placement en r\u00e9tention administrative serait entach\u00e9 d'une erreur manifeste d'appr\u00e9ciation doit \u00eatre \u00e9cart\u00e9 ;",
        "Attendu en quatri\u00e8me lieu, que la retenue ne d\u00e9montre pas en quoi, la d\u00e9cision la pla\u00e7ant en r\u00e9tention administrative pour la dur\u00e9e limit\u00e9e de 48 heures, porterait une atteinte disproportionn\u00e9e \u00e0 son droit de mener une vie priv\u00e9e et familiale normale, \u00e9tant rappel\u00e9 qu'elle n'est pas s\u00e9par\u00e9e de son enfant en r\u00e9tention ; qu'elle ne d\u00e9montre pas plus en quoi la mesure contreviendrait aux stipulations de l'article 3 de la convention europ\u00e9enne de sauvegarde des droits de l'homme ;",
        "SUR LA DEMANDE DE PROLONGATION DE LA R\u00c9TENTION :",
        "Attendu que la proc\u00e9dure est r\u00e9guli\u00e8re ;",
        "Attendu qu'il ressort de l'examen des pi\u00e8ces jointes \u00e0 la requ\u00eate et des mentions figurant au registre pr\u00e9vu \u00e0 l'article L. 553-1 du Code de l'entr\u00e9e et du s\u00e9jour des \u00e9trangers et du droit d'asile que la personne retenue a \u00e9t\u00e9, dans les meilleurs d\u00e9lais suivant la notification de la d\u00e9cision de placement en r\u00e9tention, pleinement inform\u00e9e de ses droits et plac\u00e9e en \u00e9tat de les faire valoir \u00e0 compter de son arriv\u00e9e au lieu de r\u00e9tention ;",
        "Attendu que la mesure d'\u00e9loignement n'a pu \u00eatre mise \u00e0 ex\u00e9cution dans le d\u00e9lai de quarante huit heures qui s'est \u00e9coul\u00e9 depuis la d\u00e9cision de placement en r\u00e9tention ;",
        "Attendu qu'il n'est \u00e9mis aucune critique sur les diligences accomplies jusqu'\u00e0 pr\u00e9sent par l'Administration pour que, conform\u00e9ment aux exigences de l'article L.554-1 du Code de l'entr\u00e9e et du s\u00e9jour des \u00e9trangers et du droit d'asile, la r\u00e9tention n'exc\u00e8de pas le temps strictement n\u00e9cessaire au d\u00e9part de la personne faisant l'objet de la mesure d'\u00e9loignement ;",
        "Attendu que la personne retenue ne remplit pas les conditions d'une assignation \u00e0 r\u00e9sidence, telles que fix\u00e9es par l'article L. 552-4 du Code de l'entr\u00e9e et du s\u00e9jour des \u00e9trangers et du droit d'asile, en ce sens qu'elle ne pr\u00e9sente pas des garanties de repr\u00e9sentation effectives \u00e0 d\u00e9faut de justifier d'un domicile fixe et certain sur le territoire fran\u00e7ais ou de s'\u00eatre conform\u00e9e \u00e0 de pr\u00e9c\u00e9dentes invitations \u00e0 quitter la France ;",
        "Attendu qu'en d\u00e9finitive, rien ne s'oppose \u00e0 ce que soit ordonn\u00e9e la prolongation de la r\u00e9tention administrative de la personne vis\u00e9e par la requ\u00eate du pr\u00e9fet \u00bb (ordonnance du 7 f\u00e9vrier 2018, p. 2-3) ;",
        "1\u00b0) Alors que, d'une part, le juge judiciaire doit veiller au respect de la Convention europ\u00e9enne des droits de l'homme et en sanctionner les \u00e9ventuelles violations ; qu'en confirmant la prolongation de la r\u00e9tention de Mme B..., au motif que l'application des dispositions de la convention europ\u00e9enne de sauvegarde des droits de l'homme et des libert\u00e9s fondamentales ne rel\u00e8ve pas de la comp\u00e9tence du juge judiciaire, le d\u00e9l\u00e9gu\u00e9 du premier pr\u00e9sident de la cour d'appel a m\u00e9connu l'\u00e9tendue de sa comp\u00e9tence, en violation de l'article 55 de la Constitution et de l'article 1er de la Convention europ\u00e9enne des droits de l'homme ;",
        "2\u00b0) Alors que, d'autre part, compte tenu du bas \u00e2ge de l'enfant, de la dur\u00e9e de la r\u00e9tention et des conditions de celle-ci, le placement en r\u00e9tention d'un enfant constitue un traitement inhumain et d\u00e9gradant ; qu'en confirmant la prolongation de la r\u00e9tention de Mme B... accompagn\u00e9e de sa fille mineure alors \u00e2g\u00e9e de treize mois, au motif adopt\u00e9 que l'exposante ne d\u00e9montre pas en quoi la mesure contreviendrait aux stipulations de l'article 3 de la Convention europ\u00e9enne des droits de l'homme, le d\u00e9l\u00e9gu\u00e9 du premier pr\u00e9sident de la cour d'appel a viol\u00e9 l'article 3 de la Convention europ\u00e9enne ;",
        "3\u00b0) Alors qu'\u00e9galement, la pr\u00e9sence en r\u00e9tention d'un enfant accompagnant ses parents n'est conforme \u00e0 l'article 5, \u00a7 1, f) de la Convention europ\u00e9enne des droits de l'homme qu'\u00e0 la condition que les autorit\u00e9s internes \u00e9tablissent qu'elles ont recouru \u00e0 cette mesure ultime seulement apr\u00e8s avoir v\u00e9rifi\u00e9 concr\u00e8tement qu'aucune autre, moins attentatoire \u00e0 la libert\u00e9, ne pouvait \u00eatre mise en oeuvre ; qu'en confirmant la prolongation de la r\u00e9tention de Mme B... accompagn\u00e9e de sa fille mineure alors \u00e2g\u00e9e de treize mois, quand l'autorit\u00e9 pr\u00e9fectorale n'avait pas recherch\u00e9 si une autre mesure moins coercitive pouvait \u00eatre mise en oeuvre afin de pr\u00e9server le droit \u00e0 la libert\u00e9 de cette enfant, le d\u00e9l\u00e9gu\u00e9 du premier pr\u00e9sident de la cour d'appel a viol\u00e9 l'article susvis\u00e9 de la Convention europ\u00e9enne ;",
        "4\u00b0) Alors qu'en outre, la pr\u00e9sence en r\u00e9tention d'un enfant accompagnant ses parents n'est pas conforme \u00e0 l'article 5, \u00a7 4 de la Convention europ\u00e9enne des droits de l'homme lorsque ni l'autorit\u00e9 administrative, ni l'autorit\u00e9 judiciaire ne se sont prononc\u00e9es sur le sort de cet enfant, et que ce dernier n'a donc pas pu b\u00e9n\u00e9ficier d'un recours au sens de l'article pr\u00e9cit\u00e9 ; qu'en confirmant la prolongation de la r\u00e9tention de Mme B... accompagn\u00e9e de sa fille mineure alors \u00e2g\u00e9e de treize mois, quand ni l'autorit\u00e9 pr\u00e9fectorale, ni le juge des libert\u00e9s et de la d\u00e9tention n'ont examin\u00e9 le sort de cette enfant, de sorte que celle-ci ne s'est pas vu garantir la protection requise par la Convention europ\u00e9enne, le d\u00e9l\u00e9gu\u00e9 du premier pr\u00e9sident de la cour d'appel a viol\u00e9 l'article susvis\u00e9 de cette convention ;",
        "5\u00b0) Alors que, par ailleurs, les autorit\u00e9s nationales doivent mettre en oeuvre tous les moyens n\u00e9cessaires afin de limiter autant que faire se peut la r\u00e9tention de familles accompagn\u00e9es d'enfants et pr\u00e9server effectivement le droit \u00e0 une vie familiale, le seul fait que la cellule familiale soit maintenue en r\u00e9tention ne garantissant pas n\u00e9cessairement le respect de ce droit ; qu'en confirmant la prolongation de la r\u00e9tention de Mme B... accompagn\u00e9e de sa fille mineure, au motif adopt\u00e9 que l'exposante ne d\u00e9montrait pas en quoi la d\u00e9cision la pla\u00e7ant en r\u00e9tention administrative portait une atteinte disproportionn\u00e9e \u00e0 son droit de mener une vie priv\u00e9e et familiale normale, \u00e9tant rappel\u00e9 qu'elle n'\u00e9tait pas s\u00e9par\u00e9e de son enfant en r\u00e9tention, quand l'autorit\u00e9 pr\u00e9fectorale n'avait pas recherch\u00e9 si une autre mesure moins attentatoire \u00e0 leur droit au respect de leur vie familiale pouvait \u00eatre mise en oeuvre, le d\u00e9l\u00e9gu\u00e9 du premier pr\u00e9sident de la cour d'appel a viol\u00e9 l'article 8 de la Convention europ\u00e9enne des droits de l'homme ;",
        "6\u00b0) Alors qu'enfin, si les \u00c9tats membres peuvent placer les demandeurs d'asile en r\u00e9tention administrative en vue de garantir les proc\u00e9dures de transfert conform\u00e9ment au r\u00e8glement n\u00b0 604/2013 du Parlement europ\u00e9en et du Conseil du 26 juin 2013 lorsqu'il existe un risque non n\u00e9gligeable de fuite de ces personnes, c'est \u00e0 la condition que ce risque de fuite soit fond\u00e9 sur des crit\u00e8res objectifs d\u00e9finis par la loi ; qu'en l'absence de disposition contraignante de port\u00e9e g\u00e9n\u00e9rale, fixant les crit\u00e8res objectifs sur lesquels sont fond\u00e9es les raisons de craindre la fuite du demandeur d'une protection internationale qui fait l'objet d'une telle proc\u00e9dure, l'article 28, paragraphe 2, du r\u00e8glement pr\u00e9cit\u00e9 est inapplicable ; qu'en confirmant n\u00e9anmoins la prolongation de la r\u00e9tention de Mme B..., au motif adopt\u00e9 que celle-ci ne peut se pr\u00e9valoir utilement de l'absence de d\u00e9finition du risque de fuite dans la loi fran\u00e7aise qui rendrait impossible son placement en r\u00e9tention, le d\u00e9l\u00e9gu\u00e9 du premier pr\u00e9sident a viol\u00e9 les articles 2, n) et 28, 2. du r\u00e8glement (UE) n\u00b0 604/2013 du Parlement europ\u00e9en et du Conseil du 26 juin 2013, ensemble l'article 5 de la Convention europ\u00e9enne des droits de l'homme."
    ]
}