{
    "decision-0": [
        "N\u00b0 F 18-80.784 FS-P+B",
        "N\u00b0 75",
        "SM12",
        "20 F\u00c9VRIER 2019",
        "CASSATION PARTIELLE",
        "REJET",
        "M. SOULARD pr\u00e9sident,",
        "R \u00c9 P U B L I Q U E F R A N \u00c7 A I S E",
        "________________________________________",
        "AU NOM DU PEUPLE FRAN\u00c7AIS",
        "_________________________",
        "LA COUR DE CASSATION, CHAMBRE CRIMINELLE, en son audience publique tenue au Palais de Justice \u00e0 PARIS, a rendu l'arr\u00eat suivant :",
        "REJET et cassation partielle sur les pourvois form\u00e9s par Mme IA... I..., M. YB... P..., contre l'arr\u00eat de la cour d'appel d'Aix-en-Provence, 13e chambre, en date du 20 d\u00e9cembre 2017, qui, pour aide \u00e0 l'entr\u00e9e ou au s\u00e9jour d'un \u00e9tranger en France, a condamn\u00e9 la premi\u00e8re \u00e0 six mois d'emprisonnement avec sursis, et pour aide \u00e0 l'entr\u00e9e ou au s\u00e9jour d'un \u00e9tranger en France en bande organis\u00e9e et complicit\u00e9 d'usage de faux, a condamn\u00e9 le second \u00e0 deux ans d'emprisonnement dont six mois avec sursis et 2 000 euros d'amende ;",
        "La COUR, statuant apr\u00e8s d\u00e9bats en l'audience publique du 9 janvier 2019 o\u00f9 \u00e9taient pr\u00e9sents : M. Soulard, pr\u00e9sident, M. Gu\u00e9ry, conseiller rapporteur, MM. Castel, Moreau, Mme Drai, M. de Larosi\u00e8re de Champfeu Mme Slove, M. Stephan, conseillers de la chambre, Mme Carbonaro, conseiller r\u00e9f\u00e9rendaire ;",
        "Avocat g\u00e9n\u00e9ral : Mme Zientara-Logeay ;",
        "Greffier de chambre : Mme Bray ;",
        "Sur le rapport de M. le conseiller GU\u00c9RY, les observations de la soci\u00e9t\u00e9 civile professionnelle BOR\u00c9, SALVE DE BRUNETON et M\u00c9GRET, avocat en la Cour, et les conclusions de Mme l'avocat g\u00e9n\u00e9ral ZIENTARA-LOGEAY ;"
    ],
    "decision-1": [
        "Joignant les pourvois en raison de la connexit\u00e9 ;",
        "Vu les m\u00e9moires produits ;"
    ],
    "decision-2": [
        "Attendu qu'il r\u00e9sulte de l'arr\u00eat attaqu\u00e9 et des pi\u00e8ces de proc\u00e9dure qu'\u00e0 l'occasion d'une enqu\u00eate ouverte en juillet 2013 pour faux dans un document administratif, \u00e0 la suite de l'interpellation par la police municipale de N\u00eemes d'un ressortissant comorien, en possession d'un certificat de nationalit\u00e9 fran\u00e7aise paraissant douteux, il a \u00e9t\u00e9 proc\u00e9d\u00e9 \u00e0 des investigations en direction du greffe des nationalit\u00e9s du tribunal d'instance de Tarascon, \u00e0 l'origine de la d\u00e9livrance de ce document, qu'il est apparu que le fonctionnaire en charge de la pr\u00e9paration des certificats de nationalit\u00e9, Mme I..., avait \u00e9tabli des certificats de nationalit\u00e9 pour des ressortissants comoriens, dont les num\u00e9ros de r\u00e9f\u00e9rence \u00e9taient fictifs, attribuant la nationalit\u00e9 fran\u00e7aise \u00e0 des individus ne pouvant y pr\u00e9tendre, que Mme I... a ainsi dress\u00e9 42 certificats de nationalit\u00e9 fran\u00e7aise \u00e0 des ressortissants comoriens entre 2010 et 2012, que le pr\u00e9sident de l'association France Comores, dont le si\u00e8ge social \u00e9tait le domicile personnel de Mme I..., M. P..., a d\u00e9pos\u00e9, en \u00e9change de contreparties financi\u00e8res, aupr\u00e8s des tribunaux d'instance et essentiellement du tribunal d'instance de Tarascon, des dossiers devant permettre \u00e0 des personnes qui ne pouvaient y pr\u00e9tendre d'obtenir des certificats de nationalit\u00e9 fran\u00e7aise ; qu'il a agi avec l'aide de personnes se trouvant en France mais aussi gr\u00e2ce \u00e0 l'intervention de personnes bien situ\u00e9es au sein de l'administration comorienne qui intervenaient sur les registres d'\u00e9tat civil pour qu'ils soient conformes aux demandes d'authentification des actes de naissance, que l'\u00e9tablissement de certificats d'h\u00e9bergement a permis ensuite que la demande de certificat de nationalit\u00e9 fran\u00e7aise soit pr\u00e9sent\u00e9e au tribunal d'instance de Tarascon, que l'audition de la quasi totalit\u00e9 des personnes ayant r\u00e9dig\u00e9 les certificats d'h\u00e9bergement d\u00e9couverts dans les dossiers trait\u00e9s par Mme I... a d\u00e9montr\u00e9 que ces certificats \u00e9taient de pure complaisance, parfois m\u00eame obtenus \u00e0 l'insu de la personne suppos\u00e9e, qu'il est \u00e9galement apparu que M. TR... HW..., ami proche de M. P..., a confectionn\u00e9 de faux documents destin\u00e9s \u00e0 l'\u00e9laboration des dossiers d\u00e9pos\u00e9s au tribunal ; que le tribunal correctionnel de Tarascon a, par jugement du 31 janvier 2017, renvoy\u00e9 Mme I... des fins de la poursuite et d\u00e9clar\u00e9 coupables MM. P... et HW... ; que ces derniers, et le minist\u00e8re public, ont interjet\u00e9 appel de cette d\u00e9cision ;"
    ],
    "decision-3": [
        "En cet \u00e9tat :"
    ],
    "decision-4": [
        "\"Sur le premier moyen de cassation propos\u00e9 pour Mme I..., pris de la violation des articles L. 622-1 du code de l'entr\u00e9e et du s\u00e9jour des \u00e9trangers et du droit d'asile, 29 du code civil, 384, 512, 591 et 593 du code de proc\u00e9dure p\u00e9nale :",
        "\"en ce que l'arr\u00eat attaqu\u00e9 n'a pas sursis \u00e0 statuer sur l'action publique et a, en cons\u00e9quence, infirm\u00e9 le jugement d\u00e9f\u00e9r\u00e9, d\u00e9clar\u00e9 Mme I... coupable des faits qui lui \u00e9taient reproch\u00e9s et l'a condamn\u00e9e \u00e0 la peine de six mois d'emprisonnement avec sursis ;",
        "\"aux motifs que, sur les faits reproch\u00e9s \u00e0 Mme I..., Mme I... demande la confirmation de sa relaxe en soutenant l'absence d'\u00e9l\u00e9ment mat\u00e9riel et intentionnel ; que s'agissant de ses fonctions et de son r\u00f4le au sein du tribunal d'instance Mme I... rappelle qu'elle \u00e9tait adjointe administrative faisant fonction de greffi\u00e8re et n'avait aucun r\u00f4le d\u00e9cisionnel ; que son chef de service \u00e9tait au courant notamment pour les certificats d'h\u00e9bergement, le mode op\u00e9ratoire sp\u00e9cifique aux Comoriens \u00e9tant valid\u00e9 par la hi\u00e9rarchie ; que s'agissant de la nationalit\u00e9 des b\u00e9n\u00e9ficiaires des certificats de nationalit\u00e9, il n'est pas d\u00e9montr\u00e9 que ceux-ci soient \u00e9trangers, le certificat de nationalit\u00e9 d\u00e9livr\u00e9 ayant force probante du contraire ; qu'elle n'a pas \u00e9dit\u00e9 les certificats de nationalit\u00e9 car seul le greffier en chef pouvait le faire en signant ; que comme le dit M. P... elle ne savait pas ce qui se passait \"au-dessous\" de sorte qu'elle ne pouvait avoir apport\u00e9 sciemment une aide directe ou indirecte au s\u00e9jour irr\u00e9gulier ; mais qu'il r\u00e9sulte de la proc\u00e9dure et des d\u00e9bats que M. P... a fait appel \u00e0 Mme I... qui a syst\u00e9matiquement mis en forme les dossiers d\u00e9pos\u00e9s par son interm\u00e9diaire pr\u00e9parant les certificats de nationalit\u00e9 fran\u00e7aise qu'elle soumettait \u00e0 la signature d'un greffier un chef qu'elle savait peu au fait des questions de nationalit\u00e9 ; qu'il est \u00e9tabli que les certificats de nationalit\u00e9 fran\u00e7aise \u00e9tablis par l'interm\u00e9diaire de Mme I... au nom de MM. C... HA..., DR... YT..., DR... VL..., DA... G..., G... KQ..., G... LH..., KF... D..., G... PF..., EL... TA..., PH... KX..., ZK... BJ..., PH... HW... puis sign\u00e9s par le greffier en chef M. Y... ont \u00e9t\u00e9 \u00e9tablis \u00e0 tort dans la mesure o\u00f9 la filiation des demandeurs n'\u00e9tait pas \u00e9tablie ; que cet \u00e9l\u00e9ment essentiel apparaissait \u00e0 l'examen du dossier ; qu'au contraire Mme I... a accept\u00e9 en toute connaissance de cause que la comp\u00e9tence du tribunal de Tarascon soit rendue possible par la production de certificats d'h\u00e9bergement douteux et n'a pas tenu compte de la r\u00e8gle selon laquelle la seule filiation reconnue aux Comores \u00e9tait la filiation l\u00e9gitime ; que son anciennet\u00e9 au service et ses capacit\u00e9s reconnues par ses sup\u00e9rieurs hi\u00e9rarchiques ne lui permettent pas de se retrancher ni derri\u00e8re une incomp\u00e9tence ni derri\u00e8re l'autorit\u00e9 du greffier en chef dont elle savait qu'il lui faisait enti\u00e8rement confiance ; qu'il convient d'ailleurs de rappeler qu'il ne lui est pas reproch\u00e9 d'avoir elle-m\u00eame sign\u00e9 les certificats de nationalit\u00e9 mais d'avoir, en les pr\u00e9parant, permis qu'ils soient sign\u00e9s \u00e0 tort par M. Y... ; qu'aucune explication s\u00e9rieuse n'a pu \u00eatre donn\u00e9e pour justifier l'absence d'enregistrement r\u00e9gulier des dossiers des ressortissants comoriens ; qu'aucun \u00e9l\u00e9ment du dossier ne permet d'affirmer que MM. C... HA..., DR... YT..., DR... VL..., DA... G..., G... KQ..., G... LH..., KF... D..., G... PF..., EL... TA..., PH... KX..., ZK... BJ..., PH... HW... ne seraient pas \u00e9trangers dans la mesure o\u00f9 il n'est pas contest\u00e9 que les certificats de nationalit\u00e9 ont \u00e9t\u00e9 \u00e9tablis \u00e0 tort ; que Mme I... en contrepartie de son intervention a pu, avec ses compagnons, effectuer sans frais des voyages, l'un aux Comores et l'autre \u00e0 Dubai, le pr\u00e9texte humanitaire donn\u00e9 \u00e0 ces d\u00e9placements dont le co\u00fbt peut \u00eatre fix\u00e9 au moins \u00e0 3 000 euros restant \u00e0 d\u00e9montrer ; qu'au regard de ce qui pr\u00e9c\u00e8de la cour infirmera le jugement en ce qu'il n'a pas retenu la culpabilit\u00e9 de Mme I... et la d\u00e9clarera coupable des faits qui lui sont reproch\u00e9s ;",
        "\"alors que l'exception de nationalit\u00e9 fran\u00e7aise constitue, devant toute autre juridiction que la juridiction civile de droit commun ou les juridictions r\u00e9pressives comportant un jury criminel, une question pr\u00e9judicielle qui oblige le juge \u00e0 surseoir \u00e0 statuer jusqu'\u00e0 ce que la question ait \u00e9t\u00e9 tranch\u00e9e par la juridiction comp\u00e9tente ; qu'en retenant, pour d\u00e9clarer Mme I... coupable du d\u00e9lit de facilitation de l'entr\u00e9e, de la circulation ou du s\u00e9jour irr\u00e9guliers d'\u00e9trangers en France et \u00e9carter le moyen tir\u00e9 de leur nationalit\u00e9 fran\u00e7aise, qu'\"aucun \u00e9l\u00e9ment du dossier ne permet d'affirmer [que ces personnes] ne seraient pas \u00e9trang[\u00e8res] dans la mesure o\u00f9 il n'est pas contest\u00e9 que les certificats de nationalit\u00e9 ont \u00e9t\u00e9 \u00e9tablis \u00e0 tort\", cependant que, saisie d'une contestation portant sur la nationalit\u00e9, dont d\u00e9pendait la solution du litige, la juridiction correctionnelle avait l'obligation de surseoir \u00e0 statuer et de renvoyer les parties \u00e0 se pourvoir jusqu'au jugement sur la question pr\u00e9judicielle par la juridiction comp\u00e9tente, la cour d'appel a viol\u00e9 les textes susvis\u00e9s\" ;",
        "Sur le premier moyen de cassation propos\u00e9 pour M. P..., pris de la violation des articles L. 622-1 et L. 622-5 du code de l'entr\u00e9e et du s\u00e9jour des \u00e9trangers et du droit d'asile, 29 du code civil, 384, 512, 591 et 593 du code de proc\u00e9dure p\u00e9nale :",
        "\"en ce que l'arr\u00eat attaqu\u00e9 n'a pas sursis \u00e0 statuer sur l'action publique et a, en cons\u00e9quence, d\u00e9clar\u00e9 M. P... coupable des faits qui lui \u00e9taient reproch\u00e9s pour les faits d'aide \u00e0 l'entr\u00e9e, \u00e0 la circulation ou au s\u00e9jour irr\u00e9guliers d'un \u00e9tranger en France, en bande organis\u00e9e, commis du 2 janvier 2010 et jusqu'au 17 mars 2014 \u00e0 Arles Tarascon et pour les faits de complicit\u00e9 d'usage de faux en \u00e9criture commis du 2 janvier 2010 et jusqu'au 17 mars 2014 \u00e0 Arles Tarascon et l'a condamn\u00e9 \u00e0 un emprisonnement d\u00e9lictuel de deux ans, a dit qu'il serait sursis partiellement pour une dur\u00e9e de six mois et a condamn\u00e9 M. P... au paiement d'une amende de 2 000 euros ;",
        "\"aux motifs que dans ses conclusions d'infirmation et de relaxe, M. P... soutient l'absence d'\u00e9l\u00e9ment mat\u00e9riel et moral ; que s'agissant de la pr\u00e9vention d'aide \u00e0 l'entr\u00e9e \u00e0 la circulation ou au s\u00e9jour d'un \u00e9tranger en France, le pr\u00e9venu soutient qu'aucun \u00e9tranger n'est concern\u00e9 dans le dossier et qu'il n'est pas concern\u00e9 par la pratique de l'acceptation des certificats d'h\u00e9bergement valid\u00e9e par le greffier en chef ni par les pratiques statistiques du service ; que s'agissant de la pr\u00e9vention de complicit\u00e9 d'usage de faux M. P... soutient qu'il n'y a aucun faux dans le dossier ; mais que la perquisition effectu\u00e9e au domicile de M. P... qui fait suite \u00e0 plusieurs mois d'interceptions et d'\u00e9coutes t\u00e9l\u00e9phoniques \u00e9difiantes, a permis la d\u00e9couverte d'un nombre important de certificats de nationalit\u00e9 fran\u00e7aise \u00e0 des identit\u00e9s diff\u00e9rentes, de certificats de r\u00e9sidence ainsi que de diverses pi\u00e8ces d'identit\u00e9 et actes de naissance ; qu'il a \u00e9t\u00e9 constat\u00e9 par les services de police que M. P... a jet\u00e9 par la fen\u00eatre, le jour de son interpellation, une enveloppe contenant divers documents d'\u00e9tat civil ; que l'enqu\u00eate a permis d'\u00e9tablir que la quasi totalit\u00e9 des certificats d'h\u00e9bergement d\u00e9couverts \u00e9taient de pure complaisance ou obtenus \u00e0 l'insu de la personne suppos\u00e9e les avoir sign\u00e9s ; qu'ils \u00e9taient ainsi manifestement destin\u00e9s \u00e0 permettre le d\u00e9p\u00f4t du dossier de certificat de nationalit\u00e9 fran\u00e7aise au tribunal d'instance de Tarascon ; que les auditions de MM. B... IU..., GP... DR..., DW... DR... d\u00e9montrent que ces personnes ont fr\u00e9quent\u00e9 l'Association des jeunes comoriens d'Arles et ont confi\u00e9 certains documents administratifs personnels \u00e0 cette structure dans laquelle M. P... intervenait ; qu'elles ont indiqu\u00e9 n'avoir jamais autoris\u00e9 M. P... \u00e0 se servir de leurs documents pour d'autres personnes ni m\u00eame avoir r\u00e9dig\u00e9 des attestations d'h\u00e9bergement en faveur de tiers qu'ils ne connaissaient pas ; qu'ainsi Mme AZ... J... aurait r\u00e9dig\u00e9 des attestations d'h\u00e9bergement en faveur de XL... XG... et XL... EL..., deux personnes ayant d\u00e9pos\u00e9 un dossier de demande de certificat de nationalit\u00e9 fran\u00e7aise aupr\u00e8s du tribunal d'instance de Tarascon ; qu'entendue par les services de police, Mme AZ... J... a indiqu\u00e9 ne pas conna\u00eetre XL... XG... et XL... exposant que M. V... s'\u00e9tait occup\u00e9 de ses papiers et avait acc\u00e8s \u00e0 un certain nombre de documents la concernant ; qu'elle a reconnu l'\u00e9criture de ce dernier sur le certificat d'h\u00e9bergement pr\u00e9sent\u00e9 ; que M. V... a pr\u00e9cis\u00e9 que Mme AZ... J..., son ex-belle-soeur, avait accept\u00e9 de signer des certificats d'h\u00e9bergement pour rendre service \u00e0 l'association moyennant la somme de 200 euros par certificat ; que M. IU... H..., interrog\u00e9e sur le certificat d'h\u00e9bergement r\u00e9dig\u00e9 en faveur de M. PH... N..., dont le dossier avait \u00e9t\u00e9 d\u00e9pos\u00e9 aupr\u00e8s du tribunal d'instance de Tarascon, niait avoir r\u00e9dig\u00e9 ce document ; qu'elle avait confi\u00e9 ses pi\u00e8ces \u00e0 l'association des jeunes comoriens qu'elle fr\u00e9quentait, les \u00e9coutes t\u00e9l\u00e9phoniques r\u00e9alis\u00e9es venant en outre illustrer le r\u00f4le actif de M. P... dans la fraude r\u00e9alis\u00e9e ; qu'elles d\u00e9montrent en effet, que les personnes ayant r\u00e9dig\u00e9 des attestations d'h\u00e9bergement convoqu\u00e9es par les services de police, le contactaient afin d'obtenir des consignes de sa part ; qu'ainsi X... CJ... avait contact\u00e9 M. P... le 29 novembre 2013 en sollicitant des renseignements suite \u00e0 l'attestation d'h\u00e9bergement r\u00e9dig\u00e9e et sa convocation devant les services de police ; que de m\u00eame NI... DR... avait contact\u00e9 M. P... le 2 d\u00e9cembre 2013 qui lui avait expliqu\u00e9 ce qu'il devait dire devant les services de police et notamment le nombre de personnes qu'il \u00e9tait cens\u00e9 avoir h\u00e9berg\u00e9 ; que l'ensemble de ces \u00e9l\u00e9ments permettent d'\u00e9tablir le r\u00f4le essentiel de M. P... dans la constitution des dossiers des ressortissants comoriens, aidant ces derniers dans l'\u00e9laboration de leur demande ; qu'aucun \u00e9l\u00e9ment du dossier ne permet d'affirmer que MM. C... HA..., DR... YT..., DR... VL..., DA... G..., G... KQ..., G... LH..., KF... D..., G... PF..., EL... TA..., PH... KX..., ZK... BJ..., PH... HW... ne seraient pas \u00e9trangers dans la mesure o\u00f9 il n'est pas contest\u00e9 que les certificats de nationalit\u00e9 ont \u00e9t\u00e9 \u00e9tablis \u00e0 tort gr\u00e2ce \u00e0 l'intervention du pr\u00e9venu ;",
        "\"alors que l'exception de nationalit\u00e9 fran\u00e7aise constitue, devant toute autre juridiction que la juridiction civile de droit commun ou les juridictions r\u00e9pressives comportant un jury criminel, une question pr\u00e9judicielle qui oblige le juge \u00e0 surseoir \u00e0 statuer jusqu'\u00e0 ce que la question ait \u00e9t\u00e9 tranch\u00e9e par la juridiction comp\u00e9tente ; qu'en retenant, pour d\u00e9clarer M. P... coupable du d\u00e9lit de facilitation de l'entr\u00e9e, de la circulation ou du s\u00e9jour irr\u00e9guliers d'\u00e9trangers en France et \u00e9carter le moyen tir\u00e9 de leur nationalit\u00e9 fran\u00e7aise, qu'\"aucun \u00e9l\u00e9ment du dossier ne permet d'affirmer [que ces personnes] ne seraient pas \u00e9trang[\u00e8res] dans la mesure o\u00f9 il n'est pas contest\u00e9 que les certificats de nationalit\u00e9 ont \u00e9t\u00e9 \u00e9tablis \u00e0 tort gr\u00e2ce \u00e0 l'intervention du pr\u00e9venu\", cependant que, saisie d'une contestation portant sur la nationalit\u00e9, dont d\u00e9pendait la solution du litige, la juridiction correctionnelle avait l'obligation de surseoir \u00e0 statuer et de renvoyer les parties \u00e0 se pourvoir jusqu'au jugement sur la question pr\u00e9judicielle par la juridiction comp\u00e9tente, la cour d'appel a viol\u00e9 les textes susvis\u00e9s\" ;",
        "Les moyens \u00e9tant r\u00e9unis ;"
    ],
    "decision-5": [
        "Attendu que la question pr\u00e9judicielle de nationalit\u00e9 ne peut \u00eatre pr\u00e9sent\u00e9e que par la personne dont la nationalit\u00e9 est en cause, par ses h\u00e9ritiers si elle est d\u00e9c\u00e9d\u00e9e en cours d'instance, ou par le minist\u00e8re public ;",
        "D'o\u00f9 il suit que les moyens ne peuvent \u00eatre accueillis ;"
    ],
    "decision-6": [
        "Sur le deuxi\u00e8me moyen de cassation propos\u00e9 pour Mme I..., pris de la violation des articles 6, \u00a7 1, et 7 de la Convention europ\u00e9enne des droits de l'homme, L. 622-1 du code de l'entr\u00e9e et du s\u00e9jour des \u00e9trangers et du droit d'asile, 30 et 31-2 du code civil, 111-4 du code p\u00e9nal, 591 et 593 du code de proc\u00e9dure p\u00e9nale :",
        "\"en ce que l'arr\u00eat attaqu\u00e9 a infirm\u00e9 le jugement d\u00e9f\u00e9r\u00e9, d\u00e9clar\u00e9 Mme I... coupable des faits qui lui \u00e9taient reproch\u00e9s et l'a, en cons\u00e9quence, condamn\u00e9e \u00e0 la peine de six mois d'emprisonnement avec sursis ;",
        "\"aux motifs que, sur les faits reproch\u00e9s \u00e0 Mme I..., Mme I... demande la confirmation de sa relaxe en soutenant l'absence d'\u00e9l\u00e9ment mat\u00e9riel et intentionnel ; que s'agissant de ses fonctions et de son r\u00f4le au sein du tribunal d'instance Mme I... rappelle qu'elle \u00e9tait adjointe administrative faisant fonction de greffi\u00e8re et n'avait aucun r\u00f4le d\u00e9cisionnel ; que son chef de service \u00e9tait au courant notamment pour les certificats d'h\u00e9bergement, le mode op\u00e9ratoire sp\u00e9cifique aux Comoriens \u00e9tant valid\u00e9 par la hi\u00e9rarchie ; que s'agissant de la nationalit\u00e9 des b\u00e9n\u00e9ficiaires des certificats de nationalit\u00e9, il n'est pas d\u00e9montr\u00e9 que ceux-ci soient \u00e9trangers, le certificat de nationalit\u00e9 d\u00e9livr\u00e9 ayant force probante du contraire ; qu'elle n'a pas \u00e9dit\u00e9 les certificats de nationalit\u00e9 car seul le greffier en chef pouvait le faire en signant ; que comme le dit M. P... elle ne savait pas ce qui se passait \"au-dessous\" de sorte qu'elle ne pouvait avoir apport\u00e9 sciemment une aide directe ou indirecte au s\u00e9jour irr\u00e9gulier ; mais qu'il r\u00e9sulte de la proc\u00e9dure et des d\u00e9bats que M. P... a fait appel \u00e0 Mme I... qui a syst\u00e9matiquement mis en forme les dossiers d\u00e9pos\u00e9s par son interm\u00e9diaire pr\u00e9parant les certificats de nationalit\u00e9 fran\u00e7aise qu'elle soumettait \u00e0 la signature d'un greffier un chef qu'elle savait peu au fait des questions de nationalit\u00e9 ; qu'il est \u00e9tabli que les certificats de nationalit\u00e9 fran\u00e7aise \u00e9tablis par l'interm\u00e9diaire de Mme I... au nom de C... HA..., DR... YT..., DR... VL..., DA... G..., G... KQ..., G... LH..., KF... D..., G... PF..., EL... TA..., PH... KX..., ZK... BJ..., PH... HW... puis sign\u00e9s par le greffier en chef M. Y... ont \u00e9t\u00e9 \u00e9tablis \u00e0 tort dans la mesure o\u00f9 la filiation des demandeurs n'\u00e9tait pas \u00e9tablie ; que cet \u00e9l\u00e9ment essentiel apparaissait \u00e0 l'examen du dossier ; qu'au contraire Mme I... a accept\u00e9 en toute connaissance de cause que la comp\u00e9tence du tribunal de Tarascon soit rendue possible par la production de certificats d'h\u00e9bergement douteux et n'a pas tenu compte de la r\u00e8gle selon laquelle la seule filiation reconnue aux Comores \u00e9tait la filiation l\u00e9gitime ; que son anciennet\u00e9 au service et ses capacit\u00e9s reconnues par ses sup\u00e9rieurs hi\u00e9rarchiques ne lui permettent pas de se retrancher ni derri\u00e8re une incomp\u00e9tence ni derri\u00e8re l'autorit\u00e9 du greffier en chef dont elle savait qu'il lui faisait enti\u00e8rement confiance ; qu'il convient d'ailleurs de rappeler qu'il ne lui est pas reproch\u00e9 d'avoir elle-m\u00eame sign\u00e9 les certificats de nationalit\u00e9 mais d'avoir, en les pr\u00e9parant, permis qu'ils soient sign\u00e9s \u00e0 tort par M. Y... ; qu'aucune explication s\u00e9rieuse n'a pu \u00eatre donn\u00e9e pour justifier l'absence d'enregistrement r\u00e9gulier des dossiers des ressortissants comoriens ; qu'aucun \u00e9l\u00e9ment du dossier ne permet d'affirmer que C... HA..., DR... YT..., DR... VL..., DA... G..., G... KQ..., G... LH..., KF... D..., G... PF..., EL... TA..., PH... KX..., ZK... BJ..., PH... HW... ne seraient pas \u00e9trangers dans la mesure o\u00f9 il n'est pas contest\u00e9 que les certificats de nationalit\u00e9 ont \u00e9t\u00e9 \u00e9tablis \u00e0 tort ; que Mme I... en contrepartie de son intervention a pu, avec ses compagnons, effectuer sans frais des voyages, l'un aux Comores et l'autre \u00e0 Dubai, le pr\u00e9texte humanitaire donn\u00e9 \u00e0 ces d\u00e9placements dont le co\u00fbt peut \u00eatre fix\u00e9 au moins \u00e0 3 000 euros restant \u00e0 d\u00e9montrer ; qu'au regard de ce qui pr\u00e9c\u00e8de la cour infirmera le jugement en ce qu'il n'a pas retenu la culpabilit\u00e9 de Mme I... et la d\u00e9clarera coupable des faits qui lui sont reproch\u00e9s ;",
        "\"1\u00b0) alors que la charge de la preuve de l'extran\u00e9it\u00e9 que suppose le d\u00e9lit de facilitation de l'entr\u00e9e, de la circulation ou du s\u00e9jour irr\u00e9guliers incombe \u00e0 celui qui conteste la qualit\u00e9 de fran\u00e7ais \u00e0 un individu titulaire d'un certificat de nationalit\u00e9 fran\u00e7aise ; qu'en retenant qu'\"aucun \u00e9l\u00e9ment du dossier ne permet[tait] d'affirmer que C... HA..., DR... YT..., DR... VL..., DA... G..., G... KQ..., G... LH..., KF... D..., G... PF..., EL... TA..., PH... KX..., ZK... BJ..., PH... HW... ne seraient pas \u00e9trangers dans la mesure o\u00f9 il n'[\u00e9tait] pas contest\u00e9 que les certificats de nationalit\u00e9 [avaient] \u00e9t\u00e9 \u00e9tablis \u00e0 tort\", quand les certificats d\u00e9livr\u00e9s n'avaient pas m\u00eame fait l'objet d'une action en annulation par le minist\u00e8re public, en sorte qu'ils faisaient foi de la nationalit\u00e9 fran\u00e7aise des personnes qu'il \u00e9tait reproch\u00e9 \u00e0 la pr\u00e9venue d'avoir aid\u00e9es, la cour d'appel a invers\u00e9 la charge de la preuve et viol\u00e9 les textes susvis\u00e9s ;",
        "\"2\u00b0) alors qu'en toute hypoth\u00e8se, le juge r\u00e9pressif ne peut d\u00e9clarer un pr\u00e9venu coupable d'une infraction sans en avoir caract\u00e9ris\u00e9 tous les \u00e9l\u00e9ments constitutifs et que le d\u00e9lit de facilitation de l'entr\u00e9e, de la circulation ou du s\u00e9jour irr\u00e9guliers d'un \u00e9tranger en France suppose l'irr\u00e9gularit\u00e9 de l'entr\u00e9e, de la circulation ou du s\u00e9jour ; qu'en d\u00e9clarant Mme I... coupable de ce d\u00e9lit, sans caract\u00e9riser le fait que les personnes concern\u00e9es \u00e9taient entr\u00e9es irr\u00e9guli\u00e8rement en France ou qu'elles \u00e9taient d\u00e9pourvues de titre les autorisant \u00e0 y s\u00e9journer ou \u00e0 y circuler, et en d\u00e9duisant ainsi l'irr\u00e9gularit\u00e9 de leur pr\u00e9sence sur le territoire national de leur seule extran\u00e9it\u00e9, la cour d'appel n'a pas l\u00e9galement justifi\u00e9 sa d\u00e9cision\" ;",
        "Sur le second moyen de cassation propos\u00e9 pour M. P..., pris de la violation des articles 6, \u00a7 1er, et 7 de la Convention europ\u00e9enne des droits de l'homme, 4 du Protocole additionnel n\u00b0 7 \u00e0 cette Convention, L. 622-1 et L. 622-5 du code de l'entr\u00e9e et du s\u00e9jour des \u00e9trangers et du droit d'asile, 30 et 31-2 du code civil, 111-4, 132-71 et 441-1 du code p\u00e9nal, 591 et 593 du code de proc\u00e9dure p\u00e9nale et du principe ne bis in idem :",
        "\"en ce que l'arr\u00eat confirmatif attaqu\u00e9 a d\u00e9clar\u00e9 M. P... coupable des faits qui lui \u00e9taient reproch\u00e9s pour les faits d'aide \u00e0 l'entr\u00e9e, \u00e0 la circulation ou au s\u00e9jour irr\u00e9guliers d'un \u00e9tranger en France, en bande organis\u00e9e, commis du 2 janvier 2010 et jusqu'au 17 mars 2014 \u00e0 Arles Tarascon et pour les faits de complicit\u00e9 d'usage de faux en \u00e9criture commis du 2 janvier 2010 et jusqu'au 17 mars 2014 \u00e0 Arles Tarascon et, en cons\u00e9quence, l'a condamn\u00e9 \u00e0 un emprisonnement d\u00e9lictuel de deux ans, a dit qu'il serait sursis partiellement pour une dur\u00e9e de six mois et a condamn\u00e9 M. P... au paiement d'une amende de 2 000 euros ;",
        "\"aux motifs que dans ses conclusions d'infirmation et de relaxe, M. P... soutient l'absence d'\u00e9l\u00e9ment mat\u00e9riel et moral ; que s'agissant de la pr\u00e9vention d'aide \u00e0 l'entr\u00e9e \u00e0 la circulation ou au s\u00e9jour d'un \u00e9tranger en France, le pr\u00e9venu soutient qu'aucun \u00e9tranger n'est concern\u00e9 dans le dossier et qu'il n'est pas concern\u00e9 par la pratique de l'acceptation des certificats d'h\u00e9bergement valid\u00e9e par le greffier en chef ni par les pratiques statistiques du service ; que s'agissant de la pr\u00e9vention de complicit\u00e9 d'usage de faux M. P... soutient qu'il n'y a aucun faux dans le dossier ; mais que la perquisition effectu\u00e9e au domicile de M. P... qui fait suite \u00e0 plusieurs mois d'interceptions et d'\u00e9coutes t\u00e9l\u00e9phoniques \u00e9difiantes, a permis la d\u00e9couverte d'un nombre important de certificats de nationalit\u00e9 fran\u00e7aise \u00e0 des identit\u00e9s diff\u00e9rentes, de certificats de r\u00e9sidence ainsi que de diverses pi\u00e8ces d'identit\u00e9 et actes de naissance ; qu'il a \u00e9t\u00e9 constat\u00e9 par les services de police que M. P... a jet\u00e9 par la fen\u00eatre, le jour de son interpellation, une enveloppe contenant divers documents d'\u00e9tat civil ; que l'enqu\u00eate a permis d'\u00e9tablir que la quasi totalit\u00e9 des certificats d'h\u00e9bergement d\u00e9couverts \u00e9taient de pure complaisance ou obtenus \u00e0 l'insu de la personne suppos\u00e9e les avoir sign\u00e9s ; qu'ils \u00e9taient ainsi manifestement destin\u00e9s \u00e0 permettre le d\u00e9p\u00f4t du dossier de certificat de nationalit\u00e9 fran\u00e7aise au tribunal d'instance de Tarascon ; que les auditions de B... IU..., GP... DR..., DW... DR... d\u00e9montrent que ces personnes ont fr\u00e9quent\u00e9 l'Association des jeunes comoriens d'Arles et ont confi\u00e9 certains documents administratifs personnels \u00e0 cette structure dans laquelle M. P... intervenait ; qu'elles ont indiqu\u00e9 n'avoir jamais autoris\u00e9 M. P... \u00e0 se servir de leurs documents pour d'autres personnes ni m\u00eame avoir r\u00e9dig\u00e9 des attestations d'h\u00e9bergement en faveur de tiers qu'ils ne connaissaient pas ; qu'ainsi AZ... J... aurait r\u00e9dig\u00e9 des attestations d'h\u00e9bergement en faveur de XL... XG... et XL... EL..., deux personnes ayant d\u00e9pos\u00e9 un dossier de demande de certificat de nationalit\u00e9 fran\u00e7aise aupr\u00e8s du tribunal d'instance de Tarascon ; qu'entendue par les services de police, Mme AZ... J... a indiqu\u00e9 ne pas conna\u00eetre XL... XG... et XL... exposant que M. V... s'\u00e9tait occup\u00e9 de ses papiers et avait acc\u00e8s \u00e0 un certain nombre de documents la concernant ; qu'elle a reconnu l'\u00e9criture de ce dernier sur le certificat d'h\u00e9bergement pr\u00e9sent\u00e9 ; que M. V... a pr\u00e9cis\u00e9 que Mme AZ... J..., son ex belle-soeur, avait accept\u00e9 de signer des certificats d'h\u00e9bergement pour rendre service \u00e0 l'association moyennant la somme de 200 euros par certificat ; que M. IU... H..., interrog\u00e9e sur le certificat d'h\u00e9bergement r\u00e9dig\u00e9 en faveur de PH... N..., dont le dossier avait \u00e9t\u00e9 d\u00e9pos\u00e9 aupr\u00e8s du tribunal d'instance de Tarascon, niait avoir r\u00e9dig\u00e9 ce document ; qu'elle avait confi\u00e9 ses pi\u00e8ces \u00e0 l'association des jeunes comoriens qu'elle fr\u00e9quentait, les \u00e9coutes t\u00e9l\u00e9phoniques r\u00e9alis\u00e9es venant en outre illustrer le r\u00f4le actif de M. P... dans la fraude r\u00e9alis\u00e9e ; qu'elles d\u00e9montrent en effet, que les personnes ayant r\u00e9dig\u00e9 des attestations d'h\u00e9bergement convoqu\u00e9es par les services de police, le contactaient afin d'obtenir des consignes de sa part ; qu'ainsi X... CJ... avait contact\u00e9 M. P... le 29 novembre 2013 en sollicitant des renseignements suite \u00e0 l'attestation d'h\u00e9bergement r\u00e9dig\u00e9e et sa convocation devant les services de police ; que de m\u00eame NI... DR... avait contact\u00e9 M. P... le 2 d\u00e9cembre 2013 qui lui avait expliqu\u00e9 ce qu'il devait dire devant les services de police et notamment le nombre de personnes qu'il \u00e9tait cens\u00e9 avoir h\u00e9berg\u00e9 ; que l'ensemble de ces \u00e9l\u00e9ments permettent d'\u00e9tablir le r\u00f4le essentiel de M. P... dans la constitution des dossiers des ressortissants comoriens, aidant ces derniers dans l'\u00e9laboration de leur demande ; qu'aucun \u00e9l\u00e9ment du dossier ne permet d'affirmer que C... HA..., DR... YT..., DR... VL..., DA... G..., G... KQ..., G... LH..., KF... D..., G... PF..., EL... TA..., PH... KX..., ZK... BJ..., PH... HW... ne seraient pas \u00e9trangers dans la mesure ou il n'est pas contest\u00e9 que les certificats de nationalit\u00e9 ont \u00e9t\u00e9 \u00e9tablis \u00e0 tort gr\u00e2ce \u00e0 l'intervention du pr\u00e9venu ; et que les investigations men\u00e9es ont permis d'\u00e9tablir les liens privil\u00e9gi\u00e9s de M. P... avec des repr\u00e9sentants locaux de l'administration comorienne qu'il sollicitait afin de faire proc\u00e9der \u00e0 des rectifications d'actes d'\u00e9tat civil ; qu'en effet les \u00e9coutes t\u00e9l\u00e9phoniques permettent de mettre en \u00e9vidence les nombreux contacts entre M. P... et T... QB..., BJ... S..., \"Le Lieutenant\", un d\u00e9nomm\u00e9 \"Abasse\" ; que la lecture des retranscriptions t\u00e9l\u00e9phoniques permet sans aucune ambigu\u00eft\u00e9 de caract\u00e9riser le r\u00f4le de M. P... pour l'obtention d'actes d'\u00e9tat civil comoriens, rectifi\u00e9s pour \u00eatre conformes et authentifi\u00e9s et permettre ainsi l'obtention du certificat de nationalit\u00e9 ; qu'il sollicite notamment que des modifications soient op\u00e9r\u00e9es concernant les dates de naissance et l'orthographe de certains noms ; que les conversations confirment \u00e9galement que des contreparties financi\u00e8res \u00e9taient exig\u00e9es en \u00e9change des services rendus, le mode op\u00e9ratoire \u00e9tant expos\u00e9 par M. P... au \"Lieutenant\" ainsi que ses conditions tarifaires ; que particuli\u00e8rement les retranscriptions des conversations avec UE... EN... sont \u00e9difiantes puisqu'il est question de l'\u00e9tablissement de documents d'\u00e9tat civil, pour un certain UR... Q..., M. P... expliquant qu'il a d\u00e9j\u00e0 des dossiers complets pour une naissance en 1973 ou 1979 et d\u00e9clarant \"en ce moment j'en ai un de 1973, il est d\u00e9j\u00e0 pr\u00eat, toutes les d\u00e9marches aux Comores sont d\u00e9j\u00e0 effectu\u00e9es, je l'ai ici ; donc, si \u00e7a l'int\u00e9resse on peut se lancer\" ; que UE... EN... devait lors de l'appel du 23 janvier 2014 lui indiquer : \"il m'a confirm\u00e9 que l'\u00e2ge que tu nous as propos\u00e9 c'est bon \u00e7a peut passer\" ; que de m\u00eame, des conversations t\u00e9l\u00e9phoniques \u00e9tablissent que des demandes en vue de modifier l'orthographe sur un acte d'\u00e9tat civil : SM... devenant IL... ; que sur ce point le pr\u00e9venu a reconnu avoir fait modifier le nom de SM... en IL... pour 300 euros en d\u00e9clarant : \"---DR... OE... m'a t\u00e9l\u00e9phon\u00e9 pour me demander de venir voir les actes de naissances de ses enfants, pour entamer des d\u00e9marches pour que ceux-ci b\u00e9n\u00e9ficient de la nationalit\u00e9 fran\u00e7aise. ---Q : Comment s'appellent ses enfants ? ---R : SM... LA..., HU... et AK... ---Q : Qu'avez-vous fait ? ---R : Je suis all\u00e9 les voir, j'ai constat\u00e9 que les actes de naissance portaient le nom de IL... au lieu de SM..., concernant les mentions l\u00e9gales il n'y avait pas de probl\u00e8me. ---J'ai indiqu\u00e9 \u00e0 la maman qu'on pouvait les d\u00e9poser mais qu'il fallait changer IL... en SM... car le p\u00e8re s'appelle SM... ---J'ai pris contact avec BJ... S... afin qu'il v\u00e9rifie \u00e0 l'\u00e9tat civil et lui ai demand\u00e9 de modifier IL... en SM.... Il a fait les modifications et les a fait l\u00e9galiser aux Comores avant de me les envoyer pour que je me charge de les l\u00e9galiser en France, au consulat des Comores \u00e0 Marseille. ---Q : Combien per\u00e7u pour cela ? ---RI : Ils m'ont rembours\u00e9 mes frais, j'ai eu environ 300 euros. ---\" ; qu'il convient \u00e9galement de rappeler in extenso les d\u00e9clarations suivantes : \"Question : --- Quand allez-vous dire la v\u00e9rit\u00e9 M. P... ? ---R\u00e9ponse : ---Ok, les gens m'appellent car ils souhaitent obtenir la nationalit\u00e9 fran\u00e7aise pour eux ou pour leurs enfants. S'ils ont d\u00e9j\u00e0 constitu\u00e9 un dossier ils me le pr\u00e9sentent, l\u00e0 je v\u00e9rifie les actes de naissance pour voir s'ils sont authentiques, c'est-\u00e0-dire, s'ils sont dans la loi de l'\u00e9tat civil comorien. Si ce n'est pas le cas je contacte BJ... S... afin de faire v\u00e9rifier ces actes aupr\u00e8s du registre de l'\u00e9tat civil et afin de les rendre authentiques en les modifiant lui-m\u00eame. Par la suite il faut faire l\u00e9galiser ces documents aupr\u00e8s du tribunal d'instance de Moroni et au minist\u00e8re des affaires \u00e9trang\u00e8res de Moroni, puis je les r\u00e9cup\u00e8re pour les faire l\u00e9galiser aupr\u00e8s du Consulat des Comores \u00e0 Marseille ou l'ambassade des Comores \u00e0 Paris. ---Q : Que faites-vous ensuite ? ---RI : je fais chercher par le candidat un h\u00e9bergement et je d\u00e9pose le dossier dans un tribunal d'instance comp\u00e9tent. ---Q/ : Avez-vous conscience M. P... qu'il s'agit de faux documents ? ---RI : Oui j'en ai conscience maintenant que je fais des faux documents ---Q/ : Combien percevez-vous pour cela ? ---RI : Cela d\u00e9pend du d\u00e9placement et du temps pass\u00e9, entre 500 et 600 euros.\" ; que M. P... a \u00e9galement d\u00e9clar\u00e9 : \" ---R/ : Des gens me proposent des actes de naissance comoriens, je fais le relais avec d'autres qui en ont besoin ---Q : Pourquoi avoir fait chang\u00e9 d'identit\u00e9 UR... HC... ? --- R/ : Je ne l'ai pas chang\u00e9 car cela n'a pas march\u00e9 ---Q : Disons avoir tent\u00e9 ? ---R/ : car je n'avais pas de date de naissance disponible \u00e0 son nom, je lui ai donc impos\u00e9 ce nom-l\u00e0 (...) ---Q : Comment faites-vous pour faire des cartes d'identit\u00e9 comorienne \u00e0 d'autre nom ? ---R : J'envoie la photo et l'acte de naissance de la personne concern\u00e9e et S... se charge de le faire---\" ; que M. P... a reconnu avoir fait appel aux services de M. HW... pour confectionner de faux documents, tels des inscriptions \u00e0 l'ANPE et pour justifier d'un h\u00e9bergement ; qu'ainsi lors de la confrontation avec M. TR... HW... il \u00e9tait relev\u00e9 les d\u00e9clarations suivantes : \"Faisons lecture \u00e0 M. P... des d\u00e9clarations faites par M. HW... TR... sur les documents retrouv\u00e9s lors de la perquisition \u00e0 son domicile ; qu'avez-vous \u00e0 dire, notamment sur les fausses factures EDF que je vous repr\u00e9sente r\u00e9ponse de M. P... : je ne me rappelle pas lui avoir donn\u00e9 ces fausses factures. Question \u00e0 M. HW... : Maintenez-vous que c'est M. P... qui vous les a remises ? ---R\u00e9ponse de HW... : oui. --",
        "-Question \u00e0 M. HW... : Reconnaissez-vous que M. DR... vous demande de faire des petites besognes et de faux documents ponctuellement ? ---R\u00e9ponse : oui. ---Question \u00e0 M. HW... : Reconnaissez avoir \u00e9tabli \u00e0 la demande de M. P... de mani\u00e8re sporadique des faux documents ? ---R\u00e9ponse : oui.\" ; que les \u00e9coutes suivantes m\u00e9ritent \u00e9galement d'\u00eatre int\u00e9gralement rappel\u00e9es : \"si je n'arrive pas \u00e0 t'avoir j'enverrai l'argent par transfert et j'appellerai IL... pour lui donner le code (D1414) Donne leur rendez-vous jeudi on enverra l'argent (D1422) on n'a pas envoy\u00e9 la totalit\u00e9 mais on a envoy\u00e9 que 320 euros... le reste suivra (D1426) c'est une discussion entre toi et moi ... on peut discuter sur 4 ou 5 ou 2 16 millions (D1440) je te passe l'argent et ensuite tu n\u00e9gocies avec elle. Je vais appeler aux Comores pour leur demander de m'envoyer 2 000 euros pour P.... (D1444) il y a des gens du village de V. qui sont arriv\u00e9s l\u00e0-bas et doivent venir te voir te remettre l'argent pour que tu leur fasses un livret de famille et des certificats de r\u00e9sidence (D1449) nous avons n\u00e9goci\u00e9 que chaque papier sorti \u00e7a sera 10 000 euros donc pour les 3 enfants \u00e7a sera 30 000 euros cash une fois les papiers sortis (DJ462)\" ; qu'interrog\u00e9 sur cette \u00e9coute M. P... s'est content\u00e9 de r\u00e9pondre : \"je ne reconnais pas avoir de telles sommes d'argent pour cela. Aux Comores il faut toujours donner de l'argent pour avoir des papiers. Il y a aussi des frais de d\u00e9placement en taxi-brousse par exemple. Pour l\u00e9galiser aussi il faut payer. Je n'ai jamais vendu de dossier et je n'ai jamais parl\u00e9 de 10 000 euros et c'est peut-\u00eatre des francs comoriens\" ;",
        "\"et aux motifs que l'enqu\u00eate a ainsi permis d'\u00e9tablir que sous pr\u00e9texte d'oeuvrer pour des associations \u00e0 but humanitaire - l'association des Jeunes Comoriens ou l'association France Comores - M. P... a mis en place un r\u00e9seau national et international qui avait pour seule finalit\u00e9 de permettre \u00e0 des ressortissants comoriens dont la filiation ne le permettait pas, d'obtenir la d\u00e9livrance d'un certificat de nationalit\u00e9 fran\u00e7aise ; que ce r\u00e9seau constitue manifestement une bande organis\u00e9e au sens des dispositions de l'article 132-71 du code p\u00e9nal, s'agissant d'une entente \u00e9tablie en vue de permettre la d\u00e9livrance de certificats de nationalit\u00e9 juridiquement infond\u00e9s, caract\u00e9ris\u00e9e par un ou plusieurs faits mat\u00e9riels en l'esp\u00e8ce notamment de nombreux contacts t\u00e9l\u00e9phoniques et des transmissions de documents ; que c'est \u00e0 juste titre que le tribunal, en l'\u00e9tat des d\u00e9clarations recueillies et des constatations mat\u00e9rielles tirant des circonstances de la cause les cons\u00e9quences juridiques qui s'imposaient, a retenu la culpabilit\u00e9 du pr\u00e9venu sur les deux infractions vis\u00e9es par la pr\u00e9vention ; qu'en cons\u00e9quence, la d\u00e9cision d\u00e9f\u00e9r\u00e9e sera confirm\u00e9e de ce chef ;",
        "\"1\u00b0) alors que la charge de la preuve de l'extran\u00e9it\u00e9 que suppose le d\u00e9lit de facilitation de l'entr\u00e9e, de la circulation ou du s\u00e9jour irr\u00e9guliers incombe \u00e0 celui qui conteste la qualit\u00e9 de fran\u00e7ais \u00e0 un individu titulaire d'un certificat de nationalit\u00e9 fran\u00e7aise ; qu'en retenant qu'\"aucun \u00e9l\u00e9ment du dossier ne permet[tait] d'affirmer que C... HA..., DR... YT..., DR... VL..., DA... G..., G... KQ..., G... LH..., KF... D..., G... PF..., EL... TA..., PH... KX..., ZK... BJ..., PH... HW... ne seraient pas \u00e9trangers dans la mesure o\u00f9 il n'[\u00e9tait] pas contest\u00e9 que les certificats de nationalit\u00e9 [avaient] \u00e9t\u00e9 \u00e9tablis \u00e0 tort\", quand les certificats d\u00e9livr\u00e9s n'avaient pas m\u00eame fait l'objet d'une action en annulation par le minist\u00e8re public, en sorte qu'ils faisaient foi de la nationalit\u00e9 fran\u00e7aise des personnes qu'il \u00e9tait reproch\u00e9 au pr\u00e9venu d'avoir aid\u00e9es, la cour d'appel a invers\u00e9 la charge de la preuve et viol\u00e9 les textes susvis\u00e9s ;",
        "\"2\u00b0) alors qu'en toute hypoth\u00e8se, le juge r\u00e9pressif ne peut d\u00e9clarer un pr\u00e9venu coupable d'une infraction sans en avoir caract\u00e9ris\u00e9 tous les \u00e9l\u00e9ments constitutifs et que le d\u00e9lit de facilitation de l'entr\u00e9e, de la circulation ou du s\u00e9jour irr\u00e9guliers d'un \u00e9tranger en France suppose l'irr\u00e9gularit\u00e9 de l'entr\u00e9e, de la circulation ou du s\u00e9jour ; qu'en d\u00e9clarant M. P... coupable de ce d\u00e9lit, sans caract\u00e9riser le fait que les personnes concern\u00e9es \u00e9taient entr\u00e9es irr\u00e9guli\u00e8rement en France ou qu'elles \u00e9taient d\u00e9pourvues de titre les autorisant \u00e0 y s\u00e9journer ou \u00e0 y circuler, et en d\u00e9duisant ainsi l'irr\u00e9gularit\u00e9 de leur pr\u00e9sence sur le territoire national de leur seule extran\u00e9it\u00e9, la cour d'appel n'a pas l\u00e9galement justifi\u00e9 sa d\u00e9cision ;",
        "\"3\u00b0) alors que des faits qui proc\u00e8dent de mani\u00e8re indissociable d'une action unique caract\u00e9ris\u00e9e par une seule intention coupable ne peuvent donner lieu, contre le m\u00eame pr\u00e9venu, \u00e0 deux d\u00e9clarations de culpabilit\u00e9 de nature p\u00e9nale, fussent-elles concomitantes ; que M. P... \u00e9tait poursuivi, d'une part, pour avoir \"aid\u00e9 \u00e0 l'entr\u00e9e, \u00e0 la circulation ou au s\u00e9jour d'un \u00e9tranger en France [...] notamment en d\u00e9posant ou en faisant d\u00e9poser aupr\u00e8s du greffier du service des nationalit\u00e9s du tribunal d'instance de Tarascon rendu comp\u00e9tent par la production de faux certificats d'h\u00e9bergement et de fausses factures, des dossiers qui sans l'intervention de ce fonctionnaire auraient d\u00fb faire l'objet de refus\" et, d'autre part, pour s'\u00eatre \"rendu complice par aide ou assistance d'usage de faux en l'esp\u00e8ce en remettant pour la constitution de dossiers de demandes de certificats de nationalit\u00e9 des faux certificats d'h\u00e9bergement [...], des fausses factures EDF [...] [et] de fausses factures de t\u00e9l\u00e9phone\" ; qu'en le d\u00e9clarant coupable de ces deux chefs, sans retenir des faits constitutifs de complicit\u00e9 d'usage de faux distincts de ceux de d\u00e9p\u00f4t au greffe du tribunal d'instance, \u00e0 l'appui de demandes de certificat de nationalit\u00e9 fran\u00e7aise, de faux certificats d'h\u00e9bergement et de fausses factures pour lesquels elle a d\u00e9clar\u00e9 le pr\u00e9venu coupable d'aide \u00e0 l'entr\u00e9e, \u00e0 la circulation ou au s\u00e9jour irr\u00e9gulier d'un \u00e9tranger en France, et quand il r\u00e9sultait de ses propres constatations que les deux infractions relevaient de la m\u00eame intention coupable, la cour d'appel a viol\u00e9 les textes et le principe susvis\u00e9s\" ;",
        "Les moyens \u00e9tant r\u00e9unis ;",
        "Sur les deux premi\u00e8res branches des moyens :"
    ],
    "decision-7": [
        "Attendu que, pour d\u00e9clarer M. P... coupable des faits qui lui sont reproch\u00e9s, l'arr\u00eat rel\u00e8ve notamment que la perquisition effectu\u00e9e \u00e0 son domicile a permis la d\u00e9couverte d'un nombre important de certificats de nationalit\u00e9 fran\u00e7aise \u00e0 des identit\u00e9s diff\u00e9rentes, de certificats de r\u00e9sidence, ainsi que de diverses pi\u00e8ces d'identit\u00e9 et actes de naissance, que l'enqu\u00eate a permis d'\u00e9tablir que la quasi totalit\u00e9 des certificats d'h\u00e9bergement d\u00e9couverts \u00e9tait de pure complaisance ou obtenue \u00e0 l'insu de la personne suppos\u00e9e les avoir sign\u00e9s, qu'aucun \u00e9l\u00e9ment du dossier ne permet d'affirmer que C... HA..., DR... YT..., DR... VL..., L... HU... G..., G... KQ..., G... LH..., KF... D..., G... PF..., EL... TA..., PH... KX..., ZK... BJ..., PH... HW... ne seraient pas \u00e9trangers dans la mesure o\u00f9 il n'est pas contest\u00e9 que les certificats de nationalit\u00e9 ont \u00e9t\u00e9 \u00e9tablis \u00e0 tort gr\u00e2ce \u00e0 l'intervention du pr\u00e9venu, que l'enqu\u00eate a ainsi permis d'\u00e9tablir que sous pr\u00e9texte d'oeuvrer pour des associations \u00e0 but humanitaire, M. P... a mis en place un r\u00e9seau national et international qui avait pour seule finalit\u00e9 de permettre \u00e0 des ressortissants comoriens dont la filiation ne le permettait pas d'obtenir la d\u00e9livrance d'un certificat de nationalit\u00e9 fran\u00e7aise ; que, pour infirmer le jugement et d\u00e9clarer Mme I... coupable des faits qui lui sont reproch\u00e9s, l'arr\u00eat rel\u00e8ve qu'il r\u00e9sulte de la proc\u00e9dure et des d\u00e9bats que l'int\u00e9ress\u00e9e a syst\u00e9matiquement mis en forme les dossiers d\u00e9pos\u00e9s par son interm\u00e9diaire, pr\u00e9parant les certificats de nationalit\u00e9 fran\u00e7aise qu'elle a soumis \u00e0 la signature d'un greffier en chef qu'elle savait peu au fait des questions de nationalit\u00e9, que les certificats vis\u00e9s ont \u00e9t\u00e9 \u00e9tablis \u00e0 tort dans la mesure o\u00f9 la filiation des demandeurs n'\u00e9tait pas \u00e9tablie, que Mme I... a accept\u00e9 en toute connaissance de cause que la comp\u00e9tence du tribunal de Tarascon soit rendue possible par la production de certificats d'h\u00e9bergement douteux et n'a pas tenu compte de la r\u00e8gle selon laquelle la seule filiation reconnue aux Comores \u00e9tait la filiation l\u00e9gitime, que son anciennet\u00e9 au service et ses capacit\u00e9s reconnues par ses sup\u00e9rieurs hi\u00e9rarchiques ne lui permettent pas de se retrancher ni derri\u00e8re une incomp\u00e9tence ni derri\u00e8re l'autorit\u00e9 du greffier en chef dont elle savait qu'il lui faisait enti\u00e8rement confiance, qu'il ne lui est pas reproch\u00e9 d'avoir elle-m\u00eame sign\u00e9 les certificats de nationalit\u00e9 mais d'avoir, en les pr\u00e9parant, permis qu'ils soient sign\u00e9s \u00e0 tort par le greffier en chef, qu'aucune explication s\u00e9rieuse n'a pu \u00eatre donn\u00e9e pour justifier l'absence d'enregistrement r\u00e9gulier des dossiers des ressortissants comoriens, qu'aucun \u00e9l\u00e9ment du dossier ne permet d'affirmer que les personnes concern\u00e9es par ces certificats ne seraient pas \u00e9trang\u00e8res dans la mesure o\u00f9 il n'est pas contest\u00e9 que les certificats de nationalit\u00e9 ont \u00e9t\u00e9 \u00e9tablis \u00e0 tort ; que les juges ajoutent que la pr\u00e9venue, en contrepartie de son intervention, a pu, avec ses compagnons, effectuer sans frais des voyages, l'un aux Comores et l'autre \u00e0 Dubai, le pr\u00e9texte humanitaire donn\u00e9 \u00e0 ces d\u00e9placements dont le co\u00fbt peut \u00eatre fix\u00e9 au moins \u00e0 3 000 euros restant \u00e0 d\u00e9montrer ;",
        "Attendu qu'en disposant ainsi, et d\u00e8s lors que, d'une part, le d\u00e9lit d'aide \u00e0 l'entr\u00e9e ou au s\u00e9jour d'un \u00e9tranger en France ne suppose pas, pour \u00eatre \u00e9tabli, qu'un \u00e9tranger ait fait l'objet de poursuites p\u00e9nales du chef d'entr\u00e9e ou s\u00e9jour irr\u00e9gulier, l'article L. 621-1 du code de l'entr\u00e9e et du s\u00e9jour irr\u00e9gulier, incriminant l'action de faciliter ou tenter de faciliter l'entr\u00e9e ou le s\u00e9jour, d'autre part, les certificats de nationalit\u00e9 fran\u00e7aise \u00e9tablis sur la base de faux documents ne peuvent faire foi de la nationalit\u00e9 de ceux qu'ils concernent, la cour d'appel a justifi\u00e9 sa d\u00e9cision ;",
        "D'o\u00f9 il suit que les griefs, qui reviennent \u00e0 remettre en question l'appr\u00e9ciation souveraine, par les juges du fond, des faits et circonstances de la cause, ainsi que des \u00e9l\u00e9ments de preuve contradictoirement d\u00e9battus, ne sauraient \u00eatre accueillis ;",
        "Sur la troisi\u00e8me branche du second moyen d\u00e9pos\u00e9 pour M. P... :",
        "Attendu que les qualifications retenues \u00e0 l'encontre de M. P..., d'aide \u00e0 l'entr\u00e9e et au s\u00e9jour irr\u00e9gulier d'\u00e9trangers en France en bande organis\u00e9e et de complicit\u00e9 d'usage de faux, ne se rapportant pas aux m\u00eames personnes et ne concernant pas les m\u00eames faits, l'arr\u00eat n'encourt pas le grief all\u00e9gu\u00e9 ;",
        "D'o\u00f9 il suit que les moyens ne peuvent \u00eatre accueillis ;"
    ],
    "decision-8": [
        "\"Sur le troisi\u00e8me moyen de cassation propos\u00e9 pour Mme I..., pris de la violation des articles 6, \u00a7 1, 3, a, et 7 de la Convention europ\u00e9enne des droits de l'homme, L. 622-1 et L. 622-5 du code de l'entr\u00e9e et du s\u00e9jour des \u00e9trangers et du droit d'asile, 111-4 et 132-71 du code p\u00e9nal, 388, 485, 512, 591 et 593 du code de proc\u00e9dure p\u00e9nale :",
        "\"en ce que l'arr\u00eat attaqu\u00e9 a infirm\u00e9 le jugement d\u00e9f\u00e9r\u00e9, d\u00e9clar\u00e9 Mme I... coupable du d\u00e9lit d'aide \u00e0 l'entr\u00e9e, au s\u00e9jour ou \u00e0 la circulation irr\u00e9guliers d'un \u00e9tranger en France, commis en bande organis\u00e9e, et l'a, en cons\u00e9quence, condamn\u00e9e \u00e0 la peine de six mois d'emprisonnement avec sursis ;",
        "\"aux \u00e9nonciations que Mme I... \u00e9tait poursuivie pour avoir \u00e0 Tarascon du 2 janvier 2010 jusqu'au 3 septembre 2012 en tout cas sur le territoire national et depuis temps non couvert par la prescription, alors en sa qualit\u00e9 d'agent administratif faisant fonction de greffier en charge du service des nationalit\u00e9s au sein du tribunal d'instance de Tarascon, aid\u00e9 \u00e0 l'entr\u00e9e \u00e0 la circulation ou au s\u00e9jour d'un \u00e9tranger en France en acceptant de r\u00e9aliser et d'\u00e9diter des certificats de nationalit\u00e9 fran\u00e7aise pour des personnes originaires des Comores qui en raison de leur situation et de leur filiation auraient d\u00fb se voir opposer des refus, faits s'inscrivant en agissant notamment par le biais d'une association qui se disait humanitaire dont elle \u00e9tait la secr\u00e9taire g\u00e9n\u00e9rale et plus particuli\u00e8rement en \u00e9ditant des certificats de nationalit\u00e9 fran\u00e7aise au nom de C... HA..., DR... YT..., DR... VL..., DA... G..., G... KQ..., G... LH..., KF... D..., G... PF..., EL... TA..., PH... KX..., ZK... BJ..., PH... HW... alors qu'aucune filiation l\u00e9gitime n'\u00e9tait \u00e9tablie, EL... ZV..., EN... UE..., faits pr\u00e9vus par les articles L. 622-5, 1\u00b0, 2\u00b0 et 3\u00b0, du code des \u00e9trangers et 132-71 du code p\u00e9nal et r\u00e9prim\u00e9s par les articles L. 622-3, 622-5, 622-6, 622-7 du code des \u00e9trangers ;",
        "\"aux motifs que, sur les faits reproch\u00e9s \u00e0 Mme I..., Mme I... demande la confirmation de sa relaxe en soutenant l'absence d'\u00e9l\u00e9ment mat\u00e9riel et intentionnel ; que s'agissant de ses fonctions et de son r\u00f4le au sein du tribunal d'instance Mme I... rappelle qu'elle \u00e9tait adjointe administrative faisant fonction de greffi\u00e8re et n'avait aucun r\u00f4le d\u00e9cisionnel ; que son chef de service \u00e9tait au courant notamment pour les certificats d'h\u00e9bergement, le mode op\u00e9ratoire sp\u00e9cifique aux Comoriens \u00e9tant valid\u00e9 par la hi\u00e9rarchie ; que s'agissant de la nationalit\u00e9 des b\u00e9n\u00e9ficiaires des certificats de nationalit\u00e9, il n'est pas d\u00e9montr\u00e9 que ceux-ci soient \u00e9trangers, le certificat de nationalit\u00e9 d\u00e9livr\u00e9 ayant force probante du contraire ; qu'elle n'a pas \u00e9dit\u00e9 les certificats de nationalit\u00e9 car seul le greffier en chef pouvait le faire en signant ; que comme le dit M. P... elle ne savait pas ce qui se passait \"au-dessous\" de sorte qu'elle ne pouvait avoir apport\u00e9 sciemment une aide directe ou indirecte au s\u00e9jour irr\u00e9gulier ; mais qu'il r\u00e9sulte de la proc\u00e9dure et des d\u00e9bats que M. P... a fait appel \u00e0 Mme I... qui a syst\u00e9matiquement mis en forme les dossiers d\u00e9pos\u00e9s par son interm\u00e9diaire pr\u00e9parant les certificats de nationalit\u00e9 fran\u00e7aise qu'elle soumettait \u00e0 la signature d'un greffier un chef qu'elle savait peu au fait des questions de nationalit\u00e9 ; qu'il est \u00e9tabli que les certificats de nationalit\u00e9 fran\u00e7aise \u00e9tablis par l'interm\u00e9diaire de Mme I... au nom de C... HA..., DR... YT..., DR... VL..., DA... G..., G... KQ..., G... LH..., KF... D..., G... PF..., EL... TA..., PH... KX..., ZK... BJ..., PH... HW... puis sign\u00e9s par le greffier en chef M. Y... ont \u00e9t\u00e9 \u00e9tablis \u00e0 tort dans la mesure o\u00f9 la filiation des demandeurs n'\u00e9tait pas \u00e9tablie ; que cet \u00e9l\u00e9ment essentiel apparaissait \u00e0 l'examen du dossier ; qu'au contraire Mme I... a accept\u00e9 en toute connaissance de cause que la comp\u00e9tence du tribunal de Tarascon soit rendue possible par la production de certificats d'h\u00e9bergement douteux et n'a pas tenu compte de la r\u00e8gle selon laquelle la seule filiation reconnue aux Comores \u00e9tait la filiation l\u00e9gitime ; que son anciennet\u00e9 au service et ses capacit\u00e9s reconnues par ses sup\u00e9rieurs hi\u00e9rarchiques ne lui permettent pas de se retrancher ni derri\u00e8re une incomp\u00e9tence ni derri\u00e8re l'autorit\u00e9 du greffier en chef dont elle savait qu'il lui faisait enti\u00e8rement confiance ; qu'il convient d'ailleurs de rappeler qu'il ne lui est pas reproch\u00e9 d'avoir elle-m\u00eame sign\u00e9 les certificats de nationalit\u00e9 mais d'avoir, en les pr\u00e9parant, permis qu'ils soient sign\u00e9s \u00e0 tort par M. Y... ; qu'aucune explication s\u00e9rieuse n'a pu \u00eatre donn\u00e9e pour justifier l'absence d'enregistrement r\u00e9gulier des dossiers des ressortissants comoriens ; qu'aucun \u00e9l\u00e9ment du dossier ne permet d'affirmer que C... HA..., DR... YT..., DR... VL..., DA... G..., G... KQ..., G... LH..., KF... D..., G... PF..., EL... TA..., PH... KX..., ZK... BJ..., PH... HW... ne seraient pas \u00e9trangers dans la mesure o\u00f9 il n'est pas contest\u00e9 que les certificats de nationalit\u00e9 ont \u00e9t\u00e9 \u00e9tablis \u00e0 tort ; que Mme I... en contrepartie de son intervention a pu, avec ses compagnons, effectuer sans frais des voyages, l'un aux Comores et l'autre \u00e0 Dubai, le pr\u00e9texte humanitaire donn\u00e9 \u00e0 ces d\u00e9placements dont le co\u00fbt peut \u00eatre fix\u00e9 au moins \u00e0 3 000 euros restant \u00e0 d\u00e9montrer ; qu'au regard de ce qui pr\u00e9c\u00e8de la cour infirmera le jugement en ce qu'il n'a pas retenu la culpabilit\u00e9 de Mme I... et la d\u00e9clarera coupable des faits qui lui sont reproch\u00e9s ;",
        "\"1\u00b0) alors que le dispositif \u00e9nonce les textes de loi appliqu\u00e9s ; qu'en d\u00e9clarant Mme I... \"coupable des faits qui lui [\u00e9taient] reproch\u00e9s\", sans \u00e9noncer dans le dispositif les textes d'incrimination et de p\u00e9nalit\u00e9 appliqu\u00e9s, cependant qu'aucun texte n'est indiqu\u00e9 dans les motifs de l'arr\u00eat et que le rappel de la pr\u00e9vention, conforme aux dispositions de l'ordonnance de renvoi, pr\u00e9sente une discordance entre l'\u00e9nonciation litt\u00e9rale des faits reproch\u00e9s, qui ne mentionne aucune circonstance aggravante, et les textes qu'il vise, relatifs au seul d\u00e9lit commis en bande organis\u00e9e, ce dont il r\u00e9sulte une incertitude sur le point de savoir si la pr\u00e9venue a ou non \u00e9t\u00e9 condamn\u00e9e pour le d\u00e9lit aggrav\u00e9, la cour d'appel a viol\u00e9 les textes susvis\u00e9s ;",
        "\"2\u00b0) alors qu'en toute hypoth\u00e8se, les juges ne peuvent statuer que sur les faits dont ils sont saisis ; qu'en d\u00e9clarant Mme I... coupable d'un d\u00e9lit commis en bande organis\u00e9e, quand cette circonstance aggravante avait fait l'objet, dans l'ordonnance de renvoi, d'un non-lieu partiel, en sorte que la juridiction correctionnelle n'en \u00e9tait pas saisie, la cour d'appel a viol\u00e9 les textes susvis\u00e9s ;",
        "\"3\u00b0) alors qu'en toute hypoth\u00e8se, le juge r\u00e9pressif ne peut prononcer une peine sans avoir relev\u00e9 tous les \u00e9l\u00e9ments constitutifs de l'infraction qu'il r\u00e9prime ; qu'en d\u00e9clarant la pr\u00e9venue coupable d'un d\u00e9lit commis en bande organis\u00e9e, sans que l'arr\u00eat ne comporte aucune constatation permettant de caract\u00e9riser un groupement form\u00e9 ou une entente \u00e9tablie envue de la pr\u00e9paration, caract\u00e9ris\u00e9e par un ou plusieurs faits mat\u00e9riels, d'une ou plusieurs infractions, la cour d'appel n'a pas justifi\u00e9 sa d\u00e9cision ;"
    ],
    "decision-9": [
        "Attendu qu'en d\u00e9pit d'une erreur mat\u00e9rielle portant sur le visa des articles de pr\u00e9vention, la Cour de cassation est en mesure de s'assurer que Mme I..., renvoy\u00e9e devant le tribunal correctionnel du chef d'aide \u00e0 l'entr\u00e9e ou au s\u00e9jour d'un \u00e9tranger en France, a \u00e9t\u00e9 condamn\u00e9e de ce chef sans qu'il en soit r\u00e9sult\u00e9 pour elle aucune incertitude sur l'objet de la pr\u00e9vention ;",
        "D'o\u00f9 il suit que le moyen ne peut \u00eatre accueilli ;"
    ],
    "decision-10": [
        "Mais sur le quatri\u00e8me moyen de cassation propos\u00e9 pour Mme I..., pris de la violation des articles 6 et 7 de la Convention europ\u00e9enne des droits de l'homme, 132-1 du code p\u00e9nal, 485, 512, 591 et 593 du code de proc\u00e9dure p\u00e9nale :",
        "\"en ce que l'arr\u00eat attaqu\u00e9 a condamn\u00e9 Mme I... \u00e0 la peine de six mois d'emprisonnement avec sursis ;",
        "\"aux motifs que le bulletin n\u00b0 1 du casier judiciaire de la pr\u00e9venue ne mentionne pas de condamnation ; qu'au regard des circonstances particuli\u00e8res de l'esp\u00e8ce la cour consid\u00e8re que la peine de six mois d'emprisonnement avec sursis constituera une sanction bien proportionn\u00e9e \u00e0 la gravit\u00e9 des faits et bien adapt\u00e9e \u00e0 la personnalit\u00e9 de l'int\u00e9ress\u00e9e ;",
        "\"alors qu'en mati\u00e8re correctionnelle, toute peine doit \u00eatre motiv\u00e9e en tenant compte de la gravit\u00e9 des faits, de la personnalit\u00e9 de leur auteur et de sa situation personnelle, que tout jugement ou arr\u00eat doit comporter les motifs propres \u00e0 justifier la d\u00e9cision et que l'insuffisance ou la contradiction des motifs \u00e9quivaut \u00e0 leur absence ; qu'en se bornant \u00e0 relever, pour condamner Mme I... \u00e0 la peine de six mois d'emprisonnement avec sursis, qu'elle n'avait jamais \u00e9t\u00e9 condamn\u00e9e et que cette sanction \u00e9tait \"bien proportionn\u00e9e \u00e0 la gravit\u00e9 des faits et bien adapt\u00e9e \u00e0 la personnalit\u00e9 de l'int\u00e9ress\u00e9e\", sans s'expliquer concr\u00e8tement sur la situation personnelle de la pr\u00e9venue ni sur la gravit\u00e9 des faits et sans mieux le faire sur sa personnalit\u00e9, la cour d'appel a viol\u00e9 les textes susvis\u00e9s\" ;"
    ],
    "decision-11": [
        "Vu l'article 132-1 du code p\u00e9nal, et les articles 485, 512 et 593 du code de proc\u00e9dure p\u00e9nale ;",
        "Attendu qu'en mati\u00e8re correctionnelle, toute peine doit \u00eatre motiv\u00e9e en tenant compte de la gravit\u00e9 des faits, de la personnalit\u00e9 de leur auteur et de sa situation personnelle ;",
        "Attendu que tout jugement ou arr\u00eat doit comporter les motifs propres \u00e0 justifier la d\u00e9cision ; que l'insuffisance ou la contradiction des motifs \u00e9quivaut \u00e0 leur absence ;",
        "Attendu que, pour condamner Mme I... \u00e0 la peine de six mois d'emprisonnement avec sursis, l'arr\u00eat \u00e9nonce que son bulletin num\u00e9ro un du casier judiciaire ne mentionne pas de condamnation et qu'au regard des circonstances particuli\u00e8res de l'esp\u00e8ce la cour consid\u00e8re que la peine de six mois d'emprisonnement avec sursis constituera une sanction bien proportionn\u00e9e \u00e0 la gravit\u00e9 des faits et bien adapt\u00e9e \u00e0 la personnalit\u00e9 de l'int\u00e9ress\u00e9e ;",
        "Mais attendu qu'en pronon\u00e7ant ainsi, sans mieux s'expliquer, par des \u00e9l\u00e9ments tir\u00e9s de l'esp\u00e8ce, sur la gravit\u00e9 des faits et sur la personnalit\u00e9 de la pr\u00e9venue et sa situation personnelle, la cour d'appel n'a pas justifi\u00e9 sa d\u00e9cision ;",
        "D'o\u00f9 il suit que la cassation est encourue de ce chef ;"
    ],
    "decision-12": [
        "Par ces motifs :",
        "I. Sur le pourvoi de M. P... :",
        "Le REJETTE ;",
        "II. Sur le pourvoi de Mme I... :",
        "CASSE et ANNULE l'arr\u00eat susvis\u00e9 de la cour d'appel d'Aix-en-Provence, en date du 20 d\u00e9cembre 2017, mais en ses seules dispositions relatives \u00e0 la peine \u00e0 laquelle Mme I... a \u00e9t\u00e9 condamn\u00e9e, toutes autres dispositions \u00e9tant express\u00e9ment maintenues ;",
        "Et pour qu'il soit \u00e0 nouveau statu\u00e9, conform\u00e9ment \u00e0 la loi, dans les limites de la cassation ainsi prononc\u00e9e ;",
        "RENVOIE la cause et les parties devant la cour d'appel d'Aix-en-Provence, autrement compos\u00e9e, \u00e0 ce d\u00e9sign\u00e9e par d\u00e9lib\u00e9ration sp\u00e9ciale prise en chambre du conseil ;",
        "ORDONNE l'impression du pr\u00e9sent arr\u00eat, sa transcription sur les registres du greffe de la cour d'appel d'Aix-en-Provence et sa mention en marge ou \u00e0 la suite de l'arr\u00eat partiellement annul\u00e9 ;",
        "Ainsi fait et jug\u00e9 par la Cour de cassation, chambre criminelle, et prononc\u00e9 par le pr\u00e9sident le vingt f\u00e9vrier deux mille dix-neuf ;",
        "En foi de quoi le pr\u00e9sent arr\u00eat a \u00e9t\u00e9 sign\u00e9 par le pr\u00e9sident, le rapporteur et le greffier de chambre."
    ]
}