{
    "decision-0": [
        "CIV. 1",
        "MY1",
        "COUR DE CASSATION",
        "______________________",
        "Audience publique du 19 septembre 2019",
        "Cassation partielle sans renvoi",
        "Mme BATUT, pr\u00e9sident",
        "Arr\u00eat n\u00b0 731 FS-P+B",
        "Pourvoi n\u00b0 T 18-18.741",
        "Aide juridictionnelle totale en demande",
        "au profit de M. W....",
        "Admission du bureau d'aide juridictionnelle",
        "pr\u00e8s la Cour de cassation",
        "en date du 15 mai 2018.",
        "R \u00c9 P U B L I Q U E F R A N \u00c7 A I S E",
        "_________________________",
        "AU NOM DU PEUPLE FRAN\u00c7AIS",
        "_________________________",
        "LA COUR DE CASSATION, PREMI\u00c8RE CHAMBRE CIVILE, a rendu l'arr\u00eat suivant :",
        "Statuant sur le pourvoi form\u00e9 par M. H... W..., domicili\u00e9 chez M. T... Y...[...],",
        "contre l'ordonnance rendue le 26 f\u00e9vrier 2018 par le premier pr\u00e9sident de la cour d'appel de Paris (p\u00f4le 2, chambre 11), dans le litige l'opposant :",
        "1\u00b0/ au procureur de la R\u00e9publique pr\u00e8s le tribunal de grande instance de Paris, domicili\u00e9 en son parquet, [...],",
        "2\u00b0/ au pr\u00e9fet de police, domicili\u00e9 [...],",
        "d\u00e9fendeurs \u00e0 la cassation ;",
        "Le demandeur invoque, \u00e0 l'appui de son pourvoi, le moyen unique de cassation annex\u00e9 au pr\u00e9sent arr\u00eat ;",
        "Vu la communication faite au procureur g\u00e9n\u00e9ral ;",
        "LA COUR, compos\u00e9e conform\u00e9ment \u00e0 l'article R. 431-5 du code de l'organisation judiciaire, en l'audience publique du 25 juin 2019, o\u00f9 \u00e9taient pr\u00e9sents : Mme Batut, pr\u00e9sident, Mme Gargoullaud, conseiller r\u00e9f\u00e9rendaire rapporteur, Mme Auroy, conseiller doyen, M. Hascher, Mme Reygner, M. Vigneau, Mme Bozzi, M. Acquaviva, conseillers, Mmes Le Cotty, Azar, Feydeau-Thieffry, conseillers r\u00e9f\u00e9rendaires, M. Sassoust, avocat g\u00e9n\u00e9ral, Mme Pecquenard, greffier de chambre ;",
        "Sur le rapport de Mme Gargoullaud, conseiller r\u00e9f\u00e9rendaire, les observations de la SARL Cabinet Briard, avocat de M. W..., l'avis de M. Sassoust, avocat g\u00e9n\u00e9ral, et apr\u00e8s en avoir d\u00e9lib\u00e9r\u00e9 conform\u00e9ment \u00e0 la loi ;"
    ],
    "decision-1": [
        "Sur le moyen unique, pris en sa premi\u00e8re branche :"
    ],
    "decision-2": [
        "Vu les articles L. 551-2 et L. 611-1-1 du code de l'entr\u00e9e et du s\u00e9jour des \u00e9trangers et du droit d'asile ;",
        "Attendu qu'il r\u00e9sulte de ces textes que, si la notification de la d\u00e9cision de placement en r\u00e9tention peut intervenir d\u00e8s la fin d'un contr\u00f4le d'identit\u00e9, sans que l'\u00e9tranger soit plac\u00e9 en retenue, c'est \u00e0 la condition qu'aucune op\u00e9ration pr\u00e9alable de v\u00e9rification de son droit de circulation ou de s\u00e9jour ne soit n\u00e9cessaire ;"
    ],
    "decision-3": [
        "Attendu, selon l'ordonnance attaqu\u00e9e rendue par le premier pr\u00e9sident d'une cour d'appel, et les pi\u00e8ces de la proc\u00e9dure, que, le 21 f\u00e9vrier 2018, M. W..., de nationalit\u00e9 alg\u00e9rienne, en situation irr\u00e9guli\u00e8re en France, a \u00e9t\u00e9 interpell\u00e9 \u00e0 l'occasion d'un contr\u00f4le d'identit\u00e9 et invit\u00e9 \u00e0 suivre les fonctionnaires de police au commissariat o\u00f9 lui ont \u00e9t\u00e9 notifi\u00e9es deux d\u00e9cisions du pr\u00e9fet portant obligation de quitter le territoire fran\u00e7ais et placement en r\u00e9tention ; que le juge des libert\u00e9s et de la d\u00e9tention a \u00e9t\u00e9 saisi par M. W... d'une contestation de la d\u00e9cision de placement en r\u00e9tention et par le pr\u00e9fet d'une demande de prolongation de cette mesure ;",
        "Attendu que, pour ordonner le maintien de la mesure, l'ordonnance retient qu'en l'absence d'acte d'investigation n\u00e9cessaire, la mise \u00e0 disposition est une mesure r\u00e9guli\u00e8re qui a dur\u00e9 trois heures cinquante-cinq, temps n\u00e9cessaire pour effectuer le transport, l'audition et la formalisation des d\u00e9cisions administratives, et que l'int\u00e9ress\u00e9 a \u00e9t\u00e9 inform\u00e9 de la r\u00e9ponse de la pr\u00e9fecture de police indiquant qu'une mesure administrative serait \u00e9ventuellement prise \u00e0 son encontre apr\u00e8s audition ;"
    ],
    "decision-4": [
        "Qu'en statuant ainsi, alors qu'il r\u00e9sultait de ses constatations qu'une mesure d'enqu\u00eate avait \u00e9t\u00e9 n\u00e9cessaire avant la d\u00e9cision d'\u00e9loignement qui justifiait la r\u00e9tention, le premier pr\u00e9sident a viol\u00e9 les textes susvis\u00e9s ;",
        "Et vu les articles L. 411-3 du code de l'organisation judiciaire et 1015 du code de proc\u00e9dure civile ;"
    ],
    "decision-5": [
        "PAR CES MOTIFS et sans qu'il y ait lieu de statuer sur l'autre branche du moyen :",
        "CASSE ET ANNULE, sauf en ce qu'elle d\u00e9clare les requ\u00eates recevables, l'ordonnance rendue le 26 f\u00e9vrier 2018, entre les parties, par le premier pr\u00e9sident de la cour d'appel de Paris ;",
        "DIT n'y avoir lieu \u00e0 renvoi ;",
        "Vu l'article 700 du code de proc\u00e9dure civile, rejette la demande ;",
        "Dit que sur les diligences du procureur g\u00e9n\u00e9ral pr\u00e8s la Cour de cassation, le pr\u00e9sent arr\u00eat sera transmis pour \u00eatre transcrit en marge ou \u00e0 la suite de l'ordonnance partiellement cass\u00e9e ;",
        "Ainsi fait et jug\u00e9 par la Cour de cassation, premi\u00e8re chambre civile, prononc\u00e9 par le pr\u00e9sident en son audience publique du dix-neuf septembre deux mille dix-neuf et sign\u00e9 par lui et par Mme Randouin, greffier de chambre, qui a assist\u00e9 au prononc\u00e9 de l'arr\u00eat."
    ],
    "decision-6": [
        "MOYEN ANNEXE au pr\u00e9sent arr\u00eat",
        "Moyen produit par la SARL Cabinet Briard, avocat aux Conseils, pour M. W....",
        "Il est fait grief \u00e0 l'arr\u00eat attaqu\u00e9 d'avoir infirm\u00e9 l'ordonnance entreprise et prolong\u00e9 la r\u00e9tention administrative de M. H... W....",
        "Aux motifs que \u00ab Sur le moyen nouveau tir\u00e9 d'une atteinte aux droits de l'\u00e9tranger et de la privation irr\u00e9guli\u00e8re de libert\u00e9 en l'absence de notification r\u00e9guli\u00e8re de l'appel parquet et de l'ordonnance statuant sur les effets suspensifs, en raison de notification faite sans interpr\u00e8te \u00e0 l'\u00e9tranger, il \u00e9chet de constater que contrairement aux all\u00e9gations, l'appel avec demande d'effet suspensif du parquet a \u00e9t\u00e9 notifi\u00e9 \u00e0 l'int\u00e9ress\u00e9 le 23 f\u00e9vrier 2018 \u00e0 18h30, avec interpr\u00e9tariat t\u00e9l\u00e9phonique de Mrac [...], sans que ce d\u00e9lai d'une heure puisse \u00eatre consid\u00e9r\u00e9 comme tardif, s'agissant de la notification de l'ordonnance, qu'il r\u00e9sulte d'un document au dossier, que l'int\u00e9ress\u00e9 en a re\u00e7u notification, qu'il a sign\u00e9 \u00e0 19h25, snns que mention soit faite de l'interpr\u00e9tariat, toutefois, l'ordonnance donnant effet suspensif \u00e0 l'appel du parquet \u00e9tant insusceptible de recours, le moyen, pris dans ses deux branches est rejet\u00e9. Sur le moyen d'appel, la cour consid\u00e8re qu'il \u00e9chet de retenir que la mesure dite de \"mise \u00e0 disposition\" est, en l'absence d'acte d'investigation n\u00e9cessaire, une mesure r\u00e9guli\u00e8re, la dite mesure ayant dur\u00e9 3h55, temps n\u00e9cessaire pour effectuer le transport, l'audition administrative et la formalisation des d\u00e9cisions administratives, qu'il a \u00e9t\u00e9 demand\u00e9 \u00e0 l'int\u00e9ress\u00e9 \"de nous suivre au service afin de proc\u00e9der \u00e0 son audition\", \u00e9tant rappel\u00e9 que ladite audition n'est qu'un recueil de renseignements administratifs et que les dispositions de l'article 62 du code de proc\u00e9dure p\u00e9nale nc sont donc pas applicables ; qu'il convient en cons\u00e9quence d'infirmer l'ordonnance querell\u00e9e sur ce point. Sur les autres moyens, la cour consid\u00e8re :- sur le 1\" moyen tir\u00e9 d'une nullit\u00e9 de l'ordonnance et de l'absence de double degr\u00e9 de juridiction, et le 2\u00e8me moyen tir\u00e9 d'une atteinte aux droits de la d\u00e9fense, \u00e0 l'acc\u00e8s effectif au juge sur le recours form\u00e9 \u00e0 l'encontre du placement en r\u00e9tention et l'absence de double degr\u00e9 de juridiction : que l'ordonnance du premier juge est ainsi intitul\u00e9e \"ordonnance sur le contr\u00f4le de la r\u00e9gularit\u00e9 d'une d\u00e9cision de placement en r\u00e9tention et demande de prolongation de r\u00e9tention administrative\", qu'un peu plus loin il est mentionn\u00e9 \"apr\u00e8s d\u00e9p\u00f4t d'une requ\u00eate en contestation de la r\u00e9gularit\u00e9 de la d\u00e9cision de placement en r\u00e9tention administrative en date du 23 f\u00e9vrier 2018 \u00e0 9h20 par le conseil de l'int\u00e9ress\u00e9, jointe au dossier et \u00e9voqu\u00e9e en pr\u00e9sence de toutes les parties d\u00e9j\u00e0 convoqu\u00e9es pour la pr\u00e9sente audience\", encore plus loin, il est mentionn\u00e9 \"apr\u00e8s d\u00e9p\u00f4t de conclusions de nullit\u00e9 par le conseil de l'int\u00e9ress\u00e9, jointes au dossier, Me Mustapha El Mo us saoui du cabinet Claisse, repr\u00e9sentant la pr\u00e9fecture de police de Paris et Me T... Y..., sur l'exception de nullit\u00e9\", enfin, il est mentionn\u00e9 \"sur la requ\u00eate en prolongation de la r\u00e9tention administrative\" et \"sur les conclusions de nullit\u00e9\", il ne peut se d\u00e9duire de ces mentions que la requ\u00eate en contestation de l'arr\u00eat\u00e9 de placement n'a pas \u00e9t\u00e9 plaid\u00e9e devant le premier juge, de surcro\u00eet, il \u00e9chet de constater, que d\u00e8s lors que le premier juge faisait droit \u00e0 un moyen permettant de mettre fm \u00e0 la r\u00e9tention administrative, il n'est pas illogique que sa motivation ne comporte aucun \u00e9l\u00e9ment r\u00e9dig\u00e9 concernant la contestation de l'arr\u00eat\u00e9 de placement, qu'enfm, il sera constat\u00e9 que le conseil de l'int\u00e9ress\u00e9 n'a pas introduit d'appel incident sur ce sujet, les moyens sont rejet\u00e9s ; sur le 3\u00e8me moyen tir\u00e9 d'un cas qui ne rel\u00e8ve pas de la mise \u00e0 disposition et d'une absence de d\u00e9cision de placement en r\u00e9tention administrative d\u00e8s l'interpellation que la proc\u00e9dure de \"mise \u00e0 disposition\" vise pr\u00e9cis\u00e9ment \u00e0 permettre, en dehors de toute n\u00e9cessit\u00e9 d'actes d'enqu\u00eates ou de v\u00e9rification, apr\u00e8s recueil d'information sur la situation administrative, \u00e0 formaliser et notifier les d\u00e9cisions administratives, il s'en d\u00e9duit qu'il n'existe donc aucune obligation que la d\u00e9cision de placement en r\u00e9tention administrative soit effective au moment du contr\u00f4le et de l'invitation \u00e0 suivre au service ; le moyen est rejet\u00e9 ; sur le eme moyen tir\u00e9 de la dur\u00e9e excessive de la mise \u00e0 disposition : que la mise \u00e0 disposition de l'int\u00e9ress\u00e9 n'ayant dur\u00e9 que 3h55, ladite dur\u00e9e ne saurait \u00eatre consid\u00e9r\u00e9e comme excessive s'agissant du temps de formalisation des d\u00e9cisions administratives, \u00e9tant rappel\u00e9 que la retenue pour contr\u00f4le d'identit\u00e9 de l'article 78-3 du code de proc\u00e9dure p\u00e9nale, certes non applicable au cas d'esp\u00e8ce, ne peut exc\u00e9der 4 heures, d'o\u00f9 il se d\u00e9duit par parall\u00e9lisme qu'une dur\u00e9e inf\u00e9rieure \u00e0 4h de la mise \u00e0 disposition n'appara\u00eet pas d\u00e9raisonnable ; le moyen est rejet\u00e9 ; - sur le 5\u00e8me moyen tir\u00e9 du caract\u00e8re d\u00e9loyal du proc\u00e9d\u00e9 mis en place caract\u00e9risant une contrainte, le e\" moyen tir\u00e9 d'une privation de libert\u00e9 ill\u00e9gale et contraire \u00e0 l'obligation de protection de l'individu contre l'arbitraire, le 76' moyen tir\u00e9 d'un d\u00e9faut d'information quant \u00e0 la libert\u00e9 de quitter les lieux et l'acte attentatoire \u00e0 la libert\u00e9, que la proc\u00e9dure dite de \"mise \u00e0 disposition\" est parfaitement r\u00e9guli\u00e8re comme en a jug\u00e9 la cour de cassation et ne saurait caract\u00e9riser une privation de libert\u00e9 ill\u00e9gale et contraire \u00e0 l'obligation de -protection de l'individu contre l'arbitraire, que la contrainte n'est pas caract\u00e9ris\u00e9e, puisqu'il a \u00e9t\u00e9 demand\u00e9 \u00e0 l'int\u00e9ress\u00e9 \"de nous suivre au service afin de proc\u00e9der \u00e0 son audition\", qu'enfin les dispositions de l'article 62 du code de proc\u00e9dure p\u00e9nale sont inapplicables au cas d'esp\u00e8ce ; les moyens sont rejet\u00e9s ; - sur le en' meen tir\u00e9 d'une violation de l'article 5 \u00a7 2 de la Convention europ\u00e9enne de sauvegarde des droits de l'Homme et des libert\u00e9s fondamentales : que l'article 52 de la Convention europ\u00e9enne de sauvegarde des droits de l'Homme et des libert\u00e9s fondamentales dispose\" Toute personne arr\u00eat\u00e9e doit \u00eatre inform\u00e9e, dans le plus court d\u00e9lai et dans une langue qu'elle comprend, des raisons de son arrestation et de toute accusation port\u00e9e contre elle\", il r\u00e9sulte de la r\u00e9daction m\u00eame de l'article que celui-ci est inapplicable au cas d'esp\u00e8ce, ne s'agissant ni d'Une arrestation ni d'accusation, au surplus, il r\u00e9sulte du proc\u00e8s verbal du 21 f\u00e9vrier 2018 \u00e0 14h15, que l'int\u00e9ress\u00e9 a \u00e9t\u00e9 inform\u00e9 de la r\u00e9ponse du 8' bureau de la direction de la police g\u00e9n\u00e9rale de la pr\u00e9fecture de police, en l'esp\u00e8ce \"une mesure administrative sera \u00e9ventuellement prise apr\u00e8s audition, \u00e0 l'encontre de l'int\u00e9ress\u00e9, sa situation administrative irr\u00e9guli\u00e8re \u00e9tant av\u00e9r\u00e9e\" ; le moyen est rejet\u00e9 ; sur le 9\u00e8mv moyen tir\u00e9 d'une d\u00e9faut d'information du parquet de l'op\u00e9ration de contr\u00f4le d'identit\u00e9, le10\u00e8' moyen tir\u00e9 de l'irr\u00e9gularit\u00e9 des r\u00e9quisitions du parquet et du contr\u00f4le subs\u00e9quent et le 11 eme moyen tir\u00e9 d'un d\u00e9tournement des r\u00e9quisitions ayant pour finalit\u00e9 le contr\u00f4le de la r\u00e9gularit\u00e9 du s\u00e9jour des \u00e9trangers, que les r\u00e9quisitions du procureur de la R\u00e9publique de Paris du 14 f\u00e9vrier 2018 visaient, conform\u00e9ment , \u00e0 un rapport du 14 f\u00e9vrier 2018 concernant des infractions r\u00e9it\u00e9r\u00e9es \u00e0 la loi et les troubles engendr\u00e9s, notamment les infractions suivantes : infractions constitutives d'acte de terrorisme, prolif\u00e9ration des armes de destructions massives et des vecteurs, armes et explosifs, vols, recels, trafic des stup\u00e9fiants, violences volontaires, d\u00e9gradations volontaires, infractions sur la l\u00e9gislation sur les \u00e9trangers ; qu'outre la limitation du contr\u00f4le dans le temps et dans l'espace le 21 f\u00e9vrier 2018 de 10h \u00e0 22h, \u00e0 l'int\u00e9rieur d'un p\u00e9rim\u00e8tre d\u00e9limit\u00e9 par un certain nombre de rues secteur Barb\u00e8s-Chateau Rouge et la r\u00e9gularit\u00e9 du contr\u00f4le de ce chef pour \u00eatre intervenu face au [...] d'Or le 21 f\u00e9vrier 2018 \u00e0 15h15, il y a lieu de consid\u00e9rer que s'agissant d'un endroit public situ\u00e9 dans une zone urbaine particuli\u00e8rement fr\u00e9quent\u00e9e o\u00f9 les infractions susvis\u00e9es sont largement susceptibles de se produire, aucun \u00e9l\u00e9ment tir\u00e9 de ces consid\u00e9rations ne peut justifier \u00e0 lui seul une remise en cause du lien entre les infractions vis\u00e9es et les lieux et la p\u00e9riode du contr\u00f4le ; que les r\u00e9quisitions du procureur de la r\u00e9publique satisfont aux dispositions l\u00e9gales en ce sens qu'elles font mentions d'infractions sp\u00e9cifi\u00e9es, que le p\u00e9rim\u00e8tre est d\u00e9termin\u00e9 ; aucun \u00e9l\u00e9ment de la proc\u00e9dure ne permet de pr\u00e9tendre qu'elles seraient d\u00e9tourn\u00e9es de leur fins ; qu'enfin, le contr\u00f4le ayant \u00e9t\u00e9 op\u00e9r\u00e9 sur r\u00e9quisitions du parquet, le d\u00e9faut d'information reproch\u00e9 est sans fondement ; les moyens sont rejet\u00e9s ; - sur le 12'` moyen tir\u00e9 d'un contr\u00f4le au faci\u00e8s g\u00e9n\u00e9ralis\u00e9 et discriminatoire confi\u00e9 \u00e0 un service de police sp\u00e9cialis\u00e9 dans la lutte contre l'immigration clandestine, qu'aucun \u00e9l\u00e9ment de proc\u00e9dure ne permet d'\u00e9tablir les all\u00e9gations, que l'intervention du service sp\u00e9cialis\u00e9 ne permet pas de constituer un commencement de preuve du caract\u00e8re discriminatoire du contr\u00f4le d\u00e8s lors que la comp\u00e9tence de ce service concerne notamment la criminalit\u00e9 transfrontali\u00e8re et que les infractions vis\u00e9es dans les r\u00e9quisitions peuvent entrer dans le cadre d'investigations des enqu\u00eates de ce type ; le moyen est rejet\u00e9 ; - sur le 13' moyen tir\u00e9 d'une nullit\u00e9 du contr\u00f4le du titre de s\u00e9jour ou la d\u00e9loyaut\u00e9 consistant \u00e0 demander la nationalit\u00e9 pour provoquer l'apparition d'un \u00e9l\u00e9ment d'extran\u00e9it\u00e9, que l'int\u00e9ress\u00e9 a d\u00e9clin\u00e9 lors du contr\u00f4le son identit\u00e9 et sa nationalit\u00e9, d\u00e8s lors il existait des \u00e9l\u00e9ments d'extran\u00e9it\u00e9 qui permettait aux policiers de solliciter de sa personne les documents qui autorisent la circulation ou le s\u00e9jour en France ; le moyen est rejet\u00e9 ; - sur la contestation de l'arr\u00eat\u00e9 de placement en r\u00e9tention : - sur le 14 mbyen tir\u00e9 d'une violation du droit \u00e0 \u00eatre entendu et du droit \u00e0 avocat dans ce cadre : qu'il r\u00e9sulte de la proc\u00e9dure que pr\u00e9alablement \u00e0 son placement en r\u00e9tention, l'int\u00e9ress\u00e9 a \u00e9t\u00e9 entendu le 21 f\u00e9vrier 2018 \u00e0 16h14 et que ses observations ont \u00e9t\u00e9 recueillies ; qu'en tout \u00e9tat de cause les garanties procedurales du chapitre 111 de la directive retour (2008/115/CE) ne s'appliquent pas \u00e0 la d\u00e9cision de placement en r\u00e9tention, mais aux d\u00e9cisions d'\u00e9loignement dont la contestation ne rel\u00e8ve pas de la comp\u00e9tence de l'autorit\u00e9 judiciaire, le moyen est rejet\u00e9 ; - sur le 15' moyen tir\u00e9 d'une absence d'examen concret, de l'absence de motivation, de l'erreur de fait, qu'\u00e9tant rappel\u00e9 que le pr\u00e9fet n'est pas tenu de faire \u00e9tat dans sa d\u00e9cision de tous les \u00e9l\u00e9ments de la situation personnelle de l'int\u00e9ress\u00e9 d\u00e8s lors que les motifs positifs qu'il retient suffisent \u00e0 justifier le placement en r\u00e9tention, il y a lieu de constater que l'arr\u00eat\u00e9 de placement est motiv\u00e9 par le d\u00e9faut de document d'identit\u00e9 ou de voyage en cours de validit\u00e9, le d\u00e9faut de domicile effectif ou permanent, que d\u00e8s lors il s'en d\u00e9duit que ledit arr\u00eat\u00e9 est r\u00e9guli\u00e8rement motiv\u00e9 au regard de la situation personnelle caract\u00e9ris\u00e9e de l'int\u00e9ress\u00e9, le moyen est donc rejet\u00e9 ; - sur les 16\" et 17\" moyens tir\u00e9s d'une violation du principe de proportionnalit\u00e9 et les garanties de repr\u00e9sentation 'et l'erreur d'appr\u00e9ciation, que le principe de proportionnalit\u00e9 au visa du droit \u00e0 la vie priv\u00e9e et familiale ne s'applique pas \u00e0 la r\u00e9tention administrative d\u00e8s lors que la dur\u00e9e maximum de celle-ci est fix\u00e9e par des dispositions l\u00e9gales et que la dite dur\u00e9e en est strictement limit\u00e9e ; qu'il r\u00e9sulte des pi\u00e8ces du dossier que l'int\u00e9ress\u00e9 est d\u00e9pourvu de passeport en cours de validit\u00e9, qu'aucun domicile effectif, certain et stable n'est \u00e9tabli et qu'il a d\u00e9clar\u00e9 lors de son audition ne pas vouloir retourner dans son pays d'origine, manifestant ainsi sa volont\u00e9 de ne pas se conformer \u00e0 mesure d'\u00e9loignement prise \u00e0 son encontre ; que les moyens sont rejet\u00e9s ; Qu'il convient d'infirmer l'ordonnance querell\u00e9e \u00bb.",
        "1\u00b0 Alors que la proc\u00e9dure de \u00ab mise \u00e0 disposition \u00bb est une cr\u00e9ation ayant pour fondement juridique l'article L. 551-2 du CESEDA ; que cette proc\u00e9dure ne peut \u00eatre mise en oeuvre que dans l'hypoth\u00e8se o\u00f9 aucune mesure d'enqu\u00eate et de v\u00e9rification n'ait \u00e9t\u00e9 n\u00e9cessaire ; qu'en jugeant qu'une telle proc\u00e9dure est \u00ab possible en dehors de toute n\u00e9cessit\u00e9 d'actes d'enqu\u00eates pu de v\u00e9rification \u00bb (ordonnance attaqu\u00e9e, page 3 ; \u00a7 2) tandis qu'il ressortait des constatations du juge des libert\u00e9s et de la d\u00e9tention que \u00ab l'\u00e9tranger a \u00e9t\u00e9 conduit aupr\u00e8s des services de police pour audition \u00bb et de la d\u00e9claration d'appel du Procureur g\u00e9n\u00e9ral qu'ont \u00ab \u00e9t\u00e9 recueillies les d\u00e9clarations de l'\u00e9tranger sur sa situation administrative par le truchement d'un interpr\u00e8te \u00bb de sorte qu'il y avait bien, au moins, un tel acte de proc\u00e9dure \u00e0 effectuer, la cour d'appel a viol\u00e9 les articles L. 551-2 et L. 611-1 du CESEDA.",
        "2\u00b0 Alors que le d\u00e9lai entre l'interpellation et la notification du placement en r\u00e9tention doit toujours \u00eatre inf\u00e9rieur ou \u00e9gal \u00e0 3 heures ; que d\u00e8s lors, la proc\u00e9dure de mise \u00e0 disposition, telle que valid\u00e9e, ne peut exc\u00e9der une dur\u00e9e de 3 heures ; qu'au-del\u00e0, le d\u00e9lai est jug\u00e9 d\u00e9raisonnable ; que l'heure de d\u00e9but \u00e0 prendre en compte est celle du contr\u00f4le initial ; qu'en validant la proc\u00e9dure quand un d\u00e9lai de 4h10 s'est \u00e9coul\u00e9 entre le contr\u00f4le initial intervenu autour de 08h10 et la notification du placement en r\u00e9tention \u00e0 12h20, la cour d'appel a viol\u00e9 les articles L. 551-2 et L. 611-1 du CESEDA."
    ]
}