{
    "decision-0": [
        "CIV. 1",
        "LM",
        "COUR DE CASSATION",
        "______________________",
        "Audience publique du 27 juin 2018",
        "Rejet",
        "Mme BATUT, pr\u00e9sident",
        "Arr\u00eat n\u00b0 662 F-D",
        "Pourvoi n\u00b0 S 17-19.794",
        "R \u00c9 P U B L I Q U E F R A N \u00c7 A I S E",
        "_________________________",
        "AU NOM DU PEUPLE FRAN\u00c7AIS",
        "_________________________",
        "LA COUR DE CASSATION, PREMI\u00c8RE CHAMBRE CIVILE, a rendu l'arr\u00eat suivant :",
        "Statuant sur le pourvoi form\u00e9 par le pr\u00e9fet du Nord, domicili\u00e9 [...] ,",
        "contre l'ordonnance rendue le 11 avril 2017 par le premier pr\u00e9sident de la cour d'appel de Douai, dans le litige l'opposant :",
        "1\u00b0/ \u00e0 M. Z... Y... , domicili\u00e9 [...] ,",
        "2\u00b0/ au procureur g\u00e9n\u00e9ral pr\u00e8s la cour d'appel de Douai, domicili\u00e9 [...] ,",
        "d\u00e9fendeurs \u00e0 la cassation ;",
        "Le demandeur invoque, \u00e0 l'appui de son pourvoi, le moyen unique de cassation annex\u00e9 au pr\u00e9sent arr\u00eat ;",
        "Vu la communication faite au procureur g\u00e9n\u00e9ral ;",
        "LA COUR, en l'audience publique du 23 mai 2018, o\u00f9 \u00e9taient pr\u00e9sentes : Mme Batut, pr\u00e9sident, Mme Gargoullaud, conseiller r\u00e9f\u00e9rendaire rapporteur, Mme Wallon, conseiller doyen, Mme Pecquenard, greffier de chambre ;",
        "Sur le rapport de Mme Gargoullaud, conseiller r\u00e9f\u00e9rendaire, les observations de la SCP Garreau, Bauer-Violas et Feschotte-Desbois, avocat du pr\u00e9fet du Nord, l'avis de Mme Caron-D\u00e9glise, avocat g\u00e9n\u00e9ral, et apr\u00e8s en avoir d\u00e9lib\u00e9r\u00e9 conform\u00e9ment \u00e0 la loi ;"
    ],
    "decision-1": [
        "Sur le moyen unique :"
    ],
    "decision-2": [
        "Attendu, selon l'ordonnance attaqu\u00e9e, rendue par le premier pr\u00e9sident d'une cour d'appel (Douai, 11 avril 2017) et les pi\u00e8ces de la proc\u00e9dure, que M. Y..., de nationalit\u00e9 afghane, a \u00e9t\u00e9 plac\u00e9 en r\u00e9tention administrative par arr\u00eat\u00e9 du pr\u00e9fet du 6 avril 2017 ; que, le lendemain, M. Y... a pr\u00e9sent\u00e9 au juge des libert\u00e9s et de la d\u00e9tention une requ\u00eate en contestation de la r\u00e9gularit\u00e9 de cet arr\u00eat\u00e9 et le pr\u00e9fet une requ\u00eate en prolongation de la mesure ;"
    ],
    "decision-3": [
        "Attendu que le pr\u00e9fet fait grief \u00e0 l'ordonnance de rejeter la demande de prolongation de la r\u00e9tention alors, selon le moyen, que le juge administratif est seul comp\u00e9tent pour conna\u00eetre de la l\u00e9galit\u00e9 des d\u00e9cisions relatives au s\u00e9jour et \u00e0 l'\u00e9loignement, quand bien m\u00eame leur ill\u00e9galit\u00e9 serait invoqu\u00e9e par voie d'exception \u00e0 l'occasion de la contestation, devant le juge judiciaire, de la d\u00e9cision de placement en r\u00e9tention, si bien qu'en examinant la l\u00e9galit\u00e9 de la d\u00e9cision de transfert de M. Y... aux autorit\u00e9s britanniques pour statuer sur la l\u00e9galit\u00e9 du placement en r\u00e9tention, et la demande de prolongation dudit placement, le magistrat d\u00e9l\u00e9gu\u00e9 de la cour d'appel a viol\u00e9 les dispositions de l'article L. 521-1, III, du code de l'entr\u00e9e et du s\u00e9jour des \u00e9trangers et du droit d'asile, ensemble les dispositions de la loi des 16 et 24 ao\u00fbt 1790 et le d\u00e9cret du 16 fructidor an III ;"
    ],
    "decision-4": [
        "Mais attendu qu'il r\u00e9sulte de l'article 28, paragraphe 2, du r\u00e8glement \u00ab Dublin III \u00bb, que, si les \u00c9tats membres de l'Union europ\u00e9enne peuvent placer les personnes concern\u00e9es en r\u00e9tention en vue de garantir les proc\u00e9dures de transfert conform\u00e9ment au r\u00e8glement lorsqu'il existe un risque non n\u00e9gligeable de fuite de ces personnes, ce risque s'entend, dans un cas individuel, comme l'existence de raisons, fond\u00e9es sur des crit\u00e8res objectifs d\u00e9finis par la loi, de craindre la fuite d'un demandeur de protection internationale, ressortissant de pays tiers ou apatride, qui fait l'objet d'une proc\u00e9dure de transfert ; qu'en l'absence, dans le droit national d'un \u00c9tat membre, de disposition contraignante de port\u00e9e g\u00e9n\u00e9rale fixant les crit\u00e8res objectifs sur lesquels sont fond\u00e9es les raisons de craindre la fuite du demandeur d'une protection internationale qui fait l'objet d'une proc\u00e9dure de transfert, ce texte est inapplicable (CJUE, 15 mars 2017, Al Chodor, C-528/15) ; que, le droit national \u00e9tant d\u00e9pourvu d'une telle disposition, il en r\u00e9sulte que le pr\u00e9fet ne pouvait placer en r\u00e9tention M. Y... pour garantir son transfert ; que, par ce motif de pur droit substitu\u00e9, dans les conditions de l'article 1015 du code de proc\u00e9dure civile, \u00e0 ceux critiqu\u00e9s, la d\u00e9cision se trouve l\u00e9galement justifi\u00e9e ;"
    ],
    "decision-5": [
        "PAR CES MOTIFS :",
        "REJETTE le pourvoi ;",
        "Ainsi fait et jug\u00e9 par la Cour de cassation, premi\u00e8re chambre civile, et prononc\u00e9 par le pr\u00e9sident en son audience publique du vingt-sept juin deux mille dix-huit."
    ],
    "decision-6": [
        "MOYEN ANNEXE au pr\u00e9sent arr\u00eat",
        "Moyen produit par la SCP Garreau, Bauer-Violas et Feschotte-Desbois, avocat aux Conseils, pour le pr\u00e9fet du Nord",
        "Le moyen reproche \u00e0 l'ordonnance confirmative attaqu\u00e9e d'avoir d\u00e9clar\u00e9 le placement en r\u00e9tention administrative de Z... Y... irr\u00e9gulier et d'avoir, en cons\u00e9quence, rejet\u00e9 la demande de prolongation en r\u00e9tention administrative pr\u00e9sent\u00e9e par le Pr\u00e9fet du Nord,",
        "AUX MOTIFS QU'",
        "\u00ab Aux termes de l'article 551\u20132 du CESEDA, la d\u00e9cision de placement en r\u00e9tention est prise par l'autorit\u00e9 administrative.",
        "Le juge de la libert\u00e9 et de la d\u00e9tention qui exerce son contr\u00f4le d\u00e8s le d\u00e9but de la mesure constate en l'esp\u00e8ce que selon arr\u00eat\u00e9 pr\u00e9fectoral du 6 avril 2017 le placement en r\u00e9tention de Monsieur Y... est la suite de la d\u00e9cision prise de le transf\u00e9rer aux autorit\u00e9s du Royaume-Uni, et qui a pris effet le 6 avril 2017 \u00e0 17 heures tandis que la demande de prise en charge de l'int\u00e9ress\u00e9 par le Royaume Uni n'a \u00e9t\u00e9 formul\u00e9e que le 7 avril 2017 \u00e0 7h24.",
        "Il s'agit d'une situation dans laquelle la d\u00e9cision administrative de placement en r\u00e9tention de Monsieur Y... n'est pas justifi\u00e9e par la d\u00e9cision de le transf\u00e9rer vers l'\u00c9tat membre responsable, qui suppose l'acceptation explicite ou implicite de l'\u00c9tat membre requis, ainsi que le premier juge l'a exactement relev\u00e9 en application des dispositions de l'article 24 et 25 du r\u00e8glement (UE) num\u00e9ro 604/2013 du 26 juin 2013 \u00bb",
        "ET AUX MOTIFS ADOPTES QUE",
        "\u00ab le l\u00e9gislateur, par la loi du 7 mars 2016, a attribu\u00e9 au juge des libert\u00e9s et de la d\u00e9tention comp\u00e9tence pour statuer sur les contestations de la d\u00e9cision de placement en r\u00e9tention mais conserv\u00e9 au juge administratif la connaissance des contestations des d\u00e9cisions administratives qui en sont \u00e0 l'origine, ce dont on peut d\u00e9duire qu'il n'a pas entendu permettre aux juges judiciaires de conna\u00eetre de ces derni\u00e8res, m\u00eame par voie d'exception.",
        "Cependant, par une d\u00e9cision du 17 octobre 2011, le tribunal des conflits, prenant en compte l'exigence de bonne administration de la justice et le principe selon lequel tout justiciable a droit \u00e0 ce que sa demande soit jug\u00e9e dans un d\u00e9lai raisonnable, a jug\u00e9 que, si en cas de contestation s\u00e9rieuse portant sur la l\u00e9galit\u00e9 d'un acte administratif, les tribunaux de l'ordre judiciaire statuant en mati\u00e8re civile sur la l\u00e9galit\u00e9 d'un acte administratif doivent surseoir \u00e0 statuer jusqu'\u00e0 ce que la question pr\u00e9judicielle de la l\u00e9galit\u00e9 de cet acte soit tranch\u00e9e par la juridiction administrative, il en est autrement lorsqu'il appara\u00eet manifestement, au vu d'une jurisprudence \u00e9tablie, que la contestation peut \u00eatre accueillie par le juge saisi au principal.",
        "Tel n'est pas le cas en ce qui concerne les dispositions susvis\u00e9es issues de la loi du 7 mars 2016.",
        "Toutefois, le tribunal des conflits, par la m\u00eame d\u00e9cision, a envisag\u00e9 le cas particulier du droit de l'Union europ\u00e9enne et dit que le juge national, qui a l'obligation d'appliquer ce droit et d'en assurer le plein effet en laissant au besoin inappliqu\u00e9e, de sa propre initiative, toute dispositions de droit interne contraire, doit pouvoir l'appliquer, s'il s'agit du juge judiciaire, sans \u00eatre tenu de saisir au pr\u00e9alable la juridiction administrative d'une question pr\u00e9judicielle, dans le cas o\u00f9 serait en cause devant lui, \u00e0 titre incident, la conformit\u00e9 d'un acte administratif aux droits de l'union europ\u00e9enne.",
        "Il en r\u00e9sulte que le juge des libert\u00e9s de la d\u00e9tention, charg\u00e9 de trancher la contestation d'une mesure de r\u00e9tention administrative, ne peut se prononcer sur la l\u00e9galit\u00e9 des d\u00e9cisions administratives qui la fondent, m\u00eame par voie d'exception, sauf au regard du droit de l'Union europ\u00e9enne.",
        "Il doit en \u00eatre ainsi, alors m\u00eame que la juridiction administrative est parall\u00e8lement saisie d'une contestation d'une telle d\u00e9cision administrative et n'a pas statu\u00e9, d\u00e8s lors qu'il doit se prononcer dans un d\u00e9lai plus bref que celui dont dispose le juge administratif sur la r\u00e9gularit\u00e9 du placement en r\u00e9tention.",
        "Ainsi, il n'est pas contestable de se prononcer, \u00e0 titre incident, sur la l\u00e9galit\u00e9 d'une d\u00e9cision de transfert de l'\u00e9tranger au regard du r\u00e8glement (UE) num\u00e9ro 604/2013 du 26 juin 2013.",
        "En l'esp\u00e8ce, le conseil se pr\u00e9vaut du caract\u00e8re pr\u00e9matur\u00e9 de la notification de transfert vers le Royaume-Uni en application de l'article 26 du r\u00e8glement (UE) num\u00e9ro 604/2013 du 26 juin 2013.",
        "Cet article dispose que l'\u00c9tat membre requ\u00e9rant dans le cadre d'une demande de prise en charge conform\u00e9ment aux articles 24 et 25 du m\u00eame r\u00e8glement notifie \u00e0 la personne concern\u00e9e la d\u00e9cision de la transf\u00e9rer vers l'\u00c9tat membre responsable et, le cas \u00e9ch\u00e9ant, la d\u00e9cision de ne pas examiner sa demande de protection internationale lorsque l'\u00c9tat membre requis accepte la reprise en charge d'un demandeur ou d'une autre personne vis\u00e9e \u00e0 l'article 18, paragraphe 1, point c) ou d).",
        "En l'esp\u00e8ce, les autorit\u00e9s pr\u00e9fectorales ont notifi\u00e9 \u00e0 Z... Y... une d\u00e9cision de transfert vers le Royaume-Uni (pi\u00e8ce 12) le 6 avril 2017, jour de son interpellation, sans attendre l'accord explicite ou le constat d'accord implicite du Royaume-Uni dans le d\u00e9lai de quinze jours.",
        "Il convient en cons\u00e9quence de conclure que la d\u00e9cision de transfert, fondement n\u00e9cessaire du placement en r\u00e9tention de Z... Y... est irr\u00e9gulier en ce que son fondement n'est pas conforme aux exigences de la r\u00e9glementation europ\u00e9enne qui la l\u00e9gitime.",
        "Il convient de conclure \u00e0 l'irr\u00e9gularit\u00e9 de la d\u00e9cision de placement en r\u00e9tention qu'elle supporte n\u00e9cessairement et de faire droit \u00e0 la requ\u00eate de Z... Y... sans qu'il soit n\u00e9cessaire d'examiner les autres moyens soulev\u00e9s dans le m\u00eame sens.",
        "Il convient de rejeter subs\u00e9quemment la demande de prolongation en r\u00e9tention administrative de Z... Y... form\u00e9e par Monsieur le pr\u00e9fet du Nord \u00bb,",
        "ALORS QUE le juge administratif est seul comp\u00e9tent pour conna\u00eetre de la l\u00e9galit\u00e9 des d\u00e9cisions relatives au s\u00e9jour et \u00e0 l'\u00e9loignement, quand bien m\u00eame leur ill\u00e9galit\u00e9 serait invoqu\u00e9e par voie d'exception \u00e0 l'occasion de la contestation, devant le juge judiciaire, de la d\u00e9cision de placement en r\u00e9tention si bien qu'en examinant la l\u00e9galit\u00e9 de la d\u00e9cision de transfert de M. Y... aux autorit\u00e9s britanniques pour statuer sur la l\u00e9galit\u00e9 du placement en r\u00e9tention, et la demande de prolongation dudit placement, le magistrat d\u00e9l\u00e9gu\u00e9 de la cour d'appel a viol\u00e9 les dispositions de l'article L. 521-1 III du code de l'entr\u00e9e et du s\u00e9jour des \u00e9trangers et du droit d'asile ensemble les dispositions de la loi des 16 et 24 ao\u00fbt 1790 et le d\u00e9cret du 16 fructidor an III."
    ]
}