{
    "decision-0": [
        "CIV. 1",
        "CGA",
        "COUR DE CASSATION",
        "______________________",
        "Audience publique du 24 janvier 2018",
        "Rejet",
        "Mme BATUT, pr\u00e9sident",
        "Arr\u00eat n\u00b0 100 F-D",
        "Pourvoi n\u00b0 W 17-11.541",
        "R \u00c9 P U B L I Q U E F R A N \u00c7 A I S E",
        "_________________________",
        "AU NOM DU PEUPLE FRAN\u00c7AIS",
        "_________________________",
        "LA COUR DE CASSATION, PREMI\u00c8RE CHAMBRE CIVILE, a rendu l'arr\u00eat suivant :",
        "Statuant sur le pourvoi form\u00e9 par M. Ousman X..., domicili\u00e9 [...]\u00a0 \u00a0\u00a0 \u00a0\u00a0\u00a0\u00a0\u00a0\u00a0\u00a0\u00a0\u00a0 \u00a0\u00a0\u00a0\u00a0\u00a0\u00a0\u00a0\u00a0\u00a0\u00a0\u00a0\u00a0\u00a0\u00a0 \u00a0\u00a0 \u00a0\u00a0\u00a0\u00a0\u00a0\u00a0\u00a0\u00a0\u00a0\u00a0\u00a0\u00a0\u00a0 \u00a0\u00a0\u00a0\u00a0\u00a0\u00a0 \u00a0\u00a0\u00a0\u00a0\u00a0\u00a0\u00a0\u00a0\u00a0\u00a0 \u00a0\u00a0\u00a0\u00a0\u00a0 \u00a0\u00a0\u00a0\u00a0\u00a0\u00a0\u00a0\u00a0\u00a0\u00a0\u00a0\u00a0,",
        "contre l'ordonnance rendue le 30 novembre 2016 par le premier pr\u00e9sident de la cour d'appel de Toulouse, dans le litige l'opposant au pr\u00e9fet de la Haute-Garonne, domicili\u00e9 [...]\u00a0\u00a0\u00a0\u00a0\u00a0 \u00a0\u00a0 \u00a0\u00a0 \u00a0\u00a0\u00a0\u00a0\u00a0\u00a0\u00a0\u00a0\u00a0\u00a0\u00a0\u00a0\u00a0\u00a0 \u00a0 \u00a0\u00a0\u00a0 \u00a0\u00a0\u00a0\u00a0\u00a0\u00a0\u00a0\u00a0\u00a0\u00a0\u00a0, service des \u00e9trangers, STE 31038, [...] ,",
        "d\u00e9fendeur \u00e0 la cassation ;",
        "Le demandeur invoque, \u00e0 l'appui de son pourvoi, le moyen unique de cassation annex\u00e9 au pr\u00e9sent arr\u00eat ;",
        "Vu la communication faite au procureur g\u00e9n\u00e9ral ;",
        "LA COUR, en l'audience publique du 12 d\u00e9cembre 2017, o\u00f9 \u00e9taient pr\u00e9sentes : Mme Batut, pr\u00e9sident, Mme Y..., conseiller r\u00e9f\u00e9rendaire rapporteur, Mme Wallon, conseiller doyen, Mme Pecquenard, greffier de chambre ;",
        "Sur le rapport de Mme Y..., conseiller r\u00e9f\u00e9rendaire, les observations de la SCP Lyon-Caen et Thiriez, avocat de M. X..., l'avis de M. Z..., avocat g\u00e9n\u00e9ral, et apr\u00e8s en avoir d\u00e9lib\u00e9r\u00e9 conform\u00e9ment \u00e0 la loi ;"
    ],
    "decision-1": [
        "Attendu, selon l'ordonnance attaqu\u00e9e, rendue par le premier pr\u00e9sident d'une cour d'appel (Toulouse, 30 novembre 2016), et les pi\u00e8ces de la proc\u00e9dure, que M. X..., de nationalit\u00e9 gambienne, en situation irr\u00e9guli\u00e8re sur le territoire national, a \u00e9t\u00e9 contr\u00f4l\u00e9 le 24 novembre 2016, en gare de Toulouse-Matabiau, en application de l'article 78-2, alin\u00e9a 9, du code de proc\u00e9dure p\u00e9nale, dans sa r\u00e9daction ant\u00e9rieure \u00e0 celle issue de la loi n\u00b0 2017-256 du 28 f\u00e9vrier 2017, et plac\u00e9 en retenue pour v\u00e9rification de son droit de circulation ou de s\u00e9jour ; que le pr\u00e9fet a pris \u00e0 son encontre, le m\u00eame jour, un arr\u00eat\u00e9 de remise aux autorit\u00e9s italiennes et une d\u00e9cision de placement en r\u00e9tention administrative ;"
    ],
    "decision-2": [
        "Sur le moyen unique, pris en ses trois premi\u00e8res branches, ci-apr\u00e8s annex\u00e9 :"
    ],
    "decision-3": [
        "Attendu que ces griefs ne sont manifestement pas de nature \u00e0 entra\u00eener la cassation ;",
        "Sur la quatri\u00e8me branche du moyen, ci-apr\u00e8s annex\u00e9 :"
    ],
    "decision-4": [
        "Attendu que M. X... fait grief \u00e0 l'ordonnance de prolonger la mesure de r\u00e9tention ;"
    ],
    "decision-5": [
        "Attendu qu'apr\u00e8s avoir \u00e9nonc\u00e9 que la mission de pr\u00e9vention de la criminalit\u00e9 transfrontali\u00e8re s'exer\u00e7ait, conform\u00e9ment au texte susvis\u00e9, de 10 \u00e0 12 heures, afin de v\u00e9rifier le respect des obligations de port et de pr\u00e9sentation des titres et documents pr\u00e9vus par la loi, l'ordonnance retient que les fonctionnaires de police ont ainsi proc\u00e9d\u00e9 au contr\u00f4le de l'identit\u00e9 de M. X..., qui s'est r\u00e9v\u00e9l\u00e9 \u00eatre en situation irr\u00e9guli\u00e8re sur le territoire fran\u00e7ais, sans qu'il r\u00e9sulte des circonstances dans lesquelles cette v\u00e9rification a \u00e9t\u00e9 r\u00e9alis\u00e9e un quelconque commencement de preuve du caract\u00e8re discriminatoire et non al\u00e9atoire de ce contr\u00f4le ; que, par ces seuls motifs, le premier pr\u00e9sident a l\u00e9galement justifi\u00e9 sa d\u00e9cision ;"
    ],
    "decision-6": [
        "PAR CES MOTIFS :",
        "REJETTE le pourvoi ;",
        "Vu l'article 700 du code de proc\u00e9dure civile, rejette la demande ;",
        "Ainsi fait et jug\u00e9 par la Cour de cassation, premi\u00e8re chambre civile, et prononc\u00e9 par le pr\u00e9sident en son audience publique du vingt-quatre janvier deux mille dix-huit."
    ],
    "decision-7": [
        "MOYEN ANNEXE au pr\u00e9sent arr\u00eat",
        "Moyen produit par la SCP Lyon-Caen et Thiriez, avocat aux Conseils, pour M. X...",
        "Le moyen fait grief \u00e0 l'ordonnance confirmative attaqu\u00e9e d'avoir valid\u00e9 tant le contr\u00f4le d'identit\u00e9 que le maintien en r\u00e9tention administrative du requ\u00e9rant pour une dur\u00e9e de vingt-huit jours ;",
        "Aux motifs propres que le contr\u00f4le d'identit\u00e9 d' X... a \u00e9t\u00e9 effectu\u00e9 au visa de l'article 78-2 alin\u00e9a 8 (alin\u00e9a 4) du code de proc\u00e9dure p\u00e9nale, disposant que : \"...Dans une zone comprise entre la fronti\u00e8re terrestre de la France avec les Etats parties \u00e0 la convention sign\u00e9e \u00e0 Schengen le 19 juin 1990 et une ligne trac\u00e9e \u00e0 20 kilom\u00e8tres en de\u00e7\u00e0, ainsi que dans les zones accessibles au public des ports, a\u00e9roports et gares ferroviaires ou routi\u00e8res ouverts au trafic international et d\u00e9sign\u00e9s par arr\u00eat\u00e9, pour la pr\u00e9vention et la recherche des infractions li\u00e9es \u00e0 la criminalit\u00e9 transfrontali\u00e8re, l'identit\u00e9 de toute personne peut \u00e9galement \u00eatre contr\u00f4l\u00e9e, selon les modalit\u00e9s pr\u00e9vues au premier alin\u00e9a, en vue de v\u00e9rifier le respect des obligations de d\u00e9tention, de port et de pr\u00e9sentation des titres et documents pr\u00e9vues par la loi... ...Pour l'application du pr\u00e9sent alin\u00e9a, le contr\u00f4le des obligations de d\u00e9tention, de port et de pr\u00e9sentation des titres et documents pr\u00e9vus par la loi ne peut \u00eatre pratiqu\u00e9 que pour une dur\u00e9e n'exc\u00e9dant pas six heures cons\u00e9cutives dans un m\u00eame lieu et ne peut consister en un contr\u00f4le syst\u00e9matique des personnes pr\u00e9sentes ou circulant dans les zones ou lieux mentionn\u00e9s au m\u00eame alin\u00e9a.... ; qu'en l'esp\u00e8ce, l'avocat soutient que le contr\u00f4le a \u00e9t\u00e9 effectu\u00e9 non pas \u00e0 10H30, comme indiqu\u00e9 sur le proc\u00e8s-verbal de police, mais avant 10H, en dehors du cr\u00e9neau horaire de la mission autoris\u00e9e ; d'autre part que ce contr\u00f4le n'est pas motiv\u00e9, a \u00e9t\u00e9 r\u00e9alis\u00e9 parce que son client a la peau noire, et qu'il n'a pas \u00e9t\u00e9 al\u00e9atoire, mais discriminatoire ; qu'il ressort de la proc\u00e9dure soumise, PV 1002/216 de la DPAF 31, que le 24 novembre 2016 \u00e0 partir de 10 heures du matin, deux fonctionnaires de la Police aux Fronti\u00e8res, dont un officier de police judiciaire, ont proc\u00e9d\u00e9 \u00e0 une op\u00e9ration de contr\u00f4le d'identit\u00e9 dans la gare internationale et ferroviaire de Matabiau ; - Dans le cadre d'une mission de pr\u00e9vention de la criminalit\u00e9 transfrontali\u00e8re ; - D'une dur\u00e9e de deux heures, de 10 heures \u00e0 12 heures ; - Pour v\u00e9rifier le respect des obligations de port et de pr\u00e9sentation des titres et documents pr\u00e9vus par la loi ; - De mani\u00e8re al\u00e9atoire, c'est-\u00e0-dire r\u00e9sultant de circonstances ext\u00e9rieures \u00e0 la personne m\u00eame de l'int\u00e9ress\u00e9, de nature \u00e0 faire para\u00eetre sa qualit\u00e9 d'\u00e9tranger ; que dans ce p\u00e9rim\u00e8tre, ils ont contr\u00f4l\u00e9 l'identit\u00e9 d'une personne qui s'est r\u00e9v\u00e9l\u00e9 de nationalit\u00e9 gambienne et en situation irr\u00e9guli\u00e8re sur le territoire fran\u00e7ais ; qu'il ne r\u00e9sulte pas de ce qui pr\u00e9c\u00e8de un commencement de preuve que ce contr\u00f4le d'identit\u00e9 n'a pas \u00e9t\u00e9 al\u00e9atoire ou qu'il ait \u00e9t\u00e9 discriminatoire ; que de surcro\u00eet, le fait pour une personne d'avoir la peau noire, ne constitue pas en France, une circonstance ext\u00e9rieure \u00e0 cette personne, de nature \u00e0 faire para\u00eetre sa qualit\u00e9 d'\u00e9tranger ; que s'agissant de l'heure du contr\u00f4le, l'avocat d\u00e9duit de l'incompatibilit\u00e9 entre l'heure mentionn\u00e9e sur le proc\u00e8s-verbal, 10H30 et l'heure de notification des droits en retenue \u00e0 10H35, alors que le temps de trajet de la gare Matabiau \u00e0 Blagnac est de 15 minutes, la preuve qu'Ousman X... a \u00e9t\u00e9 contr\u00f4l\u00e9 avant 10H ; que tout d'abord, il ressort de la proc\u00e9dure que, contrairement \u00e0 ce qui est soutenu par l'appelant, les droits en retenue ont \u00e9t\u00e9 notifi\u00e9s \u00e0 Ousman X... non pas \u00e0 10H35, mais \u00e0 compter de 10H50 ; que cette notification a \u00e9t\u00e9 faite en pr\u00e9sence de l'interpr\u00e8te en langue anglaise, Madame A..., qui a, quant \u00e0 elle, \u00e9t\u00e9 contact\u00e9e t\u00e9l\u00e9phoniquement par les services de police \u00e0 10H35 ; que d'autre part, m\u00eame \u00e0 supposer \u00e9tabli qu'Ousman X... est arriv\u00e9 \u00e0 Blagnac \u00e0 10H35, il ne peut \u00eatre valablement d\u00e9duit d'un temps de trajet estim\u00e9 \u00e0 15 minutes, de la gare de Toulouse Matabiau \u00e0 Blagnac, que le contr\u00f4le de l'\u00e9tranger a eu lieu avant 10 heures, en dehors du cr\u00e9neau horaire fix\u00e9 par la mission de police ; qu'aucune irr\u00e9gularit\u00e9 n'a donc \u00e9t\u00e9 commise dans l'application du texte susvis\u00e9 et le moyen tir\u00e9 de l'ill\u00e9galit\u00e9 du contr\u00f4le et de l'interpellation n'est pas fond\u00e9 ;",
        "Et aux motifs adopt\u00e9s du premier juge, que l'interpellation de Monsieur Ousman X... a \u00e9t\u00e9 effectu\u00e9e \u00e0 la gare Matabiau de Toulouse le 24 novembre 2016 par application de l'article 78-2 alin\u00e9a 8 du code de proc\u00e9dure p\u00e9nale dans le cadre de v\u00e9rifications non permanentes et al\u00e9atoires du respect des obligations de port des titres et documents pr\u00e9vus par la loi ; que ces v\u00e9rifications \u00e9taient pr\u00e9vues de 10 heures \u00e0 12 heures ; que Monsieur Ousman X... a \u00e9t\u00e9 contr\u00f4l\u00e9 \u00e0 10 heures 30, heure \u00e0 laquelle il a \u00e9t\u00e9 plac\u00e9 en retenue, l'heure mentionn\u00e9e sur le proc\u00e8s-verbal est manifestement erron\u00e9e sans que cette erreur ne fasse grief \u00e0 Monsieur Ousman X... ; que le procureur de la R\u00e9publique a \u00e9t\u00e9 inform\u00e9 \u00e0 l'issue de la notification de la retenue le 24 novembre \u00e0 10 heures 55 (PV n\u00b0 2016/0012002/3) ; que Monsieur Ousman X... a d\u00e9clar\u00e9 savoir lire la langue qu'il parle, \u00e0 savoir l'anglais (PV n\u00b0 2016/1002/07) ; que la notification des droits en mati\u00e8re de demande d'asile lui ayant \u00e9t\u00e9 remise en anglais, aucun grief ne peut \u00eatre tir\u00e9 de l'absence d'interpr\u00e8te ; que d\u00e8s lors, la proc\u00e9dure est parfaitement r\u00e9guli\u00e8re ;",
        "Alors que, d'une part, par arr\u00eat du 22 juin 2010, la Cour de justice de l'Union europ\u00e9enne a dit pour droit que l'article 67 paragraphe 2 du TFUE et les articles 20 et 21 du r\u00e8glement (CE) n\u00b0 562/ 2006, du Parlement europ\u00e9en et du Conseil, du 15 mars 2006, \u00e9tablissant un code communautaire relatif au r\u00e9gime de franchissement des fronti\u00e8res par les personnes (code fronti\u00e8res Schengen), s'opposent \u00e0 une l\u00e9gislation nationale conf\u00e9rant aux autorit\u00e9s de police de l'\u00c9tat membre concern\u00e9 la comp\u00e9tence de contr\u00f4ler, uniquement dans une zone de vingt kilom\u00e8tres \u00e0 partir de la fronti\u00e8re terrestre de cet \u00c9tat avec les parties \u00e0 la convention d'application de l'accord de Schengen, du 14 juin 1985, entre les gouvernements des \u00c9tats de l'Union \u00e9conomique Benelux, de la R\u00e9publique f\u00e9d\u00e9rale d'Allemagne et de la R\u00e9publique fran\u00e7aise relatif \u00e0 la suppression graduelle des contr\u00f4les aux fronti\u00e8res communes, sign\u00e9 \u00e0 Schengen (Luxembourg) le 19 juin 1990, l'identit\u00e9 de toute personne, ind\u00e9pendamment du comportement de celle-ci et des circonstances particuli\u00e8res \u00e9tablissant un risque d'atteinte \u00e0 l'ordre public, en vue de v\u00e9rifier le respect des obligations de d\u00e9tention, de port et de pr\u00e9sentation des titres et documents pr\u00e9vus par la loi, sans pr\u00e9voir l'encadrement n\u00e9cessaire de cette comp\u00e9tence garantissant que l'exercice pratique de ladite comp\u00e9tence ne puisse pas rev\u00eatir un effet \u00e9quivalent \u00e0 celui des v\u00e9rifications aux fronti\u00e8res ; qu'en se fondant seulement sur les \u00e9nonciations du proc\u00e8s-verbal de v\u00e9rification droit de circulation ou de s\u00e9jour du 24 novembre 2016 selon lesquels les agents de police \u00e9taient en patrouille dans le cadre d'une mission de pr\u00e9vention de la criminalit\u00e9 transfrontali\u00e8re tendant \u00e0 ce que soient diligent\u00e9es de mani\u00e8re non permanente et al\u00e9atoire, notamment ce jour du 24/11/2016 de 10h00 \u00e0 12h00 en gare de Matabiau les v\u00e9rifications du respect des obligations de port et de pr\u00e9vention des titres et documents pr\u00e9vus par la loi pour d\u00e9duire qu'aucune irr\u00e9gularit\u00e9 n'a donc \u00e9t\u00e9 commise dans l'application des dispositions de l'article 78-2 alin\u00e9a 8 (alin\u00e9a 4) du code de proc\u00e9dure p\u00e9nale, le Premier Pr\u00e9sident de la Cour d'appel, qui s'est abstenu de pr\u00e9ciser si la mise en oeuvre de cette patrouille s'inscrivait ou non dans un encha\u00eenement de contr\u00f4les sur le m\u00eame p\u00e9rim\u00e8tre susceptibles de constituer un contr\u00f4le unique sur la base de donn\u00e9es n'apparaissant pas dans ce proc\u00e8s-verbal, n'a pas mis la Cour de cassation en mesure d'exercer son contr\u00f4le et a priv\u00e9 sa d\u00e9cision de base l\u00e9gale au regard des articles 78-2 alin\u00e9a 8 du Code de proc\u00e9dure p\u00e9nale et L. 611-1 du Code de l'entr\u00e9e et du s\u00e9jour des \u00e9trangers et du droit d'asile, ensemble les articles 67 \u00a7 2 du Trait\u00e9 sur le fonctionnement de l'Union europ\u00e9enne et 21 du R\u00e8glement (CE) n\u00b0 562/ 2006 du Parlement europ\u00e9en et du Conseil du 15 mars 2006 ;",
        "Alors que, de deuxi\u00e8me part, il r\u00e9sulte du proc\u00e8s-verbal d'interpellation du 24 novembre 2016, d'une part qu'il a \u00e9t\u00e9 r\u00e9dig\u00e9 \u00e0 dix heures et, d'autre part, que l'interpellation de Monsieur X... avait eu lieu \u00e0 dix heures trente minutes (10h30) ; qu'en se fondant sur ce document comportant des termes contradictoires qui se d\u00e9truisent r\u00e9ciproquement pour d\u00e9duire qu'aucune irr\u00e9gularit\u00e9 n'avait \u00e9t\u00e9 commise dans l'application de l'article 78-2 alin\u00e9a 8 du Code de proc\u00e9dure p\u00e9nale, le Premier Pr\u00e9sident de la Cour d'appel n'a pas satisfait aux exigences de l'article 455 du Code de proc\u00e9dure civile ;",
        "Alors que, de troisi\u00e8me part, en vertu de l'article L. 611-1-1 du Code de l'entr\u00e9e et du s\u00e9jour des \u00e9trangers et du droit d'asile (CESADA), si, \u00e0 l'occasion d'un contr\u00f4le effectu\u00e9 en application de l'article L. 611-1 du m\u00eame code, des articles 78-1, 78-2, 78-2-1 et 78-2-2 du Code de proc\u00e9dure p\u00e9nale il appara\u00eet qu'un \u00e9tranger n'est pas en mesure de justifier de son droit de circuler ou de s\u00e9journer en France, il peut \u00eatre conduit dans un local de police ou de gendarmerie et y \u00eatre retenu par un officier de police judiciaire de la police nationale ou de la gendarmerie nationale aux fins de v\u00e9rification de son droit de circulation ou de s\u00e9jour sur le territoire fran\u00e7ais. Dans ce cas, l'officier de police judiciaire ou, sous le contr\u00f4le de celui-ci, un agent de police judiciaire informe aussit\u00f4t l'\u00e9tranger, dans une langue qu'il comprend ou dont il est raisonnable de supposer qu'il la comprend, des motifs de son placement en retenue, de la dur\u00e9e maximale de la mesure ainsi que des droits dont il b\u00e9n\u00e9ficie ; qu'il r\u00e9sulte du proc\u00e8s-verbal d'interpellation du 24 novembre 2016 \u00e0 dix heures, que l'officier de police judiciaire a indiqu\u00e9 \u00e0 Monsieur X... qu'il fait l'objet d'une retenue aux fins de v\u00e9rification de son droit de circulation et de droit au s\u00e9jour, que cette mesure ainsi que les droits y aff\u00e9rents lui seront notifi\u00e9s ult\u00e9rieurement par proc\u00e8s-verbal distincts ; qu'en s'abstenant de notifier simultan\u00e9ment \u00e0 Monsieur X... sa retenue et ses droits aff\u00e9rents \u00e0 cette mesure, le Premier Pr\u00e9sident de la Cour d'appel a viol\u00e9 l'article L. 611-1-1 du Code de l'entr\u00e9e et du s\u00e9jour des \u00e9trangers et du droit d'asile ;",
        "Alors que, de quatri\u00e8me part, Monsieur X... a soutenu avoir fait l'objet d'un contr\u00f4le en raison de la seule couleur de sa peau qui est noire ; qu'en retenant que le fait pour une personne d'avoir la peau noire ne constitue pas en France, une circonstance ext\u00e9rieure \u00e0 cette personne, de nature \u00e0 faire para\u00eetre sa qualit\u00e9 d'\u00e9tranger, le Premier Pr\u00e9sident de la Cour d'appel a d\u00e9natur\u00e9 les conclusions de Monsieur X... et a m\u00e9connu les termes du litige, violant ainsi l'article 4 du Code de proc\u00e9dure civile."
    ]
}