{
    "decision-0": [
        "CIV. 1",
        "MF",
        "COUR DE CASSATION",
        "______________________",
        "Audience publique du 20 novembre 2019",
        "Cassation partielle sans renvoi",
        "Mme BATUT, pr\u00e9sident",
        "Arr\u00eat n\u00b0 979 F-D",
        "Pourvoi n\u00b0 E 18-23.720",
        "Aide juridictionnelle totale en demande",
        "au profit de M. E....",
        "Admission du bureau d'aide juridictionnelle",
        "pr\u00e8s la Cour de cassation",
        "en date du 25 septembre 2018.",
        "R \u00c9 P U B L I Q U E F R A N \u00c7 A I S E",
        "_________________________",
        "AU NOM DU PEUPLE FRAN\u00c7AIS",
        "_________________________",
        "LA COUR DE CASSATION, PREMI\u00c8RE CHAMBRE CIVILE, a rendu l'arr\u00eat suivant :",
        "Statuant sur le pourvoi form\u00e9 par M. H... E..., domicili\u00e9 chez M. U... O...[...] ,",
        "contre l'ordonnance rendue le 12 mars 2018 par le premier pr\u00e9sident de la cour d'appel de Paris (p\u00f4le 2, chambre 11), dans le litige l'opposant au pr\u00e9fet de police de Paris, domicili\u00e9 [...],",
        "d\u00e9fendeur \u00e0 la cassation ;",
        "Le demandeur invoque, \u00e0 l'appui de son pourvoi, les deux moyens de cassation annex\u00e9s au pr\u00e9sent arr\u00eat ;",
        "Vu la communication faite au procureur g\u00e9n\u00e9ral ;",
        "LA COUR, en l'audience publique du 15 octobre 2019, o\u00f9 \u00e9taient pr\u00e9sentes : Mme Batut, pr\u00e9sident, Mme Feydeau-Thieffry, conseiller r\u00e9f\u00e9rendaire rapporteur, Mme Auroy, conseiller doyen, Mme Berthomier, greffier de chambre ;",
        "Sur le rapport de Mme Feydeau-Thieffry, conseiller r\u00e9f\u00e9rendaire, les observations de la SCP Piwnica et Molini\u00e9, avocat de M. E..., et apr\u00e8s en avoir d\u00e9lib\u00e9r\u00e9 conform\u00e9ment \u00e0 la loi ;"
    ],
    "decision-1": [
        "Sur le premier moyen, pris en sa premi\u00e8re branche :"
    ],
    "decision-2": [
        "Vu les articles L. 551-2 et L. 611-1-1 du code de l'entr\u00e9e et du s\u00e9jour des \u00e9trangers et du droit d'asile ;",
        "Attendu qu'il r\u00e9sulte de ces textes que, si la notification de la d\u00e9cision de placement en r\u00e9tention peut intervenir d\u00e8s la fin d'un contr\u00f4le d'identit\u00e9, sans que l'\u00e9tranger ne soit plac\u00e9 en retenue, c'est \u00e0 la condition qu'aucune op\u00e9ration pr\u00e9alable de v\u00e9rification de son droit de circulation ou de s\u00e9jour ne soit n\u00e9cessaire ;"
    ],
    "decision-3": [
        "Attendu, selon l'ordonnance attaqu\u00e9e, rendue par le premier pr\u00e9sident d'une cour d'appel, et les pi\u00e8ces de la proc\u00e9dure, que, le 7 mars 2018, M. E..., de nationalit\u00e9 alg\u00e9rienne, en situation irr\u00e9guli\u00e8re en France, a \u00e9t\u00e9 interpell\u00e9 \u00e0 l'occasion d'un contr\u00f4le d'identit\u00e9 dans une gare parisienne et invit\u00e9 \u00e0 suivre les fonctionnaires de police au commissariat o\u00f9 lui ont \u00e9t\u00e9 notifi\u00e9es deux d\u00e9cisions du pr\u00e9fet portant obligation de quitter le territoire et placement en r\u00e9tention ; que le juge des libert\u00e9s et de la d\u00e9tention a \u00e9t\u00e9 saisi par M. E... d'une contestation de la d\u00e9cision de placement en r\u00e9tention et par le pr\u00e9fet d'une demande de prolongation de cette mesure ;",
        "Attendu que, pour ordonner le maintien de la mesure, l'ordonnance retient que lors de son contr\u00f4le \u00e0 10 heures 45, M. E... a d\u00e9clin\u00e9 son identit\u00e9 et sa nationalit\u00e9 alg\u00e9rienne, reconnaissant ne disposer d'aucun titre de s\u00e9jour ou de circulation en France de sorte que l'irr\u00e9gularit\u00e9 de sa situation est apparue d\u00e8s ce contr\u00f4le, sans n\u00e9cessit\u00e9 de recourir \u00e0 des mesures d'enqu\u00eate ou de v\u00e9rification et que, dans ce contexte de mise \u00e0 disposition, l'int\u00e9ress\u00e9, qui n'a fait l'objet d'aucune mesure contraignante de type fouille, n'a \u00e9t\u00e9 retenu sous contrainte que le temps n\u00e9cessaire d'une part \u00e0 son audition, avec le concours d'un interpr\u00e8te, \u00e0 12 heures 30, sur l'ensemble des \u00e9l\u00e9ments d\u00e9cisoires devant \u00eatre transmis \u00e0 l'administration avant la prise \u00e9ventuelle d'un arr\u00eat\u00e9 de placement en r\u00e9tention, d'autre part \u00e0 la notification, \u00e0 14 heures 35, de son placement en r\u00e9tention ainsi que de ses droits ;"
    ],
    "decision-4": [
        "Qu'en statuant ainsi, alors qu'il r\u00e9sultait de ses constatations qu'une mesure d'enqu\u00eate avait \u00e9t\u00e9 n\u00e9cessaire avant la d\u00e9cision qui justifiait la r\u00e9tention, le premier pr\u00e9sident a viol\u00e9 les textes susvis\u00e9s ;",
        "Et vu les articles L. 411-3 du code de l'organisation judiciaire et 1015 du code de proc\u00e9dure civile ;"
    ],
    "decision-5": [
        "PAR CES MOTIFS, et sans qu'il y ait lieu de statuer sur les autres griefs :",
        "CASSE ET ANNULE, sauf en ce qu'elle d\u00e9clare les requ\u00eates recevables, l'ordonnance rendue le 12 mars 2018, entre les parties, par le premier pr\u00e9sident de la cour d'appel de Paris ;",
        "DIT n'y avoir lieu \u00e0 renvoi ;",
        "Vu l'article 700 du code de proc\u00e9dure civile, rejette la demande ;",
        "Dit que sur les diligences du procureur g\u00e9n\u00e9ral pr\u00e8s la Cour de cassation, le pr\u00e9sent arr\u00eat sera transmis pour \u00eatre transcrit en marge ou \u00e0 la suite de l'ordonnance partiellement cass\u00e9e ;",
        "Ainsi fait et jug\u00e9 par la Cour de cassation, premi\u00e8re chambre civile, et prononc\u00e9 par le pr\u00e9sident en son audience publique du vingt novembre deux mille dix-neuf."
    ],
    "decision-6": [
        "MOYENS ANNEXES au pr\u00e9sent arr\u00eat",
        "Moyens produits par la SCP Piwnica et Molini\u00e9, avocat aux Conseils, pour M. E....",
        "PREMIER MOYEN DE CASSATION",
        "Il est fait grief \u00e0 l'ordonnance infirmative attaqu\u00e9e d'avoir rejet\u00e9 les moyens de nullit\u00e9 pr\u00e9sent\u00e9s par M. E... ainsi que sa requ\u00eate en contestation du placement en r\u00e9tention administrative et d'avoir prolong\u00e9 sa r\u00e9tention pour une dur\u00e9e de vingt-huit jours ;",
        "AUX MOTIFS QUE la Cour consid\u00e8re que c'est \u00e0 tort que le premier juge a accueilli le moyen tir\u00e9 de la notification tardive de ses droits \u00e0 H... E... 3h50 apr\u00e8s son contr\u00f4le d'identit\u00e9, tout en consid\u00e9rant comme r\u00e9guli\u00e8re la proc\u00e9dure de mise \u00e0 disposition dont l'int\u00e9ress\u00e9 a fait l'objet, mais a encore accueilli le moyen de contestation de l'arr\u00eat\u00e9 de placement en r\u00e9tention pour violation du droit \u00e0 \u00eatre assist\u00e9 par un avocat conform\u00e9ment \u00e0 la directive 2008/115, consid\u00e9rant d\u00e8s lors que tant la proc\u00e9dure que le placement en r\u00e9tention de H... E... devaient \u00eatre annul\u00e9s ;",
        "QUE, sur le moyen tir\u00e9 de l'irr\u00e9gularit\u00e9 de la proc\u00e9dure ant\u00e9rieure au placement en r\u00e9tention de H... E... notifi\u00e9 le 7 mars 2018 \u00e0 14h35 alors que l'int\u00e9ress\u00e9 a fait l'objet d'un contr\u00f4le d'identit\u00e9 \u00e0 10h45, au motif que l'int\u00e9ress\u00e9 se serait vu notifier tardivement ses droits, la Cour rel\u00e8ve qu'il r\u00e9sulte en effet de la proc\u00e9dure que H... E... a fait l'objet d'un contr\u00f4le d'identit\u00e9 dans la zone SNCF de la Gare du Nord \u00e0 Paris 10\u00e8me, au niveau -1 de la zone SNCF sur le fondement de l'article 78-2 alin\u00e9a 9 du Code de proc\u00e9dure p\u00e9nale dans le cadre d'une op\u00e9ration de contr\u00f4le d'identit\u00e9 al\u00e9atoire op\u00e9r\u00e9 de 10h30 \u00e0 12h ; QUE lors de ce contr\u00f4le survenu \u00e0 10h45, H... E... a d\u00e9clin\u00e9 son nom, pr\u00e9nom, date de naissance mais aussi sa nationalit\u00e9 alg\u00e9rienne, mais encore reconnu ne disposer d'aucun titre de s\u00e9jour ou de circulation en France, pr\u00e9sentant sa seule carte d'aide m\u00e9dicale, \u00eatre sans ressources et sans domicile fixe, de sorte que l'irr\u00e9gularit\u00e9 de sa situation est apparue d\u00e8s ce contr\u00f4le, sans n\u00e9cessit\u00e9 de recourir \u00e0 des mesures d'enqu\u00eate ou de v\u00e9rification ; QU' il n'a donc \u00e9t\u00e9 besoin de faire application ni de l'article 62 du code de proc\u00e9dure p\u00e9nale ni de l'article L. 611-1-1 du code de l'entr\u00e9e et du s\u00e9jour des \u00e9trangers et du droit d'asile ; QUE, dans ce contexte de mise \u00e0 disposition, l'int\u00e9ress\u00e9 n'a fait l'objet d'aucune mesure de contrainte de type fouille, mais n'a d\u00e8s lors \u00e9t\u00e9 retenu sous contrainte que le temps n\u00e9cessaire d'une part \u00e0 son audition, ce d\u00e9lai \u00e9tant en l'esp\u00e8ce justifi\u00e9 par la n\u00e9cessit\u00e9 de s'assurer le concours d'un interpr\u00e8te en langue alg\u00e9rienne qui l'assistera effectivement lors de cette audition sign\u00e9e \u00e0 12h30, puis d'autre part \u00e0 la notification de son placement en r\u00e9tention et notification de ses droits, d\u00e9cisions et droits notifi\u00e9s \u00e0 14h35 avec assistance du m\u00eame interpr\u00e8te ;",
        "QUE s'il appartient au juge judiciaire, garant des libert\u00e9s individuelles de s'assurer qu'entre ce contr\u00f4le d'identit\u00e9 et la remise aux autorit\u00e9s comp\u00e9tentes et son placement en r\u00e9tention, il ne se soit pas \u00e9coul\u00e9 un d\u00e9lai raisonnable de nature \u00e0 caract\u00e9riser une d\u00e9tention arbitraire, il importe de relever qu'en l'esp\u00e8ce ce d\u00e9lai de 3h50 au total est justifi\u00e9 par la n\u00e9cessit\u00e9 de recourir \u00e0 un interpr\u00e8te en langue arabe comprise de l'int\u00e9ress\u00e9, de l'auditionner avec assistance dudit interpr\u00e8te, op\u00e9ration termin\u00e9e \u00e0 12h30 le 7 mars 2018, afin de recueillir les d\u00e9clarations de H... E... sur sa situation administrative, et plus particuli\u00e8rement sur les documents d'identit\u00e9 ou de voyage en sa possession, mais encore son adresse en France et les justificatifs de cette derni\u00e8re, soit tous \u00e9l\u00e9ments d\u00e9cisoires qui devront \u00eatre communiqu\u00e9s \u00e0 l'administration avant la prise \u00e9ventuelle de son arr\u00eat\u00e9 de placement en r\u00e9tention afin de motiver sa d\u00e9cision en tenant compte de la situation personnelle de l'int\u00e9ress\u00e9 notamment quant \u00e0 ses garanties de repr\u00e9sentation ; QUE d\u00e8s lors, cette audition ayant \u00e9t\u00e9 termin\u00e9e \u00e0 12h30, un d\u00e9lai de 2h05 entre cette fin d'audition et la notification effective de l'arr\u00eat\u00e9 de placement, des voies de recours et droits de l'int\u00e9ress\u00e9 en r\u00e9tention, n'appara\u00eet d\u00e9raisonnable ;",
        "QU'il s'en suit que cette mise \u00e0 disposition de l'int\u00e9ress\u00e9 de 3h50, soit de 10h45 \u00e0 14h35, dans les circonstances pr\u00e9cit\u00e9es et notamment avec recours \u00e0 un interpr\u00e8te et une fin d'audition \u00e0 12h30 ayant abouti \u00e0 la notification non seulement de son obligation de quitter le territoire fran\u00e7ais avec placement en r\u00e9tention administrative, mais aussi de ses droits en r\u00e9tention notifi\u00e9s \u00e0 14h35 sans application de l'article 62 du code de proc\u00e9dure p\u00e9nale ou de l'article L. 611-1-1 du code de l'entr\u00e9e et du s\u00e9jour des \u00e9trangers et du droit d'asile est parfaitement r\u00e9guli\u00e8re et ne saurait caract\u00e9riser ni une privation de libert\u00e9 hors de tout cadre juridique ni une privation de libert\u00e9 d\u00e9raisonnable de nature \u00e0 caract\u00e9riser une d\u00e9tention arbitraire, ni une notification tardive de ses droits lors de son placement en r\u00e9tention et donc \u00e0 vicier la proc\u00e9dure ant\u00e9rieure \u00e0 son placement en r\u00e9tention ;",
        "QU'il r\u00e9sulte des motifs qui pr\u00e9c\u00e8dent aff\u00e9rents \u00e0 la mise \u00e0 disposition de l'int\u00e9ress\u00e9 dans les circonstances pr\u00e9cit\u00e9e, sans application de l'article L. 611-1-1 du code de l'entr\u00e9e et du s\u00e9jour des \u00e9trangers et du droit d'asile, que celle-ci est parfaitement r\u00e9guli\u00e8re et ne saurait caract\u00e9riser ni une privation de libert\u00e9 hors de tout cadre juridique ni une privation de libert\u00e9 d\u00e9raisonnable de nature \u00e0 caract\u00e9riser une d\u00e9tention arbitraire, et donc \u00e0 vicier la proc\u00e9dure ant\u00e9rieure \u00e0 son placement en r\u00e9tention ; QUE d\u00e8s lors les moyens repris devant la cour tir\u00e9s d'un recours injustifi\u00e9 \u00e0 une mise \u00e0 disposition prise \u00e0 l'encontre de H... E... alors que la proc\u00e9dure de retenue de l'article L. 611-1-1 du code de l'entr\u00e9e et du s\u00e9jour des \u00e9trangers et du droit d'asile devait s'appliquer, s'agissant d'un \u00e9tranger dont l'identit\u00e9 \u00e9tait incertaine et en l'absence de d\u00e9cision de placement en r\u00e9tention d\u00e8s l'interpellation, comme celui tir\u00e9 d'une privation de libert\u00e9 excessive doivent \u00eatre rejet\u00e9s ;",
        "QUE, sur les moyens tir\u00e9s du caract\u00e8re d\u00e9loyal du proc\u00e9d\u00e9 mis en place et la demande \u00e0 les suivre, de la privation de libert\u00e9 ill\u00e9gale et contraire \u00e0 l'obligation de protection de l'individu contre l'arbitraire, du d\u00e9faut d'information quant \u00e0 la libert\u00e9 de quitter les lieux et l'acte arbitraire attentatoire \u00e0 la libert\u00e9, du d\u00e9faut d'information du parquet de l'op\u00e9ration de contr\u00f4le d'identit\u00e9 et de la privation de libert\u00e9 en dehors de tout contr\u00f4le du parquet, et de la violation de l'article 5\u00a72 de la Convention europ\u00e9enne de sauvegarde des droits de l'homme et des libert\u00e9s fondamentales quant au motif de son arrestation, la Cour consid\u00e8re que la proc\u00e9dure de mise \u00e0 disposition, valid\u00e9e par la Cour de cassation permet de retenir l'int\u00e9ress\u00e9 comme en l'esp\u00e8ce sur une dur\u00e9e de 3h50, aucune pi\u00e8ce de la proc\u00e9dure ne d\u00e9montrant une contrainte exerc\u00e9e sur l'int\u00e9ress\u00e9 pendant cette mesure dont la dur\u00e9e ne para\u00eet pas \u00eatre excessive, \u00e9tant en outre observ\u00e9 que suite \u00e0 l'irr\u00e9gularit\u00e9 de la situation H... E... apparue d\u00e8s son contr\u00f4le, les policiers ont pris attache avec le 8\u00e8me bureau de la pr\u00e9fecture de police qui les a inform\u00e9s qu'une mesure d'\u00e9loignement sera \u00e9ventuellement prise apr\u00e8s audition \u00e0 l'encontre de l'int\u00e9ress\u00e9, recueil d'informations sur la situation administrative de l'int\u00e9ress\u00e9 constituant un pr\u00e9alable \u00e0 la prise de d\u00e9cision afin qu'il soit entendu sur ses \u00e9l\u00e9ments de personnalit\u00e9 ; QUE H... E... a alors \u00e9t\u00e9 ensuite inform\u00e9 de cette demande de l'administration et pour l'ex\u00e9cution de celle-ci il lui est demand\u00e9 de suivre les policiers afin de proc\u00e9der \u00e0 son audition ; QU'il ne r\u00e9sulte d\u00e8s lors d'aucune pi\u00e8ce de la proc\u00e9dure qu'une quelconque contrainte ait \u00e9t\u00e9 exerc\u00e9e \u00e0 son encontre, encore moins une arrestation au sens de l'article 5\u00a72 de la Convention europ\u00e9enne de sauvegarde des droits de l'homme et des libert\u00e9s fondamentales ; QUE ces moyens doivent \u00eatre rejet\u00e9s ;",
        "1\u00b0) ALORS QUE la proc\u00e9dure de retenue, pr\u00e9vue \u00e0 l'article L. 611-1-1 du code de l'entr\u00e9e et du s\u00e9jour des \u00e9trangers et du droit d'asile, s'impose lorsque des investigations sont n\u00e9cessaires pour v\u00e9rifier le droit de circulation ou de s\u00e9jour sur le territoire fran\u00e7ais ; qu'en affirmant que M. H... E... pouvait \u00eatre r\u00e9guli\u00e8rement mis \u00e0 disposition sans application de la proc\u00e9dure de retenue, apr\u00e8s avoir pourtant constat\u00e9 qu'il a fait l'objet d'une audition, avec l'assistance d'un interpr\u00e8te, \u00ab afin de recueillir [ses] d\u00e9clarations [",
        "] sur sa situation administrative, et plus particuli\u00e8rement sur les documents d'identit\u00e9 ou de voyage en sa possession, mais encore son adresse en France et les justificatifs de cette derni\u00e8re \u00bb, ce dont il r\u00e9sultait que des v\u00e9rifications sur la situation de M. E... avaient \u00e9t\u00e9 n\u00e9cessaires, le magistrat d\u00e9l\u00e9gu\u00e9 de la cour d'appel de Paris n'a pas tir\u00e9 les cons\u00e9quences l\u00e9gales de ses propres constatations et a viol\u00e9 les articles L. 611-1-1 et L. 551-2 du code de l'entr\u00e9e et du s\u00e9jour des \u00e9trangers et du droit d'asile ;",
        "2\u00b0) ALORS QUE le maintien \u00e0 disposition de l'\u00e9tranger jusqu'\u00e0 son placement en r\u00e9tention n'est r\u00e9gulier qu'en l'absence de contrainte ; qu'en affirmant qu' \u00ab il ne r\u00e9sulte d'aucune pi\u00e8ce de la proc\u00e9dure qu'une quelque contrainte ait \u00e9t\u00e9 exerc\u00e9e \u00bb \u00e0 l'encontre de M. E..., apr\u00e8s avoir pourtant relev\u00e9 qu'il \u00ab n'a \u00e9t\u00e9 retenu sous contrainte que le temps n\u00e9cessaire, d'une part, \u00e0 son audition, [",
        "] puis d'autre part, \u00e0 la notification de son placement en r\u00e9tention et notification de ses droits \u00bb, le magistrat d\u00e9l\u00e9gu\u00e9 du premier pr\u00e9sident de la cour d'appel de Paris n'a pas tir\u00e9 les cons\u00e9quences l\u00e9gales de ses propres constatations, en violation des articles L. 611-1-1 du code de l'entr\u00e9e et du s\u00e9jour des \u00e9trangers et du droit d'asile et 5 de la Convention europ\u00e9enne de sauvegarde des droits de l'homme et des libert\u00e9s fondamentales ;",
        "3\u00b0) ALORS QUE le maintien \u00e0 disposition de l'\u00e9tranger jusqu'\u00e0 son placement en r\u00e9tention n'est r\u00e9gulier qu'en l'absence de contrainte, ce qui implique que l'int\u00e9ress\u00e9 soit inform\u00e9 de sa libert\u00e9 de ne pas suivre les agents de police ou de quitter les lieux o\u00f9 il est conduit ; que M. E... a repris en cause d'appel un moyen pr\u00e9sent\u00e9 devant le juge des libert\u00e9s et de la d\u00e9tention tir\u00e9 de ce que cette information ne lui a nullement \u00e9t\u00e9 donn\u00e9e ; qu'en s'abstenant de r\u00e9pondre \u00e0 ce moyen, le magistrat d\u00e9l\u00e9gu\u00e9 du premier pr\u00e9sident de la cour d'appel de Paris a viol\u00e9 les dispositions de l'article 455 du code de proc\u00e9dure civile ;",
        "4\u00b0) ALORS QUE le d\u00e9lai entre le contr\u00f4le d'identit\u00e9 de l'int\u00e9ress\u00e9 et son placement en r\u00e9tention assorti de la notification des droits y aff\u00e9rents doit \u00eatre le plus bref possible ; que, dans le cadre d'une mise \u00e0 disposition, un d\u00e9lai qui exc\u00e8de trois heures est d\u00e9raisonnable et de nature \u00e0 caract\u00e9riser une d\u00e9tention arbitraire ; qu'en jugeant cependant parfaitement r\u00e9guli\u00e8re la mise \u00e0 disposition de M. E... de 3h50, soit de 10h45 \u00e0 14h35, sans recours \u00e0 la proc\u00e9dure de retenue ni placement en garde \u00e0 vue, le magistrat d\u00e9l\u00e9gu\u00e9 de la cour d'appel de Paris a viol\u00e9 les articles L. 611-1-1 et L. 551-2 du code de l'entr\u00e9e et du s\u00e9jour des \u00e9trangers et du droit d'asile ;",
        "5\u00b0) ALORS QUE le d\u00e9lai entre le contr\u00f4le d'identit\u00e9 de l'int\u00e9ress\u00e9 et son placement en r\u00e9tention assorti de la notification des droits y aff\u00e9rents doit \u00eatre le plus bref possible ; qu'en consid\u00e9rant qu'une mise \u00e0 disposition de 3h50 \u00e9tait justifi\u00e9e en l'esp\u00e8ce par la n\u00e9cessit\u00e9 de s'assurer les concours d'un interpr\u00e8te pour l'audition de M. E..., tout en relevant que celle-ci s'est termin\u00e9e \u00e0 12h30 et en se bornant \u00e0 affirmer qu'un \u00ab d\u00e9lai de 2h05 entre cette fin d'audition et la notification effective de l'arr\u00eat\u00e9 de placement, des voies de recours et droits de l'int\u00e9ress\u00e9 en r\u00e9tention, n'appara\u00eet pas d\u00e9raisonnable \u00bb, le magistrat d\u00e9l\u00e9gu\u00e9 du premier pr\u00e9sident de la cour d'appel de Paris a statu\u00e9 par des motifs impropres \u00e0 caract\u00e9riser les circonstances exceptionnelles de nature \u00e0 justifier qu'il ait \u00e9t\u00e9 n\u00e9cessaire d'attendre pr\u00e8s de 4 heures apr\u00e8s l'interpellation de M. E... pour lui notifier la d\u00e9cision de placement en r\u00e9tention et les droits y aff\u00e9rents, privant ainsi sa d\u00e9cision de base l\u00e9gale au regard des articles L. 611-1-1 et L. 551-2 du code de l'entr\u00e9e et du s\u00e9jour des \u00e9trangers et du droit d'asile. SECOND MOYEN DE CASSATION",
        "Il est fait grief \u00e0 l'ordonnance infirmative attaqu\u00e9e d'avoir rejet\u00e9 les moyens de nullit\u00e9 pr\u00e9sent\u00e9s par M. E... ainsi que sa requ\u00eate en contestation du placement en r\u00e9tention administrative et d'avoir prolong\u00e9 sa r\u00e9tention pour une dur\u00e9e de vingt-huit jours ;",
        "AUX MOTIFS QUE, sur les moyens tir\u00e9s de la violation du droit \u00e0 \u00eatre entendu avant toute d\u00e9cision d\u00e9favorable faisant partie int\u00e9grante du respect plus g\u00e9n\u00e9ral des droits de la d\u00e9fense, en vertu des principes g\u00e9n\u00e9raux du droit de l'Union europ\u00e9enne combin\u00e9 \u00e0 l'article 41 \u00a7 2 de la Charte, et du droit \u00e0 avocat dans ce cadre retenu \u00e0 tort par le premier juge, il r\u00e9sulte de la proc\u00e9dure que pr\u00e9alablement \u00e0 son placement en r\u00e9tention, H... E... a \u00e9t\u00e9 entendu le 7 mars 2018 \u00e0 12h30 sur sa situation administrative, familiale, ses conditions de vie et de ressources et que ses observations ont bien \u00e9t\u00e9 recueillies, et qu'en tout \u00e9tat de cause les garanties proc\u00e9durales du chapitre III de la directive retour (2008/115/CE) ne s'appliquent pas \u00e0 la d\u00e9cision de placement en r\u00e9tention, mais aux d\u00e9cisions d'\u00e9loignement dont la contestation ne rel\u00e8ve pas de la comp\u00e9tence de l'autorit\u00e9 judiciaire, qu'au surplus ce d\u00e9faut de recueil pr\u00e9alable d'observations pourrait \u00e9ventuellement porter atteinte aux droits (au visa de l'article L. 552-13 du code de l'entr\u00e9e et du s\u00e9jour des \u00e9trangers et du droit d'asile) s'il \u00e9tait d\u00e9montr\u00e9 que des \u00e9l\u00e9ments pertinents pouvant aboutir \u00e0 une solution juridique diff\u00e9rente, soit en l'esp\u00e8ce une assignation \u00e0 r\u00e9sidence, auraient pu \u00eatre pr\u00e9sent\u00e9s par l'int\u00e9ress\u00e9, que tel n'est pas le cas ; QU'il convient de rejeter le moyen ;",
        "QUE, sur le moyen tir\u00e9 de la violation du caract\u00e8re contradictoire de la proc\u00e9dure au m\u00e9pris de l'article L. 211-2 du code des relations entre le public et l'administration, il r\u00e9sulte du code de l'entr\u00e9e et du s\u00e9jour des \u00e9trangers et du droit d'asile, que les dispositions de l'article pr\u00e9cit\u00e9 ne trouvent \u00e0 s'appliquer que dans le cadre fix\u00e9 par l'article L. 313-5-1 du code de l'entr\u00e9e et du s\u00e9jour des \u00e9trangers et du droit d'asile, ce qui n'est pas le cas en l'esp\u00e8ce, le moyen sera rejet\u00e9 ;",
        "ALORS QUE le principe, rappel\u00e9 par le code des relations entre le public et l'administration, selon lequel toute d\u00e9cision individuelle prise en consid\u00e9ration de la personne est soumise au respect d'une proc\u00e9dure contradictoire pr\u00e9alable impliquant le droit d'\u00eatre assist\u00e9 par le conseil de son choix s'applique m\u00eame sans texte, son champ d'application \u00e9tant limit\u00e9 par les seules r\u00e9serves pr\u00e9vues par l'article L. 121-2 du m\u00eame code qui tiennent notamment \u00e0 l'existence de dispositions l\u00e9gislatives ayant instaur\u00e9 une proc\u00e9dure contradictoire particuli\u00e8re ; que ce principe a vocation \u00e0 s'appliquer \u00e0 l'adoption d'une d\u00e9cision de placement en r\u00e9tention administrative \u00e0 l'issue d'une proc\u00e9dure de \u00ab mise \u00e0 disposition \u00bb qui n'est elle-m\u00eame pr\u00e9vue par aucun texte ; qu'en jugeant cependant que l'exigence d'une proc\u00e9dure contradictoire n'est pas applicable en l'esp\u00e8ce dans la mesure o\u00f9 seul l'article L. 313-5-1 du code de l'entr\u00e9e et du s\u00e9jour des \u00e9trangers et du droit d'asile, relatif au retrait et au refus de renouvellement d'une carte de s\u00e9jour, se r\u00e9f\u00e9rerait aux dispositions du code des relations entre le public et l'administration, le magistrat d\u00e9l\u00e9gu\u00e9 du premier pr\u00e9sident de la cour d'appel de Paris a viol\u00e9 les articles L. 121-2, L. 122-1 et L. 211-2 du code des relations entre le public et l'administration."
    ]
}