{
    "decision-0": [
        "N\u00b0 X 18-83.306 F-D",
        "N\u00b0 2307",
        "CK",
        "20 NOVEMBRE 2019",
        "CASSATION PARTIELLE",
        "M. SOULARD pr\u00e9sident,",
        "R \u00c9 P U B L I Q U E F R A N \u00c7 A I S E",
        "________________________________________",
        "AU NOM DU PEUPLE FRAN\u00c7AIS",
        "_________________________",
        "LA COUR DE CASSATION, CHAMBRE CRIMINELLE, en son audience publique tenue au Palais de Justice \u00e0 PARIS, a rendu l'arr\u00eat suivant :",
        "M. H... Z..., a form\u00e9 un pourvoi contre l'arr\u00eat de la cour d'appel de Paris, chambre 8-1, en date du 10 avril 2018, qui, pour infractions \u00e0 la l\u00e9gislation sur les stup\u00e9fiants, association de malfaiteurs et importation sans d\u00e9claration de marchandises prohib\u00e9es, l'a condamn\u00e9 \u00e0 huit ans d'emprisonnement, a prononc\u00e9 son interdiction d\u00e9finitive du territoire fran\u00e7ais, la confiscation des scell\u00e9s et une amende douani\u00e8re.",
        "La COUR, statuant apr\u00e8s d\u00e9bats en l'audience publique du 9 octobre 2019 o\u00f9 \u00e9taient pr\u00e9sents dans la formation pr\u00e9vue \u00e0 l'article 567-1-1 du code de proc\u00e9dure p\u00e9nale : M. Soulard, pr\u00e9sident, Mme Fouquet, conseiller rapporteur, Mme de la Lance, conseiller de la chambre ;",
        "Greffier de chambre : M. B\u00e9tron ;",
        "Sur le rapport de Mme le conseiller r\u00e9f\u00e9rendaire FOUQUET, les observations de la soci\u00e9t\u00e9 civile professionnelle DELAMARRE et JEHANNIN, la soci\u00e9t\u00e9 civile professionnelle BOR\u00c9, SALVE de BRUNETON ET M\u00c9GRET, avocats en la Cour, et les conclusions de Mme l'avocat g\u00e9n\u00e9ral MORACCHINI ;",
        "Des m\u00e9moires ont \u00e9t\u00e9 produits, en demande et en d\u00e9fense."
    ],
    "decision-1": [
        "Faits et proc\u00e9dure",
        "1. Il r\u00e9sulte de l'arr\u00eat attaqu\u00e9 et des pi\u00e8ces de proc\u00e9dure ce qui suit.",
        "2. Le 13 avril 2016, un contr\u00f4le des douanes a permis la d\u00e9couverte de coca\u00efne dissimul\u00e9e dans un v\u00e9hicule conduit par M. S... E... . Celui-ci a reconnu s'\u00eatre rendu en Belgique pour r\u00e9cup\u00e9rer les stup\u00e9fiants qu'il devait livrer en Espagne. Les investigations, qui ont r\u00e9v\u00e9l\u00e9 qu'il avait particip\u00e9 \u00e0 d'autres transports de stup\u00e9fiants, ont \u00e9galement permis de mettre en cause M. Z....",
        "3. A l'issue de l'information, M. Z... a \u00e9t\u00e9 renvoy\u00e9 devant la juridiction de jugement des chefs d'importation et de trafic de stup\u00e9fiants, d'association de malfaiteurs ainsi que du chef d'importation et d\u00e9tention sans d\u00e9claration pr\u00e9alable de marchandises prohib\u00e9es et dangereuses pour la sant\u00e9.",
        "4. Ayant \u00e9t\u00e9 reconnu coupable de ces faits et condamn\u00e9 \u00e0 huit ans d'emprisonnement et 120 000 euros d'amende par le tribunal correctionnel, M. Z... a form\u00e9 appel principal de ce jugement et le minist\u00e8re public appel incident. L'administration des douanes a fait appel des dispositions douani\u00e8res."
    ],
    "decision-2": [
        "Examen des moyens",
        "Sur les premier et troisi\u00e8me moyens et sur le deuxi\u00e8me moyen pris en sa troisi\u00e8me branche"
    ],
    "decision-3": [
        "7. Ils ne sont pas de nature \u00e0 permettre l'admission du pourvoi au sens de l'article 567-1-1 du code de proc\u00e9dure p\u00e9nale."
    ],
    "decision-4": [
        "Mais sur le deuxi\u00e8me moyen pris en ses premi\u00e8res, deuxi\u00e8me et quatri\u00e8me branches",
        "Enonc\u00e9 du moyen",
        "8. Le moyen est pris de la violation des articles 3, 6 et 8 de la Convention europ\u00e9enne des droits de l'homme, 3, \u00a7 1, de la Convention contre la torture et autres peines ou traitements cruels, inhumains ou d\u00e9gradants, 19, \u00a7 2, de la Charte des droits fondamentaux, 33 de la Convention relative au statut des r\u00e9fugi\u00e9s, 3-1 de la Convention internationale des droits de l'enfant, 513-2 du code de l'entr\u00e9e et du s\u00e9jour des \u00e9trangers et du droit d'asile, 131-30-1 et 131-30-2 du code p\u00e9nal, 591 et 593 du code de proc\u00e9dure p\u00e9nale.",
        "9. Le moyen en ses premi\u00e8re, deuxi\u00e8me et quatri\u00e8me branches critique l'arr\u00eat attaqu\u00e9 \"en ce qu'il a condamn\u00e9 M. Z... \u00e0 une interdiction d\u00e9finitive du territoire fran\u00e7ais\".",
        "1\u00b0/ alors qu'\u00ab en mati\u00e8re correctionnelle, le tribunal ne peut prononcer une interdiction du territoire fran\u00e7ais que par une d\u00e9cision sp\u00e9cialement motiv\u00e9e au regard de la gravit\u00e9 de l'infraction et de la situation personnelle et familiale de l'\u00e9tranger dans les cas pr\u00e9vus \u00e0 l'article 131-30-1 du code p\u00e9nal ; qu'une peine d'interdiction du territoire fran\u00e7ais ne peut en aucun cas \u00eatre prononc\u00e9e dans les cas pr\u00e9vus \u00e0 l'article 131-30-2 du code p\u00e9nal ; qu'en vertu de ces dispositions, le juge r\u00e9pressif ne peut prononcer la peine d'interdiction du territoire sans que le pr\u00e9venu, pr\u00e9sent ou repr\u00e9sent\u00e9 \u00e0 l'audience, ait pu faire valoir des observations sur sa situation au regard des dispositions desdits articles ; qu'en l'esp\u00e8ce, il ne r\u00e9sulte d'aucune mention de l'arr\u00eat que le pr\u00e9venu, pr\u00e9sent \u00e0 l'audience, ait pu pr\u00e9senter ses observations sur sa situation au regard des articles 131-30-1 et 131-30-2 du code p\u00e9nal, avant d'\u00eatre condamn\u00e9 \u00e0 une peine d'interdiction d\u00e9finitive du territoire ; qu'il ne r\u00e9sulte pas non plus de l'arr\u00eat et des notes d'audience sign\u00e9es par le greffier et le pr\u00e9sident que le minist\u00e8re public ait requis \u00e0 l'encontre du pr\u00e9venu une telle peine ; que M. Z... n'avait pas \u00e9t\u00e9 condamn\u00e9 \u00e0 cette interdiction du territoire fran\u00e7ais en premi\u00e8re instance ; qu'ainsi, la cour a m\u00e9connu les droits de la d\u00e9fense et n'a pas mis la Cour de cassation en mesure de s'assurer de la l\u00e9galit\u00e9 de la d\u00e9cision rendue, en violation des textes et principes susvis\u00e9s ; \u00bb",
        "2\u00b0/ alors que \u00ab le juge ne peut prononcer une mesure d'interdiction du territoire fran\u00e7ais qui porte une atteinte disproportionn\u00e9e au droit \u00e0 une vie familiale normale de la personne condamn\u00e9e ; qu'en se bornant \u00e0 retenir qu'une mesure d'interdiction d\u00e9finitive du territoire fran\u00e7ais ne constituerait pas une atteinte disproportionn\u00e9e au droit au respect de la vie priv\u00e9e et familiale aux motifs, d'une part, que M. Z... \u00e9tait poursuivi pour des faits d'association de malfaiteurs et des infractions \u00e0 la l\u00e9gislation sur les stup\u00e9fiants, et, d'autre part, qu'il disposerait d'attaches familiales en Colombie, sans s'expliquer sur le maintien de ses relations familiales avec quatre enfants dont elle a elle-m\u00eame, par ailleurs, constat\u00e9 l'existence, la cour d'appel a priv\u00e9 sa d\u00e9cision de base l\u00e9gale au regard des textes vis\u00e9s au moyen ; \u00bb",
        "4\u00b0/ alors qu' \u00ab en vertu de l'article L. 513-2 du code de l'entr\u00e9e et du s\u00e9jour des \u00e9trangers et du droit d'asile, l'\u00e9tranger qui fait l'objet d'une mesure d'\u00e9loignement est \u00e9loign\u00e9 vers le pays dont il a la nationalit\u00e9, sauf si l'Office fran\u00e7ais de protection des r\u00e9fugi\u00e9s et apatrides ou la Cour nationale du droit d'asile lui a reconnu le statut de r\u00e9fugi\u00e9 ou lui a accord\u00e9 le b\u00e9n\u00e9fice de la protection subsidiaire ou s'il n'a pas encore \u00e9t\u00e9 statu\u00e9 sur sa demande d'asile ; que la cour a relev\u00e9 que, lors de son interpellation le 31 mai 2016 \u00e0 Tourcoing, M. Z... \u00ab \u00e9tait titulaire d'un titre de s\u00e9jour de r\u00e9fugi\u00e9 politique valable jusqu'au 12 janvier 2024 \u00bb (arr\u00eat, p. 6, \u00a7 5) ; que cette circonstance faisait donc obstacle \u00e0 l'ex\u00e9cution d'une mesure d'\u00e9loignement de M. Z... vers la Colombie, pays dont ce dernier est ressortissant ; que, pour dire que la mesure d'interdiction d\u00e9finitive du territoire fran\u00e7ais ne constituerait pas une atteinte disproportionn\u00e9e au droit de M. Z... \u00e0 une vie familiale normale, la cour a retenu que celui-ci disposerait d'attaches familiales en Colombie ; qu'elle a ainsi statu\u00e9 par un motif rendu inop\u00e9rant et a viol\u00e9 les textes et principes vis\u00e9s au moyen \u00bb."
    ],
    "decision-5": [
        "R\u00e9ponse de la Cour",
        "Vu les articles 131-30-1 et 131-30-2 du code p\u00e9nal :",
        "10. Il r\u00e9sulte de ces textes que le juge r\u00e9pressif ne peut prononcer la peine d'interdiction du territoire sans que le pr\u00e9venu, pr\u00e9sent ou repr\u00e9sent\u00e9 \u00e0 l'audience, ait pu pr\u00e9senter ses observations sur sa situation au regard des dispositions desdits articles.",
        "11. Il ne ressort d'aucune mention de l'arr\u00eat attaqu\u00e9 que le pr\u00e9venu, pr\u00e9sent \u00e0 l'audience, a pu faire valoir ses observations sur sa situation au regard des articles vis\u00e9s ci-dessus avant d'\u00eatre condamn\u00e9 \u00e0 une peine d'interdiction d\u00e9finitive du territoire qui n'avait pas \u00e9t\u00e9 prononc\u00e9e par les premiers juges.",
        "12. La Cour de cassation n'est donc pas en mesure de s'assurer de la l\u00e9galit\u00e9 de la d\u00e9cision rendue.",
        "13. La cassation est par cons\u00e9quent encourue.",
        "Port\u00e9e et cons\u00e9quences de la cassation",
        "14. La cassation de la peine d'interdiction du territoire fran\u00e7ais sera limit\u00e9e aux peines.",
        "15. Elle ne s'\u00e9tend pas \u00e0 l'amende douani\u00e8re.",
        "16. En effet, les sanctions p\u00e9nales et douani\u00e8res prononc\u00e9es ne forment pas un tout indivisible.",
        "17. Il appartiendra \u00e0 la juridiction de renvoi de respecter le principe de proportionnalit\u00e9, qui impose, le cas \u00e9ch\u00e9ant, que le montant cumul\u00e9 des amendes douani\u00e8res et p\u00e9nales prononc\u00e9es ne soit pas sup\u00e9rieur au montant le plus \u00e9lev\u00e9 de l'une des sanctions encourues."
    ],
    "decision-6": [
        "PAR CES MOTIFS, la Cour :",
        "CASSE et ANNULE l'arr\u00eat susvis\u00e9 de la cour d'appel de Paris, en date du 10 avril 2018, mais en ses seules dispositions relatives aux peines, qui n'incluent pas l'amende douani\u00e8re, toutes autres dispositions \u00e9tant express\u00e9ment maintenues ;",
        "Et pour qu'il soit \u00e0 nouveau statu\u00e9, conform\u00e9ment \u00e0 la loi, dans les limites de la cassation ainsi prononc\u00e9e,",
        "RENVOIE la cause et les parties devant la cour d'appel de Paris autrement compos\u00e9e, \u00e0 ce d\u00e9sign\u00e9e par d\u00e9lib\u00e9ration sp\u00e9ciale prise en chambre du conseil ;",
        "ORDONNE l'impression du pr\u00e9sent arr\u00eat, sa transcription sur les registres du greffe de la cour d'appel de Paris, sa mention en marge de l'arr\u00eat partiellement annul\u00e9 ;",
        "Ainsi fait et jug\u00e9 par la Cour de cassation, chambre criminelle, et prononc\u00e9 par le pr\u00e9sident le vingt novembre deux mille dix-neuf ;",
        "En foi de quoi le pr\u00e9sent arr\u00eat a \u00e9t\u00e9 sign\u00e9 par le pr\u00e9sident, le rapporteur et le greffier de chambre."
    ]
}