{
    "decision-0": [
        "CIV. 1",
        "FB",
        "COUR DE CASSATION",
        "______________________",
        "Audience publique du 21 novembre 2018",
        "Rejet",
        "Mme BATUT, pr\u00e9sident",
        "Arr\u00eat n\u00b0 1113 F-D",
        "Pourvoi n\u00b0 T 17-31.272",
        "R \u00c9 P U B L I Q U E F R A N \u00c7 A I S E",
        "_________________________",
        "AU NOM DU PEUPLE FRAN\u00c7AIS",
        "_________________________",
        "LA COUR DE CASSATION, PREMI\u00c8RE CHAMBRE CIVILE, a rendu l'arr\u00eat suivant :",
        "Statuant sur le pourvoi form\u00e9 par le pr\u00e9fet de la Haute-Garonne, domicili\u00e9 [...] ,",
        "contre l'ordonnance rendue le 16 octobre 2017 par le premier pr\u00e9sident de la cour d'appel de Toulouse, dans le litige l'opposant :",
        "1\u00b0/ \u00e0 Mme B... X..., domicili\u00e9e chez Mme Cl\u00e9mence Y... [...] ,",
        "2\u00b0/ au procureur g\u00e9n\u00e9ral pr\u00e8s la cour d'appel de Toulouse, domicili\u00e9 [...] ,",
        "d\u00e9fendeurs \u00e0 la cassation ;",
        "Le demandeur invoque, \u00e0 l'appui de son pourvoi, le moyen unique de cassation annex\u00e9 au pr\u00e9sent arr\u00eat ;",
        "Vu la communication faite au procureur g\u00e9n\u00e9ral ;",
        "LA COUR, en l'audience publique du 16 octobre 2018, o\u00f9 \u00e9taient pr\u00e9sentes : Mme Batut, pr\u00e9sident, Mme Z..., conseiller r\u00e9f\u00e9rendaire rapporteur, Mme Wallon, conseiller doyen, Mme Pecquenard, greffier de chambre ;",
        "Sur le rapport de Mme Z..., conseiller r\u00e9f\u00e9rendaire, les observations de la SCP Garreau, Bauer-Violas et Feschotte-Desbois, avocat du pr\u00e9fet de la Haute-Garonne, de la SCP Zribi et Texier, avocat de Mme X..., l'avis de Mme A..., avocat g\u00e9n\u00e9ral r\u00e9f\u00e9rendaire, et apr\u00e8s en avoir d\u00e9lib\u00e9r\u00e9 conform\u00e9ment \u00e0 la loi ;"
    ],
    "decision-1": [
        "Sur le moyen unique :"
    ],
    "decision-2": [
        "Attendu, selon l'ordonnance attaqu\u00e9e, rendue par le premier pr\u00e9sident d'une cour d'appel (Toulouse, 16 octobre 2017), et les pi\u00e8ces de la proc\u00e9dure, qu'apr\u00e8s avoir demand\u00e9 l'asile en Italie, Mme X..., de nationalit\u00e9 nig\u00e9riane, a pr\u00e9sent\u00e9 une demande de protection internationale en France ; que, conform\u00e9ment au r\u00e8glement (UE) n\u00b0 604/2013 du 26 juin 2013, dit Dublin III, le pr\u00e9fet a saisi les autorit\u00e9s italiennes d'une demande de r\u00e9admission, puis a pris, le 27 d\u00e9cembre 2016, un arr\u00eat\u00e9 portant d\u00e9cision de transfert \u00e0 l'Etat responsable de la demande d'asile et, le 3 janvier suivant, un premier arr\u00eat\u00e9 de placement en r\u00e9tention administrative, qui n'a pas permis le retour en Italie, l'int\u00e9ress\u00e9e ne s'\u00e9tant pas pr\u00e9sent\u00e9e \u00e0 l'embarquement ; que, le 10 octobre 2017, Mme X... ayant \u00e9t\u00e9 interpell\u00e9e puis plac\u00e9e en retenue administrative pour v\u00e9rification de son droit au s\u00e9jour, le pr\u00e9fet a pris un arr\u00eat\u00e9 de placement en r\u00e9tention, au motif qu'elle pr\u00e9sentait un risque de fuite ; que, le 12 octobre, le juge des libert\u00e9s et de la d\u00e9tention a \u00e9t\u00e9 saisi par celle-ci d'une requ\u00eate en contestation de la r\u00e9gularit\u00e9 de l'arr\u00eat\u00e9 et par le pr\u00e9fet d'une requ\u00eate en prolongation de la mesure ;"
    ],
    "decision-3": [
        "Attendu que le pr\u00e9fet fait grief \u00e0 l'ordonnance de rejeter la demande de prolongation de la r\u00e9tention, alors, selon le moyen, que les articles L. 742-3, L. 551-1, L. 511-1, II, 3\u00b0, et L. 561-2 du code de l'entr\u00e9e et du s\u00e9jour des \u00e9trangers et du droit d'asile d\u00e9finissent, en conformit\u00e9 avec les articles 2 et 28 du R\u00e8glement (UE) du 26 juin 2013 dit Dublin III et les principes rappel\u00e9s par la Cour de justice de l'Union europ\u00e9enne dans son arr\u00eat Al Chodor du 15 mars 2017, les crit\u00e8res objectifs sur lesquels sont fond\u00e9es les raisons de craindre la fuite du demandeur d'une protection internationale faisant l'objet d'une proc\u00e9dure de transfert, si bien qu'en retenant qu'en l'absence, dans le droit interne, de d\u00e9finition juridique pr\u00e9cise, de port\u00e9e objective, fixant les crit\u00e8res objectifs sur lesquels sont fond\u00e9es les raisons de craindre la fuite de Mme X..., les dispositions de l'article 28 du paragraphe 2 du R\u00e8glement (UE) n\u00b0 604/2013 du Parlement europ\u00e9en et du Conseil du 26 juin 2013 \u00e9taient inapplicables, de sorte que la d\u00e9cision de placement en r\u00e9tention \u00e9tait irr\u00e9guli\u00e8re, le premier pr\u00e9sident a viol\u00e9, par refus d'application, les articles susvis\u00e9s ;"
    ],
    "decision-4": [
        "Mais attendu qu'il r\u00e9sulte de l'article 28, paragraphe 2, du r\u00e8glement dit Dublin III, que, si les \u00c9tats membres de l'Union europ\u00e9enne peuvent placer les personnes concern\u00e9es en r\u00e9tention en vue de garantir les proc\u00e9dures de transfert conform\u00e9ment au r\u00e8glement lorsqu'il existe un risque non n\u00e9gligeable de fuite de ces personnes, ce risque s'entend, dans un cas individuel, comme l'existence de raisons, fond\u00e9es sur des crit\u00e8res objectifs d\u00e9finis par la loi, de craindre la fuite d'un demandeur de protection internationale, ressortissant de pays tiers ou apatride, qui fait l'objet d'une proc\u00e9dure de transfert ; que le premier pr\u00e9sident a exactement retenu qu'en l'absence, dans le droit national, de disposition contraignante de port\u00e9e g\u00e9n\u00e9rale fixant les crit\u00e8res objectifs sur lesquels sont fond\u00e9es les raisons de craindre la fuite du demandeur d'une protection internationale qui fait l'objet d'une proc\u00e9dure de transfert, ce texte est inapplicable (CJUE, 15 mars 2017, Al Chodor, C-528/15), de sorte que le pr\u00e9fet ne pouvait placer en r\u00e9tention Mme X... pour garantir son transfert ; que le moyen n'est pas fond\u00e9 ;"
    ],
    "decision-5": [
        "PAR CES MOTIFS :",
        "REJETTE le pourvoi ;",
        "Ainsi fait et jug\u00e9 par la Cour de cassation, premi\u00e8re chambre civile, et prononc\u00e9 par le pr\u00e9sident en son audience publique du vingt et un novembre deux mille dix-huit."
    ],
    "decision-6": [
        "MOYEN ANNEXE au pr\u00e9sent arr\u00eat",
        "Moyen produit par la SCP Garreau, Bauer-Violas et Feschotte-Desbois, avocat aux Conseils, pour le pr\u00e9fet de la Haute-Garonne.",
        "Il est fait grief \u00e0 l'ordonnance attaqu\u00e9e d'avoir infirm\u00e9 l'ordonnance rendue par le juge des libert\u00e9s et de la d\u00e9tention du tribunal de grande instance de Toulouse le 12 octobre 2017 et ordonn\u00e9 la remise en libert\u00e9 de Madame B... X...,",
        "AUX MOTIFS QUE",
        "\u00ab Le Conseil de B... X... soutient que l'arr\u00eat\u00e9 portant placement en centre de r\u00e9tention a pour principal motif les risques de fuite pr\u00e9sent\u00e9s par l'appelante ;",
        "Le risque de fuite a \u00e9t\u00e9 retenu par le juge des libert\u00e9s et de la d\u00e9tention de TOULOUSE pour \u00e9carter ce moyen, et ordonner la prolongation de la r\u00e9tention administrative de Cynthia X..., se fondant sur le fait qu'assign\u00e9e \u00e0 r\u00e9sidence, Cynthia X... n'a pas respect\u00e9 celle-ci et s'est trouv\u00e9e en infraction \u00e0 l'article L 624-1 du CESEDA.",
        "Toutefois, la lecture de ce texte, qui doit \u00eatre d'interpr\u00e9tation stricte, mentionne l'existence d'une infraction, \u00e0 savoir le non-respect d'une mesure d'\u00e9loignement ou d'assignation \u00e0 r\u00e9sidence, et la peine pr\u00e9vue en r\u00e9pression.",
        "Ce texte ne fait aucune allusion \u00e0 un risque de fuite, et ne le d\u00e9finit pas.",
        "L'article L 742-4 du CESEDA dispose que l'\u00e9tranger faisant l'objet d'une d\u00e9cision de transfert vers l'Etat responsable de l'examen de sa demande d'asile peut \u00eatre plac\u00e9 en r\u00e9tention en application des articles L 551-1 et L 511-1-1 II 3\u00e8me. Ce dernier article d\u00e9finit les conditions dans lesquelles l'autorit\u00e9 administrative peut d\u00e9cider que la personne \u00e9trang\u00e8re est oblig\u00e9e de quitter le territoire fran\u00e7ais sans d\u00e9lai, au regard du risque de soustraction \u00e0 cette obligation. Le risque de fuite a \u00e9galement \u00e9t\u00e9 d\u00e9fini par ce m\u00eame dernier article, repris dans la loi du 7 mars 2016.",
        "Toutefois, et post\u00e9rieurement \u00e0 cette derni\u00e8re date, le r\u00e8glement europ\u00e9en dit DUBLIN III est entr\u00e9 en application, au 26 juin 2016.",
        "La d\u00e9finition du risque de fuite, ant\u00e9rieure \u00e0 DUBLIN III, ne saurait l\u00e9gitimement constituer la d\u00e9finition l\u00e9gale du risque de fuite sp\u00e9cifiquement aux demandeurs d'asile.",
        "La premi\u00e8re chambre civile de la Cour de Cassation est venue tout r\u00e9cemment, dans un arr\u00eat du 27 septembre 2017, indiquer qu'il ressort des articles 2 et 28 du r\u00e8glement dit DUBLIN III que si les Etats membres de l'Union europ\u00e9enne peuvent placer les personnes en r\u00e9tention en vue de garantir les proc\u00e9dures de transfert conform\u00e9ment au r\u00e8glement quand il existe un risque non n\u00e9gligeable de fuite de ces personnes, ce risque s'entend, dans les cas individuels, comme l'existence de raisons s\u00e9rieuses, fond\u00e9es sur des crit\u00e8res objectifs d\u00e9finis par la loi, de craindre la fuite d'un demandeur de protection internationale, ressortissant de pays tiers ou apatride, et faisant l'objet d'une proc\u00e9dure de transfert.",
        "Cette jurisprudence est par ailleurs confort\u00e9e par celle de la Cour de Justice des communaut\u00e9s europ\u00e9ennes, puisque par arr\u00eat du 15 mars 2017, la Cour a rappel\u00e9 que les textes permettant la r\u00e9tention imposent aux Etats membres de fixer dans un texte contraignant et de port\u00e9e g\u00e9n\u00e9rale des crit\u00e8res objectifs sur lesquels sont fond\u00e9es les raisons de craindre la fuite du demandeur d'une protection internationale qui a fait l'objet d'une proc\u00e9dure de transfert, et que l'absence d'une telle disposition doit entra\u00eener l'inapplicabilit\u00e9 de l'article 28 du r\u00e8glement, la seule pratique constante de la police des \u00e9tranger ne saurait suffire;",
        "Ainsi, en l'absence de d\u00e9finition dans la l\u00e9gislation fran\u00e7aise actuelle du risque de fuite au sens de DUBLIN III, le Pr\u00e9fet ne saurait appr\u00e9cier l\u00e9galement si B... X... pr\u00e9sentait un risque de fuite ;",
        "Cette derni\u00e8re a fait l'objet en d\u00e9cembre 2016 d'un arr\u00eat\u00e9 portant r\u00e9admission aux autorit\u00e9s italiennes sur le fondement du r\u00e8glement dit DUBLIN III. Apr\u00e8s avoir \u00e9t\u00e9 plac\u00e9e au centre de r\u00e9tention le 3 janvier 2017, le juge des libert\u00e9s et de la d\u00e9tention l'a assign\u00e9e \u00e0 r\u00e9sidence le 5 janvier 2017. Le 10 octobre 2017, elle a fait l'objet d'un placement au centre de r\u00e9tention aux motifs qu'elle ne s'\u00e9tait pas pr\u00e9sent\u00e9e \u00e0 un vol, pr\u00e9sentant ainsi un risque de fuite, ne respectant pas ainsi les prescriptions de son assignation \u00e0 r\u00e9sidence.",
        "En l'absence de d\u00e9finition juridique pr\u00e9cise, de port\u00e9e objective, fixant les crit\u00e8res objectifs qui fondent les raisons de craindre la fuite de personne en demande d'une protection internationale qui a fait l'objet d'une proc\u00e9dure de transfert, l'article 28 du r\u00e8glement du 26 juin 2013 est inapplicable et la d\u00e9cision de prolongation de la mesure de 170989/EA r\u00e9tention irr\u00e9guli\u00e8re, et ce sans qu'il soit besoin de statuer sur les autres moyens soulev\u00e9s sur l'irr\u00e9gularit\u00e9 de la proc\u00e9dure \u00bb ;",
        "ALORS QUE les articles L. 742-3, L. 551-1, L. 511-1, II, 3\u00b0 et L. 561-2 du code de l'entr\u00e9e et du s\u00e9jour des \u00e9tranger et du droit d'asile d\u00e9finissent, en conformit\u00e9 avec les articles 2 et 28 du R\u00e8glement (UE) du 26 juin 2013 \u00ab Dublin III \u00bb et les principes rappel\u00e9s par la Cour de justice de l'Union europ\u00e9enne dans son arr\u00eat \u00ab Al Chodor \u00bb du 15 mars 2017, les crit\u00e8res objectifs sur lesquels sont fond\u00e9es les raisons de craindre la fuite du demandeur d'une protection internationale faisant l'objet d'une proc\u00e9dure de transfert, si bien qu'en retenant qu'en l'absence, dans le droit interne, de d\u00e9finition juridique pr\u00e9cise, de port\u00e9e objective, fixant les crit\u00e8res objectifs sur lesquels sont fond\u00e9es les raisons de craindre la fuite de Madame X..., les dispositions de l'article 28 du paragraphe 2 du R\u00e8glement (UE) n\u00b0 604/2013 du Parlement europ\u00e9en et du Conseil du 26 juin 2013 \u00e9taient inapplicables, de sorte que la d\u00e9cision de placement en r\u00e9tention \u00e9tait irr\u00e9guli\u00e8re, le premier pr\u00e9sident a viol\u00e9, par refus d'application, les articles susvis\u00e9s."
    ]
}