{
    "decision-0": [
        "CIV. 1",
        "MY1",
        "COUR DE CASSATION",
        "______________________",
        "Audience publique du 19 septembre 2019",
        "Cassation sans renvoi",
        "Mme BATUT, pr\u00e9sident",
        "Arr\u00eat n\u00b0 732 FS-P+B",
        "Pourvoi n\u00b0 B 18-20.359",
        "Aide juridictionnelle totale en demande",
        "au profit de M. I....",
        "Admission du bureau d'aide juridictionnelle",
        "pr\u00e8s la Cour de cassation",
        "en date du 15 mai 2018.",
        "R \u00c9 P U B L I Q U E F R A N \u00c7 A I S E",
        "_________________________",
        "AU NOM DU PEUPLE FRAN\u00c7AIS",
        "_________________________",
        "LA COUR DE CASSATION, PREMI\u00c8RE CHAMBRE CIVILE, a rendu l'arr\u00eat suivant :",
        "Statuant sur le pourvoi form\u00e9 par M. G... I..., domicili\u00e9 chez M. M... W...[...],",
        "contre l'ordonnance rendue le 23 janvier 2018 par le premier pr\u00e9sident de la cour d'appel de Paris, dans le litige l'opposant :",
        "1\u00b0/ au pr\u00e9fet de police, domicili\u00e9 [...],",
        "2\u00b0/ au procureur g\u00e9n\u00e9ral pr\u00e8s la cour d'appel de Paris, domicili\u00e9 en son parquet g\u00e9n\u00e9ral, [...],",
        "d\u00e9fendeurs \u00e0 la cassation ;",
        "Le demandeur invoque, \u00e0 l'appui de son pourvoi, les deux moyens de cassation annex\u00e9s au pr\u00e9sent arr\u00eat ;",
        "Vu la communication faite au procureur g\u00e9n\u00e9ral ;",
        "LA COUR, compos\u00e9e conform\u00e9ment \u00e0 l'article R. 431-5 du code de l'organisation judiciaire, en l'audience publique du 25 juin 2019, o\u00f9 \u00e9taient pr\u00e9sents : Mme Batut, pr\u00e9sident, Mme Gargoullaud, conseiller r\u00e9f\u00e9rendaire rapporteur, Mme Auroy, conseiller doyen, M. Hascher, Mme Reygner, M. Vigneau, Mme Bozzi, M. Acquaviva, conseillers, Mmes Le Cotty, Azar, Feydeau-Thieffry, conseillers r\u00e9f\u00e9rendaires, M. Sassoust, avocat g\u00e9n\u00e9ral, Mme Pecquenard, greffier de chambre ;",
        "Sur le rapport de Mme Gargoullaud, conseiller r\u00e9f\u00e9rendaire, les observations de la SCP Zribi et Texier, avocat de M. I..., l'avis de M. Sassoust, avocat g\u00e9n\u00e9ral, et apr\u00e8s en avoir d\u00e9lib\u00e9r\u00e9 conform\u00e9ment \u00e0 la loi ;"
    ],
    "decision-1": [
        "Sur le premier moyen, pris en sa deuxi\u00e8me branche :"
    ],
    "decision-2": [
        "Vu l'article 562 du code de proc\u00e9dure civile ;",
        "Attendu que, selon ce texte, l'appel d\u00e9f\u00e8re \u00e0 la cour d'appel la connaissance des chefs du jugement qu'il critique express\u00e9ment et de ceux qui en d\u00e9pendent ;"
    ],
    "decision-3": [
        "Attendu, selon l'ordonnance attaqu\u00e9e rendue par le premier pr\u00e9sident d'une cour d'appel, et les pi\u00e8ces de la proc\u00e9dure, que, le 19 janvier 2018, M. I..., de nationalit\u00e9 alg\u00e9rienne, a \u00e9t\u00e9 plac\u00e9 en r\u00e9tention administrative par d\u00e9cision du pr\u00e9fet ; que le juge des libert\u00e9s et de la d\u00e9tention, saisi, le 20 janvier, par M. I... d'une contestation de cette d\u00e9cision et, le lendemain, par le pr\u00e9fet, d'une demande de prolongation de la mesure, a joint les deux proc\u00e9dures, constat\u00e9 l'irr\u00e9gularit\u00e9 de la proc\u00e9dure pr\u00e9alable \u00e0 la r\u00e9tention, dit n'y avoir lieu de statuer sur la requ\u00eate de M. I... et rejet\u00e9 la demande de prolongation du pr\u00e9fet de police ;",
        "Attendu que, pour d\u00e9cider le maintien de la r\u00e9tention, l'ordonnance retient que le d\u00e9lai de mise \u00e0 disposition de l'int\u00e9ress\u00e9 avant la r\u00e9tention n'est pas excessif et rel\u00e8ve qu'aucun autre moyen n'est soutenu en cause d'appel ;"
    ],
    "decision-4": [
        "Qu'en statuant ainsi, alors que l'appel relatif au chef de l'ordonnance constatant l'irr\u00e9gularit\u00e9 de la proc\u00e9dure pr\u00e9alable \u00e0 la r\u00e9tention s'\u00e9tendait au chef disant n'y avoir lieu de statuer sur la requ\u00eate en contestation de la d\u00e9cision de placement en r\u00e9tention, qui en d\u00e9pendait, le premier pr\u00e9sident, qui n'a pas examin\u00e9 la l\u00e9galit\u00e9 de cette d\u00e9cision, a viol\u00e9 le texte susvis\u00e9 ;",
        "Et vu les articles L. 411-3 du code de l'organisation judiciaire et 1015 du code de proc\u00e9dure civile ;"
    ],
    "decision-5": [
        "PAR CES MOTIFS et sans qu'il y ait lieu de statuer sur les autres griefs :",
        "CASSE ET ANNULE, en toutes ses dispositions, l'ordonnance rendue le 23 janvier 2018 par le premier pr\u00e9sident de la cour d'appel de Paris ;",
        "DIT n'y avoir lieu \u00e0 renvoi ;",
        "Vu l'article 700 du code de proc\u00e9dure civile, rejette la demande ;",
        "Dit que sur les diligences du procureur g\u00e9n\u00e9ral pr\u00e8s la Cour de cassation, le pr\u00e9sent arr\u00eat sera transmis pour \u00eatre transcrit en marge ou \u00e0 la suite de l'ordonnance cass\u00e9e ;",
        "Ainsi fait et jug\u00e9 par la Cour de cassation, premi\u00e8re chambre civile, prononc\u00e9 par le pr\u00e9sident en son audience publique du dix-neuf septembre deux mille dix-neuf et sign\u00e9 par lui et par Mme Randouin, greffier de chambre, qui a assist\u00e9 au prononc\u00e9 de l'arr\u00eat."
    ],
    "decision-6": [
        "MOYENS ANNEXES au pr\u00e9sent arr\u00eat",
        "Moyens produits par la SCP Zribi et Texier, avocat aux Conseils, pour M. I....",
        "PREMIER MOYEN DE CASSATION",
        "Il est fait grief \u00e0 la d\u00e9cision attaqu\u00e9e D'AVOIR ordonn\u00e9 la prolongation de la r\u00e9tention de G... I... dans les locaux ne d\u00e9pendant pas de l'administration p\u00e9nitentiaire ;",
        "AUX MOTIFS QUE \u00ab la cour consid\u00e8re que la mise \u00e0 disposition de l'int\u00e9ress\u00e9 n'ayant dur\u00e9 que 3 h 55, ladite dur\u00e9e ne saurait \u00eatre consid\u00e9r\u00e9e comme excessive s'agissant du temps de formalisation des d\u00e9cisions administratives, \u00e9tant rappel\u00e9 que la r\u00e9tention pour contr\u00f4le d'identit\u00e9 de l'article 78-3 du code de proc\u00e9dure p\u00e9nale, certes non applicable au cas d'esp\u00e8ce, ne peut exc\u00e9der 4 heures, d'o\u00f9 il se d\u00e9duit par parall\u00e8lisme qu'une dur\u00e9e inf\u00e9rieure \u00e0 4 heures n'apparait pas d\u00e9raisonnable ; c'est donc \u00e0 tort que le premier juge a fait droit au moyen, sans autre moyen soutenu en cause d'appel, l'ordonnance sera en cons\u00e9quence infirm\u00e9e \u00bb ;",
        "1\u00b0) ALORS QUE les juges doivent rappeler les moyens invoqu\u00e9s par les parties ; qu'en \u00e9non\u00e7ant seulement que M. I... demandait \u00ab la confirmation de l'ordonnance \u00bb, sans rappeler les moyens soutenus par son conseil pr\u00e9sent \u00e0 l'audience en cause d'appel, le d\u00e9l\u00e9gu\u00e9 du premier pr\u00e9sident a viol\u00e9 l'article 455 du code de proc\u00e9dure civile ;",
        "2\u00b0) ALORS QUE l'appel d\u00e9f\u00e8re \u00e0 la cour la connaissance des chefs de jugement qu'il critique express\u00e9ment et de ceux qui en d\u00e9pendent ; que le pr\u00e9fet a interjet\u00e9 appel de l'ordonnance ayant constat\u00e9 l'irr\u00e9gularit\u00e9 de la proc\u00e9dure et, en cons\u00e9quence, dit n'y avoir lieu \u00e0 statuer sur la requ\u00eate en contestation de la d\u00e9cision de placement en r\u00e9tention, chef de dispositif qui d\u00e9pendait du premier ; qu'en n'examinant pas la l\u00e9galit\u00e9 du placement en r\u00e9tention administrative, le d\u00e9l\u00e9gu\u00e9 du premier pr\u00e9sident a exc\u00e9d\u00e9 ses pouvoirs et ainsi viol\u00e9 l'article 562 du code de proc\u00e9dure civile ;",
        "3\u00b0) ALORS QUE les juges ne sauraient m\u00e9conna\u00eetre les termes du litige ; qu'en cause d'appel, M. I... avait invoqu\u00e9 \u00e0 l'audience l'ensemble des moyens qu'il avait soutenus en premi\u00e8re instance ; qu'en consid\u00e9rant qu'il invoquait exclusivement le moyen tir\u00e9 du caract\u00e8re excessif de la dur\u00e9e \u00e9coul\u00e9e entre le contr\u00f4le d'identit\u00e9 et la d\u00e9cision de placement en r\u00e9tention, le d\u00e9l\u00e9gu\u00e9 du premier pr\u00e9sident a m\u00e9connu les termes du litige et ainsi viol\u00e9 l'article 4 du code de proc\u00e9dure civile.",
        "SECOND MOYEN DE CASSATION",
        "Il est fait grief \u00e0 la d\u00e9cision attaqu\u00e9e D'AVOIR ordonn\u00e9 la prolongation de la r\u00e9tention de G... I... dans les locaux ne d\u00e9pendant pas de l'administration p\u00e9nitentiaire ;",
        "AUX MOTIFS QUE \u00ab la cour consid\u00e8re que la mise \u00e0 disposition de l'int\u00e9ress\u00e9 n'ayant dur\u00e9 que 3 h 55, ladite dur\u00e9e ne saurait \u00eatre consid\u00e9r\u00e9e comme excessive s'agissant du temps de formalisation des d\u00e9cisions administratives, \u00e9tant rappel\u00e9 que la r\u00e9tention pour contr\u00f4le d'identit\u00e9 de l'article 78-3 du code de proc\u00e9dure p\u00e9nale, certes non applicable au cas d'esp\u00e8ce, ne peut exc\u00e9der 4 heures, d'o\u00f9 il se d\u00e9duit par parall\u00e8lisme qu'une dur\u00e9e inf\u00e9rieure \u00e0 4 heures n'apparait pas d\u00e9raisonnable ; c'est donc \u00e0 tort que le premier juge a fait droit au moyen, sans autre moyen soutenu en cause d'appel, l'ordonnance sera en cons\u00e9quence infirm\u00e9e \u00bb ;",
        "1\u00b0) ALORS QUE le d\u00e9lai \u00e9coul\u00e9 entre le contr\u00f4le d'identit\u00e9 de l'int\u00e9ress\u00e9 et la notification de son placement en r\u00e9tention administrative ne doit pas \u00eatre d'une dur\u00e9e excessive ; qu'il r\u00e9sulte de l'arr\u00eat attaqu\u00e9 et des pi\u00e8ces de la proc\u00e9dure que M. I... a fait l'objet d'un contr\u00f4le d'identit\u00e9 \u00e0 8 heures et que son placement en r\u00e9tention administrative lui a \u00e9t\u00e9 notifi\u00e9 \u00e0 11 h 55, de telle sorte qu'une dur\u00e9e de 3 h 55 s'est \u00e9coul\u00e9e entre son contr\u00f4le d'identit\u00e9 et son placement en r\u00e9tention ; qu'en consid\u00e9rant totuefois que cette dur\u00e9e n'\u00e9tait pas excessive et, partant, que la proc\u00e9dure \u00e9tait r\u00e9guli\u00e8re, la cour d'appel a viol\u00e9 l'article L. 551-2 du code de l'entr\u00e9e et du s\u00e9jour des \u00e9trangers et du droit d'asile ;",
        "2\u00b0) ALORS QUE le d\u00e9lai \u00e9coul\u00e9 entre le contr\u00f4le d'identit\u00e9 de l'int\u00e9ress\u00e9 et son placement en r\u00e9tention ne doit pas \u00eatre d'une dur\u00e9e excessive ; que le temps de formalisation des d\u00e9cisions administratives est \u00e0 cet \u00e9gard indiff\u00e9rent ; qu'en \u00e9non\u00e7ant, pour juger non excessive la dur\u00e9e \u00e9coul\u00e9e entre le contr\u00f4le d'identit\u00e9 de l'int\u00e9ress\u00e9 et son placement en r\u00e9tention, que la dur\u00e9e de 3 h 55 correspondait au \u00ab temps de formalisation des d\u00e9cisions administratives \u00bb, le d\u00e9l\u00e9gu\u00e9 du premier pr\u00e9sident a statu\u00e9 par des motifs inop\u00e9rants et ainsi viol\u00e9 l'article L. 551-2 du code de l'entr\u00e9e et du s\u00e9jour des \u00e9trangers et du droit d'asile ;",
        "3\u00b0) ALORS QUE le d\u00e9lai \u00e9coul\u00e9 entre le contr\u00f4le d'identit\u00e9 de l'int\u00e9ress\u00e9 et la notification de son placement en r\u00e9tention ne doit pas \u00eatre d'une dur\u00e9e excessive ; que les dispositions de l'article 78-3 du code de proc\u00e9dure p\u00e9nale ne sont, pour appr\u00e9cier cette dur\u00e9e, pas applicables ; qu'en appr\u00e9ciant le caract\u00e8re excessif de la dur\u00e9e \u00e9coul\u00e9e entre le contr\u00f4le d'identit\u00e9 de l'int\u00e9ress\u00e9 et son placement en r\u00e9tention administrative au regard des dispositions de l'article 78-3 du code de proc\u00e9dure p\u00e9nale dont il a admis l'inapplication au litige, le d\u00e9l\u00e9gu\u00e9 du premier pr\u00e9sident a viol\u00e9 l'article L. 551-2 du code de l'entr\u00e9e et du s\u00e9jour des \u00e9trangers et du droit d'asile."
    ]
}