{
    "decision-0": [
        "CIV. 1",
        "MF",
        "COUR DE CASSATION",
        "______________________",
        "Audience publique du 28 mars 2018",
        "Rejet",
        "Mme BATUT, pr\u00e9sident",
        "Arr\u00eat n\u00b0 338 FS-D",
        "Pourvoi n\u00b0 Y 17-17.960",
        "Aide juridictionnelle totale en demande",
        "au profit de M. X....",
        "Admission du bureau d'aide juridictionnelle",
        "pr\u00e8s la Cour de cassation",
        "en date du 14 mars 2017.",
        "R \u00c9 P U B L I Q U E F R A N \u00c7 A I S E",
        "_________________________",
        "AU NOM DU PEUPLE FRAN\u00c7AIS",
        "_________________________",
        "LA COUR DE CASSATION, PREMI\u00c8RE CHAMBRE CIVILE, a rendu l'arr\u00eat suivant :",
        "Statuant sur le pourvoi form\u00e9 par M. Mohamed X..., domicili\u00e9 [...]\u00a0 \u00a0\u00a0\u00a0\u00a0\u00a0\u00a0\u00a0\u00a0\u00a0\u00a0\u00a0\u00a0\u00a0 \u00a0\u00a0 \u00a0\u00a0\u00a0\u00a0\u00a0\u00a0\u00a0\u00a0\u00a0\u00a0\u00a0\u00a0\u00a0 \u00a0\u00a0 \u00a0\u00a0 \u00a0\u00a0\u00a0\u00a0\u00a0\u00a0 \u00a0\u00a0 \u00a0\u00a0\u00a0\u00a0\u00a0\u00a0\u00a0 \u00a0\u00a0 \u00a0\u00a0\u00a0\u00a0\u00a0 \u00a0\u00a0\u00a0\u00a0\u00a0 \u00a0\u00a0\u00a0\u00a0\u00a0\u00a0,",
        "contre l'ordonnance rendue le 15 novembre 2016 par le premier pr\u00e9sident de la cour d'appel de Rennes, dans le litige l'opposant au pr\u00e9fet du Maine-et-Loire, domicili\u00e9 [...] \u00a0 \u00a0\u00a0\u00a0\u00a0\u00a0\u00a0 \u00a0\u00a0\u00a0\u00a0\u00a0\u00a0 \u00a0\u00a0\u00a0\u00a0\u00a0 \u00a0\u00a0\u00a0\u00a0\u00a0\u00a0,",
        "d\u00e9fendeur \u00e0 la cassation ;",
        "Le demandeur invoque, \u00e0 l'appui de son pourvoi, le moyen unique de cassation annex\u00e9 au pr\u00e9sent arr\u00eat ;",
        "Vu la communication faite au procureur g\u00e9n\u00e9ral ;",
        "LA COUR, compos\u00e9e conform\u00e9ment \u00e0 l'article R. 431-5 du code de l'organisation judiciaire, en l'audience publique du 27 f\u00e9vrier 2018, o\u00f9 \u00e9taient pr\u00e9sents : Mme Batut, pr\u00e9sident, Mme Y..., conseiller r\u00e9f\u00e9rendaire rapporteur, Mme Wallon, conseiller doyen, MM. Hascher, Reynis, Mme Reygner, M. Vigneau, Mme Bozzi, M. Acquaviva, Mme Auroy, conseillers, M. Roth, Mmes Mouty-Tardieu, Le Cotty, Azar, conseillers r\u00e9f\u00e9rendaires, M. Z..., avocat g\u00e9n\u00e9ral, Mme Pecquenard, greffier de chambre ;",
        "Sur le rapport de Mme Y..., conseiller r\u00e9f\u00e9rendaire, les observations de la SCP Meier-Bourdeau et L\u00e9cuyer, avocat de M. X..., l'avis de M. Z..., avocat g\u00e9n\u00e9ral, et apr\u00e8s en avoir d\u00e9lib\u00e9r\u00e9 conform\u00e9ment \u00e0 la loi ;"
    ],
    "decision-1": [
        "Sur le moyen unique :"
    ],
    "decision-2": [
        "Attendu, selon l'ordonnance attaqu\u00e9e, rendue par le premier pr\u00e9sident d'une cour d'appel (Rennes, 15 novembre 2016), et les pi\u00e8ces de la proc\u00e9dure, que, le 29 juin 2016, M. X... a saisi le tribunal administratif d'une requ\u00eate en annulation d'un arr\u00eat\u00e9 du 14 juin 2016 portant obligation de quitter le territoire fran\u00e7ais sans d\u00e9lai ; que, le 8 novembre, il a \u00e9t\u00e9 plac\u00e9 en r\u00e9tention \u00e0 l'issue de sa garde \u00e0 vue \u00e0 l'occasion d'une enqu\u00eate de flagrance ; que le pr\u00e9fet a sollicit\u00e9 la prolongation de la mesure puis, le 14 novembre, en a inform\u00e9 le pr\u00e9sident du tribunal administratif conform\u00e9ment \u00e0 l'article L. 512-1 du code de l'entr\u00e9e et du s\u00e9jour des \u00e9trangers et du droit d'asile ;"
    ],
    "decision-3": [
        "Attendu que M. X... fait grief \u00e0 l'ordonnance de prolonger sa r\u00e9tention alors, selon le moyen, qu'un \u00e9tranger ne peut \u00eatre plac\u00e9 ou maintenu en r\u00e9tention que pour le temps strictement n\u00e9cessaire \u00e0 son d\u00e9part ; que l'administration doit exercer toute diligence \u00e0 cet effet d\u00e8s le placement en r\u00e9tention ; qu'en jugeant suffisante l'information donn\u00e9e par le pr\u00e9fet au pr\u00e9sident du tribunal administratif quant \u00e0 la mise en r\u00e9tention administrative de M. X... le 14 novembre 2016, soit six jours apr\u00e8s le placement en r\u00e9tention, le premier pr\u00e9sident a viol\u00e9 l'article L. 554-1 du code de l'entr\u00e9e et du s\u00e9jour des \u00e9trangers et du droit d'asile ;"
    ],
    "decision-4": [
        "Mais attendu que l'ordonnance rel\u00e8ve que le pr\u00e9fet a saisi les autorit\u00e9s consulaires tunisiennes d\u00e8s le 8 novembre 2016, aux fins de d\u00e9livrance d'un laisser-passer et que l'administration est toujours dans l'attente d'une r\u00e9ponse ; qu'elle retient que la juridiction administrative aura n\u00e9cessairement statu\u00e9 avant que la mesure d'\u00e9loignement puisse \u00eatre mise \u00e0 ex\u00e9cution, de sorte que l'information tardive du tribunal administratif par le pr\u00e9fet n'a pas affect\u00e9 la dur\u00e9e du maintien en r\u00e9tention ; que de ces constatations et \u00e9nonciations, le premier pr\u00e9sident a pu d\u00e9duire que les diligences en vue de l'ex\u00e9cution de la mesure d'\u00e9loignement, dont il \u00e9tait tenu de v\u00e9rifier la mise en oeuvre effective par l'administration, \u00e9taient suffisantes ; que le moyen n'est pas fond\u00e9 ;"
    ],
    "decision-5": [
        "PAR CES MOTIFS :",
        "REJETTE le pourvoi ;",
        "Vu l'article 700 du code de proc\u00e9dure civile, rejette la demande ;",
        "Ainsi fait et jug\u00e9 par la Cour de cassation, premi\u00e8re chambre civile, et prononc\u00e9 par le pr\u00e9sident en son audience publique du vingt-huit mars deux mille dix-huit."
    ],
    "decision-6": [
        "MOYEN ANNEXE au pr\u00e9sent arr\u00eat",
        "Moyen produit par la SCP Meier-Bourdeau et L\u00e9cuyer, avocat aux Conseils, pour M. X....",
        "IL EST FAIT GRIEF \u00e0 l'ordonnance confirmative attaqu\u00e9e d'avoir ordonn\u00e9 la prolongation du maintien de M. X... dans les locaux non p\u00e9nitentiaires pour un d\u00e9lai maximum de vingt huit jours et en cons\u00e9quence ;",
        "AUX MOTIFS QUE le conseil de monsieur X... fait grief \u00e0 la pr\u00e9fecture de ne pas avoir inform\u00e9 le tribunal administratif, qui doit, par application de l'article R. 776-21 du code de justice administrative, statuer sur la demande d'annulation de l'arr\u00eat\u00e9 portant obligation de quitter le territoire fran\u00e7ais dans les 72 heures \u00e0 compter de la transmission par le pr\u00e9fet de la d\u00e9cision de placement en r\u00e9tention, ce d\u00e9faut de diligence ayant influ\u00e9 sur la dur\u00e9e de la r\u00e9tention administrative, laquelle doit \u00eatre limit\u00e9e au temps strictement n\u00e9cessaire \u00e0 l'\u00e9loignement ;",
        "Cependant, il est produit, en annexe du m\u00e9moire d'appel du pr\u00e9fet du Maine et Loire, copie du courrier adress\u00e9 le 14 novembre 2016 au pr\u00e9sident de la 14\u00e8me chambre du Tribunal administratif de Versailles, l'informant de la mise en r\u00e9tention administrative de monsieur X... suivant d\u00e9cision du 8 novembre 2016, et sollicitant de ce fait une d\u00e9cision sur ce recours selon la proc\u00e9dure d'urgence. Dans ces conditions, ce moyen sera donc rejet\u00e9 comme \u00e9tant mal fond\u00e9, \u00e9tant observ\u00e9 que la pr\u00e9fecture a saisi les autorit\u00e9s consulaires tunisiennes d\u00e8s le 8 novembre 2016 aux fins de d\u00e9livrance d'une laisser-passer, et que l'administration est toujours dans l'attente d'un rendez-vous, de telle sorte que la juridiction administrative aura n\u00e9cessairement statu\u00e9 avant que la mesure d'\u00e9loignement puisse \u00eatre \u00e9ventuellement mise \u00e0 ex\u00e9cution ;",
        "ALORS QU'un \u00e9tranger ne peut \u00eatre plac\u00e9 ou maintenu en r\u00e9tention que pour le temps strictement n\u00e9cessaire \u00e0 son d\u00e9part ; que l'administration doit exercer toute diligence \u00e0 cet effet d\u00e8s le placement en r\u00e9tention ; qu'en jugeant suffisante l'information donn\u00e9e par le Pr\u00e9fet au pr\u00e9sident du tribunal administratif quant \u00e0 la mise en r\u00e9tention administrative de M. X... le 14 novembre 2016, soit 6 jours apr\u00e8s le placement en r\u00e9tention, le premier pr\u00e9sident a viol\u00e9 l'article L. 554-1 du code de l'entr\u00e9e et du s\u00e9jour des \u00e9trangers et du droit d'asile."
    ]
}