{
    "decision-0": [
        "CIV. 1",
        "CF",
        "COUR DE CASSATION",
        "______________________",
        "Audience publique du 4 novembre 2020",
        "Cassation partielle sans renvoi",
        "Mme BATUT, pr\u00e9sident",
        "Arr\u00eat n\u00b0 664 F-D",
        "Pourvoi n\u00b0 T 19-20.654",
        "Aide juridictionnelle totale en demande",
        "au profit de M. M....",
        "Admission du bureau d'aide juridictionnelle",
        "pr\u00e8s la Cour de cassation",
        "en date du 7 mai 2019.",
        "R \u00c9 P U B L I Q U E F R A N \u00c7 A I S E",
        "_________________________",
        "AU NOM DU PEUPLE FRAN\u00c7AIS",
        "_________________________",
        "ARR\u00caT DE LA COUR DE CASSATION, PREMI\u00c8RE CHAMBRE CIVILE, DU 4 NOVEMBRE 2020",
        "M. W... M..., domicili\u00e9 [...] , a form\u00e9 le pourvoi n\u00b0 T 19-20.654 contre l'ordonnance rendue le 27 juin 2018 par le premier pr\u00e9sident de la cour d'appel de Douai (chambre des libert\u00e9s individuelles), dans le litige l'opposant :",
        "1\u00b0/ au pr\u00e9fet du Nord, domicili\u00e9 [...] ,",
        "2\u00b0/ au procureur g\u00e9n\u00e9ral pr\u00e8s la cour d'appel de Douai, domicili\u00e9 [...] ,",
        "d\u00e9fendeurs \u00e0 la cassation.",
        "Le demandeur invoque, \u00e0 l'appui de son pourvoi, le moyen unique de cassation annex\u00e9 au pr\u00e9sent arr\u00eat.",
        "Le dossier a \u00e9t\u00e9 communiqu\u00e9 au procureur g\u00e9n\u00e9ral.",
        "Sur le rapport de Mme Feydeau-Thieffry, conseiller r\u00e9f\u00e9rendaire, les observations de Me Bertrand, avocat de M. M..., apr\u00e8s d\u00e9bats en l'audience publique du 15 septembre 2020 o\u00f9 \u00e9taient pr\u00e9sents Mme Batut, pr\u00e9sident, Mme Feydeau-Thieffry, conseiller r\u00e9f\u00e9rendaire rapporteur, M. Hascher, conseiller le plus ancien faisant fonction de doyen, et Mme Berthomier, greffier de chambre,",
        "la premi\u00e8re chambre civile de la Cour de cassation, compos\u00e9e des pr\u00e9sident et conseillers pr\u00e9cit\u00e9s, apr\u00e8s en avoir d\u00e9lib\u00e9r\u00e9 conform\u00e9ment \u00e0 la loi, a rendu le pr\u00e9sent arr\u00eat."
    ],
    "decision-1": [
        "Faits et proc\u00e9dure",
        "1. Selon l'ordonnance attaqu\u00e9e, rendue par le premier pr\u00e9sident d'une cour d'appel (Douai, 27 juin 2018), et les pi\u00e8ces de la proc\u00e9dure, M. M..., de nationalit\u00e9 guin\u00e9enne, qui avait d\u00e9pos\u00e9 une demande d'asile aupr\u00e8s de la pr\u00e9fecture, a fait l'objet, le 3 novembre 2017, de d\u00e9cisions de transfert aux autorit\u00e9s italiennes et d'assignation \u00e0 r\u00e9sidence. Apr\u00e8s l'\u00e9chec d'un premier transfert, \u00e0 la suite d'un refus d'embarquer, le pr\u00e9fet du Nord a, par arr\u00eat\u00e9 du 25 juin 2018, d\u00e9cid\u00e9 du placement en r\u00e9tention administrative de l'int\u00e9ress\u00e9.",
        "2. M. M... a saisi le juge des libert\u00e9s et de la d\u00e9tention d'une contestation de la d\u00e9cision de placement en r\u00e9tention."
    ],
    "decision-2": [
        "Examen du moyen",
        "Sur le moyen, pris en sa premi\u00e8re branche",
        "Enonc\u00e9 du moyen",
        "3. M. M... fait grief \u00e0 l'ordonnance de constater la r\u00e9gularit\u00e9 de son placement en r\u00e9tention et de rejeter son recours, alors \u00ab que dans ses conclusions d'appel, M. M... faisait valoir que la comp\u00e9tence de l'auteur de l'arr\u00eat\u00e9 de placement en r\u00e9tention administrative du 25 juin 2018 n'\u00e9tait pas \u00e9tablie, aucune d\u00e9l\u00e9gation de signature n'\u00e9tant produite aux d\u00e9bats ; qu'en laissant sans r\u00e9ponse ce moyen pertinent, le conseiller d\u00e9l\u00e9gu\u00e9 du premier pr\u00e9sident a viol\u00e9 l'article 455 du code de proc\u00e9dure civile. \u00bb"
    ],
    "decision-3": [
        "R\u00e9ponse de la Cour",
        "Vu l'article 455 du code de proc\u00e9dure civile :",
        "4. Selon ce texte, tout jugement doit \u00eatre motiv\u00e9. Le d\u00e9faut de r\u00e9ponse \u00e0 conclusions constitue un d\u00e9faut de motifs.",
        "5. Pour rejeter la requ\u00eate de M. M..., l'ordonnance retient qu'en application de l'article L. 554-1 du code de l'entr\u00e9e et du s\u00e9jour des \u00e9trangers et du droit d'asile, il appartient seulement au juge des libert\u00e9s et de la d\u00e9tention d'appr\u00e9cier la n\u00e9cessit\u00e9 du placement en r\u00e9tention. Elle ajoute que M. M... a \u00e9t\u00e9 plac\u00e9 en r\u00e9tention administrative en ex\u00e9cution d'une ordonnance du 20 juin 2018, rectifi\u00e9e le 21 juin, rendue par le juge des libert\u00e9s et de la d\u00e9tention de Lille et que la n\u00e9cessit\u00e9 de ce placement en r\u00e9tention, qui a une base l\u00e9gale, est caract\u00e9ris\u00e9e.",
        "6. En statuant ainsi, sans r\u00e9pondre aux conclusions de M. M... qui faisait valoir que l'auteur de la d\u00e9cision de placement en r\u00e9tention n'\u00e9tait pas comp\u00e9tent pour la signer, le premier pr\u00e9sident n'a pas satisfait aux exigences du texte susvis\u00e9.",
        "Port\u00e9e et cons\u00e9quences de la cassation",
        "7. Apr\u00e8s avis donn\u00e9 aux parties, conform\u00e9ment \u00e0 l'article 1015 du code de proc\u00e9dure civile, il est fait application des articles L. 411-3, alin\u00e9a 1, du code de l'organisation judiciaire et 627 du code de proc\u00e9dure civile.",
        "8. La cassation prononc\u00e9e n'implique pas, en effet, qu'il soit \u00e0 nouveau statu\u00e9 sur le fond, d\u00e8s lors que, les d\u00e9lais l\u00e9gaux pour statuer sur la mesure \u00e9tant expir\u00e9s, il ne reste plus rien \u00e0 juger."
    ],
    "decision-4": [
        "PAR CES MOTIFS, et sans qu'il y ait lieu de statuer sur les autres branches du moyen, la Cour :",
        "CASSE ET ANNULE, sauf en ce qu'il d\u00e9clare l'appel recevable, l'ordonnance rendue le 27 juin 2018, entre les parties, par le premier pr\u00e9sident de la cour d'appel de Douai ;",
        "DIT n'y avoir lieu \u00e0 renvoi ;",
        "Dit que sur les diligences du procureur g\u00e9n\u00e9ral pr\u00e8s la Cour de cassation, le pr\u00e9sent arr\u00eat sera transmis pour \u00eatre transcrit en marge ou \u00e0 la suite de l'ordonnance partiellement cass\u00e9e ;",
        "Ainsi fait et jug\u00e9 par la Cour de cassation, premi\u00e8re chambre civile, et prononc\u00e9 par le pr\u00e9sident en son audience publique du quatre novembre deux mille vingt."
    ],
    "decision-5": [
        "MOYEN ANNEXE au pr\u00e9sent arr\u00eat",
        "Moyen produit par Me Bertrand, avocat aux Conseils, pour M. M...",
        "Il est fait grief \u00e0 l'ordonnance infirmative attaqu\u00e9e d'avoir constat\u00e9 la r\u00e9gularit\u00e9 du placement en r\u00e9tention de M. M... par le Pr\u00e9fet du Nord et d'avoir rejet\u00e9 le recours de M. M... dirig\u00e9 contre l'arr\u00eat\u00e9 du Pr\u00e9fet du Nord du 25 juin 2018 ;",
        "AUX MOTIFS QU' au visa de la loi du 7 mars 2016, le juge des libert\u00e9s et de la d\u00e9tention est en charge du contentieux de la r\u00e9tention, dont l'acte administratif de placement, et non du contentieux de l'acte administratif fondant le placement en r\u00e9tention. En application de l'article L.554-1 du code de l'entr\u00e9e et du s\u00e9jour des \u00e9trangers et du droit d'asile, il lui appartient seulement, d'appr\u00e9cier la n\u00e9cessit\u00e9 du placement en r\u00e9tention. M. W... M... a \u00e9t\u00e9 plac\u00e9 en r\u00e9tention administrative dans le cadre d'une ordonnance du 20 juin 2018 rectifi\u00e9e le 21 juin, rendue par le juge des libert\u00e9s et de la d\u00e9tention de Lille qui autorisait M. le pr\u00e9fet du Nord \u00e0 le faire reconduire \u00e0 la fronti\u00e8re et si le d\u00e9part n'est pas possible imm\u00e9diatement \u00e0 le placer en r\u00e9tention administrative. M. W... M... a \u00e9t\u00e9 plac\u00e9 en r\u00e9tention administrative le 25 juin 2018 et le vol vers l'Italie a eu lieu avant le 26 juin 2018 avant l'heure des d\u00e9bats. Au moment o\u00f9 le juge des libert\u00e9s et de la d\u00e9tention a statu\u00e9 sur le recours, le d\u00e9lai n'\u00e9tait pas encore expir\u00e9. Le placement en r\u00e9tention administrative de M. W... M... a une base l\u00e9gale et sa n\u00e9cessit\u00e9 est caract\u00e9ris\u00e9e (ordonnance attaqu\u00e9e p. 2) ;",
        "ALORS, d'une part, QUE dans ses conclusions d'appel (du 26 juin 2018, p. 2 al. 4), M. M... faisait valoir que la comp\u00e9tence de l'auteur de l'arr\u00eat\u00e9 de placement en r\u00e9tention administrative du 25 juin 2018 n'\u00e9tait pas \u00e9tablie, aucune d\u00e9l\u00e9gation de signature n'\u00e9tant produite aux d\u00e9bats ; qu'en laissant sans r\u00e9ponse ce moyen pertinent, le conseiller d\u00e9l\u00e9gu\u00e9 du premier pr\u00e9sident a viol\u00e9 l'article 455 du code de proc\u00e9dure civile ;",
        "ALORS, d'autre part, QU' en s'abstenant en toute hypoth\u00e8se de constater qu'\u00e9tait produite aux d\u00e9bats une d\u00e9l\u00e9gation de signature du pr\u00e9fet habilitant Mme T... G... \u00e0 signer l'arr\u00eat\u00e9 de placement en r\u00e9tention du 25 juin 2018, le conseiller d\u00e9l\u00e9gu\u00e9 du premier pr\u00e9sident a priv\u00e9 sa d\u00e9cision de base l\u00e9gale au regard des articles L.512-1 et L.554-1 du code de l'entr\u00e9e et du s\u00e9jour des \u00e9trangers et du droit d'asile ;",
        "ALORS, de troisi\u00e8me part, QUE le juge saisi d'un recours contre un arr\u00eat\u00e9 pr\u00e9fectoral pla\u00e7ant un \u00e9tranger en r\u00e9tention administrative pour le temps n\u00e9cessaire \u00e0 son d\u00e9part doit v\u00e9rifier que cette mesure est prise pour le temps strictement n\u00e9cessaire \u00e0 ce d\u00e9part ; qu'en se bornant \u00e0 op\u00e9rer un contr\u00f4le sur \u00ab la n\u00e9cessit\u00e9 \u00bb du placement en r\u00e9tention litigieux, non pr\u00e9vu par les textes, le conseiller d\u00e9l\u00e9gu\u00e9 du premier pr\u00e9sident a viol\u00e9 les articles L.512-1 et L.554-1 du code de l'entr\u00e9e et du s\u00e9jour des \u00e9trangers et du droit d'asile ;",
        "ALORS, de quatri\u00e8me part, QUE le juge saisi d'un recours contre un arr\u00eat\u00e9 pr\u00e9fectoral pla\u00e7ant un \u00e9tranger en r\u00e9tention administrative pour le temps n\u00e9cessaire \u00e0 son d\u00e9part doit v\u00e9rifier que cette mesure est prise pour le temps strictement n\u00e9cessaire \u00e0 ce d\u00e9part ; qu'en retenant que M. M... avait \u00e9t\u00e9 plac\u00e9 en r\u00e9tention administrative \u00ab dans le cadre d'une ordonnance du 20 juin 2018 rectifi\u00e9e le 21 juin, rendue par le juge des libert\u00e9s et de la d\u00e9tention de Lille qui autorisait M. le pr\u00e9fet du Nord \u00e0 le faire reconduire \u00e0 la fronti\u00e8re et si le d\u00e9part n'est pas possible imm\u00e9diatement \u00e0 le placer en r\u00e9tention administrative \u00bb quand l'ordonnance du 20 juin 2018, rectifi\u00e9e le 21 juin suivant, porte exclusivement sur la demande de visite domiciliaire sollicit\u00e9e par le pr\u00e9fet en application de l'article L.561-2, II, al. 1er, du code de l'entr\u00e9e et du s\u00e9jour des \u00e9trangers et du droit d'asile et qu'il n'est fait mention dans cette ordonnance d'aucune autorisation de placement en r\u00e9tention, le conseiller d\u00e9l\u00e9gu\u00e9 du premier pr\u00e9sident s'est d\u00e9termin\u00e9 par une motivation inop\u00e9rante, privant sa d\u00e9cision de base l\u00e9gale au regard de l'article L.512-1, III, du code de l'entr\u00e9e et du s\u00e9jour des \u00e9trangers et du droit d'asile ;",
        "ALORS, de cinqui\u00e8me part, QUE le placement en r\u00e9tention administrative du ressortissant \u00e9tranger n'est justifi\u00e9 que pour le temps strictement n\u00e9cessaire \u00e0 la d\u00e9termination de l'Etat responsable de l'examen de la demande d'asile et, le cas \u00e9ch\u00e9ant, en vue de l'ex\u00e9cution d'une d\u00e9cision de transfert ; qu'en \u00ab constatant \u00bb la r\u00e9gularit\u00e9 du placement en r\u00e9tention de M. M... par le pr\u00e9fet du Nord, sans faire r\u00e9f\u00e9rence \u00e0 un arr\u00eat\u00e9 de transfert, le conseiller d\u00e9l\u00e9gu\u00e9 du premier pr\u00e9sident a priv\u00e9 sa d\u00e9cision de base l\u00e9gale au regard de l'article 512-1, III, du code de l'entr\u00e9e et du s\u00e9jour des \u00e9trangers et du droit d'asile, outre les articles 551-1 et L.561-2 du m\u00eame code ;",
        "ALORS, enfin, QUE la mesure de r\u00e9tention administrative pour une dur\u00e9e de 48 heures n'est justifi\u00e9e qu'\u00e0 l'\u00e9gard du ressortissant \u00e9tranger qui ne pr\u00e9sente pas de garanties de repr\u00e9sentation effectives propres \u00e0 pr\u00e9venir un risque de fuite ; que dans ses conclusions d'appel (p. 2 al. 4), M. M... faisait valoir que \u00ab le pr\u00e9fet a commis une erreur d'appr\u00e9ciation des garanties de repr\u00e9sentation \u00bb ; qu'en ne proc\u00e9dant \u00e0 aucun contr\u00f4le sur ce point, le conseiller d\u00e9l\u00e9gu\u00e9 du premier pr\u00e9sident a priv\u00e9 sa d\u00e9cision de base l\u00e9gale au regard des articles L.512-1, L.551-1 et L.561-2 du code de l'entr\u00e9e et du s\u00e9jour des \u00e9trangers et du droit d'asile."
    ]
}