{
    "decision-0": [
        "CIV. 1",
        "CF",
        "COUR DE CASSATION",
        "______________________",
        "Audience publique du 10 janvier 2018",
        "Cassation",
        "Mme BATUT, pr\u00e9sident",
        "Arr\u00eat n\u00b0 146 F-D",
        "Pourvoi n\u00b0 U 17-26.903",
        "Aide juridictionnelle totale en demande",
        "au profit de Klajdi X....",
        "Admission du bureau d'aide juridictionnelle",
        "pr\u00e8s la Cour de cassation",
        "en date du 20 novembre 2017.",
        "R \u00c9 P U B L I Q U E F R A N \u00c7 A I S E",
        "_________________________",
        "AU NOM DU PEUPLE FRAN\u00c7AIS",
        "_________________________",
        "LA COUR DE CASSATION, PREMI\u00c8RE CHAMBRE CIVILE, a rendu l'arr\u00eat suivant :",
        "Statuant sur le pourvoi form\u00e9 par Klajdi X..., domicili\u00e9 chez Mme Nathalie Y...[...] \u00a0\u00a0\u00a0 \u00a0\u00a0 \u00a0 \u00a0\u00a0\u00a0 \u00a0\u00a0\u00a0\u00a0\u00a0 \u00a0\u00a0\u00a0\u00a0\u00a0 \u00a0\u00a0\u00a0\u00a0\u00a0\u00a0\u00a0\u00a0,",
        "contre l'arr\u00eat rendu le 10 octobre 2017 par la cour d'appel de Chamb\u00e9ry (chambre sp\u00e9ciale des mineurs, assistance \u00e9ducative), dans le litige l'opposant :",
        "1\u00b0/ au directeur charg\u00e9 de la direction g\u00e9n\u00e9rale adjointe de la vie sociale, domicili\u00e9 [...] \u00a0\u00a0\u00a0\u00a0\u00a0\u00a0\u00a0\u00a0 \u00a0\u00a0\u00a0\u00a0\u00a0\u00a0\u00a0\u00a0\u00a0\u00a0\u00a0 \u00a0\u00a0 \u00a0\u00a0\u00a0\u00a0\u00a0\u00a0 \u00a0\u00a0\u00a0\u00a0\u00a0 \u00a0\u00a0\u00a0\u00a0\u00a0\u00a0\u00a0\u00a0 \u00a0\u00a0\u00a0\u00a0\u00a0, repr\u00e9sentant le pr\u00e9sident du conseil d\u00e9partemental de Savoie,",
        "2\u00b0/ au procureur g\u00e9n\u00e9ral pr\u00e8s la cour d'appel de Chamb\u00e9ry, domicili\u00e9 [...] \u00a0\u00a0\u00a0\u00a0\u00a0\u00a0\u00a0 \u00a0\u00a0\u00a0\u00a0\u00a0\u00a0\u00a0\u00a0 \u00a0\u00a0\u00a0\u00a0\u00a0 \u00a0\u00a0 \u00a0\u00a0\u00a0\u00a0\u00a0\u00a0 \u00a0\u00a0 \u00a0\u00a0\u00a0\u00a0\u00a0\u00a0\u00a0\u00a0 \u00a0\u00a0\u00a0\u00a0\u00a0 \u00a0\u00a0\u00a0\u00a0\u00a0\u00a0\u00a0\u00a0,",
        "d\u00e9fendeurs \u00e0 la cassation ;",
        "Le demandeur invoque, \u00e0 l'appui de son pourvoi, le moyen unique de cassation annex\u00e9 au pr\u00e9sent arr\u00eat ;",
        "Vu la communication faite au procureur g\u00e9n\u00e9ral ;",
        "LA COUR, en l'audience publique du 9 janvier 2018, o\u00f9 \u00e9taient pr\u00e9sentes : Mme Batut, pr\u00e9sident, Mme Z... , conseiller r\u00e9f\u00e9rendaire rapporteur, Mme Wallon, conseiller doyen, Mme Pecquenard, greffier de chambre ;",
        "Sur le rapport de Mme Z... , conseiller r\u00e9f\u00e9rendaire, les observations de la SCP B\u00e9nabent, avocat de Klajdi X..., de la SCP Foussard et Froger, avocat du directeur charg\u00e9 de la direction g\u00e9n\u00e9rale adjointe de la vie sociale, et apr\u00e8s en avoir d\u00e9lib\u00e9r\u00e9 conform\u00e9ment \u00e0 la loi ;"
    ],
    "decision-1": [
        "Sur le moyen unique, pris en sa deuxi\u00e8me branche :"
    ],
    "decision-2": [
        "Vu les articles 375 et 375-5 du code civil, ensemble les articles L. 112-3 et L. 221-2-2 du code de l'action sociale et des familles ;",
        "Attendu qu'il r\u00e9sulte de ces textes que la protection de l'enfance a pour but, notamment, de pr\u00e9venir les difficult\u00e9s que peuvent rencontrer les mineurs priv\u00e9s temporairement ou d\u00e9finitivement de la protection de leur famille et d'assurer leur prise en charge ; que si la sant\u00e9, la s\u00e9curit\u00e9 ou la moralit\u00e9 d'un mineur sont en danger, des mesures d'assistance \u00e9ducative peuvent \u00eatre ordonn\u00e9es par le juge des enfants ; que, lorsque celui-ci est saisi de la situation d'un mineur priv\u00e9 temporairement ou d\u00e9finitivement de la protection de sa famille, il prend sa d\u00e9cision en stricte consid\u00e9ration de l'int\u00e9r\u00eat de l'enfant ;"
    ],
    "decision-3": [
        "Attendu, selon l'arr\u00eat attaqu\u00e9, que le mineur Klajdi X..., n\u00e9 le [...] \u00e0 Berat (Albanie), a \u00e9t\u00e9 accueilli en foyer d'accueil d'urgence \u00e0 compter du 19 mai 2017 ; que, par arr\u00eat\u00e9 du 27 mai, le pr\u00e9sident du conseil d\u00e9partemental de la Savoie a mis fin \u00e0 cette prise en charge ; que Klajdi X... a saisi le juge des enfants de Chamb\u00e9ry d'une requ\u00eate en assistance \u00e9ducative ;",
        "Attendu que, pour rejeter sa demande et dire n'y avoir lieu \u00e0 assistance \u00e9ducative, l'arr\u00eat retient, d'une part, que Klajdi X... et sa m\u00e8re ont organis\u00e9 sa venue sur le territoire fran\u00e7ais dans la perspective d'une prise en charge au titre de la protection des mineurs non accompagn\u00e9s, d'autre part, qu'il reste sous la responsabilit\u00e9 de celle-ci, qui continue d'exercer l'autorit\u00e9 parentale et organise sa prise en charge par des compatriotes, de sorte qu'il ne rel\u00e8ve pas de la protection des mineurs non accompagn\u00e9s ;"
    ],
    "decision-4": [
        "Qu'en se d\u00e9terminant ainsi, sans rechercher, comme il le lui incombait, si le mineur disposait d'un repr\u00e9sentant l\u00e9gal sur le territoire national ou \u00e9tait effectivement pris en charge par une personne majeure identifi\u00e9e, la cour d'appel a priv\u00e9 sa d\u00e9cision de base l\u00e9gale ;"
    ],
    "decision-5": [
        "PAR CES MOTIFS et sans qu'il y ait lieu de statuer sur les autres branches du moyen :",
        "CASSE ET ANNULE, en toutes ses dispositions, l'arr\u00eat rendu le 10 octobre 2017, entre les parties, par la cour d'appel de Chamb\u00e9ry ; remet, en cons\u00e9quence, la cause et les parties dans l'\u00e9tat o\u00f9 elles se trouvaient avant ledit arr\u00eat et, pour \u00eatre fait droit, les renvoie devant la cour d'appel de Lyon ;",
        "Laisse \u00e0 chacune des parties la charge de ses propres d\u00e9pens ;",
        "Vu l'article 700 du code de proc\u00e9dure civile, rejette la demande ;",
        "Dit que sur les diligences du procureur g\u00e9n\u00e9ral pr\u00e8s la Cour de cassation, le pr\u00e9sent arr\u00eat sera transmis pour \u00eatre transcrit en marge ou \u00e0 la suite de l'arr\u00eat cass\u00e9 ;",
        "Ainsi fait et jug\u00e9 par la Cour de cassation, premi\u00e8re chambre civile, et prononc\u00e9 par le pr\u00e9sident en son audience publique du dix janvier deux mille dix-huit."
    ],
    "decision-6": [
        "MOYEN ANNEXE au pr\u00e9sent arr\u00eat",
        "Moyen produit par la SCP B\u00e9nabent, avocat aux Conseils, pour Klajdi X....",
        "Il est fait grief \u00e0 l'arr\u00eat attaqu\u00e9 d'avoir confirm\u00e9 le jugement du 9 juin 2017 rendu par le juge des enfants de Chamb\u00e9ry ayant dit que Klajdi X... ne relevait pas d'une prise en charge sur le fondement de l'article 375-5 du code civil et que l'arr\u00eat\u00e9 du 27 mai 2017, pris par le Pr\u00e9sident du Conseil d\u00e9partemental et mettant fin \u00e0 la prise en charge de Klajdi X..., devait produire ses pleins et entiers effets ;",
        "AUX MOTIFS PROPRES QUE \u00ab le premier juge a parfaitement relev\u00e9 les incoh\u00e9rences du r\u00e9cit de son parcours migratoire par Klajdi X... et son adaptation aux objections des interlocuteurs lui faisant remarquer ;",
        "Qu'il ressort des \u00e9l\u00e9ments du dossier que Klajdi X... et sa m\u00e8re ont organis\u00e9 son trajet jusqu'\u00e0 Milan, o\u00f9 le mineur a \u00e9t\u00e9 pris en charge par un oncle, puis son passage d\u00e9lib\u00e9r\u00e9 en France ; que la narration par Klajdi X... de son parcours entre Milan et Chamb\u00e9ry via Brian\u00e7on permet de mettre en \u00e9vidence de nombreuses incoh\u00e9rences ainsi que des d\u00e9tails rocambolesques ayant pour objectif de dissimuler que ce voyage a \u00e9t\u00e9 organis\u00e9 pour les besoins de la cause et dans la perspective de la prise en charge de Klajdi X... au titre de la protection des mineurs non accompagn\u00e9s ;",
        "Qu'ainsi Klajdi X... reste sous la responsabilit\u00e9 de sa m\u00e8re qui continue d'exercer sur lui l'autorit\u00e9 parentale et d'organiser sa prise en charge par des compatriotes ;",
        "Que c'est donc \u00e0 bon droit que le premier juge a retenu que Klajdi X... ne pouvait b\u00e9n\u00e9ficier des mesures de protection des mineurs non accompagn\u00e9s dont il ne justifie pas les conditions de mises en oeuvre \u00bb ;",
        "AUX MOTIFS EVENTUELLEMENT ADOPTES QUE \u00ab Klajdi X..., n\u00e9 le [...] \u00a0 \u00a0\u00a0\u00a0\u00a0 en Albanie, a \u00e9t\u00e9 pris en charge au Foyer d'Accueil d'Urgence \u00e0 compter du 19 mai 2017, sur le fondement de l'article 375-5 du Code civil ;",
        "Qu'un entretien d'\u00e9valuation a \u00e9t\u00e9 conduit par les services d'accueils du d\u00e9partement d\u00e9di\u00e9s aux mineurs non-accompagn\u00e9s, en date du 22 mai 2017 ;",
        "Que par arr\u00eat\u00e9 du 27 mai 2017, le Pr\u00e9sident du Conseil d\u00e9partemental a mis fin \u00e0 la prise en charge de Klajdi X... , au motif que la minorit\u00e9 et l'isolement de l'int\u00e9ress\u00e9 n'\u00e9taient pas \u00e9tablis ;",
        "Que Klajdi X... conteste cette d\u00e9cision ; qu'une audience est fix\u00e9e au 9 juin 2017, \u00e0 laquelle le jeune se pr\u00e9sente assist\u00e9 de son avocat Ma\u00eetre Y..., et de son interpr\u00e8te en langue albanaise ;",
        "Que par r\u00e9quisitions \u00e9crites du 9 juin 2017, le Procureur de la R\u00e9publique indique que \"si la minorit\u00e9 de l'int\u00e9ress\u00e9 semble \u00e9tablie, les incoh\u00e9rences et/ou mensonges concernant son parcours migratoire laissent \u00e0 penser qu'il n'est pas isol\u00e9 ;",
        "Que les documents d'identit\u00e9 du jeune, examin\u00e9s par la police aux fronti\u00e8res, ont \u00e9t\u00e9 d\u00e9clar\u00e9s comme \u00e9tant authentiques ; qu'il n'y a en cons\u00e9quence pas de d\u00e9bat \u00e0 tenir sur la minorit\u00e9 du jeune ;",
        "Que concernant son isolement, diff\u00e9rents documents sont vers\u00e9s aux d\u00e9bats : entretien d'\u00e9valuation aupr\u00e8s des services du d\u00e9partement en date du 22 mai 2017, audition du 23 mai 2017 aupr\u00e8s de la police aux fronti\u00e8res, conclusions de Ma\u00eetre Y... en date du 1er juin 2017 ;",
        "Qu'aucun de ces trois documents ne livre une version identique sur le d\u00e9part du jeune pour Chamb\u00e9ry et les conditions dans lesquelles s'est effectu\u00e9 le trajet \u00bb ;",
        "Qu'il aurait obtenu ses documents d'identit\u00e9 par ses propres d\u00e9marches, et dans une autre version avec l'aide de sa m\u00e8re ;",
        "Qu'il serait parti d'Albanie avec 100\u20ac maximum, mais en fait avec plus d'argent, reconna\u00eet-il ult\u00e9rieurement ;",
        "Qu'il n'a pas dormi dans la rue comme il l'affirmait, mais \u00e0 l'h\u00f4tel ;",
        "Qu'il est fait mention d'une d\u00e9gradation consid\u00e9rable de la relation du jeune avec sa m\u00e8re dans les conclusions de Ma\u00eetre Y..., \u00e9l\u00e9ment qui appara\u00eet pour la premi\u00e8re fois, le jeune indiquant dans une de ses d\u00e9clarations ant\u00e9rieures, que son d\u00e9part s'est fait en totale concertation avec sa m\u00e8re ;",
        "Que de m\u00eame, il n'est pas parti initialement pour la France, comme indiqu\u00e9, et encore moins pour Chamb\u00e9ry, mais devait se rendre chez son oncle maternel \u00e0 Milan ;",
        "Qu'il ne s'est pas rendu \u00e0 la Direction de la Vie sociale, mais y a \u00e9t\u00e9 conduit par une femme ;",
        "Qu'il est frappant de constater que jusque dans les conclusions de son avocat, le discours livr\u00e9 par le jeune est changeant et en contradiction avec ses d\u00e9clarations les plus r\u00e9centes ;",
        "Qu'il sera fait observer que le jeune ne change sa version que lorsque ses interlocuteurs lui apportent des \u00e9l\u00e9ments mat\u00e9riels (photos des chambres d'h\u00f4tels dans son t\u00e9l\u00e9phone portable, par exemple) ou lui font remarquer que ses d\u00e9clarations sont incoh\u00e9rentes ou invraisemblables (d\u00e9part avec seulement 100\u20ac par exemple) ;",
        "Qu'il va \u00e9galement mettre en cause la qualit\u00e9 de la traduction, mais cet \u00e9l\u00e9ment ne r\u00e9siste pas \u00e0 l'examen des d\u00e9positions tr\u00e8s circonstanci\u00e9es et peu sujettes \u00e0 interpr\u00e9tation ou ambigu\u00eft\u00e9, en pr\u00e9sence d'un interpr\u00e8te ;",
        "Qu'il va appara\u00eetre au fil de la lecture chronologique des documents, que le caract\u00e8re pr\u00e9cipit\u00e9 du d\u00e9part, comme initialement all\u00e9gu\u00e9, a en fait \u00e9t\u00e9 soigneusement organis\u00e9 ;",
        "Que dans une de ses versions, le jeune Klajdi indique qu'il devait rejoindre son oncle maternel \u00e0 Milan, en accord avec sa m\u00e8re ; que sa m\u00e8re lui aurait fourni une procuration pour faciliter l'accueil du jeune chez le dit oncle ;",
        "Que cet oncle, apr\u00e8s avoir accept\u00e9 de recevoir son neveu et \"couvert\" son d\u00e9part d'Albanie (audition de la PAF, page 3), aurait soudainement refus\u00e9 d'h\u00e9berger son neveu alors que ce dernier se trouvait \u00e0 Turin ;",
        "Que malgr\u00e9 ce revirement, le jeune aurait poursuivi son voyage ;",
        "Que Klajdi X... indique que c'est un jeune Albanais, venu en touriste \u00e0 Chamb\u00e9ry, qui lui aurait conseill\u00e9 de venir dans cette ville ; que ce dernier serait reparti en Albanie et le jeune ignore son identit\u00e9 ;",
        "Qu'il donne une version totalement rocambolesque de son trajet depuis Bardonnecchia en Italie jusqu'\u00e0 la France, franchissant la fronti\u00e8re par la montagne o\u00f9 il reste trois jours et deux nuits, arrivant pr\u00e8s de Brian\u00e7on (apr\u00e8s 44 k et le franchissement d'un col \u00e0 1850 m) o\u00f9 une conductrice providentielle s'arr\u00eate et l'emm\u00e8ne directement \u00e0 la gare de Chamb\u00e9ry o\u00f9 il rencontre des gens parlant albanais ;",
        "Que dans ses derni\u00e8res d\u00e9clarations en date, celle livr\u00e9es \u00e0 l'audience du 9 juin, il change \u00e0 nouveau de version, indiquant qu'en fait celle-ci l'a laiss\u00e9 \u00e0 Grenoble et qu'il a pris le train pour se rendre depuis Grenoble \u00e0 Chamb\u00e9ry ;",
        "Qu'il a entendu parler de Chamb\u00e9ry, par des passants dans les rues de Brian\u00e7on ;",
        "Qu'il n'explique pas pourquoi il ne s'arr\u00eate pas \u00e0 Grenoble, ou demande de l'aide dans cette ville ;",
        "Qu'en d\u00e9finitive, le jeune donne un r\u00e9cit mensonger de son trajet, depuis m\u00eame avant son d\u00e9part d'Albanie, et jusqu'\u00e0 son arriv\u00e9e \u00e0 Chamb\u00e9ry ;",
        "Que comme le souligne le Service d'Accueil des mineurs \u00e9trangers, rod\u00e9 \u00e0 ce genre d'exercice et particuli\u00e8rement \u00e0 l'\u00e9coute des nouveaux arrivants, le r\u00e9cit est rocambolesque, mensonger, incoh\u00e9rent, contradictoire, fluctuant et adapt\u00e9 aux questions en changeant de version au fur et \u00e0 mesure du r\u00e9cit ;",
        "Qu'il sera accessoirement fait observer que les Services d\u00e9partementaux en charge de l'accueil des mineurs non-accompagn\u00e9s, et fortement sollicit\u00e9s, sont en droit d'attendre des int\u00e9ress\u00e9s se pr\u00e9tendant comme tels, un minimum de bonne foi, et tout simplement de coop\u00e9ration ;",
        "Qu'il ressort de la proc\u00e9dure que ce jeune et sa famille ont organis\u00e9 plusieurs voyages \u00e0 l'\u00e9tranger, et ont tent\u00e9 d'obtenir frauduleusement l'asile en Allemagne au cours d'un s\u00e9jour de trois mois en 2015 ;",
        "Qu'il ressort \u00e9galement que la famille n'est pas d\u00e9munie, cette derni\u00e8re ayant effectu\u00e9 de longs s\u00e9jours \u00e0 l'\u00e9tranger, tout en continuant de payer un loyer en Albanie, et en se d\u00e9pla\u00e7ant en avion ;",
        "Que le jeune conna\u00eet la langue fran\u00e7aise ;",
        "Que le jeune conna\u00eet un Albanais \u00e0 Chamb\u00e9ry, qui lui a indiqu\u00e9 cette ville comme point de chute ;",
        "Que le jeune a un oncle maternel \u00e0 Milan ;",
        "Que le jeune dispose de moyens financiers puisqu'il dort \u00e0 l'h\u00f4tel, et cela jusqu'\u00e0 la veille de sa prise en charge par les services d\u00e9partementaux ;",
        "Que le jeune a un t\u00e9l\u00e9phone portable, mais ne peut contacter sa famille car il n'a pas de num\u00e9ro ;",
        "Qu'il n'a plus de nouvelles depuis qu'il a quitt\u00e9 sa famille \u00e0 l'a\u00e9roport, ou au port de Dur\u00e8s, ou encore \u00e0 la station de bus, selon les r\u00e9cits ;",
        "Que le jeune a \u00e9t\u00e9 r\u00e9cup\u00e9r\u00e9 depuis l'h\u00f4tel o\u00f9 il dormait \u00e0 Chamb\u00e9ry pour \u00eatre conduit aux services du d\u00e9partement ;",
        "Qu'en r\u00e9alit\u00e9, plus le jeune donne de pr\u00e9cisions sur son voyage, et plus il appara\u00eet ne pas correspondre \u00e0 la cat\u00e9gorie des mineurs isol\u00e9s ;",
        "Qu'il n'est ni priv\u00e9 de la protection temporaire ou d\u00e9finitive de sa famille, cette derni\u00e8re ayant financ\u00e9 un voyage co\u00fbteux vers la France, ni laiss\u00e9 seul sur le territoire fran\u00e7ais, b\u00e9n\u00e9ficiant d'appui de la communaut\u00e9 albanaise, ce dernier point n'\u00e9tant d'ailleurs pas contest\u00e9 ;",
        "Qu'il est en relation avec la femme venue le chercher \u00e0 son h\u00f4tel \u00e0 Chamb\u00e9ry et avec d'autres jeunes compatriotes \u00e0 Chamb\u00e9ry ;",
        "Qu'il ressort tant des conditions dans lesquelles le jeune est arriv\u00e9 en France, (voyage organis\u00e9 par la famille), que de ses connaissances av\u00e9r\u00e9es dans la r\u00e9gion, que ce dernier n'est pas isol\u00e9 ;",
        "Que malgr\u00e9 ses d\u00e9n\u00e9gations, le jeune dispose sur place de relations sociales et familiales qui ne le font pas entrer dans la cat\u00e9gorie des mineurs non-accompagn\u00e9s ;",
        "Que le pass\u00e9 de cette famille montre qu'elle ne recule devant rien pour b\u00e9n\u00e9ficier des aides r\u00e9serv\u00e9es \u00e0 d'autres cat\u00e9gories de jeunes mineurs non-accompagn\u00e9s ;",
        "Qu'il convient d\u00e8s lors de dire que Klajdi X..., n\u00e9 le [...] \u00a0 \u00a0\u00a0\u00a0\u00a0 en Albanie, ne rel\u00e8ve pas d'une prise en charge sur le fondement de l'article 375-5 du Code civil ;",
        "Qu'il n'y a ainsi pas lieu de remettre en cause l'arr\u00eat\u00e9 du 27 mai 2017, pris par le Pr\u00e9sident du Conseil d\u00e9partemental et mettant fin \u00e0 la prise en charge par Klajdi X... \u00bb.",
        "1\u00b0/ ALORS QUE les mesures de protection de l'enfance s'appliquent aux mineurs priv\u00e9s temporairement ou d\u00e9finitivement de la protection de leur famille ; qu'est priv\u00e9 d'une telle protection le mineur non accompagn\u00e9, quelle que soit sa nationalit\u00e9 ; que le mineur est non accompagn\u00e9 lorsque, \u00e9tranger, il est entr\u00e9 sur le territoire national sans \u00eatre accompagn\u00e9 d'un adulte responsable de lui ou qu'une fois entr\u00e9, il est laiss\u00e9 seul sur le territoire national ; qu'en l'esp\u00e8ce, pour juger que \u00ab Klajdi X... ne pouvait b\u00e9n\u00e9ficier des mesures de protection des mineurs non accompagn\u00e9s dont il ne justifie pas les conditions de mises en oeuvre \u00bb (v. arr\u00eat, p. 4 \u00a7 4), la Cour d'appel s'est notamment fond\u00e9e sur les conditions d'entr\u00e9e du mineur sur le territoire fran\u00e7ais ; qu'elle a \u00e0 cet \u00e9gard estim\u00e9 que \u00ab Klajdi X... et sa m\u00e8re ont organis\u00e9 son trajet jusqu'\u00e0 Milan, o\u00f9 le mineur a \u00e9t\u00e9 pris en charge par un oncle, puis son passage d\u00e9lib\u00e9r\u00e9 en France ; que la narration par Klajdi X... de son parcours entre Milan et Chamb\u00e9ry via Brian\u00e7on permet de mettre en \u00e9vidence de nombreuses incoh\u00e9rences ainsi que des d\u00e9tails rocambolesques ayant pour objectif de dissimuler que ce voyage a \u00e9t\u00e9 organis\u00e9 pour les besoins de la cause et dans la perspective de la prise en charge de Klajdi X... au titre de la protection des mineurs non accompagn\u00e9s \u00bb (v. arr\u00eat p. 4 \u00a72) ; qu'en statuant ainsi, la Cour d'appel, qui a statu\u00e9 par des motifs impropres \u00e0 \u00e9tablir que l'exposant \u00e9tait accompagn\u00e9 d'un adulte qui en \u00e9tait responsable lors de son entr\u00e9e sur le territoire national, a viol\u00e9 les articles 375 et 375-5 du code civil, ensemble les articles L. 112-3 et L. 221-2-2 du code de l'action sociale et des familles, interpr\u00e9t\u00e9s \u00e0 la lumi\u00e8re de la directive 2011/95/UE du Parlement europ\u00e9en et du Conseil de l'Europe du 13 d\u00e9cembre 2011 ;",
        "2\u00b0/ ALORS QUE les mesures de protection de l'enfance s'appliquent aux mineurs priv\u00e9s temporairement ou d\u00e9finitivement de la protection de leur famille ; qu'est priv\u00e9 d'une telle protection le mineur non accompagn\u00e9, quelle que soit sa nationalit\u00e9 ; que le mineur est non accompagn\u00e9 lorsque, \u00e9tranger, il est entr\u00e9 sur le territoire national sans \u00eatre accompagn\u00e9 d'un adulte responsable de lui ou qu'une fois entr\u00e9, il est laiss\u00e9 seul sur le territoire national ; que tel est le cas lorsqu'aucune personne majeure n'en est responsable l\u00e9galement sur le territoire national ou ne le prend effectivement en charge et ne montre sa volont\u00e9 de se voir durablement confier l'enfant, notamment en saisissant le juge comp\u00e9tent ; qu' en l'esp\u00e8ce, pour juger que \u00ab Klajdi X... ne pouvait b\u00e9n\u00e9ficier des mesures de protection des mineurs non accompagn\u00e9s dont il ne justifie pas les conditions de mises en oeuvre \u00bb (v. arr\u00eat, p. 4 \u00a7 4), la Cour d'appel s'est fond\u00e9e sur les conditions de vie du mineur sur le territoire fran\u00e7ais ; qu'\u00e0 cet \u00e9gard, elle a estim\u00e9 que \u00ab Klajdi X... reste sous la responsabilit\u00e9 de sa m\u00e8re qui continue d'exercer sur lui l'autorit\u00e9 parentale et d'organiser sa prise en charge par des compatriotes \u00bb (v. arr\u00eat p. 4 \u00a7 3) ; qu'en statuant ainsi, cependant qu'aucun de ces \u00e9l\u00e9ments ne permettait de consid\u00e9rer qu'une personne majeure \u00e9tait l\u00e9galement responsable de l'exposant sur le territoire national ou ne le prenait en charge de mani\u00e8re effective, la Cour d'appel a viol\u00e9 les articles 375 et 375-5 du code civil, ensemble les articles L. 112-3 et L. 221-2-2 du code de l'action sociale et des familles interpr\u00e9t\u00e9s \u00e0 la lumi\u00e8re de la directive 2011/95/UE du Parlement europ\u00e9en et du Conseil de l'Europe du 13 d\u00e9cembre 2011 ;",
        "3\u00b0/ ALORS QUE SUBSIDIAIREMENT, \u00e0 consid\u00e9rer pertinent le fait que \u00ab Klajdi X... reste sous la responsabilit\u00e9 de sa m\u00e8re qui continue d'exercer sur lui l'autorit\u00e9 parentale \u00bb (v. arr\u00eat p. 4 \u00a73) pour estimer que l'exposant n'\u00e9tait pas isol\u00e9, il ressortait des propres constatations des premiers juges, r\u00e9put\u00e9es adopt\u00e9es par la Cour d'appel, que \u00ab le jeune a un t\u00e9l\u00e9phone portable, mais ne peut contacter sa famille car il n'a pas de num\u00e9ro \u00bb ou encore qu' \u00ab il n'a plus de nouvelles depuis qu'il a quitt\u00e9 sa famille \u00e0 l'a\u00e9roport, ou au port de [...], ou encore \u00e0 la station de bus, selon les r\u00e9cits \u00bb (v. jugement p. 3 \u00a74) ; qu'en statuant ainsi, la Cour d'appel, qui n'a pas tir\u00e9 les cons\u00e9quences l\u00e9gales de ses propres constatations, a viol\u00e9 les articles 375 et 375-5 du code civil, ensemble les articles L. 112-3 et L. 221-2-2 du code de l'action sociale et des familles interpr\u00e9t\u00e9s \u00e0 la lumi\u00e8re de la directive 2011/95/UE du Parlement europ\u00e9en et du Conseil de l'Europe du 13 d\u00e9cembre 2011 ;",
        "4\u00b0/ ALORS QU'EN TOUT ETAT DE CAUSE, dans toutes les d\u00e9cisions qui concernent les enfants, qu'elles soient le fait des institutions publiques ou priv\u00e9es de protection sociale, des tribunaux, des autorit\u00e9s administratives ou des organes l\u00e9gislatifs, l'int\u00e9r\u00eat sup\u00e9rieur de l'enfant doit \u00eatre une consid\u00e9ration primordiale ; que le juge des enfants doit, pour tout ce qui concerne l'assistance \u00e9ducative, toujours se prononcer en stricte consid\u00e9ration de l'int\u00e9r\u00eat de l'enfant ; qu'en l'esp\u00e8ce, pour juger que \u00ab Klajdi X... ne pouvait b\u00e9n\u00e9ficier des mesures de protection des mineurs non accompagn\u00e9s dont il ne justifie pas les conditions de mises en oeuvre \u00bb (v. arr\u00eat, p. 4 \u00a7 4), la Cour d'appel s'est appuy\u00e9e sur la pr\u00e9tendue collusion frauduleuse dans l'organisation du voyage de l'exposant pr\u00e9par\u00e9 \u00ab dans la perspective de la prise en charge de Klajdi X... au titre de la protection des mineurs non accompagn\u00e9s \u00bb (v. arr\u00eat p. 4 \u00a72), sans jamais prendre en compte l'int\u00e9r\u00eat de Klajdi X... \u00e0 b\u00e9n\u00e9ficier d'une mesure de placement ; qu'en statuant ainsi, la Cour d'appel a viol\u00e9 les articles 375-1 et 375-5 alin\u00e9a 4 du code civil, ensemble l'article 3-1 de la Convention de New-York du 26 janvier 1990 relative aux droits de l'enfant."
    ]
}