{
    "decision-0": [
        "CIV. 2 / EXPTS",
        "CM",
        "COUR DE CASSATION",
        "______________________",
        "Audience publique du 26 novembre 2020",
        "Annulation",
        "M. PIREYRE, pr\u00e9sident",
        "Arr\u00eat n\u00b0 1412 F-D",
        "Recours n\u00b0 Q 20-60.238",
        "R \u00c9 P U B L I Q U E F R A N \u00c7 A I S E",
        "_________________________",
        "AU NOM DU PEUPLE FRAN\u00c7AIS",
        "_________________________",
        "ARR\u00caT DE LA COUR DE CASSATION, DEUXI\u00c8ME CHAMBRE CIVILE, DU 26 NOVEMBRE 2020",
        "Mme Q... T..., domicili\u00e9e [...] , a form\u00e9 le recours n\u00b0 Q 20-60.238 en annulation d'une d\u00e9cision rendue le 28 novembre 2019 par l'assembl\u00e9e g\u00e9n\u00e9rale des magistrats du si\u00e8ge de la cour d'appel de Versailles.",
        "Le dossier a \u00e9t\u00e9 communiqu\u00e9 au procureur g\u00e9n\u00e9ral.",
        "Sur le rapport de Mme Gu\u00e9ho, conseiller r\u00e9f\u00e9rendaire, et l'avis de Mme Nicol\u00e9tis, avocat g\u00e9n\u00e9ral, apr\u00e8s d\u00e9bats en l'audience publique du 12 novembre 2020 o\u00f9 \u00e9taient pr\u00e9sents M. Pireyre, pr\u00e9sident, Mme Gu\u00e9ho, conseiller r\u00e9f\u00e9rendaire rapporteur, Mme Gelbard-Le Dauphin, conseiller doyen, et M. Carrasco, greffier de chambre,",
        "la deuxi\u00e8me chambre civile de la Cour de cassation, compos\u00e9e des pr\u00e9sident et conseillers pr\u00e9cit\u00e9s, apr\u00e8s en avoir d\u00e9lib\u00e9r\u00e9 conform\u00e9ment \u00e0 la loi, a rendu le pr\u00e9sent arr\u00eat."
    ],
    "decision-1": [
        "Faits et proc\u00e9dure",
        "1. Mme T..., experte inscrite sur la liste des experts judiciaires de la cour d'appel de Versailles, a sollicit\u00e9 sa r\u00e9inscription dans les rubriques interpr\u00e9tariat en langues kurde (H-01-02-14) et turque (H-01-02-23).",
        "2. Par d\u00e9cision du 28 novembre 2019, contre laquelle Mme T... a form\u00e9 un recours, l'assembl\u00e9e g\u00e9n\u00e9rale des magistrats du si\u00e8ge de cette cour d'appel a rejet\u00e9 sa demande."
    ],
    "decision-2": [
        "Examen du grief",
        "Expos\u00e9 du grief",
        "3. Mme T... fait valoir qu'en mati\u00e8re p\u00e9nale, un magistrat peut d\u00e9signer, pour effectuer une traduction \u00e9crite, une personne non inscrite sur une liste d'experts, laquelle doit alors pr\u00eater serment, et que les traductions qu'il lui est reproch\u00e9 d'avoir effectu\u00e9es alors qu'elle n'\u00e9tait inscrite que pour l'interpr\u00e9tariat, l'ont toutes \u00e9t\u00e9 en mati\u00e8re p\u00e9nale, alors qu'elle avait \u00e9t\u00e9 d\u00e9sign\u00e9e \u00e0 cette fin et avait pr\u00eat\u00e9 serment, except\u00e9 lors d'une mission confi\u00e9e par le tribunal de grande instance de Pontoise, devant lequel le serment qu'elle avait pr\u00e9alablement pr\u00eat\u00e9 pour l'interpr\u00e9tariat et la traduction en application du code de l'entr\u00e9e et du s\u00e9jour des \u00e9trangers et du droit d'asile suffisait. Elle ajoute qu'ayant re\u00e7u mission de proc\u00e9der \u00e0 ces traductions, elle ne pouvait, en qualit\u00e9 de collaboratrice occasionnelle du service public, refuser de les ex\u00e9cuter, d\u00e8s lors qu'elle ne se trouvait pas dans l'un des cas d'exception \u00e0 l'obligation d'ob\u00e9issance pr\u00e9vus par le statut des fonctionnaires. Elle pr\u00e9cise que la plupart des traductions ont \u00e9t\u00e9 r\u00e9alis\u00e9es bien avant sa prestation de serment en qualit\u00e9 d'experte judiciaire devant la cour d'appel de Versailles, de sorte qu'il lui \u00e9tait alors impossible d'utiliser le tampon correspondant."
    ],
    "decision-3": [
        "R\u00e9ponse de la Cour",
        "Vu l'article 2, 1\u00b0, du d\u00e9cret n\u00b0 2004-1463 du 23 d\u00e9cembre 2004 :",
        "7. Pour rejeter la demande de Mme T..., l'assembl\u00e9e g\u00e9n\u00e9rale des magistrats du si\u00e8ge de la cour d'appel retient que l'int\u00e9ress\u00e9e a commis des faits contraires \u00e0 l'honneur, \u00e0 la probit\u00e9 et aux bonnes moeurs puisqu'est \u00e9tabli l'usage d'un tampon \u00ab asserment\u00e9 en traduction \u00bb alors qu'elle ne l'est qu'en interpr\u00e9tariat et en consid\u00e9ration de l'avis d\u00e9favorable de la commission de r\u00e9inscription et de son audition par le pr\u00e9sident de cette commission le 7 novembre 2019 \u00e0 l'occasion de laquelle elle a confirm\u00e9 ces faits.",
        "8. En statuant ainsi, alors que l'usage irr\u00e9gulier du tampon litigieux n'\u00e9tait pas \u00e9tabli par des pi\u00e8ces pr\u00e9cises et concordantes, l'assembl\u00e9e g\u00e9n\u00e9rale des magistrats du si\u00e8ge a entach\u00e9 sa d\u00e9cision d'une erreur manifeste d'appr\u00e9ciation."
    ],
    "decision-4": [
        "PAR CES MOTIFS, la Cour :",
        "ANNULE la d\u00e9cision de l'assembl\u00e9e g\u00e9n\u00e9rale des magistrats du si\u00e8ge de la cour d'appel de Versailles en date du 28 novembre 2019, en ce qu'elle a refus\u00e9 la r\u00e9inscription de Mme T... ;",
        "Dit que sur les diligences du procureur g\u00e9n\u00e9ral pr\u00e8s la Cour de cassation, le pr\u00e9sent arr\u00eat sera transmis pour \u00eatre transcrit en marge ou \u00e0 la suite de la d\u00e9cision partiellement annul\u00e9e ;",
        "Ainsi fait et jug\u00e9 par la Cour de cassation, deuxi\u00e8me chambre civile, prononc\u00e9 par le pr\u00e9sident en son audience publique du vingt-six novembre deux mille vingt et sign\u00e9 par lui et Mme Gelbard-Le Dauphin, conseiller doyen, en remplacement du conseiller r\u00e9f\u00e9rendaire rapporteur emp\u00each\u00e9, conform\u00e9ment aux dispositions des articles 452 et 456 du code de proc\u00e9dure civile."
    ]
}