{
    "decision-0": [
        "CIV. 1",
        "MY1",
        "COUR DE CASSATION",
        "______________________",
        "Audience publique du 21 novembre 2018",
        "Rejet",
        "Mme BATUT, pr\u00e9sident",
        "Arr\u00eat n\u00b0 1105 F-D",
        "Pourvoi n\u00b0 G 17-28.526",
        "Aide juridictionnelle totale en d\u00e9fense",
        "au profit de M. X....",
        "Admission du bureau d'aide juridictionnelle",
        "pr\u00e8s la Cour de cassation",
        "en date du 23 janvier 2018.",
        "R \u00c9 P U B L I Q U E F R A N \u00c7 A I S E",
        "_________________________",
        "AU NOM DU PEUPLE FRAN\u00c7AIS",
        "_________________________",
        "LA COUR DE CASSATION, PREMI\u00c8RE CHAMBRE CIVILE, a rendu l'arr\u00eat suivant :",
        "Statuant sur le pourvoi form\u00e9 par le pr\u00e9fet de la Haute-Garonne, domicili\u00e9 [...] ,",
        "contre l'ordonnance rendue le 29 septembre 2017 par le premier pr\u00e9sident de la cour d'appel de Toulouse, dans le litige l'opposant :",
        "1\u00b0/ \u00e0 M. B... X... , domicili\u00e9 chez Mme C... Y...[...] ,",
        "2\u00b0/ au procureur g\u00e9n\u00e9ral pr\u00e8s la cour d'appel de Toulouse, domicili\u00e9 [...] ,",
        "d\u00e9fendeurs \u00e0 la cassation ;",
        "Le demandeur invoque, \u00e0 l'appui de son pourvoi, le moyen unique de cassation annex\u00e9 au pr\u00e9sent arr\u00eat ;",
        "Vu la communication faite au procureur g\u00e9n\u00e9ral ;",
        "LA COUR, en l'audience publique du 16 octobre 2018, o\u00f9 \u00e9taient pr\u00e9sentes : Mme Batut, pr\u00e9sident, Mme Z..., conseiller r\u00e9f\u00e9rendaire rapporteur, Mme Wallon, conseiller doyen, Mme Pecquenard, greffier de chambre ;",
        "Sur le rapport de Mme Z..., conseiller r\u00e9f\u00e9rendaire, les observations de la SCP Garreau, Bauer-Violas et Feschotte-Desbois, avocat du pr\u00e9fet de la Haute-Garonne, de la SCP Zribi et Texier, avocat de M. X..., l'avis de Mme A..., avocat g\u00e9n\u00e9ral r\u00e9f\u00e9rendaire, et apr\u00e8s en avoir d\u00e9lib\u00e9r\u00e9 conform\u00e9ment \u00e0 la loi ;"
    ],
    "decision-1": [
        "Sur le moyen unique :"
    ],
    "decision-2": [
        "Attendu, selon l'ordonnance attaqu\u00e9e, rendue par le premier pr\u00e9sident d'une cour d'appel (Toulouse, 29 septembre 2017), et les pi\u00e8ces de la proc\u00e9dure, qu'apr\u00e8s avoir s\u00e9journ\u00e9 en Italie, M. X..., de nationalit\u00e9 ivoirienne, a pr\u00e9sent\u00e9 une demande d'asile en France ; que, conform\u00e9ment au r\u00e8glement (UE) n\u00b0 604/2013 du 26 juin 2013, dit Dublin III, le pr\u00e9fet a saisi les autorit\u00e9s italiennes d'une demande de r\u00e9admission, puis a pris, le 19 septembre 2017, un arr\u00eat\u00e9 portant d\u00e9cision de transfert \u00e0 l'Etat responsable de la demande d'asile et, le 25 septembre, un arr\u00eat\u00e9 de placement en r\u00e9tention administrative ; que, le 27 septembre, le juge des libert\u00e9s et de la d\u00e9tention a \u00e9t\u00e9 saisi par M. X... d'une requ\u00eate en contestation de la r\u00e9gularit\u00e9 de cet arr\u00eat\u00e9 et par le pr\u00e9fet d'une requ\u00eate en prolongation de la mesure ;"
    ],
    "decision-3": [
        "Attendu que le pr\u00e9fet fait grief \u00e0 l'ordonnance de rejeter la demande de prolongation de la r\u00e9tention, alors, selon le moyen, que les articles L. 742-3, L. 551-1, L. 511-1, II, 3\u00b0, et L. 561-2 du code de l'entr\u00e9e et du s\u00e9jour des \u00e9trangers et du droit d'asile d\u00e9finissent, en conformit\u00e9 avec les articles 2 et 28 du R\u00e8glement (UE) du 26 juin 2013, dit Dublin III et les principes rappel\u00e9s par la Cour de justice de l'Union europ\u00e9enne dans son arr\u00eat Al Chodor du 15 mars 2017, les crit\u00e8res objectifs sur lesquels sont fond\u00e9es les raisons de craindre la fuite du demandeur d'une protection internationale qui fait l'objet d'une proc\u00e9dure de transfert si bien qu'en retenant qu'en l'absence, dans le droit interne, de disposition contraignante de port\u00e9e g\u00e9n\u00e9rale fixant les crit\u00e8res objectifs sur lesquels sont fond\u00e9es les raisons de craindre la fuite de M. X..., les dispositions de l'article 28 du paragraphe 2 du R\u00e8glement (UE) n\u00b0 604/2013 du Parlement europ\u00e9en et du Conseil du 26 juin 2013 \u00e9taient inapplicables, de sorte que la d\u00e9cision de placement en r\u00e9tention \u00e9tait nulle pour d\u00e9faut de base l\u00e9gale, le premier pr\u00e9sident a viol\u00e9, par refus d'application, les articles susvis\u00e9s ;"
    ],
    "decision-4": [
        "Mais attendu qu'il r\u00e9sulte de l'article 28, paragraphe 2, du r\u00e8glement dit Dublin III, que, si les \u00c9tats membres de l'Union europ\u00e9enne peuvent placer les personnes concern\u00e9es en r\u00e9tention en vue de garantir les proc\u00e9dures de transfert conform\u00e9ment au r\u00e8glement lorsqu'il existe un risque non n\u00e9gligeable de fuite de ces personnes, ce risque s'entend, dans un cas individuel, comme l'existence de raisons, fond\u00e9es sur des crit\u00e8res objectifs d\u00e9finis par la loi, de craindre la fuite d'un demandeur de protection internationale, ressortissant de pays tiers ou apatride, qui fait l'objet d'une proc\u00e9dure de transfert ; que le premier pr\u00e9sident a exactement retenu qu'en l'absence, dans le droit national, de disposition contraignante de port\u00e9e g\u00e9n\u00e9rale fixant les crit\u00e8res objectifs sur lesquels sont fond\u00e9es les raisons de craindre la fuite du demandeur d'une protection internationale qui fait l'objet d'une proc\u00e9dure de transfert, ce texte est inapplicable (CJUE, 15 mars 2017, Al Chodor, C-528/15), de sorte que le pr\u00e9fet ne pouvait placer en r\u00e9tention M. X... pour garantir son transfert ; que le moyen n'est pas fond\u00e9 ;"
    ],
    "decision-5": [
        "PAR CES MOTIFS :",
        "REJETTE le pourvoi ;",
        "Vu l'article 700 du code de proc\u00e9dure civile, rejette la demande ;",
        "Ainsi fait et jug\u00e9 par la Cour de cassation, premi\u00e8re chambre civile, et prononc\u00e9 par le pr\u00e9sident en son audience publique du vingt et un novembre deux mille dix-huit."
    ],
    "decision-6": [
        "MOYEN ANNEXE au pr\u00e9sent arr\u00eat",
        "Moyen produit par la SCP Garreau, Bauer-Violas et Feschotte-Desbois, avocat aux Conseils, pour le pr\u00e9fet de la Haute-Garonne.",
        "Il est fait grief \u00e0 l'ordonnance attaqu\u00e9e d'avoir infirm\u00e9 l'ordonnance rendue par le juge des libert\u00e9s et de la d\u00e9tention du tribunal de grande instance le 27 septembre 2017 et mis fin \u00e0 la r\u00e9tention de Monsieur B... X... dans des locaux ne relevant pas de l'administration p\u00e9nitentiaire,",
        "AUX MOTIFS QUE \u00ab la d\u00e9cision de placement en r\u00e9tention administrative litigieuse est motiv\u00e9e par l'absence de garanties de repr\u00e9sentation effectives propres \u00e0 pr\u00e9venir le risque qu'il se soustrait \u00e0 la d\u00e9cision de transfert du 19 septembre 2017 ;",
        "Attendu toutefois qu'en l'absence dans, le droit interne, de disposition contraignante de port\u00e9e g\u00e9n\u00e9rale fixant les crit\u00e8res objectifs sur lesquels sont fond\u00e9es les raisons de crainte la fuite de l'int\u00e9ress\u00e9, les dispositions de l'article 28 paragraphe 2 sont inapplicables, de sorte que la d\u00e9cision de placement en r\u00e9tention est nulle pour d\u00e9faut de base l\u00e9gale,",
        "Qu'il convient en cons\u00e9quence d'annuler l'ordonnance entreprise et d'ordonner qu'il soit mis fin imm\u00e9diatement \u00e0 la r\u00e9tention de M. B... X... dans des locaux ne relevant pas de l'administration p\u00e9nitentiaire \u00bb ;",
        "ALORS QUE les articles L. 742-3, L. 551-1, L. 511-1, II, 3\u00b0 et L. 561-2 du code de l'entr\u00e9e et du s\u00e9jour des \u00e9tranger et du droit d'asile d\u00e9finissent, en conformit\u00e9 avec les articles 2 et 28 du R\u00e8glement (UE) du 26 juin 2013 \u00ab Dublin III \u00bb et les principes rappel\u00e9s par la Cour de justice de l'Union europ\u00e9enne dans son arr\u00eat \u00ab Al Chodor \u00bb du 15 mars 2017, les crit\u00e8res objectifs sur lesquels sont fond\u00e9es les raisons de craindre la fuite du demandeur d'une protection internationale qui fait l'objet d'une proc\u00e9dure de transfert si bien qu'en retenant qu'en l'absence, dans le droit interne, de disposition contraignante de port\u00e9e g\u00e9n\u00e9rale fixant les crit\u00e8res objectifs sur lesquels sont fond\u00e9es les raisons de craindre la fuite de Monsieur X..., les dispositions de l'article 28 du paragraphe 2 du R\u00e8glement (UE) n\u00b0 604/2013 du Parlement europ\u00e9en et du Conseil du 26 juin 2013 \u00e9taient inapplicables, de sorte que la d\u00e9cision de placement en r\u00e9tention \u00e9tait nulle pour d\u00e9faut de base l\u00e9gale, le premier pr\u00e9sident a viol\u00e9, par refus d'application, les articles susvis\u00e9s."
    ]
}