{
    "decision-0": [
        "CIV. 1",
        "MY1",
        "COUR DE CASSATION",
        "__________________",
        "Audience publique du 13 f\u00e9vrier 2019",
        "Cassation partielle sans renvoi",
        "Mme BATUT, pr\u00e9sident",
        "Arr\u00eat n\u00b0 154 FS-P+B",
        "Pourvoi n\u00b0 R 18-11.655",
        "Aide juridictionnelle totale en demande",
        "au profit de M. X...",
        "Admission du bureau d'aide juridictionnelle",
        "pr\u00e8s la Cour de cassation",
        "en date du 9 janvier 2018.",
        "R \u00c9 P U B L I Q U E F R A N \u00c7 A I S E",
        "_________________________",
        "AU NOM DU PEUPLE FRAN\u00c7AIS",
        "______________________",
        "LA COUR DE CASSATION, PREMI\u00c8RE CHAMBRE CIVILE, a rendu l'arr\u00eat suivant :",
        "Statuant sur le pourvoi form\u00e9 par M. L... X..., domicili\u00e9 chez M. R...[...],",
        "contre l'ordonnance rendue le 31 mai 2017 par le premier pr\u00e9sident de la cour d'appel de Paris (p\u00f4le 2, chambre 11), dans le litige l'opposant :",
        "1\u00b0/ au procureur de la R\u00e9publique pr\u00e8s le tribunal de grande instance de Paris, domicili\u00e9 [...],",
        "2\u00b0/ au pr\u00e9fet de police, domicili\u00e9 [...],",
        "d\u00e9fendeurs \u00e0 la cassation ;",
        "Le demandeur invoque, \u00e0 l'appui de son pourvoi, les quatre moyens de cassation annex\u00e9s au pr\u00e9sent arr\u00eat ;",
        "Vu la communication faite au procureur g\u00e9n\u00e9ral ;",
        "LA COUR, compos\u00e9e conform\u00e9ment \u00e0 l'article R. 431-5 du code de l'organisation judiciaire, en l'audience publique du 15 janvier 2019, o\u00f9 \u00e9taient pr\u00e9sents : Mme Batut, pr\u00e9sident, Mme Gargoullaud, conseiller r\u00e9f\u00e9rendaire rapporteur, Mme Wallon, conseiller doyen, MM. Hascher, Reynis, Mme Reygner, M. Vigneau, Mme Bozzi, M. Acquaviva, Mme Auroy, conseillers, Mmes Mouty-Tardieu, Le Cotty, Azar, Feydeau-Thieffry, conseillers r\u00e9f\u00e9rendaires, Mme Caron-Deglise, avocat g\u00e9n\u00e9ral, Mme Pecquenard, greffier de chambre ;",
        "Sur le rapport de Mme Gargoullaud, conseiller r\u00e9f\u00e9rendaire, les observations de Me R\u00e9my-Corlay, avocat de M. X..., de la SCP Garreau, Bauer-Violas et Feschotte-Desbois, avocat du pr\u00e9fet de police, l'avis de Mme Caron-Deglise, avocat g\u00e9n\u00e9ral, et apr\u00e8s en avoir d\u00e9lib\u00e9r\u00e9 conform\u00e9ment \u00e0 la loi ;"
    ],
    "decision-1": [
        "Attendu, selon l'ordonnance attaqu\u00e9e rendue par le premier pr\u00e9sident d'une cour d'appel, et les pi\u00e8ces de la proc\u00e9dure, que, le 27 mai 2017, le pr\u00e9fet de police de Paris a pris un arr\u00eat\u00e9 de placement en r\u00e9tention administrative \u00e0 l'\u00e9gard de M. X..., de nationalit\u00e9 alg\u00e9rienne, en situation irr\u00e9guli\u00e8re en France ; que, le 29 mai, le juge des libert\u00e9s et de la d\u00e9tention a \u00e9t\u00e9 saisi par celui-ci d'une contestation de cette d\u00e9cision et par le pr\u00e9fet d'une demande de prolongation de la mesure ;"
    ],
    "decision-2": [
        "Sur le premier moyen, ci-apr\u00e8s annex\u00e9 :"
    ],
    "decision-3": [
        "Attendu qu'il n'y a pas lieu de statuer par une d\u00e9cision sp\u00e9cialement motiv\u00e9e sur ce moyen qui n'est manifestement pas de nature \u00e0 entra\u00eener la cassation ;"
    ],
    "decision-4": [
        "Sur le deuxi\u00e8me moyen :",
        "Attendu que M. X... fait grief \u00e0 l'ordonnance de prolonger sa r\u00e9tention alors, selon le moyen, que le juge d'appel saisi sur le fondement de l'article L. 552-9 du code de l'entr\u00e9e et du s\u00e9jour des \u00e9trangers et du droit d'asile doit statuer, \u00e0 compter de sa saisine, dans les quarante-huit heures, c'est-\u00e0-dire rendre sa d\u00e9cision motiv\u00e9e dans ce d\u00e9lai ; que ce d\u00e9lai qui se compte d'heure \u00e0 heure est imp\u00e9ratif \u00e0 peine de dessaisissement du juge ; qu'en l'esp\u00e8ce il est constant que le procureur a fait appel de l'ordonnance entreprise \u00e0 16 heures 24 le 29 mai ; que le juge devait donc statuer avant 16 heures 24 le 31 mai ; qu'en notifiant son ordonnance \u00e0 17 heures, la cour d'appel a statu\u00e9 au-del\u00e0 du d\u00e9lai imparti, exc\u00e9d\u00e9 ses pouvoirs et viol\u00e9 les articles L. 552-9 et R. 552-15 du code de l'entr\u00e9e et du s\u00e9jour des \u00e9trangers et du droit d'asile ;"
    ],
    "decision-5": [
        "Mais attendu qu'il r\u00e9sulte des mentions de l'ordonnance que le premier pr\u00e9sident a statu\u00e9, \u00e0 16 heures 05, dans le d\u00e9lai de quarante-huit heures pr\u00e9vu \u00e0 l'article L. 552-9 du code de l'entr\u00e9e et du s\u00e9jour des \u00e9trangers et du droit d'asile, peu important que la notification de cette d\u00e9cision \u00e0 M. X... et \u00e0 son conseil ait \u00e9t\u00e9 effectu\u00e9e apr\u00e8s l'expiration de ce d\u00e9lai ; que le moyen n'est pas fond\u00e9 ;"
    ],
    "decision-6": [
        "Mais sur le troisi\u00e8me moyen :"
    ],
    "decision-7": [
        "Vu les articles R. 552-3 et R. 552-7 du code de l'entr\u00e9e et du s\u00e9jour des \u00e9trangers et du droit d'asile ;",
        "Attendu qu'\u00e0 peine d'irrecevabilit\u00e9, la requ\u00eate du pr\u00e9fet est accompagn\u00e9e de toutes pi\u00e8ces justificatives utiles, qui sont n\u00e9cessaires au contr\u00f4le de la r\u00e9gularit\u00e9 de la proc\u00e9dure et mises \u00e0 disposition imm\u00e9diate de l'avocat de l'\u00e9tranger ; qu'il ne peut \u00eatre suppl\u00e9\u00e9 \u00e0 l'absence du d\u00e9p\u00f4t de ces pi\u00e8ces, sauf s'il est justifi\u00e9 de l'impossibilit\u00e9 de les joindre \u00e0 la requ\u00eate, par leur seule communication \u00e0 l'audience ;",
        "Attendu que, pour d\u00e9clarer la requ\u00eate du pr\u00e9fet recevable, l'ordonnance rel\u00e8ve que la production \u00e0 l'ouverture des d\u00e9bats devant le juge des libert\u00e9s et de la d\u00e9tention d'une pi\u00e8ce compl\u00e9mentaire, en l'occurrence le proc\u00e8s-verbal de fin de garde \u00e0 vue, est r\u00e9guli\u00e8re d\u00e8s lors qu'elle a pu \u00eatre d\u00e9battue contradictoirement ;",
        "Qu'en statuant ainsi, alors que le proc\u00e8s-verbal de fin de garde \u00e0 vue constitue une pi\u00e8ce justificative utile au sens de l'article R. 552-3 du code de l'entr\u00e9e et du s\u00e9jour des \u00e9trangers et du droit d'asile, le premier pr\u00e9sident a viol\u00e9 les textes susvis\u00e9s ;",
        "Et vu les articles L. 411-3 du code de l'organisation judiciaire et 1015 du code de proc\u00e9dure civile ;"
    ],
    "decision-8": [
        "PAR CES MOTIFS et sans qu'il y ait lieu de statuer sur le quatri\u00e8me moyen :",
        "CASSE ET ANNULE, sauf en ce qu'elle d\u00e9clare l'appel recevable, l'ordonnance rendue, entre les parties, le 31 mai 2017, par le premier pr\u00e9sident de la cour d'appel de Paris ;",
        "DIT n'y avoir lieu \u00e0 renvoi ;",
        "Vu l'article 700 du code de proc\u00e9dure civile, rejette la demande ;",
        "Dit que sur les diligences du procureur g\u00e9n\u00e9ral pr\u00e8s la Cour de cassation, le pr\u00e9sent arr\u00eat sera transmis pour \u00eatre transcrit en marge ou \u00e0 la suite de l'ordonnance cass\u00e9e ;",
        "Ainsi fait et jug\u00e9 par la Cour de cassation, premi\u00e8re chambre civile, et prononc\u00e9 par le pr\u00e9sident en son audience publique du treize f\u00e9vrier deux mille dix-neuf."
    ],
    "decision-9": [
        "MOYENS ANNEXES au pr\u00e9sent arr\u00eat",
        "Moyens produits par Me R\u00e9my-Corlay, avocat aux Conseils, pour M. X...",
        "PREMIER MOYEN DE CASSATION",
        "Le moyen reproche \u00e0 l'ordonnance infirmative attaqu\u00e9 d'AVOIR d\u00e9clar\u00e9 recevable l'appel du procureur de la R\u00e9publique avec demande d'effet suspensif et infirm\u00e9 l'ordonnance du 29 mai 2017 ;",
        "AUX MOTIFS QUE: \u00ab (...) Sur le moyen tir\u00e9 de l'irrecevabilit\u00e9 de l'appel du parquet aux motifs que les articles L. 552-9 et L. 552-10 du code de l'entr\u00e9e et du s\u00e9jour des \u00e9trangers et du droit d'asile n'autorisent pas le parquet \u00e0 faire un appel suspensif \u00e0 l'encontre des ordonnances pronon\u00e7ant l'irrecevabilit\u00e9 de la requ\u00eate aux fins de prolongation de la r\u00e9tention administrative, la cour rappelle qu'en l'esp\u00e8ce le parquet de Paris a fait appel avec demande d'effet suspensif contre l'ordonnance rendue le 29 mai 2017 par le juge des libert\u00e9s et de la d\u00e9tention de Paris qui s'est prononc\u00e9 ainsi\" -d\u00e9clarons irrecevable la requ\u00eate aux fins de prolongation de la r\u00e9tention administrative -d\u00e9clarons recevable la requ\u00eate en contestation de la l\u00e9galit\u00e9 du placement en r\u00e9tention -ordonnons la jonction des deux proc\u00e9dures -constatons l'irr\u00e9gularit\u00e9 de la d\u00e9cision de placement en r\u00e9tention de l'int\u00e9ress\u00e9 -ordonnons en cons\u00e9quence la mise en libert\u00e9 de l'int\u00e9ress\u00e9 -rappelons \u00e0 l'int\u00e9ress\u00e9 qu'il a obligation de quitter le territoire national -informons l'int\u00e9ress\u00e9 qu'il est maintenu \u00e0 disposition de la justice pendant un d\u00e9lai de six heures \u00e0 compter de la notification de la pr\u00e9sente ordonnance au procureur de la R\u00e9publique \"; Que les articles vis\u00e9s ouvrent la voie de l'appel contre les ordonnances mentionn\u00e9es aux sections I et II du pr\u00e9sent chapitre sans qu'aucune exclusion ne soit faite et pr\u00e9voient que dans certaines conditions l'effet suspensif puisse \u00eatre accord\u00e9 \u00e0 l'appel fait par le parquet \u00e0 l'encontre d'une d\u00e9cision d'effet imm\u00e9diat c'est-\u00e0-dire celles aboutissant \u00e0 la remise en libert\u00e9 de l'int\u00e9ress\u00e9 ou convertissant la r\u00e9tention en une assignation \u00e0 r\u00e9sidence; qu'en l'esp\u00e8ce, le dispositif de l'ordonnance querell\u00e9e mentionne la remise en libert\u00e9 de L... X... et pr\u00e9voit en cons\u00e9quence, \u00e0 juste titre, le maintien \u00e0 disposition de la justice de l'int\u00e9ress\u00e9 pendant un d\u00e9lai de 611 \u00e0 compter de ladite notification et ce conform\u00e9ment \u00e0 l'article L. 552-6 ; qu'en cons\u00e9quence, il convient de rejeter ce moyen d'irrecevabilit\u00e9 \u00bb ;",
        "ALORS QUE l'appel form\u00e9 par le Procureur de la R\u00e9publique avec demande d'effets suspensifs ne peut \u00eatre form\u00e9 dans les six heures qu'\u00e0 l'encontre d'une ordonnance mettant fin \u00e0 la r\u00e9tention ou assignant l'\u00e9tranger \u00e0 r\u00e9sidence ; qu'en l'esp\u00e8ce, l'ordonnance entreprise du 29 mai 2017 pronon\u00e7ait uniquement l'irrecevabilit\u00e9 la requ\u00eate aux fins de prolongation de la r\u00e9tention administrative ; qu'en disant n\u00e9anmoins recevable l'appel avec demande d'effets suspensifs du procureur, la Cour d'appel a viol\u00e9 les articles L. 552-6 et L. 552-9 du code de l'entr\u00e9e et du s\u00e9jour des \u00e9trangers et du droit d'asile ;",
        "DEUXIEME MOYEN DE CASSATION",
        "Le moyen reproche \u00e0 l'ordonnance infirmative attaqu\u00e9 d'AVOIR d\u00e9clar\u00e9 recevable l'appel du procureur de la R\u00e9publique, infirm\u00e9 l'ordonnance du 29 mai 2017, d\u00e9clar\u00e9 recevable la requ\u00eate au fin de prolongation de la r\u00e9tention administrative, et ordonn\u00e9 la prolongation de la r\u00e9tention de Monsieur L... X... dans les locaux ne d\u00e9pendant pas de l'administration p\u00e9nitentiaire, pour une dur\u00e9e de vingt-huit jours.",
        "EN RETENANT QUE: cette ordonnance \u00e9tait \u00ab faite \u00e0 Paris le 31 mai prononc\u00e9e \u00e0 16.05 et notifi\u00e9e \u00e0 17h \u00bb.",
        "ALORS QUE le juge d'appel saisi sur le fondement de l'article L. 552-9 du CESEDA doit statuer doit statuer, \u00e0 compter de sa saisine, dans les quarante-huit heures, c'est-\u00e0dire rendre sa d\u00e9cision motiv\u00e9e dans ce d\u00e9lai ; que ce d\u00e9lai qui se compte d'heure \u00e0 heure est imp\u00e9ratif \u00e0 peine de dessaisissement du juge ; qu'en l'esp\u00e8ce il est constant que le Procureur a fait appel de l'ordonnance entreprise \u00e0 16h24 le 29 mai ; que le juge devait donc statuer avant 16h24 le 31 mai ; qu'en notifiant son ordonnance \u00e0 17h, la Cour d'appel a statu\u00e9 au-del\u00e0 du d\u00e9lai imparti, exc\u00e9d\u00e9 ses pouvoirs et viol\u00e9 les articles L. 552-9 et R. 552-15 du code de l'entr\u00e9e et du s\u00e9jour des \u00e9trangers et du droit d'asile.",
        "TROISIEME MOYEN DE CASSATION",
        "Le moyen reproche \u00e0 l'ordonnance infirmative attaqu\u00e9 d'AVOIR infirm\u00e9 l'ordonnance du 29 mai 2017, d\u00e9clar\u00e9 recevable la requ\u00eate au fin de prolongation de la r\u00e9tention administrative, et ordonn\u00e9 la prolongation de la r\u00e9tention de Monsieur L... X... dans les locaux ne d\u00e9pendant pas de l'administration p\u00e9nitentiaire, pour une dur\u00e9e de vingt-huit jours.",
        "AUX MOTIFS QUE \u00ab Sur les moyens tir\u00e9s de l'irrecevabilit\u00e9 de la requ\u00eate en prolongation de la r\u00e9tention au motif que ne figurent pas toutes les pi\u00e8ces justificatives utiles, en l'esp\u00e8ce le proc\u00e8s-verbal de fin de garde \u00e0 vue, de l'irrecevabilit\u00e9 de la pi\u00e8ce nouvelle (le proc\u00e8s-verbal de garde \u00e0 vue) au motif que si elle a \u00e9t\u00e9 enregistr\u00e9e aux d\u00e9but des d\u00e9bats l'administration ne justifie pas de l'impossibilit\u00e9 de la joindre \u00e0 ladite requ\u00eate, de l'irr\u00e9gularit\u00e9 du proc\u00e8s-verbal de garde \u00e0 vue, la cour consid\u00e8re que la requ\u00eate en date du 28 mai 2017 d\u00e9pos\u00e9e par le pr\u00e9fet au greffe du juge des libert\u00e9s et de la d\u00e9tention comportait, au visa de l'article R. 552-3 du code de l'entr\u00e9e et du s\u00e9jour des \u00e9trangers et du droit d'asile les pi\u00e8ces justificatives utiles notamment la copie du registre pr\u00e9vu \u00e0 l'article L. 553-1 et le proc\u00e8s-verbal d'interpellation de l'int\u00e9ress\u00e9 ; que la production \u00e0 l'ouverture des d\u00e9bats devant le juge des libert\u00e9s et de la d\u00e9tention d'une pi\u00e8ce compl\u00e9mentaire, \u00e0 savoir le proc\u00e8s-verbal de fin de garde \u00e0 vue, est r\u00e9guli\u00e8re dans le mesure o\u00f9 elle a pu \u00eatre d\u00e9battue contradictoirement; que ce proc\u00e8s-verbal mentionne l'heure \u00e0 laquelle l'int\u00e9ress\u00e9 a refus\u00e9 de s'alimenter ainsi que celle \u00e0 laquelle il s'est aliment\u00e9, et qu'ainsi aucune irr\u00e9gularit\u00e9 n'est encourue; qu'il y a lieu d'infirmer l'ordonnance querell\u00e9e \u00bb.",
        "ALORS QUE \u00e0 peine d'irrecevabilit\u00e9, la requ\u00eate en prolongation de r\u00e9tention doit \u00eatre motiv\u00e9e, dat\u00e9e, sign\u00e9e et accompagn\u00e9e de toutes pi\u00e8ces justificatives utiles ; que constitue une pi\u00e8ce justificative utile le proc\u00e8s-verbal de fin de garde \u00e0 vue ; qu'en consid\u00e9rant la requ\u00eate r\u00e9guli\u00e8re, \u00e0 d\u00e9faut m\u00eame d'\u00eatre accompagn\u00e9e du proc\u00e8s-verbal de garde \u00e0 vue du moment que celui-ci avait \u00e9t\u00e9 ult\u00e9rieurement vers\u00e9 et pu \u00eatre d\u00e9battu contradictoirement, la cour d'appel a viol\u00e9 les articles L. 552-1 et R. 552-3 du code de l'entr\u00e9e et du s\u00e9jour des \u00e9trangers et du droit d'asile.",
        "QUATRIEME MOYEN DE CASSATION",
        "Le moyen reproche \u00e0 l'ordonnance infirmative attaqu\u00e9 d'AVOIR ordonn\u00e9 la prolongation de la r\u00e9tention de Monsieur L... X... dans les locaux ne d\u00e9pendant pas de l'administration p\u00e9nitentiaire, pour une dur\u00e9e de vingt-huit jours ;",
        "AUX MOTIFS QUE: \u00ab (...) Sur le moyen tir\u00e9 de la contestation relative \u00e0 l'arr\u00eat\u00e9 de placement en r\u00e9tention, sur l'incomp\u00e9tence du signataire de l'acte, qu'en l'esp\u00e8ce l'arr\u00eat\u00e9 de placement en r\u00e9tention pris le 27 mai 2017 \u00e0 l'encontre de L... X... est sign\u00e9 par Monsieur Q... Y..., contr\u00f4leur g\u00e9n\u00e9ral; que celui-ci b\u00e9n\u00e9ficie d'une d\u00e9l\u00e9gation de signature donn\u00e9e par le pr\u00e9fet de Police par arr\u00eat\u00e9 N\u00b0 -9017- 00303 du 21 avril 2017 publi\u00e9 au recueil des actes administratifs, d\u00e9cision accordant d\u00e9l\u00e9gation de la signature pr\u00e9fectorale aux membres du cabinet du pr\u00e9fet de police qui assurent le service de permanence; que l'article 1 stipule qu'en cas d'absence ou d'emp\u00eachement de monsieur U... E..., pr\u00e9fet, directeur de cabinet, d\u00e9l\u00e9gation est donn\u00e9e aux conseillers techniques ou charg\u00e9s de mission dont les noms suivent \u00e0 l'effet de signer, au nom du pr\u00e9fet de police, toutes d\u00e9cisions n\u00e9cessit\u00e9es par une situation d'urgence lorsqu'ils assurent le service de permanence\"; que Monsieur Q... Y... fait partie des neuf personnes ainsi d\u00e9sign\u00e9es pouvait intervenir dans ce champ d'intervention pr\u00e9cis\u00e9ment d\u00e9limit\u00e9; qu'il a sign\u00e9 l'arr\u00eat\u00e9 de placement un samedi apr\u00e8s-midi, jour o\u00f9 sont assur\u00e9s dans les services des pr\u00e9fectures des permanences pour les interventions urgentes, ce qui est le cas en mati\u00e8re de r\u00e9tention ; que b\u00e9n\u00e9ficiant d'une d\u00e9l\u00e9gation de signature lui permettant d'intervenir r\u00e9guli\u00e8rement aux lieu et place du pr\u00e9fet pour les permanences et intervenant un jour de permanence, il convient de consid\u00e9rer que monsieur Q... Y... avait comp\u00e9tence de signature le 27 mai 2017, la production d'un document le d\u00e9signant comme \u00e9tant de permanence n'\u00e9tant pas en l'esp\u00e8ce n\u00e9cessaire, un tel document \u00e9tant exig\u00e9 lorsque l'intervention du signataire intervient \u00e0 un autre moment que celui vis\u00e9 dans la d\u00e9l\u00e9gation ; qu'il y a lieu d'infirmer l'ordonnance querell\u00e9e sur ce moyen. \u00bb ;",
        "ALORS QUE la d\u00e9cision de placement est prise par l'autorit\u00e9 administrative et il appartient \u00e0 la pr\u00e9fecture de d\u00e9montrer que le signataire de la requ\u00eate ordonnance le placement a re\u00e7u d\u00e9l\u00e9gation de signature ; qu'il \u00e9tait fait valoir par l'exposant qu'il n'\u00e9tait pas d\u00e9montr\u00e9 que M. Y..., signataire, \u00e9tait de permanence au moment o\u00f9 il a sign\u00e9 l'arr\u00eat\u00e9 litigieux ; qu'en d\u00e9duisant qu'une telle preuve \u00e9tait \u00e9tablie du seul fait que M. Y... \u00ab avait \u00e9t\u00e9 d\u00e9sign\u00e9 par arr\u00eat\u00e9 du 21 avril 2017, pour, \"en cas d'absence ou d'emp\u00eachement de U... E..., pr\u00e9fet, signer toutes d\u00e9cisions n\u00e9cessit\u00e9es par une situation d'urgence, lorsqu'il assure le service de permanence\" \u00bb et qu'il \u00e9tait d\u00e8s lors de permanence puisque l'arr\u00eat\u00e9 avait \u00e9t\u00e9 sign\u00e9 un samedi jour non ouvrable, la Cour d'appel a manqu\u00e9 de base l\u00e9gale au regard de l'article L. 551-2 du code de l'entr\u00e9e et du s\u00e9jour des \u00e9trangers et du droit d'asile."
    ]
}