{
    "decision-0": [
        "CIV. 1",
        "LM",
        "COUR DE CASSATION",
        "______________________",
        "Audience publique du 13 f\u00e9vrier 2019",
        "Rejet",
        "Mme BATUT, pr\u00e9sident",
        "Arr\u00eat n\u00b0 176 F-D",
        "Pourvoi n\u00b0 Q 18-11.654",
        "Aide juridictionnelle totale en demande",
        "au profit de M. H... .",
        "Admission du bureau d'aide juridictionnelle",
        "pr\u00e8s la Cour de cassation",
        "en date du 9 janvier 2018.",
        "R \u00c9 P U B L I Q U E F R A N \u00c7 A I S E",
        "_________________________",
        "AU NOM DU PEUPLE FRAN\u00c7AIS",
        "_________________________",
        "LA COUR DE CASSATION, PREMI\u00c8RE CHAMBRE CIVILE, a rendu l'arr\u00eat suivant :",
        "Statuant sur le pourvoi form\u00e9 par M. K... H... , domicili\u00e9 chez M. C... F...[...] ,",
        "contre l'ordonnance rendue le 30 mai 2017 par le premier pr\u00e9sident de la cour d'appel de Paris (p\u00f4le 2, chambre 11), dans le litige l'opposant :",
        "1\u00b0/ au procureur de la R\u00e9publique pr\u00e8s le tribunal de grande instance de Paris, domicili\u00e9 [...] ,",
        "2\u00b0/ au pr\u00e9fet de police de Paris, domicili\u00e9 [...] ,",
        "d\u00e9fendeurs \u00e0 la cassation ;",
        "Le demandeur invoque, \u00e0 l'appui de son pourvoi, le moyen unique de cassation annex\u00e9 au pr\u00e9sent arr\u00eat ;",
        "Vu la communication faite au procureur g\u00e9n\u00e9ral ;",
        "LA COUR, en l'audience publique du 15 janvier 2019, o\u00f9 \u00e9taient pr\u00e9sentes : Mme Batut, pr\u00e9sident, Mme Gargoullaud, conseiller r\u00e9f\u00e9rendaire rapporteur, Mme Wallon, conseiller doyen, Mme Pecquenard, greffier de chambre ;",
        "Sur le rapport de Mme Gargoullaud, conseiller r\u00e9f\u00e9rendaire, les observations de Me R\u00e9my-Corlay, avocat de M. H... , de la SCP Garreau, Bauer-Violas et Feschotte-Desbois, avocat du pr\u00e9fet de police de Paris, l'avis de Mme B..., avocat g\u00e9n\u00e9ral, et apr\u00e8s en avoir d\u00e9lib\u00e9r\u00e9 conform\u00e9ment \u00e0 la loi ;"
    ],
    "decision-1": [
        "Sur le moyen unique :"
    ],
    "decision-2": [
        "Attendu, selon l'ordonnance attaqu\u00e9e rendue par le premier pr\u00e9sident d'une cour d'appel (Paris, 30 mai 2017), et les pi\u00e8ces de la proc\u00e9dure, que, le 27 mai 2017, le pr\u00e9fet de police de Paris a pris un arr\u00eat\u00e9 de placement en r\u00e9tention administrative \u00e0 l'\u00e9gard de M. H... , de nationalit\u00e9 alg\u00e9rienne, en situation irr\u00e9guli\u00e8re en France ; que, le 29 mai, le juge des libert\u00e9s et de la d\u00e9tention a \u00e9t\u00e9 saisi, par celui-ci, d'une contestation de cette d\u00e9cision et, par le pr\u00e9fet, d'une demande de prolongation de la mesure ;"
    ],
    "decision-3": [
        "Attendu que M. H... fait grief \u00e0 l'ordonnance de prononcer son maintien en r\u00e9tention alors, selon le moyen :",
        "1\u00b0/ que la d\u00e9cision de placement est prise par l'autorit\u00e9 administrative et il appartient \u00e0 la pr\u00e9fecture de d\u00e9montrer que le signataire de la requ\u00eate ordonnance le placement a re\u00e7u d\u00e9l\u00e9gation de signature ; qu'il \u00e9tait fait valoir par M. H... qu'il n'\u00e9tait pas d\u00e9montr\u00e9 que M. W..., signataire, \u00e9tait de permanence au moment o\u00f9 il a sign\u00e9 l'arr\u00eat\u00e9 litigieux ; qu'en d\u00e9duisant qu'une telle preuve \u00e9tait \u00e9tablie du seul fait que M. W... \u00ab avait \u00e9t\u00e9 d\u00e9sign\u00e9 par arr\u00eat\u00e9 du 21 avril 2017, pour, \"en cas d'absence ou d'emp\u00eachement de Patrice N..., pr\u00e9fet, signer toutes d\u00e9cisions n\u00e9cessit\u00e9es par une situation d'urgence, lorsqu'il assure le service de permanence\" \u00bb et qu'il \u00e9tait manifestement de permanence puisqu'il avait sign\u00e9 l'arr\u00eat\u00e9 un samedi jour non ouvrable, la cour d'appel a manqu\u00e9 de base l\u00e9gale au regard de l'article L. 551-2 du code de l'entr\u00e9e et du s\u00e9jour des \u00e9trangers et du droit d'asile ;",
        "2\u00b0/ que les juges du fond ne peuvent motiver leur d\u00e9cision par voie d'affirmation g\u00e9n\u00e9rale ; qu'en l'esp\u00e8ce, il \u00e9tait fait valoir qu'il n'\u00e9tait pas d\u00e9montr\u00e9 que M. W... assurait bien le service de permanence ce samedi 27 mai, consid\u00e9rant que le pouvoir du signataire de l'arr\u00eat\u00e9 ne pouvait \u00eatre contest\u00e9 d\u00e8s qu'il \u00ab \u00e9tait manifestement de permanence \u00bb puisque la signature avait \u00e9t\u00e9 appos\u00e9e un samedi, jour non ouvrable la cour d'appel a viol\u00e9 l'article 455 du code de proc\u00e9dure civile ;"
    ],
    "decision-4": [
        "Mais attendu, d'abord, que la signature de l'arr\u00eat\u00e9 de placement en r\u00e9tention par le d\u00e9l\u00e9gataire impliquait n\u00e9cessairement l'indisponibilit\u00e9 du pr\u00e9fet, aucune disposition l\u00e9gale n'obligeant l'administration \u00e0 justifier de l'indisponibilit\u00e9 du d\u00e9l\u00e9gant ; que, d\u00e8s lors, le premier pr\u00e9sident n'avait pas \u00e0 s'expliquer sur ce point ;",
        "Attendu, ensuite, qu'ayant constat\u00e9 qu'il ne r\u00e9sultait pas des pi\u00e8ces du dossier que le pr\u00e9fet n'avait pas \u00e9t\u00e9 absent ou emp\u00each\u00e9 \u00e0 la date de l'arr\u00eat\u00e9, le premier pr\u00e9sident a exactement d\u00e9cid\u00e9 qu'en l'absence de preuve contraire, le signataire \u00e9tait de permanence le 27 mai 2017 ;",
        "D'o\u00f9 il suit que le moyen n'est pas fond\u00e9 ;"
    ],
    "decision-5": [
        "PAR CES MOTIFS :",
        "REJETTE le pourvoi ;",
        "Vu l'article 700 du code de proc\u00e9dure civile, rejette la demande ;",
        "Ainsi fait et jug\u00e9 par la Cour de cassation, premi\u00e8re chambre civile, et prononc\u00e9 par le pr\u00e9sident en son audience publique du treize f\u00e9vrier deux mille dix-neuf."
    ],
    "decision-6": [
        "MOYEN ANNEXE au pr\u00e9sent arr\u00eat",
        "Moyen produit par Me R\u00e9my-Corlay, avocat aux Conseils, pour M. H...",
        "Le moyen reproche \u00e0 l'ordonnance infirmative attaqu\u00e9 d'AVOIR ordonn\u00e9 la prolongation de la r\u00e9tention de Monsieur K... H... dans les locaux ne d\u00e9pendant pas de l'administration p\u00e9nitentiaire, pour une dur\u00e9e de vingt-huit jours ;",
        "AUX MOTIFS QUE : \u00ab (",
        ") sur la contestation de la d\u00e9cision de placement en r\u00e9tention administrative, estime que c'est \u00e0 tort que le premier juge a refus\u00e9 de prolonger la r\u00e9tention administrative de K... H... , au motif que le signataire de l'arr\u00eat\u00e9 n'avait pas re\u00e7u d\u00e9l\u00e9gation de signature, alors qu'il r\u00e9sulte des \u00e9l\u00e9ments de la proc\u00e9dure que, d'une part, O... W..., contr\u00f4leur g\u00e9n\u00e9ral, non seulement avait \u00e9t\u00e9 d\u00e9sign\u00e9 par arr\u00eat\u00e9 du 21 avril 2017, pour, \"en cas d'absence ou d'emp\u00eachement de Patrice N..., pr\u00e9fet, signer toutes d\u00e9cisions n\u00e9cessit\u00e9es par une situation d'urgence, lorsqu'il assure le service de permanence\" ; que, d'autre part, la date de la signature, soit le 27 mai 2017, correspondait \u00e0 un samedi, jour non ouvrable o\u00f9 ce dernier \u00e9tait manifestement de permanence, et qu'enfin l'urgence r\u00e9sidait dans le fait que la d\u00e9cision de placement en r\u00e9tention intervenait dans le cadre d'un \u00e9loignement du territoire, qui ne pouvait \u00eatre diff\u00e9r\u00e9, compte tenu de la n\u00e9cessit\u00e9 de mettre \u00e0 ex\u00e9cution cette d\u00e9cision dans les d\u00e9lais requis. Il convient, en cons\u00e9quence, d'infirmer l'ordonnance d\u00e9f\u00e9r\u00e9e. \u00bb ;",
        "ALORS QUE 1\u00b0) la d\u00e9cision de placement est prise par l'autorit\u00e9 administrative et il appartient \u00e0 la pr\u00e9fecture de d\u00e9montrer que le signataire de la requ\u00eate ordonnance le placement a re\u00e7u d\u00e9l\u00e9gation de signature ; qu'il \u00e9tait fait valoir par l'exposant qu'il n'\u00e9tait pas d\u00e9montr\u00e9 que M. W..., signataire, \u00e9tait de permanence au moment o\u00f9 il a sign\u00e9 l'arr\u00eat\u00e9 litigieux ; qu'en d\u00e9duisant qu'une telle preuve \u00e9tait \u00e9tablie du seul fait que M. W... \u00ab avait \u00e9t\u00e9 d\u00e9sign\u00e9 par arr\u00eat\u00e9 du 21 avril 2017, pour, \"en cas d'absence ou d'emp\u00eachement de Patrice N..., pr\u00e9fet, signer toutes d\u00e9cisions n\u00e9cessit\u00e9es par une situation d'urgence, lorsqu'il assure le service de permanence\" \u00bb et qu'il \u00e9tait manifestement de permanence puisqu'il avait sign\u00e9 l'arr\u00eat\u00e9 un samedi jour non ouvrable, la Cour d'appel a manqu\u00e9 de base l\u00e9gale au regard de l'article L. 551-2 du Code de l'entr\u00e9e et du s\u00e9jour des \u00e9trangers et du droit d'asile ;",
        "ALORS QUE 2\u00b0) les juges du fond ne peuvent motiver leur d\u00e9cision par voie d'affirmation g\u00e9n\u00e9rale ; qu'en l'esp\u00e8ce il \u00e9tait fait valoir qu'il n'\u00e9tait pas d\u00e9montr\u00e9 que Monsieur W... assurait bien le service de permanence ce samedi 27 mai consid\u00e9rant que le pouvoir du signataire de l'arr\u00eat\u00e9 ne pouvait \u00eatre contest\u00e9 d\u00e8s qu'il \u00ab \u00e9tait manifestement de permanence \u00bb puisque la signature avait \u00e9t\u00e9 appos\u00e9e un samedi, jour non ouvrable la Cour d'appel a viol\u00e9 l'article 455 du Code de proc\u00e9dure civile ;"
    ]
}