{
    "decision-0": [
        "N\u00b0 R 16-83.200 F-D",
        "N\u00b0 2273",
        "SL",
        "18 OCTOBRE 2017",
        "REJET",
        "M. SOULARD pr\u00e9sident,",
        "R \u00c9 P U B L I Q U E F R A N \u00c7 A I S E",
        "________________________________________",
        "AU NOM DU PEUPLE FRAN\u00c7AIS",
        "_________________________",
        "LA COUR DE CASSATION, CHAMBRE CRIMINELLE, en son audience publique tenue au Palais de Justice \u00e0 PARIS, a rendu l'arr\u00eat suivant :",
        "Statuant sur le pourvoi form\u00e9 par :",
        "-",
        "M. Alain X...,",
        "contre l'arr\u00eat de la cour d'appel de METZ, chambre correctionnelle, en date du 10 mars 2016, qui, pour aide \u00e0 l'entr\u00e9e ou au s\u00e9jour irr\u00e9gulier d'\u00e9tranger, faux et escroquerie, l'a condamn\u00e9 \u00e0 un an d'emprisonnement, \u00e0 une interdiction professionnelle d\u00e9finitive et a prononc\u00e9 sur les int\u00e9r\u00eats civils ;",
        "La COUR, statuant apr\u00e8s d\u00e9bats en l'audience publique du 6 septembre 2017 o\u00f9 \u00e9taient pr\u00e9sents dans la formation pr\u00e9vue \u00e0 l'article 567-1-1 du code de proc\u00e9dure p\u00e9nale : M. Soulard, pr\u00e9sident, Mme Carbonaro, conseiller rapporteur, M. Castel, conseiller de la chambre ;",
        "Greffier de chambre : Mme Herv\u00e9 ;",
        "Sur le rapport de Mme le conseiller r\u00e9f\u00e9rendaire CARBONARO, les observations de la soci\u00e9t\u00e9 civile professionnelle RICHARD, de la soci\u00e9t\u00e9 civile professionnelle BOUTET et HOURDEAUX, avocats en la Cour, et les conclusions de M. l'avocat g\u00e9n\u00e9ral WALLON ;"
    ],
    "decision-1": [
        "Vu les m\u00e9moires produits, en demande et en d\u00e9fense ;"
    ],
    "decision-2": [
        "Attendu qu'il r\u00e9sulte de l'arr\u00eat attaqu\u00e9 et du jugement qu'il confirme qu'une demande d'enqu\u00eate a \u00e9t\u00e9 pr\u00e9sent\u00e9e par la pr\u00e9fecture de [...] \u00a0 \u00a0\u00a0 suite \u00e0 la production d'une attestation relative \u00e0 la situation administrative de M. Asir A... et \u00e9manant faussement des services de la pr\u00e9fecture ; qu'une enqu\u00eate a \u00e9t\u00e9 diligent\u00e9e et M. Alain X... a \u00e9t\u00e9 poursuivi devant le tribunal correctionnel des chefs d'aide \u00e0 l'entr\u00e9e ou au s\u00e9jour irr\u00e9gulier d'\u00e9tranger et faux, s'agissant de l'attestation r\u00e9dig\u00e9e pour M. Asir A... et du chef d'escroquerie au pr\u00e9judice de la CPAM et de P\u00f4le emploi, infractions d\u00e9couvertes \u00e0 l'occasion d'investigations sur ses comptes ; que les juges du premier degr\u00e9 l'ont d\u00e9clar\u00e9 coupable de ces infractions, l'ont condamn\u00e9 \u00e0 un an d'emprisonnement et \u00e0 une interdiction professionnelle d\u00e9finitive et ont prononc\u00e9 sur les int\u00e9r\u00eats civils ; que M. X... et le minist\u00e8re public ont relev\u00e9 appel de ce jugement ;"
    ],
    "decision-3": [
        "En cet \u00e9tat ;"
    ],
    "decision-4": [
        "Sur le premier moyen de cassation, pris de la violation des articles 406, 410-1, 411,460, 512 du code de proc\u00e9dure p\u00e9nale et 6, \u00a7 1, de Convention europ\u00e9enne des droits de l'homme ;",
        "\"en ce que l'arr\u00eat attaqu\u00e9 mentionne que M. Alain X... \u00e9tait repr\u00e9sent\u00e9 par Ma\u00eetre Leupold, muni d'un pouvoir de repr\u00e9sentation du 9 mars 2016, que Ma\u00eetre Leupold, pour le pr\u00e9venu M. X..., a \u00e9t\u00e9 entendu en sa plaidoirie et que ce dernier a eu la parole en dernier en ses observations et moyens de d\u00e9fense ;",
        "\"alors qu'\u00e0 peine de nullit\u00e9, le jugement doit mentionner la pr\u00e9sence ou l'absence du pr\u00e9venu lors des d\u00e9bats ; qu'en \u00e9non\u00e7ant, d'une part, que Ma\u00eetre Leupold repr\u00e9sentait M. X... \u00e0 l'audience du 10 mars 2016 en vertu d'un pouvoir de repr\u00e9sentation, constatant ainsi l'absence de celui-ci, et d'autre part, que ce dernier avait eu la parole en dernier, constatant ainsi sa pr\u00e9sence \u00e0 l'audience, la cour d'appel, qui a laiss\u00e9 incertain le point de savoir si M. X... \u00e9tait ou non pr\u00e9sent \u00e0 l'audience, a expos\u00e9 sa d\u00e9cision \u00e0 la cassation\" ;"
    ],
    "decision-5": [
        "Attendu que l'arr\u00eat mentionne que l'avocat du pr\u00e9venu a eu la parole en dernier ; qu'en cet \u00e9tat, le moyen, qui invoque une erreur mat\u00e9rielle ne pouvant donner ouverture \u00e0 cassation, ne peut qu'\u00eatre \u00e9cart\u00e9 ;"
    ],
    "decision-6": [
        "Sur le deuxi\u00e8me moyen de cassation, pris de la violation des articles 6, \u00a7 2, de la Convention europ\u00e9enne des droits de l'homme et des libert\u00e9s fondamentales, L. 622-1, alin\u00e9a 1er, du code de l'entr\u00e9e et du s\u00e9jour des \u00e9trangers et du droit d'asile, des articles pr\u00e9liminaire, 427 et 593 du code de proc\u00e9dure p\u00e9nale, d\u00e9faut de motifs et manque de base l\u00e9gale ;",
        "\"en ce que l'arr\u00eat attaqu\u00e9 a d\u00e9clar\u00e9 M. X... coupable d'aide \u00e0 l'entr\u00e9e, \u00e0 la circulation ou au s\u00e9jour irr\u00e9gulier d'un \u00e9tranger en France, puis l'a condamn\u00e9 \u00e0 la peine d'un an d'emprisonnement, a prononc\u00e9 \u00e0 son encontre une interdiction d'exercer toute fonction ou emploi public \u00e0 titre d\u00e9finitif, a d\u00e9cern\u00e9 mandat d'arr\u00eat et a statu\u00e9 sur les int\u00e9r\u00eats civils ;",
        "\"aux motifs que, sur les faits de faux et d'aide au s\u00e9jour irr\u00e9gulier d'un \u00e9tranger, le 16 juillet 2013, une demande d'enqu\u00eate \u00e9tait faite par le pr\u00e9fet de la r\u00e9gion [...]\u00a0\u00a0 , pr\u00e9fet de [...]\u00a0\u00a0\u00a0\u00a0 adress\u00e9e au SPAF de [...] afin de proc\u00e9der \u00e0 une enqu\u00eate \u00e0 partir d'une attestation estampill\u00e9e de la pr\u00e9fecture de [...]\u00a0 , en date du 6 septembre 2012, pr\u00e9sent\u00e9e \u00e0 ses services par M. Asir A... et qui semblait \u00eatre un faux car ne correspondant \u00e0 aucun document d\u00e9livr\u00e9 par la pr\u00e9fecture ; qu'il apparaissait par ailleurs que l'int\u00e9ress\u00e9 n'avait pas d\u00e9pos\u00e9 contrairement \u00e0 ce qui \u00e9tait indiqu\u00e9 dans l'attestation, une demande de titre de s\u00e9jour aupr\u00e8s des services de la pr\u00e9fecture de [...]\u00a0\u00a0\u00a0\u00a0 , \u00e9tant toujours domicili\u00e9 dans le d\u00e9partement de [...]\u00a0\u00a0\u00a0\u00a0\u00a0\u00a0\u00a0 ; que par courrier du 8 juillet 2013, Ma\u00eetre S\u00e9bastien Doll\u00e9, avocat au barreau de Metz, sollicitait la pr\u00e9fecture de [...] \u00a0 \u00a0 pour \u00eatre tenu inform\u00e9 des suites donn\u00e9es \u00e0 l'attestation o\u00f9 il \u00e9tait indiqu\u00e9 qu'une carte de s\u00e9jour serait d\u00e9livr\u00e9e \u00e0 son client dans un d\u00e9lai de six mois ; que le document, avec en t\u00eate de la R\u00e9publique Fran\u00e7aise, pr\u00e9fecture de [...]\u00a0\u00a0 , service de l'int\u00e9gration et de l'immigration avec un num\u00e9ro de t\u00e9l\u00e9phone, intitul\u00e9 attestation le pr\u00e9fet de la r\u00e9gion [...]\u00a0 pr\u00e9fet de [...], attestait par la pr\u00e9sente que : \"le ressortissant M. Asir A..., n\u00e9 le [...] \u00a0\u00a0\u00a0\u00a0\u00a0 \u00a0\u00a0\u00a0\u00a0, demeurant [...] \u00a0 \u00a0\u00a0 \u00a0\u00a0\u00a0\u00a0\u00a0 \u00a0\u00a0 \u00a0\u00a0\u00a0\u00a0\u00a0\u00a0\u00a0\u00a0 \u00a0\u00a0\u00a0\u00a0\u00a0 \u00a0\u00a0\u00a0\u00a0 a d\u00e9pos\u00e9 le 3 septembre 2012 un dossier de demande de carte de s\u00e9jour. Cette carte lui sera d\u00e9livr\u00e9e dans les six mois apr\u00e8s ce d\u00e9p\u00f4t sous r\u00e9serve des conditions d'\u00e9ligibilit\u00e9. D\u00e8s r\u00e9ception de ce document M. A... est autoris\u00e9 \u00e0 travaill\u00e9 (sic) sous r\u00e9serve que son employeur le d\u00e9clare aupr\u00e8s de l'URSSAF de [...] \u00a0 \u00a0\u00a0 et caisses obligatoires. Fait pour servir et valoir ce que de droit. [...] le 6 septembre 2012\" ; que suit le tampon pour le pr\u00e9fet sign\u00e9 Sabine D... plus tampon de la pr\u00e9fecture ; que les v\u00e9rifications faites aupr\u00e8s du service de la pr\u00e9fecture confirmaient que la pr\u00e9fecture de [...] \u00a0 \u00a0\u00a0 ne d\u00e9livrait pas ce type d'attestation ; que dans le cas d'une demande de carte de s\u00e9jour, la personne venait faire sa demande soit alors que son titre \u00e9tait en cours de validit\u00e9 et il n'y avait donc pas lieu \u00e0 d\u00e9livrer un quelconque document, soit la pr\u00e9fecture de [...] \u00a0 \u00a0 \u00a0 \u00a0 \u00a0\u00a0 lui d\u00e9livrait un r\u00e9c\u00e9piss\u00e9 de demande de carte de s\u00e9jour ; que dans le cas de M. A..., une demande d'admission exceptionnelle avait \u00e9t\u00e9 faite et en l'\u00e9tat, il n'aurait obtenu aucun titre de s\u00e9jour ; que s'agissant du tampon au nom de Sabine D..., il s'agissait de la responsable du bureau des \u00e9trangers ; qu'il existait entre 12 et 15 tampons \u00e0 son nom \u00e0 la pr\u00e9fecture ; que Mme D... signait tous les tampons \u00e9tablis \u00e0 son nom et la signature sur le tampon \u00e9tait bien la sienne \u00e9tant pr\u00e9cis\u00e9 que son tampon et son nom se trouvait sur de nombreux documents ; que l'attestation n'\u00e9tant qu'une copie, quelqu'un avait d\u00fb couper et coller le tampon dessus ; que des recherches effectu\u00e9es sur les fichiers administratifs concernant M. Asir A... n\u00e9 le [...] \u00a0\u00a0\u00a0\u00a0\u00a0 \u00a0\u00a0\u00a0\u00a0 r\u00e9v\u00e9lait l'existence d'un dossier \u00e9tranger : un dossier [...] \u00e0 Chaumont n\u00b0 [...]\u00a0\u00a0\u00a0\u00a0\u00a0 , reconduite fronti\u00e8re, la mesure est notifi\u00e9e au nom de M. Asir A... n\u00e9 le [...] \u00a0\u00a0\u00a0\u00a0\u00a0 \u00a0\u00a0\u00a0\u00a0 \u00e0 Ortakof en Turquie, s\u00e9par\u00e9, de nationalit\u00e9 turque avec un statut national, poss\u00e9dant une carte de s\u00e9jour valable du 20 janvier 2004 au 19 avril 2004 avec une validit\u00e9 territoriale non compl\u00e8te d\u00e9livr\u00e9e par Saint-Dizier, son adresse \u00e9tant [...] \u00a0\u00a0\u00a0 \u00a0\u00a0\u00a0\u00a0\u00a0\u00a0\u00a0 \u00a0 \u00a0\u00a0\u00a0\u00a0\u00a0\u00a0\u00a0\u00a0\u00a0\u00a0\u00a0\u00a0 chez Mme Sylvine A... ; que les recherches effectu\u00e9es le 2 septembre 2013 [...] \u00a0\u00a0 \u00a0\u00a0\u00a0\u00a0\u00a0\u00a0\u00a0 \u00a0 \u00a0\u00a0\u00a0\u00a0\u00a0\u00a0\u00a0\u00a0\u00a0\u00a0\u00a0\u00a0 permettaient de d\u00e9terminer que le b\u00e2timent en question avait \u00e9t\u00e9 d\u00e9truit et que Mme A... avait quitt\u00e9 le domicile sans laisser d'adresse le 15 novembre 2007 ; que M. A..., entendu dans le cadre d'une affaire distincte, \u00e9tait plac\u00e9 en garde \u00e0 vue le 17 octobre 2013 ; qu'il d\u00e9clarait se nommer M. Asir A..., n\u00e9 le [...] \u00a0\u00a0\u00a0\u00a0\u00a0 \u00a0\u00a0\u00a0\u00a0 \u00e0 Ortakoy en Turquie, de nationalit\u00e9 turque, domicili\u00e9 [...] \u00a0 \u00a0\u00a0 \u00a0\u00a0\u00a0\u00a0\u00a0 \u00a0\u00a0 \u00a0\u00a0\u00a0\u00a0\u00a0\u00a0\u00a0\u00a0 \u00a0 \u00a0\u00a0\u00a0\u00a0, \u00e9tanchiste pour un salaire de 1 300 euros par mois ; qu'il disait \u00eatre en France depuis novembre 2003 ; que l'attestation de la pr\u00e9fecture de [...] \u00a0 qui indiquait qu'il avait d\u00e9pos\u00e9 le 3 septembre 2012 un dossier de demande de carte de s\u00e9jour qui lui serait d\u00e9livr\u00e9e dans les six mois apr\u00e8s ce d\u00e9p\u00f4t sous r\u00e9serve des conditions d'\u00e9ligibilit\u00e9 lui appartenait ; que cette attestation lui avait \u00e9t\u00e9 d\u00e9livr\u00e9e par la pr\u00e9fecture de [...] en mars, qu'il avait perdu l'original du document sept mois auparavant environ alors qu'il se trouvait sur un chantier \u00e0 Nancy ; qu'inform\u00e9 que l'attestation en question, comportant des fautes d'orthographe, \u00e9tait une contrefa\u00e7on, la pr\u00e9fecture de [...] \u00a0 ne d\u00e9livrant pas ce genre d'attestation et le cachet et la signature semblant avoir \u00e9t\u00e9 ajout\u00e9s de fa\u00e7on frauduleuse, il expliquait qu'il s'\u00e9tait fait remettre le document par l'interm\u00e9diaire de deux turcs qui lui avaient pr\u00e9sent\u00e9 un homme travaillant \u00e0 la pr\u00e9fecture de [...] \u00a0 et qui lui avait donn\u00e9 ce papier en \u00e9change de 7 500 euros ; qu'il pr\u00e9cisait qu'il n'\u00e9tait jamais all\u00e9 \u00e0 la pr\u00e9fecture de Moselle pour avoir ce papier ; qu'il donnait l'identit\u00e9 des deux turcs concern\u00e9s, MM. Kadir E... et Ismet F... ainsi que l'identit\u00e9 du gars de la pr\u00e9fecture, M. Alain X... ; qu'il ignorerait o\u00f9 ce dernier vivait ; qu'il donnait un num\u00e9ro de t\u00e9l\u00e9phone portable qui pr\u00e9cisait qu'il n'\u00e9tait plus attribu\u00e9 ; qu'il avait donn\u00e9 7 500 euros en liquide \u00e0 M. E... ; qu'au total, il devait donner 15 000 euros ; que lorsqu'il s'\u00e9tait pr\u00e9sent\u00e9 \u00e0 la pr\u00e9fecture de la [...] \u00a0 avec cette attestation, la pr\u00e9fecture n'avait pas voulu lui d\u00e9livrer la carte de s\u00e9jour et lui avait donn\u00e9 un dossier \u00e0 remplir ; qu'il avait charg\u00e9 Ma\u00eetre Doll\u00e9 de s'occuper de son dossier concernant sa carte de s\u00e9jour ; qu'il affirmait qu'il ne savait pas que le document \u00e9tait un faux ; que par contre, il reconnaissait avoir pay\u00e9 pour obtenir frauduleusement sa carte de s\u00e9jour ; qu'il \u00e9tait \u00e0 nouveau entendu le 17 d\u00e9cembre 2013 ; qu'il pr\u00e9cisait qu'il \u00e9tait arriv\u00e9 \u00e0 [...] sans aucun titre en 2010 ; qu'il avait fait la connaissance de M. E... dans un caf\u00e9 et ils avaient sympathis\u00e9 car ils \u00e9taient de la m\u00eame r\u00e9gion en Turquie ; qu'au d\u00e9but de l'ann\u00e9e 2012, il avait dit \u00e0 Kadir qu'il n'avait aucun papier pour rester en France ; que fin juillet ou d\u00e9but ao\u00fbt 2012, Kadir l'avait appel\u00e9 pour lui dire qu'il y avait une nouvelle loi et que les personnes justifiant de 5 ans de pr\u00e9sence en France pouvaient obtenir un titre de s\u00e9jour ; qu'il lui avait pr\u00e9cis\u00e9 qu'il connaissait une personne travaillant \u00e0 la pr\u00e9fecture de [...] qui pouvait l'aider \u00e0 avoir un titre, en l'esp\u00e8ce M. X..., adjoint du pr\u00e9fet ; qu'il avait son ancien r\u00e9c\u00e9piss\u00e9 ainsi que des documents justifiant de sa pr\u00e9sence en France depuis plus de 5 ans ; qu'il s'\u00e9tait fait d\u00e9livrer le 31 ao\u00fbt 2012 un passeport par le consulat turc ; que quelques jours apr\u00e8s, Kadir lui avait dit que le gars de la pr\u00e9fecture avait besoin des photocopies de tous ces documents pour d\u00e9poser sa nouvelle demande de carte de s\u00e9jour ; que Kadir avait r\u00e9cup\u00e9r\u00e9 toutes les copies de ces documents ainsi que des photos d'identit\u00e9 qu'il s'\u00e9tait fait faire pour les d\u00e9poser \u00e0 la pr\u00e9fecture ; que lui-m\u00eame n'y \u00e9tait pas all\u00e9 ; que Kadir avait pr\u00e9cis\u00e9 qu'il fallait qu'il pr\u00e9pare 7 500 euros qu'il devait lui remettre lors de l'obtention de son titre de s\u00e9jour, somme qui devait \u00eatre vers\u00e9e dans les caisses de l'\u00c9tat ; qu'au pr\u00e9alable, pour avoir une attestation, il devait verser une autre somme de 7 500 euros ; que 10 ou 15 jours apr\u00e8s, Kadir l'avait contact\u00e9 pour lui annoncer qu'il avait obtenu un titre de s\u00e9jour qu'il lui avait apport\u00e9 personnellement \u00e0 son domicile courant septembre 2012 ; qu'en fait, c'\u00e9tait l'attestation qu'il portait sur lui lorsqu'il avait \u00e9t\u00e9 entendu par les services de police ; que lorsque que Kadir \u00e9tait venu lui apporter cette attestation, il lui avait remis la somme de 7 500 euros en liquide et en main propre ; que 5 ou 6 mois apr\u00e8s, et comme l'attestation devait \u00eatre renouvel\u00e9e, il avait demand\u00e9 \u00e0 Kadir de reprendre contact avec M. X... et c'est l\u00e0 que Kadir lui avait dit qu'en fait, il s'agissait d'une connaissance de M. Ismet F... qu'il devait contacter, ce qu'il avait fait ; qu'Ismet lui avait confirm\u00e9 qu'il connaissait bien M. X... qui lui avait fait obtenir sa carte de s\u00e9jour ; qu'un soir, Kadir l'avait appel\u00e9 pour lui dire qu'il avait re\u00e7u un coup de t\u00e9l\u00e9phone de M. X... et qu'il fallait qu'il aille \u00e0 la pr\u00e9fecture de [...]\u00a0 avec Ismet pour la d\u00e9livrance de sa carte de s\u00e9jour d\u00e9finitive ; qu'il s'\u00e9tait donc rendu \u00e0 la pr\u00e9fecture avec ses documents y compris l'attestation ; que l'enqu\u00eate montrait qu'aucun employ\u00e9 r\u00e9pondant \u00e0 l'identit\u00e9 de M. X... ne figurait sur l'organigramme de la pr\u00e9fecture de [...] \u00a0 ; que par contre, M. X... \u00e9tait un des administrateurs de l'association d\u00e9partementale pour la protection civile de [...]\u00a0 , les services de la pr\u00e9fecture ayant recours \u00e0 cette association lors des manifestations afin que les membres de l'association assistent les pompiers en prodiguant les premiers soins \u00e0 des manifestants victimes de malaise ; que M. X..., n\u00e9 le [...] \u00a0\u00a0\u00a0\u00a0 \u00a0\u00a0\u00a0\u00a0, directeur commercial, \u00e9tait \u00e9galement conseill\u00e9 municipal \u00e0 la mairie de [...] \u00a0 \u00a0 \u00a0 \u00a0\u00a0 ; que l'enqu\u00eate effectu\u00e9e d\u00e9montrait que le num\u00e9ro de t\u00e9l\u00e9phone portable communiqu\u00e9 par M. A... comme \u00e9tant celui de M. X... avait bien \u00e9t\u00e9 attribu\u00e9 \u00e0 ce dernier, la date de fin d'affectation de cette ligne \u00e9tant intervenue le 25 octobre 2013 ; que M. Kadir E..., n\u00e9 le [...] \u00a0\u00a0\u00a0\u00a0 \u00a0\u00a0\u00a0\u00a0 \u00e0 Ortakoy en Turquie, domicili\u00e9 \u00e0 [...] , n\u00e9gociant en automobile \u00e9tait entendu le 21 mars 2014 ; qu'il confirmait avoir fait connaissance de M. A... dans un d\u00e9bit de boissons \u00e0 [...] ; que ce dernier lui avait dit qu'il n'avait pas de papiers pour rester en France ; que s'agissant de M. X..., il ne le connaissait pas personnellement ; que c'est son copain, M. F... qui le connaissait et qui lui en avait parl\u00e9 ; qu'il lui avait dit que c'\u00e9tait M. X... qui lui avait fait avoir sa carte de s\u00e9jour quand il n'avait pas de papiers car M. X... avait des connaissances \u00e0 la pr\u00e9fecture de [...] ; qu'il affirmait n'avoir jamais aid\u00e9 M. A... pour qu'il ait des papiers ; qu'il n'avait jamais re\u00e7u de somme d'argent de sa part ; que concernant la fausse attestation de la pr\u00e9fecture de [...] \u00a0 \u00a0 au nom de M. A... qui lui \u00e9tait pr\u00e9sent\u00e9e, il indiquait que Asir la lui avait montr\u00e9e en lui disant que c'\u00e9tait Ismet qui lui avait donn\u00e9e ; qu'Ismet lui avait dit que c'\u00e9tait M. X... qui lui avait procur\u00e9 ce document pour le remette \u00e0 Asir ; que M. F..., n\u00e9 le [...] \u00a0\u00a0 \u00a0\u00a0\u00a0\u00a0 en Turquie, domicili\u00e9 [...] , ma\u00e7on en ch\u00f4mage, \u00e9tait entendu le 24 mars 2014 ; qu'il expliquait conna\u00eetre M. A..., mais sans plus, qui lui avait \u00e9t\u00e9 pr\u00e9sent\u00e9 par M. E... ; que s'agissant de M. X..., il l'avait connu dans un d\u00e9bit de boissons \u00e0 [...] situ\u00e9 derri\u00e8re le commissariat de police de [...] en 2011 ; qu'\u00e0 l'\u00e9poque, il avait une carte de s\u00e9jour de dix ans qui \u00e9tait p\u00e9rim\u00e9e ; que la pr\u00e9fecture de [...] ne voulait pas lui d\u00e9livrer une nouvelle carte de s\u00e9jour car son passeport turc \u00e9tait lui-m\u00eame p\u00e9rim\u00e9 ; qu'il avait rencontr\u00e9 M. X... \u00e0 qui il avait expliqu\u00e9 son probl\u00e8me ; que celui-ci lui avait dit qu'il travaillait \u00e0 la pr\u00e9fecture et qu'il pouvait l'aider ; qu'il lui avait donc remis tous les documents de son dossier et trois semaines plus tard, il avait \u00e9t\u00e9 contact\u00e9 par la pr\u00e9fecture qui lui avait remis la nouvelle carte de s\u00e9jour ; qu'il ignorait si M. X... avait jou\u00e9 un r\u00f4le dans la d\u00e9livrance de ce document mais au cas o\u00f9, il l'avait remerci\u00e9 ; que lorsque Kadir lui avait parl\u00e9 de la situation de M. A..., il lui avait expliqu\u00e9 l'aide que lui avait apport\u00e9e M. X... et il lui avait dit que celui-ci pourrait peut-\u00eatre faire quelque chose pour M. A... ; qu'il avait parl\u00e9 \u00e0 M. X... de la situation de M. A... et M. X... lui avait dit qu'il allait s'en occuper ; que M. X... lui avait remis une liste de documents \u00e0 apporter pour faire les papiers et il avait remis cette liste \u00e0 Kadir qui lui avait donn\u00e9 les documents n\u00e9cessaires qu'il avait lui-m\u00eame remis \u00e0 M. X... ; que s'agissant de l'attestation de la pr\u00e9fecture de la [...] au nom de M. A..., c'est M. X... qui lui avait remis cette attestation dans une enveloppe, attestation qu'il avait remise \u00e0 son tour \u00e0 Kadir pour la donner \u00e0 M. A... ; que M. A... ne lui avait remis aucune somme d'argent en \u00e9change ; que tout au d\u00e9but, M. X... lui avait dit qu'il voulait 7 500 euros pour faire avoir les papiers \u00e0 M. A... ; qu'il l'avait lui-m\u00eame dit \u00e0 Kadir ; que ce dernier avait dit qu'il donnerait cet argent quand il aurait la carte de s\u00e9jour de dix ans ; que plus tard, M. A... lui avait dit avoir donn\u00e9 7 500 euros \u00e0 Kadir ; qu'il ajoutait que ce dernier n'avait pas pu donner cette somme \u00e0 M. X... puisqu'il ne l'avait jamais vu et que c'\u00e9tait lui qui servait d'interm\u00e9diaire ; qu'il s'\u00e9tait d'ailleurs rendu \u00e0 la pr\u00e9fecture avec M. A... pour l'aider dans ses d\u00e9marches lorsque l'attestation fournie avait \u00e9t\u00e9 p\u00e9rim\u00e9e ; que MM. E... et A... \u00e9taient confront\u00e9s le 1er avril 2014 et chacun restait dans un premier temps sur ses d\u00e9clarations ; que M. A... confirmait avoir remis 7 500 euros \u00e0 M. E... lorsque ce dernier lui avait amen\u00e9 le document, et ce en pr\u00e9sence d'un t\u00e9moin, M. Hayati G... ; que M. E... admettait en effet que Asir lui avait remis cette somme ; qu'il avait donn\u00e9 5 000 euros \u00e0 M. F... et avec les 2 500 euros qui restaient, il avait achet\u00e9 une voiture Renault Laguna \u00e0 Ismet ; qu'il pr\u00e9cisait qu'il allait rembourser M. A... ; que MM. E... et F... \u00e9taient confront\u00e9s le 1er avril 2014 ; que M. F... maintenait ses d\u00e9clarations et M. E... ses d\u00e9clarations faites lors de la confrontation avec Asir ; que M. F... contestait les d\u00e9clarations de Kadir s'agissant de l'argent ; qu'il indiquait n'avoir jamais re\u00e7u d'argent ; qu'il n'avait jamais achet\u00e9 de voiture avec lui ; que de nombreuses investigations \u00e9taient faites pour retrouver la trace de M. X... qui finissait par t\u00e9l\u00e9phoner \u00e0 la police le 4 avril 2014 en d\u00e9but d'apr\u00e8s-midi ; qu'il d\u00e9clarait se trouver en Alg\u00e9rie pr\u00e9cisant qu'il serait de retour en France le 30 juin 2014 ; qu'il ne pourrait donc pas se pr\u00e9senter \u00e0 la convocation du 3 avril 2014 ; qu'il confirmait par un message le 19 juin qu'il se pr\u00e9senterait bien au service le 30 juin 2014 d\u00e8s son arriv\u00e9e en France ; que le 1er juillet, la police recevait un courrier avec accus\u00e9 de r\u00e9ception de M. X... dans lequel ce dernier pr\u00e9cisait ne pas pouvoir honorer son rendez-vous du 30 juin 2014 suite \u00e0 des probl\u00e8mes rencontr\u00e9s qu'il ne mentionnait pas ; qu'il disait \u00eatre toujours en Alg\u00e9rie et qu'il serait de retour en France le 15 ao\u00fbt ; que M. X... \u00e9tait convoqu\u00e9 pour le 9 ao\u00fbt ; qu'il \u00e9tait plac\u00e9 en garde \u00e0 vue ; que dans son audition il contestait avoir fourni de faux documents \u00e0 en-t\u00eate de la pr\u00e9fecture contre r\u00e9mun\u00e9ration dans le but de faire croire \u00e0 des \u00e9trangers qu'ils \u00e9taient en possession d'un v\u00e9ritable titre de s\u00e9jour ; que les noms de MM. A..., E... et F... ne lui disaient rien, peut-\u00eatre celui de Ismet, une connaissance de bar ; que sur les photographies de MM. E... et F... qui lui \u00e9taient pr\u00e9sent\u00e9es, il reconnaissait M. F... comme \u00e9tant la connaissance de bar dont il venait de parler ; que M. E... ne lui disait rien ; qu'avant son d\u00e9part en Alg\u00e9rie, il \u00e9tait consultant en d\u00e9veloppement industriel ; qu'il avait \u00e9t\u00e9 conseill\u00e9 municipal au [...]\u00a0\u00a0\u00a0\u00a0\u00a0\u00a0\u00a0\u00a0\u00a0\u00a0\u00a0 depuis 1995 jusqu'en 2014 ; qu'il \u00e9tait vice-pr\u00e9sident de la protection civile de la [...] , adh\u00e9rent et administrateur ; qu'il \u00e9tait amen\u00e9 \u00e0 aller irr\u00e9guli\u00e8rement en pr\u00e9fecture, une fois par trimestre environ ; que dans le cadre professionnel, il connaissait du monde en pr\u00e9fecture de [...] \u00a0\u00a0 mais n'avait d\u00e9velopp\u00e9 aucun lien d'amiti\u00e9 ; qu'il n'avait jamais us\u00e9 de ses connaissances pour favoriser des dossiers de r\u00e9gularisation d'\u00e9trangers ou des dossiers de permis de conduire de personnes qui lui auraient demand\u00e9 des faveurs ; que MM. E..., F... et X... \u00e9taient confront\u00e9s le 19 ao\u00fbt 2014 ; que chacun maintenait ses d\u00e9clarations ; qu'inform\u00e9 en leur pr\u00e9sence des d\u00e9clarations de MM. E... et F..., M. X... r\u00e9futait la totalit\u00e9 de leur dire ; qu'il indiquait que M. F... mentait mais il ne savait pas pourquoi ; quant \u00e0 E..., il ne l'avait jamais vu et il ne savait pas pourquoi il avait cit\u00e9 son nom ; que MM. E..., F..., A... et X... \u00e9taient \u00e0 nouveau confront\u00e9s le 20 ao\u00fbt et restaient sur leurs d\u00e9clarations respectives ; que M. E... confirmait que lorsqu'il \u00e9tait arriv\u00e9 dans l'appartement de M. A..., le nomm\u00e9 Hayati G... \u00e9tait pr\u00e9sent et \u00e9tait en train de compter l'argent qu'il avait remis dans l'enveloppe et qu'il lui avait donn\u00e9 ; que contact\u00e9 t\u00e9l\u00e9phoniquement le 20 ao\u00fbt, M. G... indiquait que M. A... travaillait pour lui et qu'il l'avait pay\u00e9 7 500 euros pour le travail effectu\u00e9 ; que ce dernier lui avait expliqu\u00e9 que cet argent serait destin\u00e9 \u00e0 obtenir les papiers qu'il n'avait pas ; qu'entendu le 17 septembre 2014, M. G... expliquait que M. A... \u00e9tait un de ses anciens employ\u00e9 ; qu'il lui avait remis l'attestation de s\u00e9jour litigieuse pour son embauche ; que d'apr\u00e8s ce qu'il lui avait dit, c'\u00e9tait un d\u00e9nomm\u00e9 Alain qui lui avait d\u00e9livr\u00e9 ce document ; que c'est M. E... qui l'avait aid\u00e9 pour l'obtention de ce document ; que M. A... lui avait demand\u00e9 de ne plus lui verser ses salaires tout de suite et de les garder ; qu'il voulait que toute la somme lui soit vers\u00e9e en m\u00eame temps quand il en aurait besoin ; qu'en 2012, il lui avait dit qu'il avait besoin de 7 500 euros pour sa carte de s\u00e9jour et il s'\u00e9tait d\u00e9plac\u00e9 \u00e0 son domicile pour les lui donner ; que lorsqu'il \u00e9tait arriv\u00e9, M. E... \u00e9tait pr\u00e9sent ; qu'il avait donc donn\u00e9 cet argent \u00e0 M. A... qui devant lui l'avait donn\u00e9 \u00e0 Kadir ; que Mme Sabine D... \u00e9tait entendue \u00e0 la pr\u00e9fecture de [...] \u00a0\u00a0 le 20 ao\u00fbt 2014 ; qu'elle confirmait que l'attestation en cause \u00e9tait un faux ; qu'elle pensait que c'\u00e9tait un montage ; qu'elle ne connaissait pas personnellement M. X... ; qu'elle ne l'avait jamais vu ; qu'elle pr\u00e9cisait qu'une personne de ce nom lui avait envoy\u00e9, un an auparavant environ, un mail concernant une autre personne dont elle ne se souvenait plus du nom, pr\u00e9cisant qu'il faisait partie de la protection civile et qu'il intervenait en faveur d'un ressortissant \u00e9tranger ; qu'elle pensait ne pas lui avoir r\u00e9pondu car elle avait trouv\u00e9 ces d\u00e9marches d\u00e9plac\u00e9es ; que M. X... \u00e9tait entendu le 20 ao\u00fbt sur Mme D... ; qu'il expliquait que ce nom lui disait quelque chose, il croyait qu'elle travaillait en pr\u00e9fecture de [...] ; qu'il ne se rappelait plus o\u00f9 il l'avait rencontr\u00e9e ; qu'il l'avait juste crois\u00e9e ; qu'il ne se rappelait plus l'avoir sollicit\u00e9e pour une faveur quelconque du fait de son emploi en pr\u00e9fecture ; que si elle disait qu'il lui avait envoy\u00e9 un mail un an auparavant environ c'est qu'elle devait avoir les \u00e9l\u00e9ments en main ; qu'\u00e0 la question de savoir s'il demandait souvent des faveurs concernant des gens de son entourage \u00e0 des personnes ayant des postes bien plac\u00e9s, il r\u00e9pondait qu'il h\u00e9sitait entre non et rarement ; que son intervention aupr\u00e8s de Mme D... \u00e9tait certainement la seule fois o\u00f9 il avait sollicit\u00e9 une faveur bien qu'il ne s'en souvienne pas ; [",
        "] que s'agissant de l'aide au s\u00e9jour irr\u00e9gulier et du faux reproch\u00e9, la culpabilit\u00e9 du pr\u00e9venu r\u00e9sulte des d\u00e9clarations concordantes le mettant en cause de MM. E..., F... et de M. A..., et ce, m\u00eame si seul M. F... a \u00e9t\u00e9 en contact direct avec lui \u00e9tant rappel\u00e9 que Asir A... avait en sa possession un num\u00e9ro de t\u00e9l\u00e9phone qui avait effectivement \u00e9t\u00e9 attribu\u00e9 au pr\u00e9venu ; que s'il r\u00e9sulte des d\u00e9clarations de M. E... que le pr\u00e9venu n'a effectivement pas re\u00e7u les 7 500 euros donn\u00e9s par M. A... et qui devaient \u00eatre destin\u00e9s \u00e0 l'obtention du titre de s\u00e9jour, il r\u00e9sulte suffisamment de l'enqu\u00eate diligent\u00e9e et des t\u00e9moignages que le pr\u00e9venu a profit\u00e9 des relations occasionnelles qu'il pouvait avoir avec la pr\u00e9fecture de la Moselle comme faisant partie de l'association d\u00e9partementale pour la protection civile de [...]\u00a0\u00a0\u00a0\u00a0\u00a0 pour utiliser avec une pr\u00e9tendue en-t\u00eate de la pr\u00e9fecture, le tampon sign\u00e9 de la responsable du service \u00e9tranger (\u00e9tant rappel\u00e9 que le seul document saisi n'\u00e9tait qu'une simple photocopie permettant tous les montages) et ainsi \u00e9tablir une fausse attestation pour faire croire \u00e0 M. A... qu'il allait pouvoir obtenir un titre de s\u00e9jour r\u00e9gulier, le t\u00e9moignage de Mme D... qui a clairement indiqu\u00e9 se souvenir d'une intervention intempestive de l'int\u00e9ress\u00e9 en faveur d'un \u00e9tranger confortant cette culpabilit\u00e9 ;",
        "\"alors que toute personne suspect\u00e9e ou poursuivie est pr\u00e9sum\u00e9e innocente tant que sa culpabilit\u00e9 n'a pas \u00e9t\u00e9 \u00e9tablie ; qu'en retenant la culpabilit\u00e9 de M. X... sur le seul fondement des d\u00e9clarations des personnes entendues ou mise en cause au cours de l'enqu\u00eate, selon lesquelles le pr\u00e9venu aurait remis \u00e0 M. F... l'attestation litigieuse comme \u00e9manant de la pr\u00e9fecture de [...] \u00a0 \u00a0 afin de permettre \u00e0 M. A... d'obtenir une carte de s\u00e9jour, sans relever aucun \u00e9l\u00e9ment objectif mat\u00e9riellement v\u00e9rifiable de nature \u00e0 corroborer de telles affirmations, la cour d'appel n'a pas l\u00e9galement justifi\u00e9 sa d\u00e9cision\" ;",
        "Sur le troisi\u00e8me moyen de cassation, pris de la violation des articles 441-1, 441-2 du code p\u00e9nal et 593 du code de proc\u00e9dure p\u00e9nale, d\u00e9faut de motif et manque de base l\u00e9gale ;",
        "\"en ce que l'arr\u00eat attaqu\u00e9 a d\u00e9clar\u00e9 M. X... coupable de faux dans un document d\u00e9livr\u00e9e par une administration publique, puis l'a condamn\u00e9 \u00e0 la peine d'un an d'emprisonnement, a prononc\u00e9 \u00e0 son encontre une interdiction d'exercer toute fonction ou emploi public \u00e0 titre d\u00e9finitif, a d\u00e9cern\u00e9 mandat d'arr\u00eat et a statu\u00e9 sur les int\u00e9r\u00eats civils ;",
        "\"aux motifs que sur les faits de faux et d'aide au s\u00e9jour irr\u00e9gulier d'un \u00e9tranger, le 16 juillet 2013, une demande d'enqu\u00eate \u00e9tait faite par le pr\u00e9fet de la r\u00e9gion Lorraine, pr\u00e9fet de [...]\u00a0 adress\u00e9e au SPAF de [...] afin de proc\u00e9der \u00e0 une enqu\u00eate \u00e0 partir d'une attestation estampill\u00e9e de la pr\u00e9fecture de [...]\u00a0 , en date du 6 septembre 2012, pr\u00e9sent\u00e9e \u00e0 ses services par M. A... et qui semblait \u00eatre un faux car ne correspondant \u00e0 aucun document d\u00e9livr\u00e9 par la pr\u00e9fecture ; qu'il apparaissait par ailleurs que l'int\u00e9ress\u00e9 n'avait pas d\u00e9pos\u00e9 contrairement \u00e0 ce qui \u00e9tait indiqu\u00e9 dans l'attestation, une demande de titre de s\u00e9jour aupr\u00e8s des services de la pr\u00e9fecture de [...]\u00a0\u00a0\u00a0\u00a0 , \u00e9tant toujours domicili\u00e9 dans le d\u00e9partement de la Haute-Marne ; que par courrier du 8 juillet 2013, Ma\u00eetre Doll\u00e9, avocat au barreau de Metz, sollicitait la pr\u00e9fecture de [...]\u00a0\u00a0\u00a0\u00a0 pour \u00eatre tenu inform\u00e9 des suites donn\u00e9es \u00e0 l'attestation o\u00f9 il \u00e9tait indiqu\u00e9 qu'une carte de s\u00e9jour serait d\u00e9livr\u00e9e \u00e0 son client dans un d\u00e9lai de six mois ; que le document, avec en t\u00eate de la R\u00e9publique Fran\u00e7aise pr\u00e9fecture de [...]\u00a0\u00a0 , service de l'int\u00e9gration et de l'immigration avec un num\u00e9ro de t\u00e9l\u00e9phone, intitul\u00e9 attestation le pr\u00e9fet de la r\u00e9gion Lorraine pr\u00e9fet de la Moselle, attestait par la pr\u00e9sente que : \"le ressortissant Asir A..., n\u00e9 le [...] \u00a0\u00a0\u00a0\u00a0\u00a0 \u00a0\u00a0\u00a0\u00a0, demeurant [...] \u00a0 \u00a0\u00a0 \u00a0\u00a0\u00a0\u00a0\u00a0 \u00a0\u00a0 \u00a0\u00a0\u00a0\u00a0\u00a0\u00a0\u00a0\u00a0 \u00a0\u00a0\u00a0\u00a0\u00a0 \u00a0\u00a0\u00a0\u00a0 a d\u00e9pos\u00e9 le 3 septembre 2012 un dossier de demande de carte de s\u00e9jour. Cette carte lui sera d\u00e9livr\u00e9e dans les six mois apr\u00e8s ce d\u00e9p\u00f4t sous r\u00e9serve des conditions d'\u00e9ligibilit\u00e9. D\u00e8s r\u00e9ception de ce document M. A... est autoris\u00e9 \u00e0 travaill\u00e9 (sic) sous r\u00e9serve que son employeur le d\u00e9clare aupr\u00e8s de l'URSSAF de [...] \u00a0\u00a0 et caisses obligatoires. Fait pour servir et valoir ce que de droit. [...] le 6 septembre 2012\" ; que suit le tampon pour le pr\u00e9fet sign\u00e9 Sabine D... plus tampon de la pr\u00e9fecture ; que les v\u00e9rifications faites aupr\u00e8s du service de la pr\u00e9fecture confirmaient que la pr\u00e9fecture de [...] \u00a0 \u00a0\u00a0 ne d\u00e9livrait pas ce type d'attestation ; que dans le cas d'une demande de carte de s\u00e9jour, la personne venait faire sa demande soit alors que son titre \u00e9tait en cours de validit\u00e9 et il n'y avait donc pas lieu \u00e0 d\u00e9livrer un quelconque document, soit la pr\u00e9fecture de [...] \u00a0 \u00a0\u00a0 lui d\u00e9livrait un r\u00e9c\u00e9piss\u00e9 de demande de carte de s\u00e9jour ; que dans le cas de M. A..., une demande d'admission exceptionnelle avait \u00e9t\u00e9 faite et en l'\u00e9tat, il n'aurait obtenu aucun titre de s\u00e9jour ; que s'agissant du tampon au nom de Mme D..., il s'agissait de la responsable du bureau des \u00e9trangers ; qu'il existait entre 12 et 15 tampons \u00e0 son nom \u00e0 la pr\u00e9fecture ; que Mme D... signait tous les tampons \u00e9tablis \u00e0 son nom et la signature sur le tampon \u00e9tait bien la sienne \u00e9tant pr\u00e9cis\u00e9 que son tampon et son nom se trouvait sur de nombreux documents ; que l'attestation n'\u00e9tant qu'une copie, quelqu'un avait d\u00fb couper et coller le tampon dessus ; que des recherches effectu\u00e9es sur les fichiers administratifs concernant Asir A... n\u00e9 le [...] \u00a0\u00a0\u00a0\u00a0\u00a0 \u00a0\u00a0\u00a0\u00a0 r\u00e9v\u00e9lait l'existence d'un dossier \u00e9tranger : un dossier [...] \u00e0 Chaumont n\u00b0 [...]\u00a0 , reconduite fronti\u00e8re, la mesure est notifi\u00e9e au nom de Asir A... n\u00e9 le [...] \u00a0\u00a0\u00a0\u00a0\u00a0 \u00a0\u00a0\u00a0\u00a0 \u00e0 Ortakof en Turquie, s\u00e9par\u00e9, de nationalit\u00e9 turque avec un statut national, poss\u00e9dant une carte de s\u00e9jour valable du 20 janvier 2004 au 19 avril 2004 avec une validit\u00e9 territoriale non compl\u00e8te d\u00e9livr\u00e9e par [...] , son adresse \u00e9tant [...] \u00a0\u00a0\u00a0 \u00a0\u00a0\u00a0\u00a0\u00a0\u00a0\u00a0 \u00a0 \u00a0\u00a0\u00a0\u00a0\u00a0\u00a0\u00a0\u00a0\u00a0\u00a0\u00a0\u00a0 chez Mme Sylvine A... ; que les recherches effectu\u00e9es le 2 septembre 2013 6 [...] \u00a0\u00a0 \u00a0\u00a0\u00a0\u00a0\u00a0\u00a0\u00a0 \u00a0 \u00a0\u00a0\u00a0\u00a0\u00a0\u00a0\u00a0\u00a0\u00a0\u00a0\u00a0\u00a0 permettaient de d\u00e9terminer que le b\u00e2timent en question avait \u00e9t\u00e9 d\u00e9truit et que Mme Sylvine A... avait quitt\u00e9 le domicile sans laisser d'adresse le 15 novembre 2007 ; que M. A..., entendu dans le cadre d'une affaire distincte, \u00e9tait plac\u00e9 en garde \u00e0 vue le 17 octobre 2013 ; qu'il d\u00e9clarait se nommer Asir A..., n\u00e9 le [...] \u00a0\u00a0\u00a0\u00a0\u00a0 \u00a0\u00a0\u00a0\u00a0 \u00e0 Ortakoy en Turquie, de nationalit\u00e9 turque, domicili\u00e9 [...] \u00a0 \u00a0\u00a0 \u00a0\u00a0\u00a0\u00a0\u00a0 \u00a0\u00a0 \u00a0\u00a0\u00a0\u00a0\u00a0\u00a0\u00a0\u00a0 \u00a0 \u00a0\u00a0\u00a0\u00a0, \u00e9tanchiste pour un salaire de 1 300 euros par mois ; qu'il disait \u00eatre en France depuis novembre 2003 ; que l'attestation de la pr\u00e9fecture de [...] qui indiquait qu'il avait d\u00e9pos\u00e9 le 3 septembre 2012 un dossier de demande de carte de s\u00e9jour qui lui serait d\u00e9livr\u00e9e dans les six mois apr\u00e8s ce d\u00e9p\u00f4t sous r\u00e9serve des conditions d'\u00e9ligibilit\u00e9 lui appartenait ; que cette attestation lui avait \u00e9t\u00e9 d\u00e9livr\u00e9e par la pr\u00e9fecture de [...] en mars, qu'il avait perdu l'original du document 7 mois auparavant environ alors qu'il se trouvait sur un chantier \u00e0 Nancy ; qu'inform\u00e9 que l'attestation en question, comportant des fautes d'orthographe, \u00e9tait une contrefa\u00e7on, la pr\u00e9fecture de [...] ne d\u00e9livrant pas ce genre d'attestation et le cachet et la signature semblant avoir \u00e9t\u00e9 ajout\u00e9s de fa\u00e7on frauduleuse, il expliquait qu'il s'\u00e9tait fait remettre le document par l'interm\u00e9diaire de deux turcs qui lui avaient pr\u00e9sent\u00e9 un homme travaillant \u00e0 la pr\u00e9fecture de [...] \u00a0 et qui lui avait donn\u00e9 ce papier en \u00e9change de 7 500 euros ; qu'il pr\u00e9cisait qu'il n'\u00e9tait jamais all\u00e9 \u00e0 la pr\u00e9fecture de [...] pour avoir ce papier ; qu'il donnait l'identit\u00e9 des deux turcs concern\u00e9s, MM. E... et F... ainsi que l'identit\u00e9 du gars de la pr\u00e9fecture, M. X... ; qu'il ignorerait o\u00f9 ce dernier vivait ; qu'il donnait un num\u00e9ro de t\u00e9l\u00e9phone portable qui pr\u00e9cisait qu'il n'\u00e9tait plus attribu\u00e9 ; qu'il avait donn\u00e9 7 500 euros en liquide \u00e0 M. E... ; qu'au total, il devait donner 15 000 euros ; que lorsqu'il s'\u00e9tait pr\u00e9sent\u00e9 \u00e0 la pr\u00e9fecture de [...] avec cette attestation, la pr\u00e9fecture n'avait pas voulu lui d\u00e9livrer la carte de s\u00e9jour et lui avait donn\u00e9 un dossier \u00e0 remplir ; qu'il avait charg\u00e9 Ma\u00eetre Doll\u00e9 de s'occuper de son dossier concernant sa carte de s\u00e9jour ; qu'il affirmait qu'il ne savait pas que le document \u00e9tait un faux ; que par contre, il reconnaissait avoir pay\u00e9 pour obtenir frauduleusement sa carte de s\u00e9jour ; qu'il \u00e9tait \u00e0 nouveau entendu le 17 d\u00e9cembre 2013 ; qu'il pr\u00e9cisait qu'il \u00e9tait arriv\u00e9 \u00e0 [...] sans aucun titre en 2010 ; qu'il avait fait la connaissance de M. E... dans un caf\u00e9 et ils avaient sympathis\u00e9 car ils \u00e9taient de la m\u00eame r\u00e9gion en Turquie ; qu'au d\u00e9but de l'ann\u00e9e 2012, il avait dit \u00e0 Kadir qu'il n'avait aucun papier pour rester en France ; que fin juillet ou d\u00e9but ao\u00fbt 2012, Kadir l'avait appel\u00e9 pour lui dire qu'il y avait une nouvelle loi et que les personnes justifiant de 5 ans de pr\u00e9sence en France pouvaient obtenir un titre de s\u00e9jour ; qu'il lui avait pr\u00e9cis\u00e9 qu'il connaissait une personne travaillant \u00e0 la pr\u00e9fecture de [...] qui pouvait l'aider \u00e0 avoir un titre, en l'esp\u00e8ce M. X..., adjoint du pr\u00e9fet ; qu'il avait son ancien r\u00e9c\u00e9piss\u00e9 ainsi que des documents justifiant de sa pr\u00e9sence en France depuis plus de 5 ans ; qu'il s'\u00e9tait fait d\u00e9livrer le 31 ao\u00fbt 2012 un passeport par le consulat turc ; que quelques jours apr\u00e8s, Kadir lui avait dit que le gars de la pr\u00e9fecture avait besoin des photocopies de tous ces documents pour d\u00e9poser sa nouvelle demande de carte de s\u00e9jour ; que Kadir avait r\u00e9cup\u00e9r\u00e9 toutes les copies de ces documents ainsi que des photos d'identit\u00e9 qu'il s'\u00e9tait fait faire pour les d\u00e9poser \u00e0 la pr\u00e9fecture ; que lui-m\u00eame n'y \u00e9tait pas all\u00e9 ; que Kadir avait pr\u00e9cis\u00e9 qu'il fallait qu'il pr\u00e9pare 7 500 euros qu'il devait lui remettre lors de l'obtention de son titre de s\u00e9jour, somme qui devait \u00eatre vers\u00e9e dans les caisses de l'\u00c9tat ; qu'au pr\u00e9alable, pour avoir une attestation, il devait verser une autre somme de 7 500 euros ; que 10 ou 15 jours apr\u00e8s, Kadir l'avait contact\u00e9 pour lui annoncer qu'il avait obtenu un titre de s\u00e9jour qu'il lui avait apport\u00e9 personnellement \u00e0 son domicile courant septembre 2012 ; qu'en fait, c'\u00e9tait l'attestation qu'il portait sur lui lorsqu'il avait \u00e9t\u00e9 entendu par les services de police ; que lorsque que Kadir \u00e9tait venu lui apporter cette attestation, il lui avait remis la somme de 7 500 euros en liquide et en main propre ; que 5 ou 6 mois apr\u00e8s, et comme l'attestation devait \u00eatre renouvel\u00e9e, il avait demand\u00e9 \u00e0 Kadir de reprendre contact avec M. X... et c'est l\u00e0 que Kadir lui avait dit qu'en fait, il s'agissait d'une connaissance de M. F... qu'il devait contacter, ce qu'il avait fait ; qu'Ismet lui avait confirm\u00e9 qu'il connaissait bien M. X... qui lui avait fait obtenir sa carte de s\u00e9jour ; qu'un soir, Kadir l'avait appel\u00e9 pour lui dire qu'il avait re\u00e7u un coup de t\u00e9l\u00e9phone de M. X... et qu'il fallait qu'il aille \u00e0 la pr\u00e9fecture de [...]\u00a0 avec Ismet pour la d\u00e9livrance de sa carte de s\u00e9jour d\u00e9finitive ; qu'il s'\u00e9tait donc rendu \u00e0 la pr\u00e9fecture avec ses documents y compris l'attestation ; que l'enqu\u00eate montrait qu'aucun employ\u00e9 r\u00e9pondant \u00e0 l'identit\u00e9 de M. X... ne figurait sur l'organigramme de la pr\u00e9fecture de [...]\u00a0 ; que par contre, Alain X... \u00e9tait un des administrateurs de l'association d\u00e9partementale pour la protection civile de [...]\u00a0 , les services de la pr\u00e9fecture ayant recours \u00e0 cette association lors des manifestations afin que les membres de l'association assistent les pompiers en prodiguant les premiers soins \u00e0 des manifestants victimes de malaise ; que M. X..., n\u00e9 le [...] \u00a0\u00a0\u00a0\u00a0 \u00a0\u00a0\u00a0\u00a0, directeur commercial, \u00e9tait \u00e9galement conseill\u00e9 municipal \u00e0 la mairie de [...]\u00a0\u00a0\u00a0\u00a0\u00a0\u00a0\u00a0\u00a0\u00a0 ; que l'enqu\u00eate effectu\u00e9e d\u00e9montrait que le num\u00e9ro de t\u00e9l\u00e9phone portable communiqu\u00e9 par M. A... comme \u00e9tant celui de M. X... avait bien \u00e9t\u00e9 attribu\u00e9 \u00e0 ce dernier, la date de fin d'affectation de cette ligne \u00e9tant intervenue le 25 octobre 2013 ; que M. E..., n\u00e9 le [...] \u00a0\u00a0\u00a0\u00a0 \u00a0\u00a0\u00a0\u00a0 \u00e0 Ortakoy en Turquie, domicili\u00e9 \u00e0 [...] , n\u00e9gociant en automobile \u00e9tait entendu le 21 mars 2014 ; qu'il confirmait avoir fait connaissance de M. A... dans un d\u00e9bit de boissons \u00e0 [...] ; que ce dernier lui avait dit qu'il n'avait pas de papiers pour rester en France ; que s'agissant de M. X..., il ne le connaissait pas personnellement ; que c'est son copain, M. F... qui le connaissait et qui lui en avait parl\u00e9 ; qu'il lui avait dit que c'\u00e9tait M. X... qui lui avait fait avoir sa carte de s\u00e9jour quand il n'avait pas de papiers car M. X... avait des connaissances \u00e0 la pr\u00e9fecture de [...] ; qu'il affirmait n'avoir jamais aid\u00e9 M. A... pour qu'il ait des papiers ; qu'il n'avait jamais re\u00e7u de somme d'argent de sa part ; que concernant la fausse attestation de la pr\u00e9fecture de [...]\u00a0\u00a0\u00a0\u00a0 au nom de M. A... qui lui \u00e9tait pr\u00e9sent\u00e9e, il indiquait que Asir la lui avait montr\u00e9e en lui disant que c'\u00e9tait Ismet qui lui avait donn\u00e9e ; qu'Ismet lui avait dit que c'\u00e9tait M. X... qui lui avait procur\u00e9 ce document pour le remette \u00e0 Asir ; que M. F..., n\u00e9 le [...] \u00a0\u00a0 \u00a0\u00a0\u00a0\u00a0 en Turquie, domicili\u00e9 \u00e0 [...] , ma\u00e7on en ch\u00f4mage, \u00e9tait entendu le 24 mars 2014 ; qu'il expliquait conna\u00eetre M. A... \u00a0\u00a0 , mais sans plus, qui lui avait \u00e9t\u00e9 pr\u00e9sent\u00e9 par M. E... ; que s'agissant de M. X..., il l'avait connu dans un d\u00e9bit de boissons \u00e0 [...] situ\u00e9 derri\u00e8re le commissariat de police de [...] en 2011 ; qu'\u00e0 l'\u00e9poque, il avait une carte de s\u00e9jour de dix ans qui \u00e9tait p\u00e9rim\u00e9e ; que la pr\u00e9fecture de [...] ne voulait pas lui d\u00e9livrer une nouvelle carte de s\u00e9jour car son passeport turc \u00e9tait lui-m\u00eame p\u00e9rim\u00e9 ; qu'il avait rencontr\u00e9 M. X... \u00e0 qui il avait expliqu\u00e9 son probl\u00e8me ; que celui-ci lui avait dit qu'il travaillait \u00e0 la pr\u00e9fecture et qu'il pouvait l'aider ; qu'il lui avait donc remis tous les documents de son dossier et trois semaines plus tard, il avait \u00e9t\u00e9 contact\u00e9 par la pr\u00e9fecture qui lui avait remis la nouvelle carte de s\u00e9jour ; qu'il ignorait si Alain X... avait jou\u00e9 un r\u00f4le dans la d\u00e9livrance de ce document mais au cas o\u00f9, il l'avait remerci\u00e9 ; que lorsque Kadir lui avait parl\u00e9 de la situation de M. A..., il lui avait expliqu\u00e9 l'aide que lui avait apport\u00e9e M. X... et il lui avait dit que celui-ci pourrait peut-\u00eatre faire quelque chose pour M. A... ; qu'il avait parl\u00e9 \u00e0 M. X... de la situation de MM. A... et X... lui avait dit qu'il allait s'en occuper ; que M. X... lui avait remis une liste de documents \u00e0 apporter pour faire les papiers et il avait remis cette liste \u00e0 Kadir qui lui avait donn\u00e9 les documents n\u00e9cessaires qu'il avait lui-m\u00eame remis \u00e0 M. X... ; que s'agissant de l'attestation de la pr\u00e9fecture de [...] au nom de M. A..., c'est M. X... qui lui avait remis cette attestation dans une enveloppe, attestation qu'il avait remise \u00e0 son tour \u00e0 Kadir pour la donner \u00e0 Asir A... ; que M. A... ne lui avait remis aucune somme d'argent en \u00e9change ; que tout au d\u00e9but, M. X... lui avait dit qu'il voulait 7 500 euros pour faire avoir les papiers \u00e0 M. A... ; qu'il l'avait lui-m\u00eame dit \u00e0 Kadir ; que ce dernier avait dit qu'il donnerait cet argent quand il aurait la carte de s\u00e9jour de dix ans ; que plus tard, M. A... lui avait dit avoir donn\u00e9 7 500 euros \u00e0 Kadir ; qu'il ajoutait que ce dernier n'avait pas pu donner cette somme \u00e0 M. X... puisqu'il ne l'avait jamais vu et que c'\u00e9tait lui qui servait d'interm\u00e9diaire ; qu'il s'\u00e9tait d'ailleurs rendu \u00e0 la pr\u00e9fecture avec M. A... pour l'aider dans ses d\u00e9marches lorsque l'attestation fournie avait \u00e9t\u00e9 p\u00e9rim\u00e9e ; que MM. E... et A... \u00e9taient confront\u00e9s le 1er avril 2014 et chacun restait dans un premier temps sur ses d\u00e9clarations ; que M. A... confirmait avoir remis 7 500 euros \u00e0 M. E... lorsque ce dernier lui avait amen\u00e9 le document, et ce en pr\u00e9sence d'un t\u00e9moin, M. G... ; que M. E... admettait en effet que Asir lui avait remis cette somme ; qu'il avait donn\u00e9 5 000 euros \u00e0 M. F... et avec les 2 500 euros qui restaient, il avait achet\u00e9 une voiture Renault Laguna \u00e0 Ismet ; qu'il pr\u00e9cisait qu'il allait rembourser M. A... ; que MM. E... et F... \u00e9taient confront\u00e9s le 1er avril 2014 ; que M. F... maintenait ses d\u00e9clarations et M. E... ses d\u00e9clarations faites lors de la confrontation avec Asir ; que F... contestait les d\u00e9clarations de Kadir s'agissant de l'argent ; qu'il indiquait n'avoir jamais re\u00e7u d'argent ; qu'il n'avait jamais achet\u00e9 de voiture avec lui ; que de nombreuses investigations \u00e9taient faites pour retrouver la trace de M. X... qui finissait par t\u00e9l\u00e9phoner \u00e0 la police le 4 avril 2014 en d\u00e9but d'apr\u00e8s-midi ; qu'il d\u00e9clarait se trouver en Alg\u00e9rie pr\u00e9cisant qu'il serait de retour en France le 30 juin 2014 ; qu'il ne pourrait donc pas se pr\u00e9senter \u00e0 la convocation du 3 avril 2014 ; qu'il confirmait par un message le 19 juin qu'il se pr\u00e9senterait bien au service le 30 juin 2014 d\u00e8s son arriv\u00e9e en France ; que le 1er juillet, la police recevait un courrier avec accus\u00e9 de r\u00e9ception de M. X... dans lequel ce dernier pr\u00e9cisait ne pas pouvoir honorer son rendez-vous du 30 juin 2014 suite \u00e0 des probl\u00e8mes rencontr\u00e9s qu'il ne mentionnait pas ; qu'il disait \u00eatre toujours en Alg\u00e9rie et qu'il serait de retour en France le 15 ao\u00fbt ; qu'Alain X... \u00e9tait convoqu\u00e9 pour le 9 ao\u00fbt ; qu'il \u00e9tait plac\u00e9 en garde \u00e0 vue ; que dans son audition il contestait avoir fourni de faux documents \u00e0 en-t\u00eate de la pr\u00e9fecture contre r\u00e9mun\u00e9ration dans le but de faire croire \u00e0 des \u00e9trangers qu'ils \u00e9taient en possession d'un v\u00e9ritable titre de s\u00e9jour ; que les noms de MM. A..., E... et F... ne lui disaient rien, peut-\u00eatre celui de Ismet, une connaissance de bar ; que sur les photographies de MM. E... et F... qui lui \u00e9taient pr\u00e9sent\u00e9es, il reconnaissait M. F... comme \u00e9tant la connaissance de bar dont il venait de parler ; que M. E... ne lui disait rien ; qu'avant son d\u00e9part en Alg\u00e9rie, il \u00e9tait consultant en d\u00e9veloppement industriel ; qu'il avait \u00e9t\u00e9 conseill\u00e9 municipal au [...]\u00a0\u00a0\u00a0\u00a0\u00a0\u00a0\u00a0\u00a0\u00a0\u00a0\u00a0 depuis 1995 jusqu'en 2014 ; qu'il \u00e9tait vice-pr\u00e9sident de la protection civile de [...] , adh\u00e9rent et administrateur ; qu'il \u00e9tait amen\u00e9 \u00e0 aller irr\u00e9guli\u00e8rement en pr\u00e9fecture, une fois par trimestre environ ; que dans le cadre professionnel, il connaissait du monde en pr\u00e9fecture de [...] \u00a0\u00a0 mais n'avait d\u00e9velopp\u00e9 aucun lien d'amiti\u00e9 ; qu'il n'avait jamais us\u00e9 de ses connaissances pour favoriser des dossiers de r\u00e9gularisation d'\u00e9trangers ou des dossiers de permis de conduire de personnes qui lui auraient demand\u00e9 des faveurs ; que MM. E..., F... et X... \u00e9taient confront\u00e9s le 19 ao\u00fbt 2014 ; que chacun maintenait ses d\u00e9clarations ; qu'inform\u00e9 en leur pr\u00e9sence des d\u00e9clarations de MM. E... et F..., M. X... r\u00e9futait la totalit\u00e9 de leur dire ; qu'il indiquait que M. F... mentait mais il ne savait pas pourquoi ; quant \u00e0 M. E..., il ne l'avait jamais vu et il ne savait pas pourquoi il avait cit\u00e9 son nom ; que MM. E..., F..., A... et X... \u00e9taient \u00e0 nouveau confront\u00e9s le 20 ao\u00fbt et restaient sur leurs d\u00e9clarations respectives ; que M. E... confirmait que lorsqu'il \u00e9tait arriv\u00e9 dans l'appartement de M. A..., le nomm\u00e9 Hayati G... \u00e9tait pr\u00e9sent et \u00e9tait en train de compter l'argent qu'il avait remis dans l'enveloppe et qu'il lui avait donn\u00e9 ; que contact\u00e9 t\u00e9l\u00e9phoniquement le 20 ao\u00fbt, M. G... indiquait que M. A... travaillait pour lui et qu'il l'avait pay\u00e9 7 500 euros pour le travail effectu\u00e9 ; que ce dernier lui avait expliqu\u00e9 que cet argent serait destin\u00e9 \u00e0 obtenir les papiers qu'il n'avait pas ; qu'entendu le 17 septembre 2014, M. G... expliquait que M. A... \u00e9tait un de ses anciens employ\u00e9 ; qu'il lui avait remis l'attestation de s\u00e9jour litigieuse pour son embauche ; que d'apr\u00e8s ce qu'il lui avait dit, c'\u00e9tait un d\u00e9nomm\u00e9 Alain qui lui avait d\u00e9livr\u00e9 ce document ; que c'est M. E... qui l'avait aid\u00e9 pour l'obtention de ce document ; que M. A... lui avait demand\u00e9 de ne plus lui verser ses salaires tout de suite et de les garder ; qu'il voulait que toute la somme lui soit vers\u00e9e en m\u00eame temps quand il en aurait besoin ; qu'en 2012, il lui avait dit qu'il avait besoin de 7 500 euros pour sa carte de s\u00e9jour et il s'\u00e9tait d\u00e9plac\u00e9 \u00e0 son domicile pour les lui donner ; que lorsqu'il \u00e9tait arriv\u00e9, M. E... \u00e9tait pr\u00e9sent ; qu'il avait donc donn\u00e9 cet argent \u00e0 M. A... qui devant lui l'avait donn\u00e9 \u00e0 Kadir ; que Mme D... \u00e9tait entendue \u00e0 la pr\u00e9fecture de [...] \u00a0 le 20 ao\u00fbt 2014 ; qu'elle confirmait que l'attestation en cause \u00e9tait un faux ; qu'elle pensait que c'\u00e9tait un montage ; qu'elle ne connaissait pas personnellement M. X... ; qu'elle ne l'avait jamais vu ; qu'elle pr\u00e9cisait qu'une personne de ce nom lui avait envoy\u00e9, un an auparavant environ, un mail concernant une autre personne dont elle ne se souvenait plus du nom, pr\u00e9cisant qu'il faisait partie de la protection civile et qu'il intervenait en faveur d'un ressortissant \u00e9tranger ; qu'elle pensait ne pas lui avoir r\u00e9pondu car elle avait trouv\u00e9 ces d\u00e9marches d\u00e9plac\u00e9es ; que M. X... \u00e9tait entendu le 20 ao\u00fbt sur Mme D... ; qu'il expliquait que ce nom lui disait quelque chose, il croyait qu'elle travaillait en pr\u00e9fecture de [...] ; qu'il ne se rappelait plus o\u00f9 il l'avait rencontr\u00e9e ; qu'il l'avait juste crois\u00e9e ; qu'il ne se rappelait plus l'avoir sollicit\u00e9e pour une faveur quelconque du fait de son emploi en pr\u00e9fecture ; que si elle disait qu'il lui avait envoy\u00e9 un mail un an auparavant environ c'est qu'elle devait avoir les \u00e9l\u00e9ments en main ; qu'\u00e0 la question de savoir s'il demandait souvent des faveurs concernant des gens de son entourage \u00e0 des personnes ayant des postes bien plac\u00e9s, il r\u00e9pondait qu'il h\u00e9sitait entre non et rarement ; que son intervention aupr\u00e8s de Mme D... \u00e9tait certainement la seule fois o\u00f9 il avait sollicit\u00e9 une faveur bien qu'il ne s'en souvienne pas ; [",
        "] que s'agissant de l'aide au s\u00e9jour irr\u00e9gulier et du faux reproch\u00e9, la culpabilit\u00e9 du pr\u00e9venu r\u00e9sulte des d\u00e9clarations concordantes le mettant en cause de MM. E..., F... et de M. A..., et ce, m\u00eame si seul M. F... a \u00e9t\u00e9 en contact direct avec lui \u00e9tant rappel\u00e9 que M. A... avait en sa possession un num\u00e9ro de t\u00e9l\u00e9phone qui avait effectivement \u00e9t\u00e9 attribu\u00e9 au pr\u00e9venu ; que s'il r\u00e9sulte des d\u00e9clarations de M. E... que le pr\u00e9venu n'a effectivement pas re\u00e7u les 7 500 euros donn\u00e9s par M. A... et qui devaient \u00eatre destin\u00e9s \u00e0 l'obtention du titre de s\u00e9jour, il r\u00e9sulte suffisamment de l'enqu\u00eate diligent\u00e9e et des t\u00e9moignages que le pr\u00e9venu a profit\u00e9 des relations occasionnelles qu'il pouvait avoir avec la pr\u00e9fecture de [...] comme faisant partie de l'association d\u00e9partementale pour la protection civile de [...] \u00a0\u00a0 pour utiliser avec une pr\u00e9tendue en-t\u00eate de la pr\u00e9fecture, le tampon sign\u00e9 de la responsable du service \u00e9tranger (\u00e9tant rappel\u00e9 que le seul document saisi n'\u00e9tait qu'une simple photocopie permettant tous les montages) et ainsi \u00e9tablir une fausse attestation pour faire croire \u00e0 M. A... qu'il allait pouvoir obtenir un titre de s\u00e9jour r\u00e9gulier, le t\u00e9moignage de Mme D... qui a clairement indiqu\u00e9 se souvenir d'une intervention intempestive de l'int\u00e9ress\u00e9 en faveur d'un \u00e9tranger confortant cette culpabilit\u00e9 ;",
        "\"alors qu'en se bornant \u00e0 \u00e9noncer, pour d\u00e9clarer M. X... coupable de faux dans un document d\u00e9livr\u00e9 par une administration publique, qu'en raison de ses relations occasionnelles avec la pr\u00e9fecture de la Moselle, il avait acc\u00e8s au tampon sign\u00e9 de la responsable du bureau des \u00e9trangers, sans constater qu'il \u00e9tait l'auteur de l'attestation litigieuse, la cour d'appel n'a pas l\u00e9galement justifi\u00e9 sa d\u00e9cision\" ;",
        "Les moyens \u00e9tant r\u00e9unis ;"
    ],
    "decision-7": [
        "Attendu que les \u00e9nonciations de l'arr\u00eat attaqu\u00e9 et du jugement qu'il confirme mettent la Cour de cassation en mesure de s'assurer que la cour d'appel a, sans insuffisance ni contradiction, r\u00e9pondu aux chefs p\u00e9remptoires des conclusions r\u00e9guli\u00e8rement d\u00e9pos\u00e9es devant elle et caract\u00e9ris\u00e9, en tous leurs \u00e9l\u00e9ments, tant mat\u00e9riel qu'intentionnel, les d\u00e9lits dont elle a d\u00e9clar\u00e9 le pr\u00e9venu coupable ;",
        "D'o\u00f9 il suit que les moyens, qui reviennent \u00e0 remettre en question l'appr\u00e9ciation souveraine, par les juges du fond, des faits et circonstances de la cause, ainsi que des \u00e9l\u00e9ments de preuve contradictoirement d\u00e9battus, ne saurait \u00eatre accueilli ;"
    ],
    "decision-8": [
        "Sur le quatri\u00e8me moyen de cassation, pris de la violation des articles 313-1 du code p\u00e9nal et 593 du code de proc\u00e9dure p\u00e9nale, d\u00e9faut de motifs et manque de base l\u00e9gale ;",
        "\"en ce que l'arr\u00eat attaqu\u00e9 a jug\u00e9 M. X... coupable d'escroquerie, puis l'a condamn\u00e9 \u00e0 la peine d'un an d'emprisonnement, a prononc\u00e9 une interdiction d'exercer toute fonction ou emploi public \u00e0 titre d\u00e9finitif, a d\u00e9cern\u00e9 mandat d'arr\u00eat et a statu\u00e9 sur les int\u00e9r\u00eats civils ;",
        "\"aux motifs que sur les faits d'escroqueries, les r\u00e9quisitions bancaires adress\u00e9es au cours de l'enqu\u00eate aupr\u00e8s des diff\u00e9rents \u00e9tablissements o\u00f9 le pr\u00e9venu avait ouvert des comptes r\u00e9v\u00e9laient que ce dernier avait touch\u00e9 un salaire en m\u00eame temps que des prestations de p\u00f4le emploi et de la caisse primaire d'assurance maladie ; que p\u00f4le emploi d\u00e9non\u00e7ait les faits suivants : M. X... avait effectu\u00e9 une d\u00e9claration de perte d'emploi et sollicit\u00e9 des indemnit\u00e9s entre le 24 octobre 2011 et le 31 janvier 2012 puis entre le 29 f\u00e9vrier 2012 et le 28 f\u00e9vrier 2013 alors m\u00eame qu'il \u00e9tait toujours en activit\u00e9 et plus pr\u00e9cis\u00e9ment en arr\u00eat maladie ; qu'il \u00e9tait employ\u00e9 par la soci\u00e9t\u00e9 CGL et avait touch\u00e9 des prestations de la caisse primaire d'assurance-maladie correspondant \u00e0 un arr\u00eat maladie \u00e0 compter du 23 juillet 2011 jusqu'au 30 avril 2013 ; qu'au cours de l'ann\u00e9e 2012, bien que touchant des prestations de la caisse primaire d'assurance-maladie, il \u00e9tait employ\u00e9 par Sogema services du 1er ao\u00fbt au 26 octobre 2012 et \u00e0 la m\u00eame p\u00e9riode, il avait continu\u00e9 \u00e0 toucher des indemnit\u00e9s vers\u00e9es par p\u00f4le emploi ( D353) ; que le responsable de la lutte contre la fraude du p\u00f4le emploi de Lorraine expliquait que tout demandeur d'emploi devait r\u00e9actualiser sa situation mensuellement soit par courrier soit par Internet ; que l'indemnisation n'\u00e9tait effectu\u00e9e qu'en vertu de cette d\u00e9marche personnelle et n'\u00e9tait en aucun cas renouvel\u00e9e automatiquement par l'organisme ; que cela signifiait que M. X... avait effectu\u00e9 volontairement la d\u00e9marche de d\u00e9claration de recherche d'emploi en vue d'indemnisation alors m\u00eame qu'il se trouvait en situation d'emploi chez CGL puis chez Sog\u00e9ma services et qu'il avait donc fraud\u00e9 en toute connaissance de cause ; que l'attestation p\u00f4le emploi \u00e9tablie par la soci\u00e9t\u00e9 CGL mentionnait que l'int\u00e9ress\u00e9, ing\u00e9nieur commercial avait \u00e9t\u00e9 licenci\u00e9 pour faute grave le 29 septembre 2011 (rendez-vous fictifs, personnes not\u00e9es sur des notes de frais inexistantes, soci\u00e9t\u00e9 pr\u00e9tendument rencontr\u00e9e ne le connaissant pas ou n'employant pas les personnes pr\u00e9tendument rencontr\u00e9es en son nom) apr\u00e8s avoir \u00e9t\u00e9 embauch\u00e9 en janvier 2010 (sur la base d'un faux certificat de travail de l'entreprise Thyssenkrupp pour laquelle il a travaill\u00e9 du 22 juin 2005 \u00e0 avril 2008 date \u00e0 laquelle il a \u00e9t\u00e9 licenci\u00e9 pour faute grave) ; que les v\u00e9rifications effectu\u00e9es aupr\u00e8s de Sog\u00e9ma services \u00e0 Roubaix confirmaient que M. X... avait bien travaill\u00e9 au sein de l'entreprise du mois d'ao\u00fbt 2012 au mois d'octobre 2012 en qualit\u00e9 de commercial dans le domaine ferroviaire ; que l'employeur pr\u00e9cisait que M. X... n'avait rien apport\u00e9 \u00e0 l'entreprise pendant les trois mois de sa pr\u00e9sence, ne faisant rien d'autre que de leur pr\u00e9senter des notes de frais \u00e9lev\u00e9es qui n'\u00e9taient pas justifi\u00e9es, frais qu'il n'a jamais rembours\u00e9 lors de son d\u00e9part ; qu'invit\u00e9 \u00e0 r\u00e9diger un rapport sur une activit\u00e9 pr\u00e9cise, il n'avait fait que recopier un article d'un magazine ; qu'il avait \u00e9t\u00e9 mis fin \u00e0 son contrat de travail lorsque que le g\u00e9rant de la soci\u00e9t\u00e9 avait constat\u00e9 qu'il n'\u00e9tait qu'un beau parleur et un escroc ; qu'il avait per\u00e7u en ao\u00fbt 2012 un net \u00e0 payer de 2 736,04 euros, en septembre 2012 un net \u00e0 payer \u00e0 hauteur de 2 592,69 euros ; que pour le mois d'octobre, compte tenu des frais kilom\u00e9triques non justifi\u00e9s \u00e0 hauteur de 3 691,39 euros, c'est l'int\u00e9ress\u00e9 qui devait une somme de 682,92 euros ; qu'aux termes d'un courrier du 24 novembre 2014, la caisse primaire d'assurance-maladie de la Moselle d\u00e9posait plainte contre M. X... ; qu'elle exposait que ce dernier n'avait pas d\u00e9clar\u00e9 \u00e0 la caisse primaire d'assurance-maladie la reprise de deux p\u00e9riodes d'activit\u00e9 salari\u00e9e au sein de CGL du 23 juillet 2011 au 5 septembre 2011 et du 12 septembre 2011 au 29 septembre 2011 et au sein de Sog\u00e9ma services du 1er ao\u00fbt 2012 au 26 octobre 2012 alors qu'il b\u00e9n\u00e9ficiait dans le m\u00eame temps d'indemnit\u00e9s journali\u00e8res sur la p\u00e9riode du 23 juillet 2011 au 27 f\u00e9vrier 2013 et qu'il touchait par ailleurs des indemnit\u00e9s ch\u00f4mage par le p\u00f4le emploi de mani\u00e8re indue ; que la caisse primaire fixait \u00e0 6 641,03 euros le montant de son pr\u00e9judice ; que la responsable de la cellule antifraude de la caisse primaire d'assurance-maladie de [...] confirmait \u00e9galement que M. X... avait d\u00fb effectuer une d\u00e9marche de son propre chef \u00e0 savoir transmettre les arr\u00eats maladie directement aupr\u00e8s de la caisse apr\u00e8s au pr\u00e9alable s'\u00eatre rendu chez un m\u00e9decin pour se faire d\u00e9livrer un arr\u00eat ; qu'il avait effectu\u00e9 cette d\u00e9marche alors m\u00eame qu'il se trouvait en situation d'emploi chez Sog\u00e9ma services ; qu'entendu le 13 mars 2015, toujours apr\u00e8s des reports divers et vari\u00e9s de convocations, sur la plainte de p\u00f4le emploi et de la caisse primaire d'assurance-maladie, il affirmait qu'il ne savait pas qu'il devait de l'argent \u00e0 p\u00f4le emploi pas plus qu'\u00e0 la caisse primaire d'assurance-maladie ; que si tel \u00e9tait le cas, il s'engageait \u00e0 les rembourser ; que c'est les enqu\u00eateurs qui lui apprenaient qu'il aurait per\u00e7u des sommes indues ; [",
        "] que s'agissant des faits d'escroqueries, ils sont clairement \u00e9tablis par le recoupement fait par les deux victimes entre les p\u00e9riodes au cours desquelles le pr\u00e9venu a, n\u00e9cessairement du fait de ses d\u00e9clarations, per\u00e7u et des indemnit\u00e9s p\u00f4le emploi ou des indemnit\u00e9s journali\u00e8res alors que dans le m\u00eame temps, il travaillait ; qu'\u00e0 cet \u00e9gard, il n'est pas indiff\u00e9rent de rappeler que l'un des employeurs a soulign\u00e9 le fait que pendant la p\u00e9riode travaill\u00e9e, le pr\u00e9venu s'\u00e9tait fait rembourser des frais, sur la base de faux justificatifs et alors m\u00eame qu'il n'en avait engag\u00e9s aucun, ce qui avait conduit \u00e0 son licenciement pour faute ;",
        "\"alors que l'escroquerie suppose un acte positif et ne peut r\u00e9sulter d'une simple abstention ; qu'un mensonge, m\u00eame produit par \u00e9crit, ne peut constituer une manoeuvre caract\u00e9ristique du d\u00e9lit d'escroquerie, s'il ne s'y joint aucun fait ext\u00e9rieur ou acte mat\u00e9riel, aucune mise en sc\u00e8ne ou intervention d'un tiers, destin\u00e9s \u00e0 donner force et cr\u00e9dit aux all\u00e9gations mensong\u00e8res du pr\u00e9venu ; qu'en d\u00e9clarant M. X... coupable d'escroquerie, motif pris qu'il avait per\u00e7u des indemnit\u00e9s indues de p\u00f4le emploi et de la caisse primaire d'assurance maladie de [...] \u00a0 \u00a0 \u00a0 \u00a0 \u00a0\u00a0 en d\u00e9clarant une perte d'emploi et des arr\u00eats de travail \u00e0 des p\u00e9riodes o\u00f9 il exer\u00e7ait en r\u00e9alit\u00e9 une activit\u00e9 salari\u00e9e, bien qu'une abstention ou de simples d\u00e9clarations mensong\u00e8res, fussent-elles formul\u00e9es par \u00e9crit et de fa\u00e7on r\u00e9p\u00e9t\u00e9es, aient \u00e9t\u00e9 impropres \u00e0 caract\u00e9riser des manoeuvres frauduleuses constitutives du d\u00e9lit d'escroquerie, la cour d'appel a expos\u00e9 sa d\u00e9cision \u00e0 la censure de la Cour de cassation ;"
    ],
    "decision-9": [
        "Attendu que, pour dire \u00e9tabli le d\u00e9lit d'escroquerie, l'arr\u00eat prononce par les motifs repris au moyen ;",
        "Attendu qu'en se d\u00e9terminant ainsi, d\u00e8s lors que la production de certificats m\u00e9dicaux, destin\u00e9e \u00e0 donner force et cr\u00e9dit \u00e0 des d\u00e9clarations mensong\u00e8res d'arr\u00eat de travail et de perte d'emploi, caract\u00e9rise des man\u009cuvres frauduleuses ayant pu d\u00e9terminer les victimes \u00e0 verser au pr\u00e9venu des indemnit\u00e9s indues, la cour d'appel a justifi\u00e9 sa d\u00e9cision ;",
        "Qu'ainsi le moyen doit \u00eatre \u00e9cart\u00e9 ;",
        "Et attendu que l'arr\u00eat est r\u00e9gulier en la forme ;"
    ],
    "decision-10": [
        "REJETTE le pourvoi ;",
        "Ainsi fait et jug\u00e9 par la Cour de cassation, chambre criminelle, et prononc\u00e9 par le pr\u00e9sident le dix-huit octobre deux mille dix-sept ;",
        "En foi de quoi le pr\u00e9sent arr\u00eat a \u00e9t\u00e9 sign\u00e9 par le pr\u00e9sident, le rapporteur et le greffier de chambre."
    ]
}