{
    "decision-0": [
        "CIV. 1",
        "FB",
        "COUR DE CASSATION",
        "______________________",
        "Audience publique du 12 juillet 2017",
        "Cassation sans renvoi",
        "Mme X..., pr\u00e9sident",
        "Arr\u00eat n\u00b0 878 FS-P+B",
        "Pourvoi n\u00b0 U 16-22.966",
        "Aide juridictionnelle totale en demande",
        "au profit de M. Y....",
        "Admission du bureau d'aide juridictionnelle",
        "pr\u00e8s la Cour de cassation",
        "en date du 28 juin 2016.",
        "R \u00c9 P U B L I Q U E F R A N \u00c7 A I S E",
        "_________________________",
        "AU NOM DU PEUPLE FRAN\u00c7AIS",
        "_________________________",
        "LA COUR DE CASSATION, PREMI\u00c8RE CHAMBRE CIVILE, a rendu l'arr\u00eat suivant :",
        "Statuant sur le pourvoi form\u00e9 par M. Gianni Y..., domicili\u00e9 [...],",
        "contre l'ordonnance rendue le 9 f\u00e9vrier 2016 par le premier pr\u00e9sident de la cour d'appel de Paris, dans le litige l'opposant :",
        "1\u00b0/ au pr\u00e9fet de Seine-Saint-Denis, domicili\u00e9 [...],",
        "2\u00b0/ au procureur g\u00e9n\u00e9ral pr\u00e8s la cour d'appel de Paris, domicili\u00e9 [...],",
        "d\u00e9fendeurs \u00e0 la cassation ;",
        "Le demandeur invoque, \u00e0 l'appui de son pourvoi, le moyen unique de cassation annex\u00e9 au pr\u00e9sent arr\u00eat ;",
        "Vu la communication faite au procureur g\u00e9n\u00e9ral ;",
        "LA COUR, compos\u00e9e conform\u00e9ment \u00e0 l'article R. 431-5 du code de l'organisation judiciaire, en l'audience publique du 13 juin 2017, o\u00f9 \u00e9taient pr\u00e9sents : Mme X..., pr\u00e9sident, M. Z..., conseiller rapporteur, M. Matet, conseiller doyen, Mme Wallon, M. Reynis, Mmes Reygner, Bozzi, M. Acquaviva, Mme Auroy, conseillers, MM. Mansion, Roth, Mmes Mouty-Tardieu, Le Cotty, Gargoullaud, conseillers r\u00e9f\u00e9rendaires, Mme A..., avocat g\u00e9n\u00e9ral r\u00e9f\u00e9rendaire, Mme Pecquenard, greffier de chambre ;",
        "Sur le rapport de M. Z..., conseiller, les observations de la SCP Spinosi et Sureau, avocat de M. Y..., de la SCP Foussard et Froger, avocat du pr\u00e9fet de Seine-Saint-Denis, l'avis de Mme A..., avocat g\u00e9n\u00e9ral r\u00e9f\u00e9rendaire, et apr\u00e8s en avoir d\u00e9lib\u00e9r\u00e9 conform\u00e9ment \u00e0 la loi ;"
    ],
    "decision-1": [
        "Sur le moyen unique, pris en sa premi\u00e8re branche :"
    ],
    "decision-2": [
        "Vu les articles 346 et 349 du code de proc\u00e9dure civile, dans leur r\u00e9daction ant\u00e9rieure \u00e0 celle issue du d\u00e9cret n\u00b0 2017-892 du 6 mai 2017 ;",
        "Attendu que, selon le premier de ces textes, le juge, d\u00e8s qu'il a communication de la demande, doit s'abstenir jusqu'\u00e0 ce qu'il ait \u00e9t\u00e9 statu\u00e9 sur la r\u00e9cusation ; qu'aux termes du second, si le juge s'oppose \u00e0 la r\u00e9cusation ou ne r\u00e9pond pas, la demande de r\u00e9cusation est jug\u00e9e sans d\u00e9lai par la cour d'appel ;"
    ],
    "decision-3": [
        "Attendu, selon l'ordonnance attaqu\u00e9e, rendue par le premier pr\u00e9sident d'une cour d'appel, et les pi\u00e8ces de la proc\u00e9dure, que par d\u00e9cision du 28 janvier 2016, le pr\u00e9fet de Seine-Saint-Denis a plac\u00e9 en r\u00e9tention administrative M. Y..., sous le coup d'un arr\u00eat\u00e9 d'expulsion ; que, par ordonnance du 2 f\u00e9vrier 2016, le juge des libert\u00e9s et de la d\u00e9tention a prolong\u00e9 la r\u00e9tention ; que, le 5 f\u00e9vrier suivant, M. Y... a demand\u00e9 la mainlev\u00e9e de la mesure de r\u00e9tention ; que, le lendemain, son avocat a d\u00e9pos\u00e9 au greffe du juge de la libert\u00e9 et de la d\u00e9tention une requ\u00eate en r\u00e9cusation du magistrat ayant prolong\u00e9 la r\u00e9tention ; que, le m\u00eame jour, ce juge a rejet\u00e9 la demande de mainlev\u00e9e de la mesure de r\u00e9tention ;",
        "Attendu que le premier pr\u00e9sident a confirm\u00e9 la d\u00e9cision du premier juge apr\u00e8s avoir retenu que la demande de r\u00e9cusation n'\u00e9tait pas fond\u00e9e ;"
    ],
    "decision-4": [
        "Qu'en statuant ainsi, le premier pr\u00e9sident a exc\u00e9d\u00e9 ses pouvoirs et viol\u00e9 les textes susvis\u00e9s ;",
        "Vu les articles L. 411-3 du code de l'organisation judiciaire et 1015 du code de proc\u00e9dure civile ;"
    ],
    "decision-5": [
        "PAR CES MOTIFS, et sans qu'il y ait lieu de statuer sur les autres branches du moyen :",
        "CASSE ET ANNULE, en toutes ses dispositions, l'ordonnance rendue le 9 f\u00e9vrier 2016, entre les parties, par le premier pr\u00e9sident de la cour d'appel de Paris ;",
        "DIT n'y avoir lieu \u00e0 renvoi ;",
        "Vu l'article 700 du code de proc\u00e9dure civile, rejette la demande ;",
        "Dit que sur les diligences du procureur g\u00e9n\u00e9ral pr\u00e8s la Cour de cassation, le pr\u00e9sent arr\u00eat sera transmis pour \u00eatre transcrit en marge ou \u00e0 la suite de l'ordonnance cass\u00e9e ;",
        "Ainsi fait et jug\u00e9 par la Cour de cassation, premi\u00e8re chambre civile, et prononc\u00e9 par le pr\u00e9sident en son audience publique du douze juillet deux mille dix-sept."
    ],
    "decision-6": [
        "MOYEN ANNEXE au pr\u00e9sent arr\u00eat",
        "Moyen produit par la SCP Spinosi et Sureau, avocat aux Conseils, pour M. Y....",
        "Il est reproch\u00e9 \u00e0 l'ordonnance attaqu\u00e9e d'avoir rejet\u00e9 la demande de r\u00e9cusation form\u00e9e par M. Y... \u00e0 l'encontre du juge des libert\u00e9s et de la d\u00e9tention, M. B..., pour rejeter sa demande de mise en libert\u00e9 ;",
        "Aux motifs propres que \u00ab La cour consid\u00e8re que c'est par une analyse circonstanci\u00e9e et des motifs particuli\u00e8rement pertinents qu'il convient d'adopter que le premier juge a statu\u00e9 les moyens de nullit\u00e9 et de fond soulev\u00e9s devant lui et repris devant la cour sans qu'il soit n\u00e9cessaire d'apporter quelque observation, y ajoutant, sur le premier moyen tir\u00e9 d'une demande de r\u00e9cusation rejet\u00e9e par le premier juge, qu'il \u00e9chet de constater que c'est \u00e0 bon droit que le premier juge, par application de l'article 349 du code de proc\u00e9dure civile, a rejet\u00e9 la requ\u00eate d\u00e8s lors que, lorsque la loi confie \u00e0 une m\u00eame juridiction plusieurs phases sans que les parties puissent demander leur r\u00e9cusation au motif qu'ils ont d\u00e9j\u00e0 connu du litige dans une phase pr\u00e9c\u00e9dente, et sans justifier plus amplement par des motifs pr\u00e9cis et circonstanci\u00e9s le d\u00e9faut d'impartialit\u00e9 all\u00e9gu\u00e9 ; de plus fort, concernant la proc\u00e9dure vis\u00e9e, s'agissant d'une requ\u00eate R. 552-17 du code de l'entr\u00e9e et du s\u00e9jour des \u00e9trangers et du droit d'asile, si elle concerne la m\u00eame personne, ne constitue pas juridiquement une m\u00eame affaire au regard de la premi\u00e8re prolongation, la requ\u00eate provenant de l'int\u00e9ress\u00e9 lui-m\u00eame, un n\u00b0 de RG diff\u00e9rent de celui de premi\u00e8re prolongation lui \u00e9tant tr\u00e8s logiquement attribu\u00e9 ; enfin, au regard des contraintes sp\u00e9cifiques du contentieux, vu l'urgence et les d\u00e9lais pour statuer, il y a lieu de constater que l'article 346 du code de proc\u00e9dure civile ne pouvait donc, en l'esp\u00e8ce, recevoir application, et qu'il n'y avait, pour le premier juge, pas lieu de s'abstenir ; qu'il convient donc de rejeter le moyen \u00bb (ordonnance d'appel, p. 2) ;",
        "Et aux motifs adopt\u00e9s du premier juge que \u00ab SUR LA DEMANDE DE RECUSATION",
        "Attendu que le juge saisi de cette demande de mise en libert\u00e9 n'a pas statu\u00e9 sur cette demande, contrairement \u00e0 ce qui est affirm\u00e9 par le conseil du retenu et donc, n'a pas eu \u00e0 conna\u00eetre de cette affaire ; que d\u00e8s lors, les dispositions de l'article 341 du code de proc\u00e9dure civile ne peuvent s'appliquer en l'esp\u00e8ce \u00bb (ordonnance du juge des libert\u00e9s et de la d\u00e9tention, p. 2) ;",
        "Alors que, d'une part, le juge vis\u00e9 par une demande de r\u00e9cusation n'a pas le pouvoir de statuer lui-m\u00eame sur cette demande ; qu'en confirmant l'ordonnance du juge des libert\u00e9s et de la d\u00e9tention qui avait \u00e9cart\u00e9 la demande de r\u00e9cusation form\u00e9e par M. Y... \u00e0 son encontre, quand ce juge n'avait pas le pouvoir de statuer lui-m\u00eame sur cette demande, le d\u00e9l\u00e9gu\u00e9 du premier pr\u00e9sident de la cour d'appel a viol\u00e9 les articles 346 et 349 du code de proc\u00e9dure civile, ensemble l'article 6, \u00a7 1, de la Convention europ\u00e9enne des droits de l'homme ;",
        "Alors que, d'autre part, l'urgence ne permet pas au juge vis\u00e9 par une demande de r\u00e9cusation de d\u00e9roger \u00e0 son devoir d'abstention, seul un autre juge pouvant \u00eatre d\u00e9sign\u00e9 en pareil cas, en vertu du second alin\u00e9a de l'article 346 du code de proc\u00e9dure civile ; qu'en estimant, pour confirmer l'ordonnance du premier juge, que la bri\u00e8vet\u00e9 des d\u00e9lais du contentieux de la r\u00e9tention administrative justifiait d'\u00e9carter l'application du devoir d'abstention pr\u00e9vu par l'article 346 du code de proc\u00e9dure civile, quand le second alin\u00e9a de ce texte pr\u00e9voit une proc\u00e9dure sp\u00e9cifique applicable en cas d'urgence, le d\u00e9l\u00e9gu\u00e9 du premier pr\u00e9sident de la cour d'appel a viol\u00e9 l'article pr\u00e9cit\u00e9, ensemble l'article 6, \u00a7 1, de la Convention europ\u00e9enne des droits de l'homme ;",
        "Alors qu'enfin, sont nuls les actes accomplis par le juge vis\u00e9 par une demande de r\u00e9cusation, si celui-ci a eu connaissance de cette demande et tant que la cour d'appel ne s'est pas prononc\u00e9e sur celle-ci ; qu'en rejetant le moyen tir\u00e9 de la nullit\u00e9 de l'ordonnance du premier juge soulev\u00e9 par M. Y..., afin de confirmer celle-ci, quand il avait constat\u00e9 que ce juge avait statu\u00e9 sur le fond de l'affaire alors qu'il avait connaissance de la demande de r\u00e9cusation qui le visait sur laquelle la cour d'appel n'avait pas encore statu\u00e9, le d\u00e9l\u00e9gu\u00e9 du premier pr\u00e9sident de la cour d'appel a viol\u00e9 les articles 346 et 354 du code de proc\u00e9dure civile, ensemble l'article 6, \u00a7 1, de la Convention europ\u00e9enne des droits de l'homme."
    ]
}