{
    "decision-0": [
        "CIV. 1",
        "MF",
        "COUR DE CASSATION",
        "______________________",
        "Audience publique du 13 septembre 2017",
        "Cassation partielle sans renvoi",
        "Mme BATUT, pr\u00e9sident",
        "Arr\u00eat n\u00b0 969 F-D",
        "Pourvoi n\u00b0 B 16-27.826",
        "R \u00c9 P U B L I Q U E F R A N \u00c7 A I S E",
        "_________________________",
        "AU NOM DU PEUPLE FRAN\u00c7AIS",
        "_________________________",
        "LA COUR DE CASSATION, PREMI\u00c8RE CHAMBRE CIVILE, a rendu l'arr\u00eat suivant :",
        "Statuant sur le pourvoi form\u00e9 par le pr\u00e9fet de l'H\u00e9rault, domicili\u00e9 [...] \u00a0\u00a0\u00a0 \u00a0\u00a0\u00a0\u00a0\u00a0\u00a0\u00a0 \u00a0\u00a0 \u00a0\u00a0 \u00a0\u00a0\u00a0\u00a0\u00a0\u00a0\u00a0\u00a0\u00a0\u00a0\u00a0 \u00a0\u00a0\u00a0\u00a0\u00a0 \u00a0\u00a0\u00a0\u00a0\u00a0\u00a0\u00a0\u00a0\u00a0\u00a0\u00a0,",
        "contre l'ordonnance rendue le 28 novembre 2016 par le premier pr\u00e9sident de la cour d'appel de Montpellier, dans le litige l'opposant :",
        "1\u00b0/ \u00e0 M. Halid X..., domicili\u00e9 chez M. Z... X... [...] \u00a0\u00a0\u00a0\u00a0\u00a0 \u00a0\u00a0\u00a0\u00a0\u00a0\u00a0\u00a0\u00a0 \u00a0\u00a0\u00a0\u00a0\u00a0 \u00a0\u00a0\u00a0\u00a0\u00a0 \u00a0\u00a0\u00a0\u00a0\u00a0\u00a0\u00a0,",
        "2\u00b0/ au procureur g\u00e9n\u00e9ral pr\u00e8s la cour d'appel de Montpellier, domicili\u00e9 [...] \u00a0\u00a0\u00a0\u00a0\u00a0\u00a0\u00a0 \u00a0\u00a0\u00a0\u00a0\u00a0\u00a0\u00a0\u00a0 \u00a0 \u00a0\u00a0\u00a0 \u00a0\u00a0 \u00a0\u00a0\u00a0\u00a0\u00a0\u00a0\u00a0\u00a0 \u00a0\u00a0\u00a0\u00a0\u00a0 \u00a0\u00a0\u00a0\u00a0\u00a0 \u00a0\u00a0\u00a0\u00a0\u00a0\u00a0\u00a0\u00a0\u00a0\u00a0\u00a0 \u00a0\u00a0\u00a0\u00a0\u00a0 \u00a0,",
        "d\u00e9fendeurs \u00e0 la cassation ;",
        "Le demandeur invoque, \u00e0 l'appui de son pourvoi, le moyen unique de cassation annex\u00e9 au pr\u00e9sent arr\u00eat ;",
        "Vu la communication faite au procureur g\u00e9n\u00e9ral ;",
        "LA COUR, en l'audience publique du 27 juin 2017, o\u00f9 \u00e9taient pr\u00e9sents : Mme Batut, pr\u00e9sident, Mme Y..., conseiller r\u00e9f\u00e9rendaire rapporteur, M. Matet, conseiller doyen, Mme Pecquenard, greffier de chambre ;",
        "Sur le rapport de Mme Y..., conseiller r\u00e9f\u00e9rendaire, les observations de la SCP Fabiani, Luc-Thaler et Pinatel, avocat du pr\u00e9fet de l'H\u00e9rault, l'avis de M. Bernard de La Gatinais, premier avocat g\u00e9n\u00e9ral, et apr\u00e8s en avoir d\u00e9lib\u00e9r\u00e9 conform\u00e9ment \u00e0 la loi ;"
    ],
    "decision-1": [
        "Sur le moyen unique, pris en sa premi\u00e8re branche :"
    ],
    "decision-2": [
        "Vu l'article L. 552-4 du code de l'entr\u00e9e et du s\u00e9jour des \u00e9trangers et du droit d'asile ;"
    ],
    "decision-3": [
        "Attendu, selon l'ordonnance attaqu\u00e9e, rendue par le premier pr\u00e9sident d'une cour d'appel, et les pi\u00e8ces de la proc\u00e9dure, que M. X..., de nationalit\u00e9 mont\u00e9n\u00e9grine, a \u00e9t\u00e9 plac\u00e9 en r\u00e9tention administrative le 23 novembre 2016 ; que le juge des libert\u00e9s et de la d\u00e9tention, saisi par le pr\u00e9fet, a prolong\u00e9 cette mesure ;",
        "Attendu que, pour infirmer cette d\u00e9cision et assigner \u00e0 r\u00e9sidence M. X..., l'ordonnance \u00e9nonce que celui-ci pr\u00e9sente une carte individuelle d'admission \u00e0 l'aide m\u00e9dicale d'Etat et une attestation d'h\u00e9bergement au domicile d'un cousin o\u00f9 vivent sa femme et son fils, n\u00e9 en France le [...] \u00a0\u00a0\u00a0\u00a0 \u00a0\u00a0\u00a0\u00a0 ;"
    ],
    "decision-4": [
        "Qu'en statuant ainsi, sans constater que l'\u00e9tranger disposait d'un passeport en cours de validit\u00e9, le premier pr\u00e9sident a viol\u00e9 le texte susvis\u00e9 ;",
        "Et vu l'article L. 411-3 du code de l'organisation judiciaire, dont l'application est sugg\u00e9r\u00e9e par le m\u00e9moire ampliatif ;"
    ],
    "decision-5": [
        "PAR CES MOTIFS, et sans qu'il y ait lieu de statuer sur les autres branches du moyen :",
        "CASSE ET ANNULE, sauf en ce qu'elle d\u00e9clare l'appel recevable, l'ordonnance rendue le 28 novembre 2016, entre les parties, par le premier pr\u00e9sident de la cour d'appel de Montpellier ;",
        "DIT n'y avoir lieu \u00e0 renvoi ;",
        "Dit que sur les diligences du procureur g\u00e9n\u00e9ral pr\u00e8s la Cour de cassation, le pr\u00e9sent arr\u00eat sera transmis pour \u00eatre transcrit en marge ou \u00e0 la suite de l'ordonnance partiellement cass\u00e9e ;",
        "Ainsi fait et jug\u00e9 par la Cour de cassation, premi\u00e8re chambre civile, et prononc\u00e9 par le pr\u00e9sident en son audience publique du treize septembre deux mille dix-sept."
    ],
    "decision-6": [
        "MOYEN ANNEXE au pr\u00e9sent arr\u00eat",
        "Moyen produit par la SCP Fabiani, Luc-Thaler et Pinatel, avocat aux Conseils, pour le pr\u00e9fet de l'H\u00e9rault.",
        "Il est fait grief \u00e0 l'ordonnance attaqu\u00e9e d'AVOIR infirm\u00e9 l'ordonnance du juge des libert\u00e9s et de la d\u00e9tention du tribunal de grande instance de Montpellier et d'AVOIR ordonn\u00e9 l'assignation \u00e0 r\u00e9sidence de M. X... chez son cousin M. Z... X... , [...] \u00a0\u00a0\u00a0\u00a0 \u00a0\u00a0 \u00a0\u00a0\u00a0\u00a0\u00a0\u00a0\u00a0\u00a0 \u00a0\u00a0\u00a0\u00a0 \u00a0 \u00a0\u00a0\u00a0\u00a0\u00a0\u00a0\u00a0 avec l'obligation de pointer deux fois par semaine les mardi et vendredi \u00e0 compter du mardi 29 novembre 2016 au commissariat central de B\u00e9ziers.",
        "AUX MOTIFS QUE \u00abM. Halid X... est en situation irr\u00e9guli\u00e8re en France ; mais il pr\u00e9sente une carte individuelle d'admission \u00e0 l'aide m\u00e9dicale d'Etat, une attestation d'h\u00e9bergement \u00e0 B\u00e9ziers chez son cousin : M. X... A... \u2013 [...] \u00a0 , o\u00f9 vivent sa femme et son fils n\u00e9 en France et pris en charge pour des probl\u00e8mes de sant\u00e9 par l'h\u00f4pital Arnaud de Villeneuve \u00e0 Montpellier, depuis sa naissance le 14 juillet 2014 ; que depuis la loi du 7 mars 2016, entr\u00e9e en vigueur le 1er novembre 2016, l'assignation \u00e0 r\u00e9sidence est devenue la r\u00e8gle ; qu'en l'esp\u00e8ce l'int\u00e9ress\u00e9 pr\u00e9sente des garanties de pr\u00e9sentation suffisantes pour \u00eatre assign\u00e9 \u00e0 r\u00e9sidence comme il le sollicite ; qu'il y a donc lieu de l'assigner avec l'obligation de pointer deux fois par semaine les mardi et vendredi \u00e0 compter du mardi 29 novembre 2016 au commissariat central de B\u00e9ziers \u00bb.",
        "ALORS, en premier lieu, QUE le juge des libert\u00e9s et de la d\u00e9tention, statuant par ordonnance unique sur une demande de prolongation du placement en r\u00e9tention administrative et sur une requ\u00eate dirig\u00e9e contre la d\u00e9cision initiale de placement, peut ordonner l'assignation \u00e0 r\u00e9sidence de l'\u00e9tranger lorsque celui-ci dispose de garanties de repr\u00e9sentation effectives, apr\u00e8s remise \u00e0 un service de police ou \u00e0 une unit\u00e9 de gendarmerie l'original du passeport et de tout document justificatif de son identit\u00e9, en \u00e9change d'un r\u00e9c\u00e9piss\u00e9 valant justification de l'identit\u00e9 et sur lequel est port\u00e9e la mention de la mesure d'\u00e9loignement en instance d'ex\u00e9cution ; que ces exigences s'appliquent au premier pr\u00e9sident de la cour d'appel ou \u00e0 son d\u00e9l\u00e9gu\u00e9 statuant sur l'appel interjet\u00e9 contre l'ordonnance du juge des libert\u00e9s et de la d\u00e9tention ; que pour assigner M. X... \u00e0 r\u00e9sidence, le d\u00e9l\u00e9gu\u00e9 du premier pr\u00e9sident a retenu qu'il pr\u00e9sentait une carte individuelle d'admission \u00e0 l'aide m\u00e9dicale d'Etat ; qu'en se d\u00e9terminant ainsi, sans constater la remise \u00e0 un service de police ou de gendarmerie de tout document justificatif de l'identit\u00e9 de l'int\u00e9ress\u00e9 et, \u00e0 tout le moins, d'un passeport, le d\u00e9l\u00e9gu\u00e9 du premier pr\u00e9sident a viol\u00e9 l'article L. 552-4 du code de l'entr\u00e9e et du s\u00e9jour des \u00e9trangers et du droit d'asile ;",
        "ALORS, en second lieu, QUE, l'assignation \u00e0 r\u00e9sidence concernant un \u00e9tranger qui s'est pr\u00e9alablement soustrait \u00e0 l'ex\u00e9cution d'une obligation de quitter le territoire fran\u00e7ais en vigueur doit faire l'objet d'une motivation sp\u00e9ciale ; qu'en l'esp\u00e8ce, il ressortait de l'arr\u00eat\u00e9 du 15 novembre 2016 vis\u00e9 par l'ordonnance attaqu\u00e9e, et dont le contenu n'\u00e9tait contest\u00e9 par aucune des parties, que M. X... a fait l'objet d'un arr\u00eat\u00e9 portant obligation de quitter le territoire avec d\u00e9lai le 23 avril 2015, non contest\u00e9 par l'int\u00e9ress\u00e9 et non ex\u00e9cut\u00e9 ; qu'en se bornant \u00e0 retenir que M. X... pr\u00e9sentait des garanties de repr\u00e9sentation suffisantes pour \u00eatre assign\u00e9 \u00e0 r\u00e9sidence, sans motiver sp\u00e9cialement sa d\u00e9cision comme il y \u00e9tait tenu, le premier pr\u00e9sident de la cour d'appel a viol\u00e9 l'article L. 552-4 du code de l'entr\u00e9e et de s\u00e9jour des \u00e9trangers et du droit d'asile.",
        "ET ALORS, enfin, QUE l'\u00e9tranger assign\u00e9 \u00e0 r\u00e9sidence sur ordonnance du juge des libert\u00e9s et de la d\u00e9tention doit se pr\u00e9senter quotidiennement aux services de police ou aux unit\u00e9s de gendarmerie territorialement comp\u00e9tents au regard du lieu d'assignation, en vue de l'ex\u00e9cution de la mesure d'\u00e9loignement ; qu'il n'appartient pas au juge d'adapter la p\u00e9riodicit\u00e9 de cette obligation l\u00e9gale de pr\u00e9sentation de l'\u00e9tranger pour quelque motif que ce soit ; qu'en assignant M. X... \u00e0 r\u00e9sidence avec obligation de ne pointer au commissariat central de B\u00e9ziers que les mardi et vendredi et non quotidiennement, la cour d'appel a viol\u00e9 l'article L. 522-5 du code de l'entr\u00e9e et du s\u00e9jour des \u00e9trangers et du droit d'asile."
    ]
}