{
    "decision-0": [
        "CIV. 1",
        "FB",
        "COUR DE CASSATION",
        "______________________",
        "Audience publique du 11 octobre 2017",
        "Cassation sans renvoi",
        "Mme BATUT, pr\u00e9sident",
        "Arr\u00eat n\u00b0 1093 F-D",
        "Pourvoi n\u00b0 C 16-24.814",
        "Aide juridictionnelle totale en demande",
        "au profit de M. X....",
        "Admission du bureau d'aide juridictionnelle",
        "pr\u00e8s la Cour de cassation",
        "en date du 28 juin 2016.",
        "R \u00c9 P U B L I Q U E F R A N \u00c7 A I S E",
        "_________________________",
        "AU NOM DU PEUPLE FRAN\u00c7AIS",
        "_________________________",
        "LA COUR DE CASSATION, PREMI\u00c8RE CHAMBRE CIVILE, a rendu l'arr\u00eat suivant :",
        "Statuant sur le pourvoi form\u00e9 par M. Oumar X..., domicili\u00e9 [...] \u00a0 \u00a0\u00a0\u00a0\u00a0\u00a0\u00a0\u00a0 \u00a0\u00a0 \u00a0\u00a0\u00a0 \u00a0\u00a0\u00a0\u00a0\u00a0\u00a0\u00a0\u00a0 \u00a0\u00a0\u00a0\u00a0\u00a0 \u00a0\u00a0\u00a0\u00a0\u00a0,",
        "contre l'ordonnance rendue le 25 f\u00e9vrier 2016 par le premier pr\u00e9sident de la cour d'appel de Paris, dans le litige l'opposant :",
        "1\u00b0/ au pr\u00e9fet des Yvelines, domicili\u00e9 [...]\u00a0 \u00a0\u00a0 \u00a0\u00a0\u00a0\u00a0\u00a0\u00a0\u00a0\u00a0\u00a0\u00a0\u00a0\u00a0\u00a0\u00a0 \u00a0 \u00a0\u00a0\u00a0 \u00a0\u00a0\u00a0\u00a0 \u00a0\u00a0\u00a0\u00a0\u00a0\u00a0\u00a0 \u00a0\u00a0\u00a0\u00a0\u00a0 \u00a0\u00a0\u00a0\u00a0\u00a0\u00a0\u00a0\u00a0\u00a0\u00a0 \u00a0\u00a0\u00a0\u00a0\u00a0,",
        "2\u00b0/ au procureur g\u00e9n\u00e9ral pr\u00e8s la cour d'appel de Versailles, domicili\u00e9 [...] \u00a0\u00a0\u00a0\u00a0\u00a0\u00a0\u00a0 \u00a0\u00a0\u00a0\u00a0\u00a0\u00a0\u00a0\u00a0 \u00a0 \u00a0\u00a0\u00a0 \u00a0\u00a0\u00a0\u00a0\u00a0\u00a0\u00a0 \u00a0\u00a0\u00a0\u00a0\u00a0 \u00a0\u00a0\u00a0\u00a0\u00a0\u00a0\u00a0\u00a0\u00a0\u00a0,",
        "d\u00e9fendeurs \u00e0 la cassation ;",
        "Le demandeur invoque, \u00e0 l'appui de son pourvoi, le moyen unique de cassation annex\u00e9 au pr\u00e9sent arr\u00eat ;",
        "Vu la communication faite au procureur g\u00e9n\u00e9ral ;",
        "LA COUR, en l'audience publique du 12 septembre 2017, o\u00f9 \u00e9taient pr\u00e9sents : Mme Batut, pr\u00e9sident, Mme Y..., conseiller r\u00e9f\u00e9rendaire rapporteur, M. Matet, conseiller doyen, Mme Pecquenard, greffier de chambre ;",
        "Sur le rapport de Mme Y..., conseiller r\u00e9f\u00e9rendaire, les observations de la SCP Coutard et Munier-Apaire, avocat de M. X..., l'avis de M. Z..., avocat g\u00e9n\u00e9ral, et apr\u00e8s en avoir d\u00e9lib\u00e9r\u00e9 conform\u00e9ment \u00e0 la loi ;"
    ],
    "decision-1": [
        "Sur le moyen unique, pris en sa troisi\u00e8me branche :"
    ],
    "decision-2": [
        "Vu l'article L. 554-1 du code de l'entr\u00e9e et du s\u00e9jour des \u00e9trangers et du droit d'asile ;",
        "Attendu qu'il r\u00e9sulte de ce texte qu'un \u00e9tranger ne peut \u00eatre plac\u00e9 ou maintenu en r\u00e9tention que pour le temps strictement n\u00e9cessaire \u00e0 son d\u00e9part, l'administration \u00e9tant tenue d'exercer toutes diligences \u00e0 cet effet d\u00e8s le placement en r\u00e9tention ;"
    ],
    "decision-3": [
        "Attendu, selon l'ordonnance attaqu\u00e9e, rendue par le premier pr\u00e9sident d'une cour d'appel, et les pi\u00e8ces de la proc\u00e9dure, que M. X..., de nationalit\u00e9 s\u00e9n\u00e9galaise, en situation irr\u00e9guli\u00e8re en France, a \u00e9t\u00e9 interpell\u00e9 par les fonctionnaires de police le jeudi 18 f\u00e9vrier 2016, \u00e0 2 heures 40 et plac\u00e9 en garde \u00e0 vue ; que, le m\u00eame jour, le pr\u00e9fet a pris \u00e0 son encontre un arr\u00eat\u00e9 portant obligation de quitter le territoire fran\u00e7ais et une d\u00e9cision de placement en r\u00e9tention administrative qui lui \u00e9t\u00e9 notifi\u00e9e \u00e0 17 heures 35 ;",
        "Attendu que, pour prolonger cette mesure, l'ordonnance retient, par motifs adopt\u00e9s, que le pr\u00e9fet justifie avoir accompli les diligences utiles en saisissant le consulat du S\u00e9n\u00e9gal, le lundi 22 f\u00e9vrier 2016 \u00e0 8 heures 53, premier jour ouvrable d\u00e8s le placement en r\u00e9tention, les consulats n'assurant pas de permanence en soir\u00e9e ou pendant les fins de semaine ;"
    ],
    "decision-4": [
        "Qu'en statuant ainsi, alors qu'il r\u00e9sultait de ses propres constatations que la saisine des autorit\u00e9s consulaires \u00e9tait intervenue quatre jours apr\u00e8s le placement en r\u00e9tention, sans justification de circonstances impr\u00e9visibles, insurmontables et ext\u00e9rieures emp\u00eachant l'administration d'agir, le premier pr\u00e9sident a viol\u00e9 le texte susvis\u00e9 ;",
        "Et vu les articles L. 411-3 du code de l'organisation judiciaire et 1015 du code de proc\u00e9dure civile ;"
    ],
    "decision-5": [
        "PAR CES MOTIFS, et sans qu'il y ait lieu de statuer sur les autres branches du moyen :",
        "CASSE ET ANNULE, en toutes ses dispositions, l'ordonnance rendue le 25 f\u00e9vrier 2016, entre les parties, par le premier pr\u00e9sident de la cour d'appel de Paris ;",
        "DIT n'y avoir lieu \u00e0 renvoi ;",
        "Vu l'article 700 du code de proc\u00e9dure civile, rejette la demande ;",
        "Dit que sur les diligences du procureur g\u00e9n\u00e9ral pr\u00e8s la Cour de cassation, le pr\u00e9sent arr\u00eat sera transmis pour \u00eatre transcrit en marge ou \u00e0 la suite de l'ordonnance cass\u00e9e ;",
        "Ainsi fait et jug\u00e9 par la Cour de cassation, premi\u00e8re chambre civile, et prononc\u00e9 par le pr\u00e9sident en son audience publique du onze octobre deux mille dix-sept."
    ],
    "decision-6": [
        "MOYEN ANNEXE au pr\u00e9sent arr\u00eat",
        "Moyen produit par la SCP Coutard et Munier-Apaire, avocat aux Conseils, pour M. X....",
        "Il est fait grief \u00e0 l'ordonnance confirmative attaqu\u00e9e d'AVOIR ordonn\u00e9 la prolongation de la r\u00e9tention de M. Oumar X... au centre de r\u00e9tention administrative n\u00b02 du [...] (...) ou dans tout autre centre ne d\u00e9pendant pas de l'administration p\u00e9nitentiaire, pour une dur\u00e9e de vingt jours \u00e0 compter du 23 f\u00e9vrier 2016 \u00e0 17h35 ;",
        "AUX MOTIFS PROPRES QUE \u00ab la cour consid\u00e8re que c'est par une analyse circonstanci\u00e9e et des motifs particuli\u00e8rement pertinents qu'il convient d'adopter que le premier juge a statu\u00e9 sur les moyens de nullit\u00e9 et de fond soulev\u00e9s devant lui et repris devant la cour tout en observant sur le premier moyen, que l'int\u00e9ress\u00e9 ne justifie d'aucun grief caract\u00e9ris\u00e9, et au fond, que l'administration en saisissant les autorit\u00e9s consulaires du S\u00e9n\u00e9gal par t\u00e9l\u00e9copie adress\u00e9e le 22 f\u00e9vrier 2016 a effectu\u00e9 toutes les diligences utiles lui incombant ; qu'il convient en cons\u00e9quence de confirmer l'ordonnance querell\u00e9e \u00bb ;",
        "ET AUX MOTIFS EVENTUELLEMENT ADOPTES QUE \u00ab sur les moyens de nullit\u00e9 ; sur le moyen unique selon lequel les droits aff\u00e9rents \u00e0 la garde \u00e0 vue auraient \u00e9t\u00e9 notifi\u00e9s tardivement ; attendu que selon la proc\u00e9dure, l'interpellation de l'int\u00e9ress\u00e9 et d'une autre personne a eu lieu \u00e0 2 heures 40 minutes ; que la notification des droits relatifs \u00e0 cette mesure a eu lieu 40 minutes apr\u00e8s, d\u00e9lai qui comprend \u00e9galement le temps de transport au commissariat ; que ce d\u00e9lai de 40 minutes n'apparait pas d\u00e9raisonnable, peu important le fait que l'int\u00e9ress\u00e9 n'ait pas exerc\u00e9 l'un des droits qui lui \u00e9tait notifi\u00e9 ; sur le fond, attendu que la proc\u00e9dure est r\u00e9guli\u00e8re ; attendu qu'il ressort de l'examen de l'examen des pi\u00e8ces jointes \u00e0 la requ\u00eate et des mentions figurant au registre pr\u00e9vu \u00e0 l'article L.553-1 du Code de l'entr\u00e9e et du s\u00e9jour des \u00e9trangers et du droit d'asile que la personne retenue a \u00e9t\u00e9, dans les meilleurs d\u00e9lais suivant la notification de la d\u00e9cision de placement en r\u00e9tention, pleinement inform\u00e9e de ses droits et plac\u00e9e en \u00e9tat de les faire valoir \u00e0 compter de son arriv\u00e9e au lieu de r\u00e9tention ; attendu que la mesure d'\u00e9loignement n'a pu \u00eatre mise \u00e0 ex\u00e9cution dans le d\u00e9lai de cinq jours qui s'est \u00e9coul\u00e9 depuis la d\u00e9cision de placement en r\u00e9tention ; attendu que l'administration justifie avoir accompli toute diligence pour saisir le consulat comp\u00e9tent d\u00e8s le premier jour ouvrable, soit le lundi 22 f\u00e9vrier, \u00e0 8 heures 53 pour un placement en r\u00e9tention le jeudi \u00e0 17 heures 35, sachant que les consulats n'organisent pas de permanence en soir\u00e9e ou le weekend ; attendu qu'en d\u00e9finitive, rien ne s'oppose \u00e0 ce que soit ordonn\u00e9e la prolongation de la r\u00e9tention administrative de la personne vis\u00e9e par la requ\u00eate du pr\u00e9fet \u00bb ;",
        "1\u00b0) ALORS, D'UNE PART, QU'un \u00e9tranger ne peut \u00eatre plac\u00e9 ou maintenu en r\u00e9tention que pour le temps strictement n\u00e9cessaire \u00e0 son d\u00e9part ; que l'administration doit exercer toute diligence \u00e0 cet effet, et ce d\u00e8s le placement en d\u00e9tention ; que pour ordonner la prolongation du maintien en r\u00e9tention administrative de M. X..., le Premier pr\u00e9sident a jug\u00e9 que l'administration, en saisissant les autorit\u00e9s consulaires du S\u00e9n\u00e9gal par t\u00e9l\u00e9copie adress\u00e9e le lundi 22 f\u00e9vrier 2016, \u00e0 8 heures 53, avait effectu\u00e9 toutes les diligences utiles lui incombant car l'administration justifiait avoir accompli toute diligence pour saisir le consulat comp\u00e9tent, d\u00e8s le premier jour ouvrable, pour un placement en [r\u00e9tention] le vendredi \u00e0 17 heures 35 ; qu'en statuant ainsi, quand M. A... avait \u00e9t\u00e9 plac\u00e9 en r\u00e9tention le jeudi 18 f\u00e9vrier 2016 \u00e0 17 heures 35, de sorte que le premier jour ouvrable suivant le placement en r\u00e9tention \u00e9tait le vendredi 19 f\u00e9vrier 2016, le Premier pr\u00e9sident de la Cour d'appel a viol\u00e9 l'article L.554-1 du Code de l'entr\u00e9e et du s\u00e9jour des \u00e9trangers et du droit d'asile ;",
        "2\u00b0) ALORS, D'AUTRE PART, QU'un \u00e9tranger ne peut \u00eatre plac\u00e9 ou maintenu en r\u00e9tention que pour le temps strictement n\u00e9cessaire \u00e0 son d\u00e9part ; que l'administration doit exercer toute diligence \u00e0 cet effet, et ce d\u00e8s le placement en d\u00e9tention ; que pour ordonner la prolongation du maintien en r\u00e9tention administrative de M. X..., le Premier pr\u00e9sident a jug\u00e9 que l'administration avait effectu\u00e9 toutes les diligences utiles lui incombant en saisissant les autorit\u00e9s consulaires du S\u00e9n\u00e9gal par t\u00e9l\u00e9copie adress\u00e9e le lundi 22 f\u00e9vrier 2016 pour un placement en [r\u00e9tention] le vendredi \u00e0 17 heures 35, \u00ab sachant que les consulats n'organisent pas de permanence en soir\u00e9e ou le weekend \u00bb ; qu'en statuant par voie d'affirmation g\u00e9n\u00e9rale, sans rechercher si les autorit\u00e9s consulaires du S\u00e9n\u00e9gal, seules comp\u00e9tentes en l'esp\u00e8ce, n'organisaient pas de services de permanence habilit\u00e9s \u00e0 agir en soir\u00e9e ou pendant le weekend, le Premier pr\u00e9sident de la cour d'appel a priv\u00e9 sa d\u00e9cision de base l\u00e9gale au regard de l'article L.554-1 du Code de l'entr\u00e9e et du s\u00e9jour des \u00e9trangers et du droit d'asile ;",
        "3\u00b0) ALORS, EN TOUT ETAT DE CAUSE, QU'\u00e0 supposer exacte l'affirmation selon laquelle les consulats n'organisent pas de services de permanence en soir\u00e9e et le weekend, le Premier pr\u00e9sident ne pouvait juger que l'administration justifiait avoir accompli les diligences utiles lui incombant en saisissant les autorit\u00e9s consulaires s\u00e9n\u00e9galaises par t\u00e9l\u00e9copie adress\u00e9e seulement le lundi suivant, soit le 22 f\u00e9vrier 2016, quand elle \u00e9tait en mesure de les saisir effectivement par voie de t\u00e9l\u00e9copie d\u00e8s le jour du placement en d\u00e9tention le jeudi 18 f\u00e9vrier 2016 \u00e0 17 heures 35 et qu'elle ne justifiait d'aucune impossibilit\u00e9 d'y proc\u00e9der ; qu'en statuant de la sorte, le Premier pr\u00e9sident de la cour d'appel a viol\u00e9 l'article L.554-1 du Code de l'entr\u00e9e et du s\u00e9jour des \u00e9trangers et du droit d'asile."
    ]
}