{
    "decision-0": [
        "CIV. 1",
        "CGA",
        "COUR DE CASSATION",
        "______________________",
        "Audience publique du 15 juin 2017",
        "Cassation partielle",
        "sans renvoi",
        "Mme BATUT, pr\u00e9sident",
        "Arr\u00eat n\u00b0 783 F-D",
        "Pourvoi n\u00b0 P 16-22.961",
        "Aide juridictionnelle totale en demande",
        "au profit de M. X....",
        "Admission du bureau d'aide juridictionnelle",
        "pr\u00e8s la Cour de cassation",
        "en date du 28 juin 2016.",
        "R \u00c9 P U B L I Q U E F R A N \u00c7 A I S E",
        "_________________________",
        "AU NOM DU PEUPLE FRAN\u00c7AIS",
        "_________________________",
        "LA COUR DE CASSATION, PREMI\u00c8RE CHAMBRE CIVILE, a rendu l'arr\u00eat suivant :",
        "Statuant sur le pourvoi form\u00e9 par M. A... X... , domicili\u00e9 chez M. Amari B... , [...] \u00a0\u00a0\u00a0\u00a0\u00a0\u00a0\u00a0\u00a0\u00a0 \u00a0\u00a0\u00a0\u00a0\u00a0 \u00a0\u00a0\u00a0\u00a0\u00a0\u00a0\u00a0\u00a0,",
        "contre l'ordonnance rendue le 17 f\u00e9vrier 2016 par le premier pr\u00e9sident de la cour d'appel de Toulouse, dans le litige l'opposant :",
        "1\u00b0/ au pr\u00e9fet de la Haute-Garonne, domicili\u00e9 [...]\u00a0\u00a0\u00a0\u00a0\u00a0 \u00a0\u00a0 \u00a0\u00a0 \u00a0\u00a0\u00a0\u00a0\u00a0\u00a0\u00a0\u00a0\u00a0\u00a0\u00a0\u00a0\u00a0\u00a0 \u00a0 \u00a0\u00a0\u00a0\u00a0\u00a0 \u00a0\u00a0\u00a0\u00a0\u00a0\u00a0\u00a0\u00a0\u00a0\u00a0\u00a0\u00a0\u00a0\u00a0 \u00a0\u00a0\u00a0\u00a0\u00a0 \u00a0\u00a0\u00a0\u00a0\u00a0\u00a0\u00a0\u00a0,",
        "2\u00b0/ au procureur g\u00e9n\u00e9ral pr\u00e8s la cour d'appel de Toulouse, domicili\u00e9 [...] \u00a0\u00a0 \u00a0\u00a0\u00a0\u00a0\u00a0\u00a0 \u00a0\u00a0 \u00a0\u00a0\u00a0\u00a0\u00a0 \u00a0\u00a0\u00a0\u00a0\u00a0 \u00a0\u00a0\u00a0\u00a0\u00a0\u00a0\u00a0\u00a0 \u00a0\u00a0\u00a0\u00a0\u00a0,",
        "d\u00e9fendeurs \u00e0 la cassation ;",
        "Le demandeur invoque, \u00e0 l'appui de son pourvoi, le moyen unique de cassation annex\u00e9 au pr\u00e9sent arr\u00eat ;",
        "Vu la communication faite au procureur g\u00e9n\u00e9ral ;",
        "LA COUR, en l'audience publique du 16 mai 2017, o\u00f9 \u00e9taient pr\u00e9sents : Mme Batut, pr\u00e9sident, M. Y..., conseiller r\u00e9f\u00e9rendaire rapporteur, M. Matet, conseiller doyen, Mme Pecquenard, greffier de chambre ;",
        "Sur le rapport de M. Y..., conseiller r\u00e9f\u00e9rendaire, les observations de la SCP de Nervo et Poupet, avocat de M. X..., l'avis de Mme Vald\u00e8s Z..., avocat g\u00e9n\u00e9ral, et apr\u00e8s en avoir d\u00e9lib\u00e9r\u00e9 conform\u00e9ment \u00e0 la loi ;"
    ],
    "decision-1": [
        "Sur le moyen unique :"
    ],
    "decision-2": [
        "Vu l'article L. 552-7 du code de l'entr\u00e9e et du s\u00e9jour des \u00e9trangers et du droit d'asile, dans sa r\u00e9daction ant\u00e9rieure \u00e0 celle issue de la loi n\u00b0 2016-274 du 7 mars 2016 ;",
        "Attendu qu'il r\u00e9sulte de ce texte que le d\u00e9lai de vingt jours \u00e0 l'expiration duquel prend fin la prolongation du maintien en r\u00e9tention d'un \u00e9tranger peut \u00eatre prorog\u00e9 d'une dur\u00e9e maximale de vingt jours, soit en cas d'urgence absolue ou de menace d'une particuli\u00e8re gravit\u00e9 pour l'ordre public, ou lorsque l'impossibilit\u00e9 d'ex\u00e9cuter la mesure d'\u00e9loignement r\u00e9sulte de la perte ou de la destruction des documents de voyage de l'int\u00e9ress\u00e9, de la dissimulation par celui-ci de son identit\u00e9 ou de l'obstruction volontaire \u00e0 son \u00e9loignement, soit lorsque, malgr\u00e9 les diligences de l'administration, la mesure d'\u00e9loignement n'a pu \u00eatre ex\u00e9cut\u00e9e en raison du d\u00e9faut de d\u00e9livrance des documents de voyage par le consulat dont rel\u00e8ve l'int\u00e9ress\u00e9 ou de l'absence de moyens de transport et qu'il est \u00e9tabli par l'autorit\u00e9 administrative comp\u00e9tente que l'une ou l'autre de ces circonstances doit intervenir \u00e0 bref d\u00e9lai, soit lorsque la d\u00e9livrance des documents de voyage est intervenue trop tardivement pour pouvoir proc\u00e9der \u00e0 l'ex\u00e9cution de la mesure d'\u00e9loignement dans le d\u00e9lai initial de vingt jours ;"
    ],
    "decision-3": [
        "Attendu, selon l'ordonnance attaqu\u00e9e, rendue par le premier pr\u00e9sident d'une cour d'appel, et les pi\u00e8ces de la proc\u00e9dure, que M. X..., de nationalit\u00e9 g\u00e9orgienne, en situation irr\u00e9guli\u00e8re en France, a \u00e9t\u00e9 plac\u00e9 en r\u00e9tention administrative le 19 janvier 2016 ; que cette mesure a \u00e9t\u00e9 prolong\u00e9e une premi\u00e8re fois pour une dur\u00e9e de vingt jours ;",
        "Attendu que, pour prolonger pour une seconde dur\u00e9e de vingt jours cette mesure, l'ordonnance retient que M. X... se trouvant d\u00e9pourvu de document de voyage, il a \u00e9t\u00e9 n\u00e9cessaire de saisir le consulat de G\u00e9orgie pour solliciter un laissez-passer, qu'une demande en ce sens a \u00e9t\u00e9 faite le 19 janvier 2016, au premier jour de r\u00e9tention, qu'apr\u00e8s audition, le 3 f\u00e9vrier, le dossier se trouve en cours d'instruction, que l'administration n'ayant aucun pouvoir de contrainte sur les consulats, il ne peut lui \u00eatre reproch\u00e9 de n'avoir pas obtenu, \u00e0 ce jour, de laissez-passer, et que les d\u00e9marches, dont il est justifi\u00e9, paraissent correspondre \u00e0 des diligences suffisantes pour valider la proc\u00e9dure ;"
    ],
    "decision-4": [
        "Qu'en se d\u00e9terminant ainsi, sans rechercher, comme il le lui incombait, si les obstacles \u00e0 l'ex\u00e9cution de la mesure d'\u00e9loignement pouvaient \u00eatre surmont\u00e9s \u00e0 bref d\u00e9lai, le premier pr\u00e9sident n'a pas donn\u00e9 de base l\u00e9gale \u00e0 sa d\u00e9cision ;",
        "Et vu les articles L. 411-3 du code de l'organisation judiciaire et 1015 du code de proc\u00e9dure civile ;"
    ],
    "decision-5": [
        "PAR CES MOTIFS :",
        "CASSE ET ANNULE, sauf en ce qu'elle d\u00e9clare l'appel recevable, l'ordonnance rendue le 17 f\u00e9vrier 2016, entre les parties, par le premier pr\u00e9sident de la cour d'appel de Toulouse ;",
        "DIT n'y avoir lieu \u00e0 renvoi ;",
        "Dit que sur les diligences du procureur g\u00e9n\u00e9ral pr\u00e8s la Cour de cassation, le pr\u00e9sent arr\u00eat sera transmis pour \u00eatre transcrit en marge ou \u00e0 la suite de l'ordonnance partiellement cass\u00e9e ;",
        "Ainsi fait et jug\u00e9 par la Cour de cassation, premi\u00e8re chambre civile, et prononc\u00e9 par le pr\u00e9sident en son audience publique du quinze juin deux mille dix-sept."
    ],
    "decision-6": [
        "MOYEN ANNEXE au pr\u00e9sent arr\u00eat",
        "Moyen produit par la SCP de Nervo et Poupet, avocat aux Conseils, pour M. X...",
        "Le moyen reproche \u00e0 l'ordonnance attaqu\u00e9e",
        "D'AVOIR confirm\u00e9 l'ordonnance prononc\u00e9e par le juge de la d\u00e9tention et de la libert\u00e9 du Tribunal de grande instance de Toulouse en date du 12 f\u00e9vrier 2016 et d'avoir en cons\u00e9quence prolong\u00e9 le placement de Monsieur X... en centre de r\u00e9tention administrative",
        "AUX MOTIFS QUE, selon le moyen principal soulev\u00e9, si la requ\u00eate en seconde prolongation \u00e9tait accompagn\u00e9e de l'ordonnance de remise en libert\u00e9 du 23 janvier 2016 et de l'appel du parquet, l'ordonnance rendue sur appel de la pr\u00e9fecture, de prolongation de r\u00e9tention pendant 20 jours, rendue par le conseiller d\u00e9l\u00e9gu\u00e9 en date du 25 janvier 2016 n'\u00e9tait pas jointe et avait \u00e9t\u00e9 simplement communiqu\u00e9e en d\u00e9but d'audience ; que cette omission devait \u00eatre assimil\u00e9e \u00e0 une erreur purement mat\u00e9rielle, l'int\u00e9ress\u00e9 se trouvant toujours en r\u00e9tention ; que l'article R 552-3 du CESEDA ne fournissait pas une liste des pi\u00e8ces consid\u00e9r\u00e9es comme utiles devant accompagner, \u00e0 peine d'irrecevabilit\u00e9, la requ\u00eate en prolongation ; que les conditions dans lesquelles l'omission mat\u00e9rielle avait \u00e9t\u00e9 r\u00e9par\u00e9e, \u00e9taient satisfaisantes ; que l'inobservation des formalit\u00e9s substantielles n'entra\u00eenait la mainlev\u00e9e de la mesure de r\u00e9tention que dans le cas o\u00f9 elle avait eu pour effet de porter atteinte aux droits de l'\u00e9tranger ; que le moyen principal serait donc rejet\u00e9 ; que sur le moyen subsidiaire, la pr\u00e9fecture de la Haute-Garonne sollicitait une seconde prolongation de r\u00e9tention, dans la mesure o\u00f9 l'\u00e9tranger s'\u00e9tait trouv\u00e9 d\u00e9pourvu de document de voyage, cr\u00e9ant ainsi l'obligation de saisir le consulat du pays concern\u00e9, pour solliciter un laissez-passer ; qu'une d\u00e9marche en ce sens avait \u00e9t\u00e9 faite le 19 janvier 2016, au premier jour de r\u00e9tention ; que le 3 f\u00e9vrier, le dossier se trouvait en cours d'instruction ; que l'administration n'avait aucun pouvoir de contrainte sur les consulats ; qu'on ne pouvait reprocher \u00e0 l'administration de ne pas avoir obtenu de laissez-passer ; que les d\u00e9marches effectu\u00e9es paraissaient correspondre \u00e0 des diligences suffisantes pour valider la proc\u00e9dure, eu \u00e9gard au principe pos\u00e9 par l'article L 554-1 du CESEDA, selon lequel l'\u00e9tranger ne peut \u00eatre plac\u00e9 en r\u00e9tention que pour le temps strictement n\u00e9cessaire \u00e0 son d\u00e9part ; que les conditions pour une seconde prolongation \u00e9taient remplies ; que, au surplus, la personne retenue \u00e9tait d\u00e9pourvue de documents d'identit\u00e9 et n'avait pas d\u00e9pos\u00e9 de passeport valide ; qu'elle \u00e9tait d\u00e9pourvue de toute garantie de repr\u00e9sentation en France ;",
        "ALORS QUE, pour obtenir une nouvelle prolongation de la r\u00e9tention de l'\u00e9tranger en centre administratif, l'autorit\u00e9 administrative doit \u00e9tablir, non seulement qu'elle a effectu\u00e9 toutes d\u00e9marches utiles aux fins d'obtenir la d\u00e9livrance des documents de voyage n\u00e9cessaires, mais encore que ces \u00e9l\u00e9ments doivent lui parvenir \u00e0 bref d\u00e9lai ; qu'en omettant de rechercher, comme il y \u00e9tait invit\u00e9, si les obstacles \u00e0 l'ex\u00e9cution de la mesure d'\u00e9loignement \u00e9taient susceptibles d'\u00eatre surmont\u00e9s \u00e0 bref d\u00e9lai, le magistrat d\u00e9l\u00e9gu\u00e9 par le premier pr\u00e9sident de la Cour d'appel de Toulouse a priv\u00e9 sa d\u00e9cision de base l\u00e9gale au regard de l'article L 552-7 du code de l'entr\u00e9e et du s\u00e9jour des \u00e9trangers et du droit d'asile ;"
    ]
}