{
    "decision-0": [
        "CIV. 1",
        "MF",
        "COUR DE CASSATION",
        "______________________",
        "Audience publique du 12 juillet 2017",
        "Rejet",
        "Mme X..., pr\u00e9sident",
        "Arr\u00eat n\u00b0 880 FS-P+B",
        "Pourvoi n\u00b0 D 16-23.458",
        "R \u00c9 P U B L I Q U E F R A N \u00c7 A I S E",
        "_________________________",
        "AU NOM DU PEUPLE FRAN\u00c7AIS",
        "_________________________",
        "LA COUR DE CASSATION, PREMI\u00c8RE CHAMBRE CIVILE, a rendu l'arr\u00eat suivant :",
        "Statuant sur le pourvoi form\u00e9 par le pr\u00e9fet du Nord, domicili\u00e9 [...],",
        "contre l'ordonnance rendue le 1er juillet 2016 par le premier pr\u00e9sident de la cour d'appel de Douai, dans le litige l'opposant \u00e0 M. Y... Z..., domicili\u00e9 [...],",
        "d\u00e9fendeur \u00e0 la cassation ;",
        "Le demandeur invoque, \u00e0 l'appui de son pourvoi, le moyen unique de cassation annex\u00e9 au pr\u00e9sent arr\u00eat ;",
        "Vu la communication faite au procureur g\u00e9n\u00e9ral ;",
        "LA COUR, compos\u00e9e conform\u00e9ment \u00e0 l'article R. 431-5 du code de l'organisation judiciaire, en l'audience publique du 13 juin 2017, o\u00f9 \u00e9taient pr\u00e9sents : Mme X..., pr\u00e9sident, Mme A..., conseiller r\u00e9f\u00e9rendaire rapporteur, M. Matet, conseiller doyen, Mme Wallon, M. Reynis, Mme Reygner, M. Vigneau, Mme Bozzi, M. Acquaviva, Mme Auroy, conseillers, MM. Mansion, Roth, Mmes Mouty-Tardieu, Le Cotty, conseillers r\u00e9f\u00e9rendaires, Mme B..., avocat g\u00e9n\u00e9ral r\u00e9f\u00e9rendaire, Mme Pecquenard, greffier de chambre ;",
        "Sur le rapport de Mme A..., conseiller r\u00e9f\u00e9rendaire, les observations de la SCP Odent et Poulet, avocat du pr\u00e9fet du Nord, l'avis de Mme B..., avocat g\u00e9n\u00e9ral r\u00e9f\u00e9rendaire, et apr\u00e8s en avoir d\u00e9lib\u00e9r\u00e9 conform\u00e9ment \u00e0 la loi ;"
    ],
    "decision-1": [
        "Sur le moyen unique :"
    ],
    "decision-2": [
        "Attendu, selon l'ordonnance attaqu\u00e9e, rendue par le premier pr\u00e9sident d'une cour d'appel (Douai, 1er juillet 2016), et les pi\u00e8ces de la proc\u00e9dure, que, le 25 juin 2016, M. Z..., de nationalit\u00e9 iranienne, en situation irr\u00e9guli\u00e8re en France, a \u00e9t\u00e9 plac\u00e9 en r\u00e9tention administrative afin d'organiser sa r\u00e9admission en Allemagne en application d'une d\u00e9cision notifi\u00e9e le m\u00eame jour ;"
    ],
    "decision-3": [
        "Attendu que le pr\u00e9fet fait grief \u00e0 l'ordonnance de rejeter sa demande de prolongation de r\u00e9tention alors, selon le moyen :",
        "1\u00b0/ que le juge judiciaire ne peut contr\u00f4ler la l\u00e9galit\u00e9 de la proc\u00e9dure administrative de r\u00e9admission d'un \u00e9tranger ressortissant d'un Etat tiers en situation irr\u00e9guli\u00e8re sur le territoire fran\u00e7ais ; qu'en ayant, sous couvert de v\u00e9rifier les diligences accomplies par l'administration en vue de l'\u00e9loignement effectif de M. Z... vers l'Allemagne, v\u00e9rifi\u00e9 en r\u00e9alit\u00e9 la r\u00e9gularit\u00e9 de la proc\u00e9dure de r\u00e9admission et de transfert dont l'\u00e9tranger avait fait l'objet, le conseiller d\u00e9l\u00e9gu\u00e9 a exc\u00e9d\u00e9 ses pouvoirs, au regard de la loi des 16-24 ao\u00fbt 1790 et du d\u00e9cret de fructidor an III, ensemble du principe de la s\u00e9paration des pouvoirs ;",
        "2\u00b0/ que la seule diligence dont le pr\u00e9fet doit justifier, en vue de l'autorisation de prolongation de la r\u00e9tention administrative d'un \u00e9tranger devant \u00eatre transf\u00e9r\u00e9 en direction d'un Etat membre de l'Union europ\u00e9enne, consiste en la pr\u00e9sentation de la demande automatis\u00e9e de r\u00e9admission ; qu'en ayant jug\u00e9 que la pr\u00e9fecture du Nord n'avait pas justifi\u00e9, par la production de la demande automatis\u00e9e de r\u00e9admission adress\u00e9e \u00e0 l'administration centrale fran\u00e7aise charg\u00e9e de la faire suivre \u00e0 l'Etat membre concern\u00e9, des diligences accomplies en vue du transfert effectif de M. Z... vers l'Allemagne, la cour d'appel a viol\u00e9 l'article L. 554-1 du code de l'entr\u00e9e et du s\u00e9jour des \u00e9trangers et du droit d'asile ;"
    ],
    "decision-4": [
        "Mais attendu que l'ordonnance retient que le seul document produit par le pr\u00e9fet pour attester des diligences de l'administration est la demande automatis\u00e9e de r\u00e9admission transmise \u00e0 l'administration centrale fran\u00e7aise, laquelle n'\u00e9tablit pas la r\u00e9alit\u00e9 d'un envoi \u00e0 l'autorit\u00e9 \u00e9trang\u00e8re comp\u00e9tente ; que, d\u00e8s lors, c'est sans exc\u00e9der ses pouvoirs que le premier pr\u00e9sident, tenu de v\u00e9rifier que les autorit\u00e9s \u00e9trang\u00e8res avaient \u00e9t\u00e9 requises de mani\u00e8re effective, a rejet\u00e9 la demande de prolongation de la r\u00e9tention, \u00e0 d\u00e9faut de diligences suffisantes en vue de l'ex\u00e9cution de la mesure d'\u00e9loignement ; que le moyen n'est pas fond\u00e9 ;"
    ],
    "decision-5": [
        "PAR CES MOTIFS :",
        "REJETTE le pourvoi ;",
        "Ainsi fait et jug\u00e9 par la Cour de cassation, premi\u00e8re chambre civile, et prononc\u00e9 par le pr\u00e9sident en son audience publique du douze juillet deux mille dix-sept."
    ],
    "decision-6": [
        "MOYEN ANNEXE au pr\u00e9sent arr\u00eat",
        "Moyen produit par la SCP Odent et Poulet, avocat aux Conseils, pour le pr\u00e9fet du Nord.",
        "Il est fait grief \u00e0 l'ordonnance attaqu\u00e9e d'avoir confirm\u00e9 la d\u00e9cision par laquelle le juge des libert\u00e9s et de la d\u00e9tention avait rejet\u00e9 la requ\u00eate d'un pr\u00e9fet (le pr\u00e9fet du Nord), tendant \u00e0 la prolongation de la r\u00e9tention administrative d'un \u00e9tranger (M. Z... Z...) ;",
        "AUX MOTIFS QU'il \u00e9tait reproch\u00e9 \u00e0 la d\u00e9cision d\u00e9f\u00e9r\u00e9e d'avoir rejet\u00e9 la demande de prolongation de r\u00e9tention, au motif que la demande de r\u00e9admission de M. Z... qui avait \u00e9t\u00e9 plac\u00e9 en r\u00e9tention administrative le 25 juin 2016 n'\u00e9tait intervenue que le 29 juin 2016, alors qu'en r\u00e9alit\u00e9 cette demande de r\u00e9admission avait \u00e9t\u00e9 faite le 25 juin 2016 ; que, cependant, l'int\u00e9ress\u00e9, plac\u00e9 en r\u00e9tention administrative le 25 juin 2016, avait \u00e9t\u00e9 signal\u00e9 \u00e0 la borne Eurodac en Allemagne ; que, contrairement \u00e0 ce que soutenait le pr\u00e9fet et nonobstant la motivation du premier juge, il ne ressortait effectivement d'aucune pi\u00e8ce du dossier que les autorit\u00e9s allemandes avaient \u00e9t\u00e9 requises de mani\u00e8re effective, en vue de l'ex\u00e9cution de la mesure d'\u00e9loignement ; qu'en effet, le seul document produit correspondait \u00e0 une transmission faite \u00e0 une administration fran\u00e7aise qui n'attestait d'ailleurs pas de sa r\u00e9ception pour traitement, accompagn\u00e9e d'une capture d'\u00e9cran ne comportant aucune signature \u00e9lectronique et n'\u00e9tablissant pas la r\u00e9alit\u00e9 d'un envoi \u00e0 l'autorit\u00e9 \u00e9trang\u00e8re comp\u00e9tente ; qu'au regard de ces \u00e9l\u00e9ments, la cour n'avait pas \u00e9t\u00e9 mise en mesure de v\u00e9rifier si la prolongation de la r\u00e9tention \u00e9tait justifi\u00e9e par les besoins strictement n\u00e9cessaires \u00e0 la mise en oeuvre de la d\u00e9cision de transfert aux autorit\u00e9s allemandes, l'administration ne d\u00e9montrant aucune diligence au sens de l'article L. 554-1 du code de l'entr\u00e9e et du s\u00e9jour des \u00e9trangers et du droit d'asile ;",
        "ET AUX MOTIFS EVENTUELLEMENT ADOPTES QUE la mise en oeuvre de la r\u00e9admission suite \u00e0 un signalement sur la borne Eurodac n\u00e9cessite de justifier du \u00ab routing \u00bb ; que l'int\u00e9ress\u00e9 avait \u00e9t\u00e9 signal\u00e9 \u00e0 la borne Eurodac en Allemagne ; qu'il avait fait l'objet, le 25 juin 2016, d'une demande de r\u00e9admission vers l'Allemagne, Etat membre de l'UE, pour lequel les dispositions de l'article 25 du R\u00e8glement (UE) n\u00b0 604/2013 du Parlement europ\u00e9en et du Conseil du 26 juin 2013 \u00e9taient applicables ; que la pr\u00e9fecture du Nord avait certes demand\u00e9 la r\u00e9admission de l'int\u00e9ress\u00e9, mais seulement le 29 juin 2016, soit plusieurs jours apr\u00e8s son placement en r\u00e9tention administrative ; que les diligences n'avaient donc pas \u00e9t\u00e9 effectu\u00e9es dans les \u00ab meilleurs d\u00e9lais \u00bb, afin de r\u00e9server un vol vers ce pays, ce qui causait manifestement un grief \u00e0 M. Z... Z... ; que la requ\u00eate du pr\u00e9fet devait ainsi \u00eatre rejet\u00e9e, sans qu'il soit n\u00e9cessaire d'examiner d'autres moyens, la proc\u00e9dure \u00e9tant irr\u00e9guli\u00e8re ;",
        "1\u00b0) ALORS QUE le juge judiciaire ne peut contr\u00f4ler la l\u00e9galit\u00e9 de la proc\u00e9dure administrative de r\u00e9admission d'un \u00e9tranger ressortissant d'un Etat tiers en situation irr\u00e9guli\u00e8re sur le territoire fran\u00e7ais ; qu'en ayant, sous couvert de v\u00e9rifier les diligences accomplies par l'administration en vue de l'\u00e9loignement effectif de M. Z... Z... vers l'Allemagne, v\u00e9rifi\u00e9 en r\u00e9alit\u00e9 la r\u00e9gularit\u00e9 de la proc\u00e9dure de r\u00e9admission et de transfert dont l'\u00e9tranger avait fait l'objet, le conseiller d\u00e9l\u00e9gu\u00e9 a exc\u00e9d\u00e9 ses pouvoirs, au regard de la loi des 16 et 24 ao\u00fbt 1790 et du d\u00e9cret de fructidor an III, ensemble du principe de la s\u00e9paration des pouvoirs ;",
        "2\u00b0) ALORS QUE (subsidiairement), la seule diligence dont le pr\u00e9fet doit justifier, en vue de l'autorisation de prolongation de la r\u00e9tention administrative d'un \u00e9tranger devant \u00eatre transf\u00e9r\u00e9 en direction d'un Etat membre de l'Union Europ\u00e9enne, consiste en la pr\u00e9sentation de la demande automatis\u00e9e de r\u00e9admission ; qu'en ayant jug\u00e9 que la pr\u00e9fecture du Nord n'avait pas justifi\u00e9, par la production de la demande automatis\u00e9e de r\u00e9admission adress\u00e9e \u00e0 l'administration centrale fran\u00e7aise charg\u00e9e de la faire suivre \u00e0 l'Etat membre concern\u00e9, des diligences accomplies en vue du transfert effectif de M. Z... Z... vers l'Allemagne, la cour d'appel a viol\u00e9 l'article L. 554-1 du code de l'entr\u00e9e et du s\u00e9jour des \u00e9trangers et du droit d'asile."
    ]
}