{
    "decision-0": [
        "CIV. 1",
        "CF",
        "COUR DE CASSATION",
        "______________________",
        "Audience publique du 10 f\u00e9vrier 2016",
        "Rejet",
        "Mme BATUT, pr\u00e9sident",
        "Arr\u00eat n\u00b0 119 F-D",
        "Pourvoi n\u00b0 S 15-13.254",
        "R \u00c9 P U B L I Q U E F R A N \u00c7 A I S E",
        "_________________________",
        "AU NOM DU PEUPLE FRAN\u00c7AIS",
        "_________________________",
        "LA COUR DE CASSATION, PREMI\u00c8RE CHAMBRE CIVILE, a rendu l'arr\u00eat suivant :",
        "Statuant sur le pourvoi form\u00e9 par M. [D] [J], domicili\u00e9 chez M. [P], [Adresse 3],",
        "contre l'ordonnance rendue le 7 juin 2014 par le premier pr\u00e9sident de la cour d'appel de Douai (chambre des libert\u00e9s individuelles), dans le litige l'opposant :",
        "1\u00b0/ au pr\u00e9fet du Nord, domicili\u00e9 [Adresse 1],",
        "2\u00b0/ au procureur g\u00e9n\u00e9ral pr\u00e8s la cour d'appel de Douai, domicili\u00e9 en son parquet, place Charles de Pollinchove, BP 705, 59507 Douai Cedex,",
        "d\u00e9fendeurs \u00e0 la cassation ;",
        "Le demandeur invoque, \u00e0 l'appui de son pourvoi, le moyen unique de cassation annex\u00e9 au pr\u00e9sent arr\u00eat ;",
        "Vu la communication faite au procureur g\u00e9n\u00e9ral ;",
        "LA COUR, en l'audience publique du 12 janvier 2016, o\u00f9 \u00e9taient pr\u00e9sentes : Mme Batut, pr\u00e9sident, Mme Gargoullaud, conseiller r\u00e9f\u00e9rendaire rapporteur, Mme Bignon, conseiller doyen, Mme Nguyen, greffier de chambre ;",
        "Sur le rapport de Mme Gargoullaud, conseiller r\u00e9f\u00e9rendaire, les observations de la SCP Spinosi et Sureau, avocat de M. [J], l'avis de M. Sassoust, avocat g\u00e9n\u00e9ral, et apr\u00e8s en avoir d\u00e9lib\u00e9r\u00e9 conform\u00e9ment \u00e0 la loi ;"
    ],
    "decision-1": [
        "Sur le moyen unique, ci-apr\u00e8s annex\u00e9 :"
    ],
    "decision-2": [
        "Attendu, selon l'ordonnance attaqu\u00e9e (Douai, 7 juin 2014), rendue par un premier pr\u00e9sident, et les pi\u00e8ces de la proc\u00e9dure, que M. [J], de nationalit\u00e9 marocaine, en situation irr\u00e9guli\u00e8re en France, a fait l'objet de d\u00e9cisions du pr\u00e9fet portant obligation de quitter le territoire et placement en r\u00e9tention administrative ; qu'un juge des libert\u00e9s et de la d\u00e9tention a prolong\u00e9 cette mesure ;"
    ],
    "decision-3": [
        "Attendu que M. [J] fait grief \u00e0 l'ordonnance de l'assigner \u00e0 r\u00e9sidence ;"
    ],
    "decision-4": [
        "Attendu que le moyen, qui se borne \u00e0 critiquer les motifs de l'ordonnance, est irrecevable ;"
    ],
    "decision-5": [
        "PAR CES MOTIFS :",
        "REJETTE le pourvoi ;",
        "Ainsi fait et jug\u00e9 par la Cour de cassation, premi\u00e8re chambre civile, et prononc\u00e9 par le pr\u00e9sident en son audience publique du dix f\u00e9vrier deux mille seize."
    ],
    "decision-6": [
        "MOYEN ANNEXE au pr\u00e9sent arr\u00eat",
        "Moyen produit par la SCP Spinosi et Sureau, avocat aux Conseils, pour M. [J].",
        "Il est reproch\u00e9 \u00e0 l'ordonnance attaqu\u00e9e d'avoir dit que Monsieur [D] [J] sera assign\u00e9 \u00e0 r\u00e9sidence au domicile de Monsieur [I] [M], [Adresse 2], dit qu'il devra se pr\u00e9senter quotidiennement au commissariat de police de [Localit\u00e9 1], dit qu'il devra remettre son passeport contre r\u00e9c\u00e9piss\u00e9 valant justificatif d'identit\u00e9 et d'avoir rappel\u00e9 que le non-respect de l'assignation \u00e0 r\u00e9sidence fait encourir une peine d'emprisonnement de trois ans en application l'article L. 624-1 du Code de l'entr\u00e9e et du s\u00e9jour des \u00e9trangers et du droit d'asile (CESEDA) et qu'en application de l'article L. 554-3 du m\u00eame Code il a obligation de quitter le territoire fran\u00e7ais ;",
        "Aux motifs que \u00ab sur la violation all\u00e9gu\u00e9e du r\u00e8glement int\u00e9rieur ayant consist\u00e9 en la confiscation de la tablette Apple de l'int\u00e9ress\u00e9, que la mesure ne contrevient pas \u00e0 l'article 16 de l'arr\u00eat\u00e9 interdisant que l'\u00e9tranger puisse disposer d'un moyen muni d'un appareil de photographique num\u00e9rique, tel \u00e9tant le cas d'une tablette \u00bb ;",
        "Alors que plac\u00e9 en centre de r\u00e9tention administrative, l'\u00e9tranger est seulement interdit de conserver son t\u00e9l\u00e9phone portable si ce dernier est muni d'un appareil photographique num\u00e9rique ; qu'en jugeant n\u00e9anmoins que la mesure de confiscation de la tablette Ipad de l'exposant ne contrevient pas \u00e0 l'arr\u00eat\u00e9 du 2 mai 2006 pris en application de l'article 4 du d\u00e9cret n\u00b0 2005-617 du 30 mai 2005 qui interdirait \u00e0 l'\u00e9tranger de disposer d'un moyen muni d'un appareil de photographique num\u00e9rique, dont ferait partie une tablette, le d\u00e9l\u00e9gu\u00e9 du Premier pr\u00e9sident a viol\u00e9 l'article 16 de cet arr\u00eat\u00e9."
    ]
}