{
    "decision-0": [
        "N\u00b0 S 15-85.129 F-D",
        "N\u00b0 4304",
        "SC2",
        "18 OCTOBRE 2016",
        "CASSATION",
        "M. GU\u00c9RIN pr\u00e9sident,",
        "R \u00c9 P U B L I Q U E F R A N \u00c7 A I S E",
        "________________________________________",
        "AU NOM DU PEUPLE FRAN\u00c7AIS",
        "_________________________",
        "LA COUR DE CASSATION, CHAMBRE CRIMINELLE, en son audience publique tenue au Palais de Justice \u00e0 PARIS, a rendu l'arr\u00eat suivant :",
        "Statuant sur le pourvoi form\u00e9 par :",
        "-",
        "M. A... J...,",
        "contre l'arr\u00eat de la cour d'appel de LYON, 7e chambre, en date du 3 juillet 2015, qui, pour travail dissimul\u00e9, emploi d'un \u00e9tranger non muni d'une autorisation de travail et aide au s\u00e9jour irr\u00e9gulier, l'a condamn\u00e9 \u00e0 quatre mois d'emprisonnement avec sursis et \u00e0 5 000 euros d'amende ;",
        "La COUR, statuant apr\u00e8s d\u00e9bats en l'audience publique du 6 septembre 2016 o\u00f9 \u00e9taient pr\u00e9sents dans la formation pr\u00e9vue \u00e0 l'article 567-1-1 du code de proc\u00e9dure p\u00e9nale : M. Gu\u00e9rin, pr\u00e9sident, M. Larmanjat, conseiller rapporteur, M. Straehli, conseiller de la chambre ;",
        "Greffier de chambre : Mme Guichard ;",
        "Sur le rapport de M. le conseiller LARMANJAT, les observations de la soci\u00e9t\u00e9 civile professionnelle POTIER DE LA VARDE et BUK-LAMENT, avocat en la Cour, et les conclusions de M. l'avocat g\u00e9n\u00e9ral LAGAUCHE ;"
    ],
    "decision-1": [
        "Vu le m\u00e9moire produit ;"
    ],
    "decision-2": [
        "Attendu qu'il r\u00e9sulte de l'arr\u00eat attaqu\u00e9 et des pi\u00e8ces de proc\u00e9dure que M. J... a \u00e9t\u00e9 poursuivi des chefs pr\u00e9cit\u00e9s pour avoir fait r\u00e9aliser, de janvier 2011 \u00e0 janvier 2012, \u00e0 titre personnel ou au profit de tiers, plusieurs chantiers de r\u00e9novation d'immeubles par des ressortissants roumains qu'il faisait venir de Roumanie, logeait et pour le compte desquels il effectuait l'ensemble des d\u00e9marches pour leur inscription sous le statut d'auto-entrepreneur ; que le tribunal l'a renvoy\u00e9 des fins de la poursuite du chef d'aide \u00e0 l'entr\u00e9e ou au s\u00e9jour irr\u00e9gulier d'un \u00e9tranger en France et l'a d\u00e9clar\u00e9 coupable de travail dissimul\u00e9 et d'emploi d'un \u00e9tranger non muni d'une autorisation de travail ; que M. J... et le minist\u00e8re public ont interjet\u00e9 appel de cette d\u00e9cision ;"
    ],
    "decision-3": [
        "En cet \u00e9tat :"
    ],
    "decision-4": [
        "Sur le troisi\u00e8me moyen de cassation, pris de la violation des articles L. 8221-1, L. 8221-5, L. 8224-1 du code du travail, 591 et 593 du code de proc\u00e9dure p\u00e9nale, d\u00e9faut de motifs, manque de base l\u00e9gale ;",
        "\"en ce que l'arr\u00eat attaqu\u00e9 a d\u00e9clar\u00e9 M. J... coupable du chef de travail dissimul\u00e9 par dissimulation d'emploi salari\u00e9 ;",
        "\"aux motifs que les faits de travail dissimul\u00e9 sont contest\u00e9s ; que le tribunal s'est fond\u00e9 sur les d\u00e9clarations devant les services de police de : M. G... R... qui a notamment d\u00e9clar\u00e9 dans son audition (PV 2) qu'il a \u00e9t\u00e9 contact\u00e9 par l'interm\u00e9diaire d'[...] par le pr\u00e9venu pour venir travailler en France, que c'est M. J... qui trouvait les chantiers, qui n\u00e9gociait les contrats, qu'il n'avait aucune id\u00e9e de la nature du contrat qu'il avait sign\u00e9 avec M. A... J..., que c'est ce dernier qui avait fait l'ensemble des d\u00e9marches, qui avait ouvert le compte bancaire, fourni le mat\u00e9riel, les mat\u00e9riaux, et l'outillage qu'il louait, qui s'\u00e9tait occup\u00e9 de payer les charges sociales, - M. Q... C... (PV 4) a lui expliqu\u00e9 qu'il avait \u00e9t\u00e9 embauch\u00e9 par le pr\u00e9venu en Roumanie, qu'il parle d'entretien d'embauche, de salaire, - M. S... N... (PV 5) a expliqu\u00e9 que c'\u00e9tait toujours le pr\u00e9venu qui trouvait les chantiers, qui n\u00e9gociait les contrats, que les horaires de travail \u00e9taient fix\u00e9s par M. F... repr\u00e9sentant M. J..., qu'il ne savait pas en quoi consistait le statut d'auto-entrepreneur, que le pr\u00e9venu fournissait les mat\u00e9riaux et l'outillage qu'il louait, M. X... F... (PV 3), apr\u00e8s avoir d\u00e9clar\u00e9 que c'est de sa propre initiative qu'avait \u00e9t\u00e9 choisi le statut d'auto-entrepreneur (page 3), a expliqu\u00e9 que M. J... d\u00e9finissait le travail, qu'il lui rendait compte, qu'il fournissait le mat\u00e9riel, qu'il v\u00e9rifiait l'\u00e9tat d'avancement des travaux (page 4 de l'audition) ; que les int\u00e9ress\u00e9s sont revenus sur leurs d\u00e9clarations dans des attestations vers\u00e9es \u00e0 son dossier par la d\u00e9fense, M. X... F... ayant ainsi indiqu\u00e9 qu'il avait d'abord en 2010 eu le statut de repr\u00e9sentant d'une PFA (personne physique autoris\u00e9e, qui semble correspondre en Roumanie au statut d'entrepreneur individuel) enregistr\u00e9e en Roumanie, puis \u00e0 partir de 2011 adopt\u00e9 le statut d'auto-entrepreneur en France dont il indique qu'il lui a permis de refuser certains travaux qui ne lui convenaient pas, pr\u00e9cisant que M. J... n'avait pas dirig\u00e9 son activit\u00e9, n'\u00e9tait intervenu sous aucune forme dans l'exercice des activit\u00e9s des roumains ou concernant les horaires de travail ; que M. S... N... a indiqu\u00e9 dans une attestation qu'il n'avait pas eu de contrat avec M. J..., ayant eu en 2010 un contrat avec l'entreprise de M. I... L..., \u00eatre parti de France en 2010 et \u00eatre revenu le 9 novembre 2011 ; qu'ils avaient d\u00e9cid\u00e9 tous les quatre avec ses compatriotes du programme de travail, M. J... venant seulement, lorsqu'ils travaillaient \u00e0 St Cyr, pour des difficult\u00e9s de langue ; que M. Q... C... a d\u00e9clar\u00e9 n'avoir pas \u00e9t\u00e9 l'employ\u00e9 de M. J..., n'avoir jamais eu d'entretien d'embauche avec lui ni sign\u00e9 de contrat de travail ; que lorsqu'il \u00e9tait venu sur le chantier de M. J... en 2010, il avait sign\u00e9 un contrat civil avec l'entreprise de M. F... et au mois de mars 2011, travaill\u00e9 comme PFA enregistr\u00e9 en France, son travail se r\u00e9alisant selon devis et facture, qu'ils avaient d\u00e9cid\u00e9 entre eux, travailleurs roumains, de la mani\u00e8re d'organiser le chantier ; que M. G... R... a \u00e9galement de la m\u00eame mani\u00e8re attest\u00e9 qu'il n'avait pas \u00e9t\u00e9 l'employ\u00e9 de M. J... avec lequel il avait un rapport d'auto-entrepreneur client, en \u00e9quipe avec d'autres coll\u00e8gues roumains, sans l'implication de M. J... dans leur organisation, qu'il avait refus\u00e9 certains travaux propos\u00e9s qui ne lui avaient pas paru rentables ; que M. J... a produit \u00e9galement des attestations des nomm\u00e9s MM. V... H... et S... P..., qui ont fait \u00e9tat d'une ind\u00e9pendance dans leur travail en qualit\u00e9 d'entrepreneurs ; que, comme not\u00e9 par le tribunal, les travailleurs roumains \u00e9taient d\u00e9pendants de M. J... pour la recherche de march\u00e9s, pour la relation avec les clients (puisqu'ils \u00e9taient dans la n\u00e9cessit\u00e9 de faire appel au truchement du pr\u00e9venu, ne serait-ce que pour des questions de langue), pour la gestion de leurs conditions de vie personnelles, puisque le pr\u00e9venu s'occupait de tout, des comptes en banque, des situations administratives, des conditions de logement, notamment, mais aussi des r\u00e9mun\u00e9rations finalement per\u00e7ues, et \u00e9taient pourvus par M. J... des outillages et mat\u00e9riaux n\u00e9cessaires \u00e0 l'accomplissement de travaux ; que s'agissant des attestations ci-dessus, il est remarquable de constater que leurs auteurs, qui ont fait sur de nombreux points devant les services de police des d\u00e9clarations diff\u00e9rentes, ce qui rend ces attestations sujettes \u00e0 caution, apparaissent d\u00e9sormais avoir appr\u00e9hend\u00e9 l'incidence juridique de certaines d\u00e9clarations ; qu'il n'est pas contest\u00e9 que les travailleurs roumains soient intervenus sur les chantiers du domicile personnel du pr\u00e9venu et de la soci\u00e9t\u00e9 civile immobili\u00e8re dont il est g\u00e9rant ; que M. J... a mis en relation les travailleurs roumains et M. E... T..., m\u00eame si selon l'attestation de celui ci, les roumains lui ont pr\u00e9sent\u00e9 sans intervention de M. J..., mis \u00e0 part celle d'interm\u00e9diaire et d'interpr\u00e8te, un devis qu'il a accept\u00e9 ; que cependant le mail adress\u00e9 le 31 mars 2012 par M. T... \u00e0 M. J... et \u00e0 M. S... (N... ?) propose d'envoyer aux destinataires le d\u00e9tail des travaux \u00e0 faire pour \u00e9tablissement d'un devis global, ce qui n'exclut pas l'intervention de M. J..., d'autant qu'on voit mal comment le devis pourrait \u00eatre \u00e9tabli en fran\u00e7ais par les roumains ; que Mme M... a expliqu\u00e9 que Illan, le chef du groupe des roumains, \u00e9tait venu chez elle avec M. J... pour qu'elle puisse lui expliquer les travaux qu'elle voulait effectuer et que le devis lui avait ensuite \u00e9t\u00e9 envoy\u00e9 en langue roumaine et fran\u00e7aise ; que M. J... avait envoy\u00e9 les plans des travaux par son propre mail, que le contrat avec M. K..., cit\u00e9 pour justifier une absence de d\u00e9pendance, la d\u00e9montre au contraire puisque M. J... admet dans un courrier du 9 mai 2012 \u00e0 l'inspection du travail avoir mis en relation ce donneur d'ordre et les travailleurs roumains, et qu'il prend, d'ailleurs, contact avec M. K... pour l'interroger sur l'intervention sur le chantier de son camping de l'inspection du travail ; que le tribunal a donc exactement relev\u00e9 l'existence d'une relation de subordination entre M. J... et les travailleurs roumains, dans l'incapacit\u00e9 de d\u00e9terminer par eux-m\u00eames leur activit\u00e9 dans le b\u00e2timent, et dans une d\u00e9pendance totale vis \u00e0 vis de M. J..., qui tenait d'ailleurs des dossiers complets pour chacun d'entre eux, le choix du statut d'auto-entrepreneur par les travailleurs roumains \u00e9tant une fiction cr\u00e9\u00e9e et entretenue par le pr\u00e9venu dans le but d'\u00e9chapper \u00e0 ses obligations d'employeur ; que le tribunal a exactement d\u00e9clar\u00e9 le pr\u00e9venu coupable des infractions de travail dissimul\u00e9 vis\u00e9es par la pr\u00e9vention, aucune des obligations de l'employeur, d\u00e9clarations pr\u00e9alables \u00e0 l'embauche, remise de bulletins de paie, d\u00e9clarations aux organismes de protection sociale et \u00e0 l'administration fiscale n'ayant \u00e9t\u00e9 satisfaite ; que l'\u00e9l\u00e9ment intentionnel appara\u00eet \u00e9tabli, M. J... ayant mis en place un montage particuli\u00e8rement \u00e9labor\u00e9 pour \u00e9chapper aux obligations du salariat et ne pouvant arguer des d\u00e9clarations faites au profit de l'URSSAF par les pr\u00e9tendus auto-entrepreneurs et de l'aide apport\u00e9e \u00e0 l'immatriculation de ceux ci et aux formalit\u00e9s aupr\u00e8s des organismes concern\u00e9s, ces \u00e9l\u00e9ments \u00e9tant un des moyens utilis\u00e9s pour la fraude, et les obligations n'\u00e9tant pas interchangeables suivant le statut du travailleur ;",
        "\"1\u00b0) alors que tout jugement ou arr\u00eat doit r\u00e9pondre aux articulations essentielles des m\u00e9moires des parties ; qu'en s'abstenant de tout examen des conventions de courtage et de domiciliation sign\u00e9s avec chacun des ressortissants roumains produites par M. J... et qui \u00e9taient de nature \u00e0 justifier du cadre juridique dans lequel le pr\u00e9venu avait assist\u00e9 ces personnes, la cour d'appel n'a pas suffisamment motiv\u00e9 sa d\u00e9cision ;",
        "\"2\u00b0) alors que le contrat de travail se caract\u00e9rise par un lien de subordination, qui suppose notamment l'existence d'un pouvoir de direction ; qu'en se contentant de relever, pour retenir l'existence d'un contrat de travail entre M. J... et les ressortissants roumains, que le premier mettait en relation les seconds avec la client\u00e8le et leur apportait une assistance personnelle, administrative et linguistique, sans relever aucun \u00e9l\u00e9ment susceptible d'\u00e9tablir l'existence d'un pouvoir de direction du pr\u00e9venu sur le travail r\u00e9alis\u00e9 par les artisans roumains, la cour d'appel n'a pas donn\u00e9 de base l\u00e9gale \u00e0 sa d\u00e9cision\" ;"
    ],
    "decision-5": [
        "Attendu que, pour confirmer le jugement entrepris du chef de travail dissimul\u00e9, l'arr\u00eat retient que, pour le compte des travailleurs roumains, plac\u00e9s \u00e0 son initiative sous le statut d'auto-entrepreneur, le pr\u00e9venu accomplissait les actes de gestion et les formalit\u00e9s utiles pour la recherche de march\u00e9s, leur approvisionnement en mat\u00e9riel, leur logement et l'ouverture de comptes bancaires \u00e0 leurs noms, ainsi que leurs r\u00e9mun\u00e9rations ; que les juges concluent \u00e0 l'existence d'un lien de d\u00e9pendance et de subordination de ces personnes \u00e0 l'\u00e9gard du pr\u00e9venu dont le but \u00e9tait ainsi d'\u00e9chapper \u00e0 ses obligations d'employeur ;",
        "Attendu qu'en pronon\u00e7ant ainsi, la cour d'appel, qui a, sans insuffisance ni contradiction, r\u00e9pondu aux chefs p\u00e9remptoires des conclusions r\u00e9guli\u00e8rement d\u00e9pos\u00e9es devant elle, a caract\u00e9ris\u00e9 en tous ses \u00e9l\u00e9ments, tant mat\u00e9riel qu'intentionnel, le d\u00e9lit de travail dissimul\u00e9 dont elle a d\u00e9clar\u00e9 coupable le pr\u00e9venu, a justifi\u00e9 sa d\u00e9cision ;",
        "D'o\u00f9 il suit que le moyen qui revient \u00e0 remettre en question l'appr\u00e9ciation souveraine, par les juges du fond, des faits et circonstances de la cause, ainsi que des \u00e9l\u00e9ments de preuve contradictoirement d\u00e9battus, ne saurait \u00eatre accueilli ;"
    ],
    "decision-6": [
        "Mais sur le premier moyen de cassation, pris de la violation des articles 7 de la Convention europ\u00e9enne des droits de l'homme, 112-1 du code p\u00e9nal, L. 8251-1 et L. 8256-2 du code du travail, 591 et 593 du code de proc\u00e9dure p\u00e9nale, d\u00e9faut de motifs, manque de base l\u00e9gale ;",
        "\"en ce que l'arr\u00eat attaqu\u00e9 a d\u00e9clar\u00e9 M. J... coupable du chef d'emploi d'\u00e9trangers non munis d'une autorisation de travail ;",
        "\"aux motifs que les faits d'emploi de salari\u00e9s sans titre de travail sont vis\u00e9s par la pr\u00e9vention comme commis du 1er mars 2011 au 30 novembre 2011 ; qu'\u00e0 l'occasion de l'adh\u00e9sion de la Roumanie \u00e0 l'Union europ\u00e9enne le 1er janvier 2007, le trait\u00e9 d'adh\u00e9sion a ouvert aux Etats membres la possibilit\u00e9 de continuer \u00e0 appliquer leurs mesures nationales pendant une p\u00e9riode transitoire d'une dur\u00e9e maximale de 7 ans, en mati\u00e8re d'acc\u00e8s \u00e0 l'emploi de travailleurs salari\u00e9s roumains ; qu'\u00e0 l'issue de la deuxi\u00e8me p\u00e9riode transitoire courant du 1er janvier 2009 au 31 d\u00e9cembre 2011, l'Etat fran\u00e7ais a fait \u00e9tat de risques de perturbations graves sur le march\u00e9 du travail qui ont conduit \u00e0 une prorogation du r\u00e9gime institu\u00e9 pour les travailleurs roumains par l'arr\u00eat\u00e9 du 18 janvier 2008 jusqu'au 31 d\u00e9cembre 2013, date de l'arr\u00eat de ses mesures suivant arr\u00eat\u00e9 du 12 d\u00e9cembre 2013 ; qu'un titre de travail \u00e9tait obligatoire au cours de cette p\u00e9riode pour les travailleurs roumains ayant une activit\u00e9 salari\u00e9e, qu'il est \u00e9tabli au dossier que les fr\u00e8res C..., MM. R..., B..., D..., N..., P..., de nationalit\u00e9 roumaine lorsquils furent employ\u00e9s par le pr\u00e9venu, demeur\u00e9s en France pendant plus de trois mois cons\u00e9cutifs, \u00e9taient d\u00e9munis de tout titre les autorisant \u00e0 exercer une activit\u00e9 salari\u00e9e en France, titre obligatoire au vu des mesures transitoires susmentionn\u00e9es ; que les faits d'emploi d'\u00e9trangers sans titre de travail apparaissent \u00e9tablis ;",
        "\"alors que l'entr\u00e9e de la Roumanie dans l'Union europ\u00e9enne a eu pour effet de permettre aux ressortissants de cet Etat de circuler et de travailler librement en France \u00e0 partir du 1er janvier 2014, de sorte qu'\u00e0 compter de cette date n'\u00e9taient plus punissables, m\u00eame lorsqu'ils avaient \u00e9t\u00e9 commis avant le 1erjanvier 2014, les faits d'emploi de ressortissants roumains non munis d'une autorisation de travail ; qu'en retenant tout de m\u00eame, par un arr\u00eat rendu le 3 juillet 2015, la culpabilit\u00e9 de M. J... pour avoir employ\u00e9 avant le 1er janvier 2014 des ressortissants roumains non munis d'une autorisation de travail, la cour d'appel a viol\u00e9 le principe et les textes susvis\u00e9s\" ;",
        "Et sur le deuxi\u00e8me moyen de cassation, pris de la violation des articles 8 de la D\u00e9claration des droits de l'homme et du citoyen, 7 de la Convention europ\u00e9enne des droits de l'homme, 112-1 du code p\u00e9nal, L. 622-1 du code de l'entr\u00e9e et du s\u00e9jour des \u00e9trangers et du droit d'asile, 591 et 593 du code de proc\u00e9dure p\u00e9nale, d\u00e9faut de motifs, manque de base l\u00e9gale ;",
        "\"en ce que l'arr\u00eat attaqu\u00e9 a d\u00e9clar\u00e9 M. J... coupable du chef d'aide au s\u00e9jour irr\u00e9gulier ;",
        "\"aux motifs que, sur les faits d'aide au s\u00e9jour irr\u00e9gulier, aux termes de l'article 112-1 du code p\u00e9nal, \"sont seuls punissables les faits constitutifs d'une infraction \u00e0 la date \u00e0 laquelle ils ont \u00e9t\u00e9 commis, Peuvent seules \u00eatre prononc\u00e9es les peines l\u00e9galement applicables \u00e0 la m\u00eame date ; que, toutefois, les dispositions nouvelles s'appliquent aux infractions commises avant leur entr\u00e9e en vigueur et n'ayant pas donn\u00e9 lieu \u00e0 une condamnation pass\u00e9e en force de chose jug\u00e9e lorsqu'elles sont moins s\u00e9v\u00e8res que les dispositions anciennes\" ; qu'aux termes de l'article L. 622-1 du code de l'entr\u00e9e et du s\u00e9jour des \u00e9trangers et du droit d'asile, toute personne qui aura, par aide directe ou indirecte, facilit\u00e9 ou tent\u00e9 de faciliter l'entr\u00e9e, la circulation ou le s\u00e9jour irr\u00e9guliers d'un \u00e9tranger en France sera punie d'un emprisonnement de cinq ans et d'une amende de 30 000 euros ; que ce texte \u00e9tait d\u00e9j\u00e0 applicable \u00e0 la date des faits, que dans le cadre des mesures transitoires susvis\u00e9es, les ressortissants roumains demeuraient soumis pour travailler \u00e0 l'exigence d'un titre de s\u00e9jour ; qu'il r\u00e9sulte des \u00e9l\u00e9ments ci dessus que M. J... a assist\u00e9 les ressortissants roumains vis\u00e9s par la pr\u00e9vention notamment en leur fournissant du travail et en les logeant ; que les faits d'aide au s\u00e9jour irr\u00e9gulier apparaissent \u00e9tablis ; qu'il y a lieu de r\u00e9former la d\u00e9cision entreprise de ce chef ;",
        "\"alors que l'entr\u00e9e de la Roumanie dans l'Union europ\u00e9enne a eu pour effet de permettre aux ressortissants de cet Etat de circuler librement en France \u00e0 partir du 1er janvier 2014, de sorte qu'\u00e0 compter de cette date n'\u00e9taient plus punissables, m\u00eame lorsqu'ils avaient \u00e9t\u00e9 commis avant le 1er janvier 2014, les faits d'aide au s\u00e9jour irr\u00e9gulier de ressortissants roumains ; qu'en retenant tout de m\u00eame, par un arr\u00eat rendu le 3 juillet 2015, la culpabilit\u00e9 de M. J... pour avoir, avant le 1er janvier 2014, aid\u00e9 au s\u00e9jour de ressortissants roumains, la cour d'appel a viol\u00e9 le principe et les textes susvis\u00e9s\" ;",
        "Les moyens \u00e9tant r\u00e9unis ;"
    ],
    "decision-7": [
        "Vu l'article 112-1 du code p\u00e9nal ;",
        "Attendu qu'il r\u00e9sulte de ce texte que, sauf dispositions expresses contraires, une loi nouvelle s'applique aux infractions commises avant son entr\u00e9e en vigueur et n'ayant pas donn\u00e9 lieu \u00e0 une condamnation pass\u00e9e en force de chose jug\u00e9e lorsqu'elle est moins s\u00e9v\u00e8re que la loi ancienne ;",
        "Attendu que, pour d\u00e9clarer M. J... coupable des d\u00e9lits d'emploi d'\u00e9trangers non munis d'une autorisation de travail et d'aide au s\u00e9jour irr\u00e9gulier, l'arr\u00eat retient que les faits ont \u00e9t\u00e9 commis durant l'ann\u00e9e 2011, \u00e9poque \u00e0 laquelle, jusqu'au 31 d\u00e9cembre 2013, un titre de s\u00e9jour et une autorisation de travail \u00e9taient encore obligatoires pour les travailleurs roumains et qu'en logeant ces derniers et leur fournissant du travail, il a favoris\u00e9 leur entr\u00e9e et leur s\u00e9jour irr\u00e9guliers sur le territoire national ;",
        "Mais attendu qu'en statuant ainsi, alors que la Roumanie, \u00e9tant devenue membre de l'Union europ\u00e9enne le 1er janvier 2007, la totalit\u00e9 des restrictions \u00e0 la circulation des personnes et \u00e0 l'acc\u00e8s au march\u00e9 du travail, au sein de ladite Union, a \u00e9t\u00e9 lev\u00e9e pour les ressortissants de cet Etat \u00e0 compter du 1er janvier 2014, de sorte que, sans tenir compte de la date des faits, les infractions poursuivies ayant perdu leur caract\u00e8re punissable, la cour d'appel a m\u00e9connu le sens et la port\u00e9e du texte susvis\u00e9 ;",
        "D'o\u00f9 il suit que la cassation est encourue de ce chef ;"
    ],
    "decision-8": [
        "Par ces motifs :",
        "CASSE et ANNULE l'arr\u00eat susvis\u00e9 de la cour d'appel de Lyon, en date du 3 juillet 2015, en ses seules dispositions relatives aux d\u00e9lits d'aide au s\u00e9jour irr\u00e9gulier et emploi d'\u00e9trangers non munis d'autorisation de travail et aux peines, toutes autres dispositions \u00e9tant express\u00e9ment maintenues ;",
        "Et pour qu'il soit \u00e0 nouveau jug\u00e9, conform\u00e9ment \u00e0 la loi, dans les limites de la cassation ainsi prononc\u00e9e ;",
        "RENVOIE la cause et les parties devant la cour d'appel de Grenoble, \u00e0 ce d\u00e9sign\u00e9e par d\u00e9lib\u00e9ration sp\u00e9ciale prise en chambre du conseil ;",
        "ORDONNE l'impression du pr\u00e9sent arr\u00eat, sa transcription sur les registres du greffe de la cour d'appel de Lyon et sa mention en marge ou \u00e0 la suite de l'arr\u00eat partiellement annul\u00e9 ;",
        "Ainsi fait et jug\u00e9 par la Cour de cassation, chambre criminelle, et prononc\u00e9 par le pr\u00e9sident le dix-huit octobre deux mille seize ;",
        "En foi de quoi le pr\u00e9sent arr\u00eat a \u00e9t\u00e9 sign\u00e9 par le pr\u00e9sident, le rapporteur et le greffier de chambre."
    ]
}