{
    "decision-0": [
        "CIV. 1",
        "JT",
        "COUR DE CASSATION",
        "______________________",
        "Audience publique du 17 mai 2017",
        "Cassation sans renvoi",
        "Mme BATUT, pr\u00e9sident",
        "Arr\u00eat n\u00b0 607 FS-D",
        "Pourvoi n\u00b0 P 16-19.971",
        "Aide juridictionnelle totale en demande",
        "au profit de M. X....",
        "Admission du bureau d'aide juridictionnelle",
        "pr\u00e8s la Cour de cassation",
        "en date du 8 novembre 2016.",
        "R \u00c9 P U B L I Q U E F R A N \u00c7 A I S E",
        "_________________________",
        "AU NOM DU PEUPLE FRAN\u00c7AIS",
        "_________________________",
        "LA COUR DE CASSATION, PREMI\u00c8RE CHAMBRE CIVILE, a rendu l'arr\u00eat suivant :",
        "Statuant sur le pourvoi form\u00e9 par M. Amar X..., domicili\u00e9 chez M. Ruben Y...[...],",
        "contre l'ordonnance rendue le 28 octobre 2015 par le premier pr\u00e9sident de la cour d'appel de Paris (p\u00f4le 2, chambre 11), dans le litige l'opposant :",
        "1\u00b0/ au pr\u00e9fet de police, domicili\u00e9 [...],",
        "2\u00b0/ au procureur g\u00e9n\u00e9ral pr\u00e8s la cour d'appel de Paris, domicili\u00e9 [...],",
        "d\u00e9fendeurs \u00e0 la cassation ;",
        "Le demandeur invoque, \u00e0 l'appui de son pourvoi, les quatre moyens de cassation annex\u00e9s au pr\u00e9sent arr\u00eat ;",
        "Vu la communication faite au procureur g\u00e9n\u00e9ral ;",
        "LA COUR, compos\u00e9e conform\u00e9ment \u00e0 l'article R. 431-5 du code de l'organisation judiciaire, en l'audience publique du 19 avril 2017, o\u00f9 \u00e9taient pr\u00e9sents : Mme Batut, pr\u00e9sident, Mme Z..., conseiller r\u00e9f\u00e9rendaire rapporteur, M. Matet, conseiller doyen, MM. Hascher, Reynis, Mme Reygner, M. Vigneau, Mme Bozzi, M. Acquaviva, conseillers, MM. Mansion, Roth, Mmes Mouty-Tardieu, Le Cotty, conseillers r\u00e9f\u00e9rendaires, Mme A..., avocat g\u00e9n\u00e9ral r\u00e9f\u00e9rendaire, Mme Pecquenard, greffier de chambre ;",
        "Sur le rapport de Mme Z..., conseiller r\u00e9f\u00e9rendaire, les observations de la SCP Waquet, Farge et Hazan, avocat de M. X..., de la SCP Garreau, Bauer-Violas et Feschotte-Desbois, avocat du pr\u00e9fet de police, l'avis de Mme A..., avocat g\u00e9n\u00e9ral r\u00e9f\u00e9rendaire, et apr\u00e8s en avoir d\u00e9lib\u00e9r\u00e9 conform\u00e9ment \u00e0 la loi ;"
    ],
    "decision-1": [
        "Attendu, selon l'ordonnance attaqu\u00e9e, rendue par le premier pr\u00e9sident d'une cour d'appel, et les pi\u00e8ces de la proc\u00e9dure, que, le 21 octobre 2015, des fonctionnaires de police, agissant sur r\u00e9quisitions du procureur de la R\u00e9publique prises en application de l'article 78-2 du code de proc\u00e9dure p\u00e9nale, ont proc\u00e9d\u00e9 \u00e0 une op\u00e9ration de contr\u00f4le d'identit\u00e9 aux heures et dans la zone d\u00e9termin\u00e9es par celles-ci, pour rechercher des personnes susceptibles de commettre des infractions \u00e9num\u00e9r\u00e9es dans l'acte ; qu'une personne contr\u00f4l\u00e9e \u00e0 20 heures 05 a indiqu\u00e9 se nommer Omar X..., \u00eatre n\u00e9e le [...] et de nationalit\u00e9 tunisienne ; qu'invit\u00e9 \u00e0 pr\u00e9senter les documents l'autorisant \u00e0 circuler en France, en application de l'article L. 611-1 du code de l'entr\u00e9e et du s\u00e9jour des \u00e9trangers et du droit d'asile, il a dit ne pas en poss\u00e9der ; que, plac\u00e9 en retenue pour v\u00e9rification de son droit au s\u00e9jour, l'int\u00e9ress\u00e9, se nommant en r\u00e9alit\u00e9 Amar X..., a re\u00e7u notification de ses droits \u00e0 21 heures 50 ; que le procureur de la R\u00e9publique a \u00e9t\u00e9 inform\u00e9 de la retenue \u00e0 22 heures 03 ; qu'\u00e0 l'issue de celle-ci, M. X... a \u00e9t\u00e9 plac\u00e9 en r\u00e9tention administrative ; que le juge des libert\u00e9s et de la d\u00e9tention, saisi par le pr\u00e9fet, a rejet\u00e9 la demande de prolongation de cette mesure ;"
    ],
    "decision-2": [
        "Sur le premier moyen, pris en sa premi\u00e8re branche, le deuxi\u00e8me moyen, pris en sa seconde branche et le quatri\u00e8me moyen, ci-apr\u00e8s annex\u00e9s :"
    ],
    "decision-3": [
        "Attendu que ces griefs ne sont manifestement pas de nature \u00e0 entra\u00eener la cassation ;"
    ],
    "decision-4": [
        "Sur le deuxi\u00e8me moyen, pris en sa premi\u00e8re branche :",
        "Attendu que M. X... fait grief \u00e0 l'ordonnance de prolonger sa r\u00e9tention, alors, selon le moyen, que l'article L. 611-1 du code de l'entr\u00e9e et du s\u00e9jour des \u00e9trangers et du droit d'asile ne permet de proc\u00e9der \u00e0 un contr\u00f4le du droit au s\u00e9jour que si des \u00e9l\u00e9ments objectifs d\u00e9duits de circonstances ext\u00e9rieures \u00e0 la personne m\u00eame de l'int\u00e9ress\u00e9 sont de nature \u00e0 faire appara\u00eetre sa qualit\u00e9 d'\u00e9tranger ; que si la nationalit\u00e9 \u00e9trang\u00e8re de la personne constitue une telle circonstance ext\u00e9rieure, c'est \u00e0 la condition qu'elle ait \u00e9t\u00e9 r\u00e9v\u00e9l\u00e9e par elle de mani\u00e8re spontan\u00e9e ; que l'int\u00e9ress\u00e9 a fait valoir dans ses conclusions qu'il n'avait fait \u00e9tat de sa nationalit\u00e9 tunisienne qu'\u00e0 la demande de l'agent de police, de mani\u00e8re provoqu\u00e9e et non spontan\u00e9e ; qu'en ne recherchant pas si la d\u00e9claration de l'int\u00e9ress\u00e9 relative \u00e0 sa nationalit\u00e9 avait rev\u00eatu un caract\u00e8re spontan\u00e9, le premier pr\u00e9sident de la cour d'appel a priv\u00e9 sa d\u00e9cision de base l\u00e9gale au regard du texte pr\u00e9cit\u00e9 ;"
    ],
    "decision-5": [
        "Mais attendu que, si le constat des \u00e9l\u00e9ments objectifs, d\u00e9duits de circonstances ext\u00e9rieures \u00e0 la personne, de nature \u00e0 faire appara\u00eetre sa qualit\u00e9 d'\u00e9tranger, doit pr\u00e9c\u00e9der le contr\u00f4le des titres de s\u00e9jour intervenu sur le fondement de l'article L. 611-1 du code de l'entr\u00e9e et du s\u00e9jour des \u00e9trangers et du droit d'asile, un tel constat n'a pas \u00e0 \u00eatre pr\u00e9alable au contr\u00f4le d'identit\u00e9 effectu\u00e9 en application de l'article 78-2 du code de proc\u00e9dure p\u00e9nale, mais peut r\u00e9sulter de celui-ci ; qu'en \u00e9non\u00e7ant que, selon le proc\u00e8s-verbal de contr\u00f4le d'identit\u00e9, l'\u00e9l\u00e9ment d'extran\u00e9it\u00e9 ressortait des d\u00e9clarations de l'\u00e9tranger qui avait indiqu\u00e9 aux fonctionnaires de police, lors du contr\u00f4le, qu'il \u00e9tait de nationalit\u00e9 tunisienne, le premier pr\u00e9sident a l\u00e9galement justifi\u00e9 sa d\u00e9cision ;"
    ],
    "decision-6": [
        "Mais sur le premier moyen, pris en sa quatri\u00e8me branche :"
    ],
    "decision-7": [
        "Vu l'article 455 du code de proc\u00e9dure civile ;",
        "Attendu que, pour prolonger la r\u00e9tention, l'ordonnance \u00e9nonce que les r\u00e9quisitions du procureur de la R\u00e9publique visent des personnes susceptibles de commettre des infractions, et non une cat\u00e9gorie d\u00e9termin\u00e9e de personnes ;",
        "Qu'en statuant ainsi, sans r\u00e9pondre aux conclusions de M. X..., qui soutenait que les motifs et circonstances ayant d\u00e9termin\u00e9 les fonctionnaires de police \u00e0 contr\u00f4ler son identit\u00e9 rev\u00eataient un caract\u00e8re discriminatoire, le premier pr\u00e9sident n'a pas satisfait aux exigences du texte susvis\u00e9 ;"
    ],
    "decision-8": [
        "Et sur le troisi\u00e8me moyen, pris en sa troisi\u00e8me branche :"
    ],
    "decision-9": [
        "Vu l'article L. 611-1-1 du code de l'entr\u00e9e et du s\u00e9jour des \u00e9trangers et du droit d'asile ;",
        "Attendu que, selon ce texte, le procureur de la R\u00e9publique est inform\u00e9 d\u00e8s le d\u00e9but de la retenue ; que tout retard dans l'information donn\u00e9e \u00e0 ce magistrat, non justifi\u00e9 par des circonstances insurmontables, est de nature \u00e0 porter atteinte aux droits de la personne concern\u00e9e ;",
        "Attendu que, pour retenir que l'information donn\u00e9e au procureur de la R\u00e9publique n'est pas tardive, l'ordonnance rel\u00e8ve que plusieurs interpellations se sont d\u00e9roul\u00e9es concomitamment, ce qui a entra\u00een\u00e9 des contraintes mat\u00e9rielles pour organiser la pr\u00e9sentation des personnes interpell\u00e9es \u00e0 l'officier de police judiciaire et que le procureur de la R\u00e9publique a \u00e9t\u00e9 avis\u00e9 imm\u00e9diatement apr\u00e8s celle-ci ;",
        "Qu'en statuant ainsi, par des motifs impropres \u00e0 caract\u00e9riser les circonstances insurmontables auxquelles auraient \u00e9t\u00e9 confront\u00e9s les fonctionnaires de police, de nature \u00e0 diff\u00e9rer de une heure et cinquante-huit minutes, \u00e0 compter du d\u00e9but du contr\u00f4le, l'information du procureur de la R\u00e9publique, le premier pr\u00e9sident a viol\u00e9 le texte susvis\u00e9 ;",
        "Vu les articles L. 411-3 du code de l'organisation judiciaire et 1015 du code de proc\u00e9dure civile ;"
    ],
    "decision-10": [
        "PAR CES MOTIFS, et sans qu'il y ait lieu de statuer sur les autres griefs :",
        "CASSE ET ANNULE, en toutes ses dispositions, l'ordonnance rendue le 28 octobre 2015, entre les parties, par le premier pr\u00e9sident de la cour d'appel de Paris ;",
        "DIT n'y avoir lieu \u00e0 renvoi ;",
        "Vu l'article 700 du code de proc\u00e9dure civile, rejette la demande ;",
        "Dit que sur les diligences du procureur g\u00e9n\u00e9ral pr\u00e8s la Cour de cassation, le pr\u00e9sent arr\u00eat sera transmis pour \u00eatre transcrit en marge ou \u00e0 la suite de l'ordonnance cass\u00e9e ;",
        "Ainsi fait et jug\u00e9 par la Cour de cassation, premi\u00e8re chambre civile, et prononc\u00e9 par le pr\u00e9sident en son audience publique du dix-sept mai deux mille dix-sept."
    ],
    "decision-11": [
        "MOYENS ANNEXES au pr\u00e9sent arr\u00eat",
        "Moyens produits par la SCP Waquet, Farge et Hazan, avocat aux Conseils, pour M. Amar X...",
        "PREMIER MOYEN DE CASSATION",
        "Il est fait grief \u00e0 l'ordonnance infirmative attaqu\u00e9e d'avoir rejet\u00e9 la demande de nullit\u00e9 du contr\u00f4le d'identit\u00e9 de monsieur X... et ordonn\u00e9 la prolongation de sa r\u00e9tention administrative pour une dur\u00e9e de 20 jours ;",
        "AUX MOTIFS QUE \u00ab les r\u00e9quisitions du procureur de la R\u00e9publique de Paris en date du 16 octobre 2015 relatives au contr\u00f4le d'identit\u00e9, effectu\u00e9 en application de l'article 78-2 du code de proc\u00e9dure p\u00e9nale, visent des secteurs g\u00e9ographiques de contr\u00f4les limit\u00e9s \u00e0 des quartiers du 18\u00e8me arrondissement de Paris pr\u00e9cis\u00e9ment d\u00e9limit\u00e9s, et qu'ainsi aucune entrave disproportionn\u00e9e \u00e0 la libert\u00e9 d'aller et venir n'\u00e9tant constitu\u00e9e, ce contr\u00f4le est d\u00e8s lors r\u00e9gulier ; \u00bb",
        "QUE sur le moyen relatif au fait qu'il s'agit d'un contr\u00f4le au faci\u00e8s, \u00ab la cour rel\u00e8ve que les r\u00e9quisitions du procureur de la R\u00e9publique [visent] des personnes susceptibles de commettre des infractions, et non une cat\u00e9gorie d\u00e9termin\u00e9e de personnes \u00bb ;",
        "1\u00b0/ ALORS QUE les articles 78-2 al. 7 et 78-2-2 du code de proc\u00e9dure p\u00e9nale pr\u00e9voient la possibilit\u00e9 pour les autorit\u00e9s de police de proc\u00e9der au contr\u00f4le d'identit\u00e9 de toutes personnes se trouvant dans un p\u00e9rim\u00e8tre et dans un temps donn\u00e9s sans faire \u00e9tat de motifs sp\u00e9cifiques justifiant objectivement ce contr\u00f4le, et notamment sans que soit exig\u00e9e la caract\u00e9risation d'un lien suppos\u00e9 entre la personne contr\u00f4l\u00e9e et les infractions vis\u00e9es par les r\u00e9quisitions ; que ces dispositions, qui ne permettent pas de garantir l'absence d'arbitraire et de caract\u00e8re discriminatoire des contr\u00f4les r\u00e9alis\u00e9s, seront d\u00e9clar\u00e9es contraires \u00e0 la Constitution \u00e0 la suite de la question prioritaire de constitutionnalit\u00e9 n\u00b0 1 pr\u00e9sent\u00e9e \u00e0 l'appui de ce pourvoi par m\u00e9moire s\u00e9par\u00e9 ; qu'il s'ensuit que l'ensemble de la proc\u00e9dure de contr\u00f4le d'identit\u00e9 puis de placement en retenue pour v\u00e9rification du droit au s\u00e9jour est irr\u00e9guli\u00e8re ;",
        "2\u00b0/ ALORS QUE pour \u00eatre conforme \u00e0 la Constitution et garantir l'absence d'arbitraire et de caract\u00e8re discriminatoire des contr\u00f4les effectu\u00e9s, les r\u00e9quisitions du procureur de la R\u00e9publique doivent d\u00e9finir pr\u00e9cis\u00e9ment les conditions dans lesquelles les proc\u00e9dures de contr\u00f4le et de v\u00e9rification d'identit\u00e9 sont effectu\u00e9es, afin de mettre en mesure le juge judiciaire d'exercer son contr\u00f4le ; que faute pour la r\u00e9quisition sur le fondement de laquelle l'int\u00e9ress\u00e9 a \u00e9t\u00e9 interpell\u00e9 de comporter des pr\u00e9cisions suffisantes, le juge judiciaire n'a pas \u00e9t\u00e9 mis en mesure de s'assurer que le contr\u00f4le d'identit\u00e9 dont il a fait l'objet reposait sur un motif licite et n'\u00e9tait ainsi ni arbitraire ni discriminatoire ; qu'en consid\u00e9rant n\u00e9anmoins que la r\u00e9quisition litigieuse \u00e9tait r\u00e9guli\u00e8re, le premier pr\u00e9sident de la cour d'appel a m\u00e9connu les articles 78-2 et 78-2-2 du code de proc\u00e9dure p\u00e9nale ainsi que les articles 16 de la D\u00e9claration des droits de l'homme et du citoyen et 66 de la Constitution ;",
        "3\u00b0/ ALORS QUE l'article pr\u00e9liminaire du code de proc\u00e9dure p\u00e9nale, l'article 6 de la D\u00e9claration des droits de l'homme et du citoyen et les articles 5 et 14 de la Convention europ\u00e9enne des droits de l'homme prohibent les contr\u00f4les d'identit\u00e9 effectu\u00e9s de mani\u00e8re discriminatoire ; que l'article 4 de la D\u00e9claration des droits de l'homme et du citoyen, qui prot\u00e8ge le droit au respect de la libert\u00e9 individuelle, fait en outre obstacle \u00e0 ce que des contr\u00f4les d'identit\u00e9 puissent \u00eatre r\u00e9alis\u00e9s de mani\u00e8re arbitraire, sans que des \u00e9l\u00e9ments objectifs, tir\u00e9s du comportement de la personne contr\u00f4l\u00e9e ou de circonstances particuli\u00e8res, ne les justifient ; que le fait qu'un contr\u00f4le d'identit\u00e9 ait \u00e9t\u00e9 effectu\u00e9 sur r\u00e9quisitions du procureur de la R\u00e9publique ne saurait exon\u00e9rer les autorit\u00e9s de police de pr\u00e9ciser les \u00e9l\u00e9ments objectifs ayant justifi\u00e9 le contr\u00f4le et les autorit\u00e9s judiciaires de s'assurer de la lic\u00e9it\u00e9 des motifs du contr\u00f4le ; qu'en ne recherchant pas quels motifs avaient conduit les autorit\u00e9s de police \u00e0 contr\u00f4ler l'int\u00e9ress\u00e9 dans le cadre de l'ex\u00e9cution de la r\u00e9quisition du parquet, le premier pr\u00e9sident de la cour d'appel n'a pas donn\u00e9 de base l\u00e9gale \u00e0 sa d\u00e9cision au regard des textes pr\u00e9cit\u00e9s ;",
        "4\u00b0/ ALORS QUE dans ses conclusions, l'int\u00e9ress\u00e9 soutenait que le contr\u00f4le d'identit\u00e9 dont il avait fait l'objet avait rev\u00eatu un caract\u00e8re discriminatoire, seuls des hommes originaires d'Afrique du Nord ayant vu leur identit\u00e9 contr\u00f4l\u00e9e sur le fondement des r\u00e9quisitions du parquet ; qu'en ne recherchant pas si les motifs et circonstances ayant d\u00e9termin\u00e9 les policiers \u00e0 contr\u00f4ler son identit\u00e9 rev\u00eataient un caract\u00e8re discriminatoire, le premier pr\u00e9sident de la cour d'appel n'a pas r\u00e9pondu aux conclusions dont il \u00e9tait saisi et a viol\u00e9 l'article 455 du code de proc\u00e9dure civile ;",
        "5\u00b0/ ALORS QUE d\u00e8s lors qu'une diff\u00e9rence de traitement est d\u00e9montr\u00e9e, il appartient \u00e0 l'auteur de l'acte ou de la d\u00e9cision suppos\u00e9 discriminatoire d'\u00e9tablir que cet acte ou cette d\u00e9cision repose sur des \u00e9l\u00e9ments objectifs \u00e9trangers \u00e0 toute discrimination et n'est ainsi pas contraire aux articles pr\u00e9liminaire du code de proc\u00e9dure p\u00e9nale, \u00e0 l'article 6 de la D\u00e9claration des droits de l'homme et du citoyen et aux articles 5 et 14 de la Convention europ\u00e9enne des droits de l'homme ; qu'en ne recherchant pas sur quels \u00e9l\u00e9ments objectifs \u00e9trangers \u00e0 toute discrimination avait repos\u00e9 la d\u00e9cision de l'agent de police de proc\u00e9der au contr\u00f4le de l'identit\u00e9 de l'int\u00e9ress\u00e9, le premier pr\u00e9sident de la cour d'appel n'a pas donn\u00e9 de base l\u00e9gale \u00e0 sa d\u00e9cision au regard desdits textes.",
        "DEUXIEME MOYEN DE CASSATION",
        "Il est fait grief \u00e0 l'ordonnance infirmative attaqu\u00e9e d'avoir ordonn\u00e9 la prolongation de la r\u00e9tention administrative de monsieur X... pour une dur\u00e9e de 20 jours ;",
        "AUX MOTIFS QUE, sur le moyen relatif au fait que les policiers ont demand\u00e9 la nationalit\u00e9 de l'int\u00e9ress\u00e9 pour faire appara\u00eetre un \u00e9l\u00e9ment d'extran\u00e9it\u00e9, la cour rel\u00e8ve \u00ab que l'\u00e9l\u00e9ment d'extran\u00e9it\u00e9 r\u00e9sulte des propres d\u00e9clarations de l'\u00e9tranger, lequel a fait comprendre aux policiers, le 21 octobre 2015 \u00e0 20h05 heure de son contr\u00f4le, qu'il \u00e9tait de nationalit\u00e9 tunisienne (sic",
        ") et sans domicile fixe ; \u00bb",
        "1\u00b0/ ALORS QUE l'article L. 611-1 du code de l'entr\u00e9e et du s\u00e9jour des \u00e9trangers et du droit d'asile ne permet de proc\u00e9der \u00e0 un contr\u00f4le du droit au s\u00e9jour que si des \u00e9l\u00e9ments objectifs d\u00e9duits de circonstances ext\u00e9rieures \u00e0 la personne m\u00eame de l'int\u00e9ress\u00e9 sont de nature \u00e0 faire appara\u00eetre sa qualit\u00e9 d'\u00e9tranger ; que si la nationalit\u00e9 \u00e9trang\u00e8re de la personne constitue une telle circonstance ext\u00e9rieure, c'est \u00e0 la condition qu'elle ait \u00e9t\u00e9 r\u00e9v\u00e9l\u00e9e par elle de mani\u00e8re spontan\u00e9e ; que l'int\u00e9ress\u00e9 a fait valoir dans ses conclusions qu'il n'avait fait \u00e9tat de sa nationalit\u00e9 tunisienne qu'\u00e0 la demande de l'agent de police, de mani\u00e8re provoqu\u00e9e et non spontan\u00e9e ; qu'en ne recherchant pas si la d\u00e9claration de l'int\u00e9ress\u00e9 relative \u00e0 sa nationalit\u00e9 avait rev\u00eatu un caract\u00e8re spontan\u00e9, le premier pr\u00e9sident de la cour d'appel a priv\u00e9 sa d\u00e9cision de base l\u00e9gale au regard du texte pr\u00e9cit\u00e9 ;",
        "2\u00b0/ ALORS QUE les contr\u00f4les d'identit\u00e9 sur r\u00e9quisitions pr\u00e9vus par les articles 78-2 al. 7 et 78-2-2 du code de proc\u00e9dure p\u00e9nale n'\u00e9tant conformes \u00e0 la Constitution que dans la mesure o\u00f9 ils permettent la r\u00e9pression d'infractions p\u00e9nales, c'est en contrari\u00e9t\u00e9 avec celle-ci que les articles L. 611-1 et L. 611-1-1 du Code de l'entr\u00e9e et du s\u00e9jour des \u00e9trangers et du droit d'asile autorisent qu'une proc\u00e9dure administrative de contr\u00f4le ou de v\u00e9rification du droit au s\u00e9jour puisse \u00eatre d\u00e9cid\u00e9e \u00e0 l'issue d'un contr\u00f4le d'identit\u00e9 sur r\u00e9quisitions, dans le cadre duquel la qualit\u00e9 d'\u00e9tranger de l'int\u00e9ress\u00e9 a \u00e9t\u00e9 r\u00e9v\u00e9l\u00e9e ; que ces dispositions, qui ne permettent pas de garantir l'absence de caract\u00e8re arbitraire et discriminatoire des proc\u00e9dures administratives de contr\u00f4le et de v\u00e9rification du droit au s\u00e9jour, seront d\u00e9clar\u00e9es contraires \u00e0 la Constitution \u00e0 la suite de la question prioritaire de constitutionnalit\u00e9 n\u00b0 2 pr\u00e9sent\u00e9e \u00e0 l'appui de ce pourvoi par m\u00e9moire s\u00e9par\u00e9 ; qu'il s'ensuit que l'ensemble de la proc\u00e9dure de contr\u00f4le du droit au s\u00e9jour puis de placement en retenue pour v\u00e9rification du droit au s\u00e9jour est irr\u00e9guli\u00e8re.",
        "TROISIEME MOYEN DE CASSATION",
        "Il est fait grief \u00e0 l'ordonnance infirmative attaqu\u00e9e d'avoir ordonn\u00e9 la prolongation de la r\u00e9tention administrative de monsieur X... pour une dur\u00e9e de 20 jours ;",
        "AUX MOTIFS QUE sur le moyen relatif \u00e0 la tardivet\u00e9 de l'avis \u00e0 parquet de la mesure de retenue et sur celui relatif \u00e0 la nullit\u00e9 de la notification des droits et \u00e0 la tardivet\u00e9 de celle-ci \u00ab la cour observe que l'int\u00e9ress\u00e9 a \u00e9t\u00e9 interpell\u00e9 le 21 octobre 2015 \u00e0 20h05, pr\u00e9sent\u00e9 \u00e0 l'OPJ \u00e0 21h50 et que l'avis au procureur de la R\u00e9publique de son placement en retenue a \u00e9t\u00e9 adress\u00e9 par courriel \u00e0 22h03 ; que comme cela r\u00e9sulte de la proc\u00e9dure plusieurs autres interpellations avaient lieu dans ce m\u00eame laps de temps ce qui a fait peser des contraintes mat\u00e9rielles pour organiser les pr\u00e9sentations des personnes interpell\u00e9es \u00e0 l'OPJ, mais qu'en tout \u00e9tat de cause l'avis \u00e0 parquet a \u00e9t\u00e9 transmis d\u00e8s apr\u00e8s cette pr\u00e9sentation, dans un d\u00e9lai de 1h13 minutes ; que dans ces conditions aucune irr\u00e9gularit\u00e9 n'affecte la transmission de l'avis \u00e0 parquet \u00bb ;",
        "1\u00b0/ ALORS QU'en cas de retenue pour v\u00e9rification du droit au s\u00e9jour, le procureur de la R\u00e9publique doit \u00eatre inform\u00e9 d\u00e8s le d\u00e9but de la mesure ; que la notification diff\u00e9r\u00e9e de ses droits \u00e0 la personne retenue est ind\u00e9pendante de l'information du procureur de la R\u00e9publique qui doit intervenir d\u00e8s le d\u00e9but de cette mesure ; que le premier pr\u00e9sident de la cour d'appel constate que l'int\u00e9ress\u00e9 a \u00e9t\u00e9 interpell\u00e9 \u00e0 20h05 et que le procureur de la R\u00e9publique a \u00e9t\u00e9 inform\u00e9 \u00e0 22h03, soit presque 2h apr\u00e8s le d\u00e9but de sa privation de libert\u00e9 ; qu'en se fondant uniquement sur l'heure de la notification des droits pour justifier la tardivet\u00e9 de l'information du procureur de la R\u00e9publique, le premier pr\u00e9sident de la cour d'appel a viol\u00e9 l'article L. 611-1-1 du code de l'entr\u00e9e et du s\u00e9jour des \u00e9trangers et du droit d'asile ;",
        "2\u00b0/ ALORS QU'en ne consid\u00e9rant pas comme tardive l'information du parquet effectu\u00e9e 2h02 apr\u00e8s le placement en retenue de l'int\u00e9ress\u00e9, le premier pr\u00e9sident de la cour d'appel a m\u00e9connu les articles 5 et 6 de la Convention europ\u00e9enne des droits de l'homme et L. 611-1-1 du code de l'entr\u00e9e et du s\u00e9jour des \u00e9trangers et du droit d'asile ;",
        "3\u00b0/ ALORS QUE tout retard dans la mise en oeuvre de la notification des droits et de l'information du parquet pr\u00e9vues \u00e0 l'article L. 611-1-1 du code de l'entr\u00e9e et du s\u00e9jour des \u00e9trangers et du droit d'asile, non justifi\u00e9 par des circonstances insurmontables, fait n\u00e9cessairement grief aux int\u00e9r\u00eats de la personne retenue ; qu'en ne pr\u00e9cisant pas le nombre de personnes interpell\u00e9es ni les contraintes mat\u00e9rielles ayant effectivement pes\u00e9 sur leur transport au commissariat central et leur pr\u00e9sentation \u00e0 un officier de police judiciaire, le premier pr\u00e9sident de la cour d'appel n'a pas caract\u00e9ris\u00e9 de circonstances insurmontables et a encore viol\u00e9 le texte pr\u00e9cit\u00e9.",
        "QUATRIEME MOYEN DE CASSATION",
        "Il est fait grief \u00e0 l'ordonnance infirmative attaqu\u00e9e d'avoir ordonn\u00e9 la prolongation de la r\u00e9tention administrative de monsieur X... pour une dur\u00e9e de 20 jours ;",
        "AUX MOTIFS QUE \u00ab sur le septi\u00e8me moyen relatif \u00e0 la consultation du fichier des personnes recherch\u00e9es, la simple consultation d'un fichier ne faisant pas grief, d'autant qu'en l'esp\u00e8ce elle s'est r\u00e9v\u00e9l\u00e9e \u00eatre n\u00e9gative, elle n'a pas port\u00e9 atteinte aux droits de l'int\u00e9ress\u00e9 ; \u00bb",
        "ALORS QUE les agents des services de la police nationale ne peuvent consulter le fichier des personnes recherch\u00e9es cr\u00e9\u00e9 par le d\u00e9cret n\u00b0 2010-569 du 28 mai 2010 que pour les besoins des missions qui leur sont confi\u00e9es en mati\u00e8re de recherche et de poursuite d'infractions ; que d\u00e8s lors que monsieur X... n'\u00e9tait plus appr\u00e9hend\u00e9 dans le cadre du contr\u00f4le d'identit\u00e9 mais dans celui de l'article L. 611-1-1 du code de l'entr\u00e9e et du s\u00e9jour des \u00e9trangers et du droit d'asile qui pr\u00e9voit une proc\u00e9dure non p\u00e9nale de retenue pour v\u00e9rification du droit au s\u00e9jour, il n'entrait plus dans la mission des agents des services de police de rechercher si celui-ci figurait au fichier des personnes recherch\u00e9es ; qu'en ne censurant pas l'acte d'investigation ainsi effectu\u00e9, le premier pr\u00e9sident de la cour d'appel a viol\u00e9 les dispositions de l'article 5 du d\u00e9cret du 28 mai 2010 et de l'article L. 611-1-1 du code de l'entr\u00e9e et du s\u00e9jour des \u00e9trangers et du droit d'asile."
    ]
}