{
    "decision-0": [
        "CIV. 1",
        "CH.B",
        "COUR DE CASSATION",
        "______________________",
        "Audience publique du 9 novembre 2016",
        "Cassation partielle sans renvoi",
        "Mme BATUT, pr\u00e9sident",
        "Arr\u00eat n\u00b0 1264 F-D",
        "Pourvoi n\u00b0 B 16-10.300",
        "R \u00c9 P U B L I Q U E F R A N \u00c7 A I S E",
        "_________________________",
        "AU NOM DU PEUPLE FRAN\u00c7AIS",
        "_________________________",
        "LA COUR DE CASSATION, PREMI\u00c8RE CHAMBRE CIVILE, a rendu l'arr\u00eat suivant :",
        "Statuant sur le pourvoi form\u00e9 par le pr\u00e9fet de l'[Localit\u00e9 1], domicili\u00e9 pr\u00e9fecture de l'[Localit\u00e9 1], [Adresse 2],",
        "contre l'ordonnance rendue le 9 novembre 2015 par le premier pr\u00e9sident de la cour d'appel de Montpellier, dans le litige l'opposant :",
        "1\u00b0/ \u00e0 M. [E] [G], domicili\u00e9 [Adresse 1],",
        "2\u00b0/ au procureur g\u00e9n\u00e9ral pr\u00e8s la cour d'appel de Montpellier, domicili\u00e9 en son parquet g\u00e9n\u00e9ral, [Adresse 3],",
        "d\u00e9fendeurs \u00e0 la cassation ;",
        "Le demandeur invoque, \u00e0 l'appui de son pourvoi, le moyen unique de cassation annex\u00e9 au pr\u00e9sent arr\u00eat ;",
        "Vu la communication faite au procureur g\u00e9n\u00e9ral ;",
        "LA COUR, en l'audience publique du 5 octobre 2016, o\u00f9 \u00e9taient pr\u00e9sents : Mme Batut, pr\u00e9sident, M. Mansion, conseiller r\u00e9f\u00e9rendaire rapporteur, M. Matet, conseiller doyen, Mme Pecquenard, greffier de chambre ;",
        "Sur le rapport de M. Mansion, conseiller r\u00e9f\u00e9rendaire, les observations de la SCP Fabiani, Luc-Thaler et Pinatel, avocat du pr\u00e9fet de l'[Localit\u00e9 1], l'avis de M. Bernard de La Gatinais, premier avocat g\u00e9n\u00e9ral, et apr\u00e8s en avoir d\u00e9lib\u00e9r\u00e9 conform\u00e9ment \u00e0 la loi ;"
    ],
    "decision-1": [
        "Sur le moyen unique :"
    ],
    "decision-2": [
        "Vu les articles L. 551-2 et R. 551-4 du code de l'entr\u00e9e et du s\u00e9jour des \u00e9trangers et du droit d'asile ;",
        "Attendu que, selon le premier de ces textes, la d\u00e9cision de placement en r\u00e9tention administrative ne commence \u00e0 produire ses effets, \u00e0 l'\u00e9gard de l'\u00e9tranger, qu'\u00e0 compter de sa notification \u00e0 l'int\u00e9ress\u00e9 et que, d'apr\u00e8s le second, c'est \u00e0 compter de son arriv\u00e9e au lieu de r\u00e9tention que l'\u00e9tranger peut demander l'assistance d'un interpr\u00e8te, d'un conseil ainsi que d'un m\u00e9decin et qu'il peut communiquer avec son consulat et avec une personne de son choix ;"
    ],
    "decision-3": [
        "Attendu, selon l'ordonnance attaqu\u00e9e, rendue par un premier pr\u00e9sident, et les pi\u00e8ces de la proc\u00e9dure, que le pr\u00e9fet de l'[Localit\u00e9 1] a pris, le 28 juillet 2015, \u00e0 l'encontre de M. [G], de nationalit\u00e9 nig\u00e9riane, en situation irr\u00e9guli\u00e8re en France, un arr\u00eat\u00e9 portant obligation de quitter le territoire sans d\u00e9lai ; que, le 30 juillet 2015, l'int\u00e9ress\u00e9 a \u00e9t\u00e9 condamn\u00e9 \u00e0 une peine de quatre mois d'emprisonnement ; que l'arr\u00eat\u00e9 portant placement en r\u00e9tention administrative, r\u00e9dig\u00e9 le 21 octobre 2015, n'a \u00e9t\u00e9 notifi\u00e9 \u00e0 M. [G] que le 31 octobre suivant, \u00e0 l'issue de sa p\u00e9riode d'incarc\u00e9ration ; que le pr\u00e9fet a sollicit\u00e9 la prolongation de la r\u00e9tention administrative de l'\u00e9tranger ;",
        "Attendu que, pour dire n'y avoir lieu \u00e0 prolonger la mesure, l'ordonnance retient qu'en diff\u00e9rant de dix jours la notification \u00e0 l'int\u00e9ress\u00e9 de la d\u00e9cision de placement en r\u00e9tention, l'autorit\u00e9 administrative qui avait commenc\u00e9, d\u00e8s le 22 octobre 2015, \u00e0 mettre en oeuvre les diligences en vue de son \u00e9loignement, l'a priv\u00e9 de ses droits jusqu'au 31 octobre 2015, date \u00e0 laquelle la d\u00e9cision prise le 21 octobre lui a \u00e9t\u00e9 notifi\u00e9e ;",
        "Qu'en statuant ainsi, le premier pr\u00e9sident a viol\u00e9 les textes susvis\u00e9s ;"
    ],
    "decision-4": [
        "Vu les articles L. 411-3 du code de l'organisation judiciaire ;"
    ],
    "decision-5": [
        "PAR CES MOTIFS :",
        "CASSE ET ANNULE, sauf en ce qu'elle d\u00e9clare l'appel recevable, l'ordonnance rendue le 9 novembre 2015, entre les parties, par le premier pr\u00e9sident de la cour d'appel de Montpellier ;",
        "DIT n'y avoir lieu \u00e0 renvoi ;",
        "Dit que sur les diligences du procureur g\u00e9n\u00e9ral pr\u00e8s la Cour de cassation, le pr\u00e9sent arr\u00eat sera transmis pour \u00eatre transcrit en marge ou \u00e0 la suite de l'ordonnance partiellement cass\u00e9e ;",
        "Ainsi fait et jug\u00e9 par la Cour de cassation, premi\u00e8re chambre civile, et prononc\u00e9 par le pr\u00e9sident en son audience publique du neuf novembre deux mille seize."
    ],
    "decision-6": [
        "MOYEN ANNEXE au pr\u00e9sent arr\u00eat.",
        "Moyen produit par la SCP Fabiani, Luc-Thaler et Pinatel, avocat aux Conseils, pour le pr\u00e9fet de l'[Localit\u00e9 1].",
        "Il est fait grief \u00e0 l'ordonnance attaqu\u00e9e d'avoir rejet\u00e9 la demande du pr\u00e9fet de l'[Localit\u00e9 1] tendant \u00e0 la prolongation de la r\u00e9tention administrative de M. [G],",
        "AUX MOTIFS QU'\u00abil est constant que l'arr\u00eat\u00e9 portant placement en r\u00e9tention administrative qui a \u00e9t\u00e9 notifi\u00e9 le 31 octobre 2015 \u00e0 M. [G] \u00e0 sa lev\u00e9e d'\u00e9crou et juste avant sa conduite au centre de r\u00e9tention de [Localit\u00e9 2] avait \u00e9t\u00e9 pris 10 jours plus t\u00f4t, le 21 octobre 2015 ; qu'en diff\u00e9rant de dix jours la notification \u00e0 M. [G] de la d\u00e9cision de placement en r\u00e9tention administrative, l'autorit\u00e9 administrative qui avait commenc\u00e9 d\u00e8s le 22 octobre \u00e0 mettre en oeuvre les diligences en vue de son \u00e9loignement, l'a priv\u00e9 de ses droits jusqu'au 31 octobre, date \u00e0 laquelle la d\u00e9cision prise le 21 octobre lui a \u00e9t\u00e9 notifi\u00e9e ; que cette irr\u00e9gularit\u00e9 cause n\u00e9cessairement un grief \u00e0 la personne retenue et vicie substantiellement la proc\u00e9dure \u00bb ;",
        "ALORS QUE la d\u00e9cision de placement en r\u00e9tention ne prenant effet qu'\u00e0 compter de sa notification, c'est \u00e0 compter de son arriv\u00e9e au lieu de r\u00e9tention que l'\u00e9tranger peut demander l'assistance d'un interpr\u00e8te, d'un conseil ainsi que d'un m\u00e9decin et qu'il peut communiquer avec son consulat et avec une personne de son choix ; qu'en retenant qu'en diff\u00e9rant de dix jours la notification \u00e0 M. [G] de la d\u00e9cision de placement en r\u00e9tention administrative, le pr\u00e9fet l'avait priv\u00e9 de ses droits, cependant que ces derniers ne pouvaient, de toute fa\u00e7on, pas \u00eatre exerc\u00e9s avant son arriv\u00e9e au lieu de r\u00e9tention, le d\u00e9l\u00e9gu\u00e9 du premier pr\u00e9sident a viol\u00e9 les articles L. 551-2 et L. 552-2 du code de l'entr\u00e9e et du s\u00e9jour des \u00e9trangers et du droit d'asile."
    ]
}