{
    "decision-0": [
        "CIV. 1",
        "CF",
        "COUR DE CASSATION",
        "______________________",
        "Audience publique du 8 juin 2016",
        "Irrecevabilit\u00e9 et rejet",
        "Mme BATUT, pr\u00e9sident",
        "Arr\u00eat n\u00b0 659 F-D",
        "Pourvois n\u00b0 X 15-19.377",
        "M 15-50.049 JONCTION",
        "Aide juridictionnelle totale en demande",
        "au profit de M. W... L....",
        "Admission du bureau d'aide juridictionnelle",
        "pr\u00e8s la Cour de cassation",
        "en date du 10 mars 2015.",
        "R \u00c9 P U B L I Q U E F R A N \u00c7 A I S E",
        "_________________________",
        "AU NOM DU PEUPLE FRAN\u00c7AIS",
        "_________________________",
        "LA COUR DE CASSATION, PREMI\u00c8RE CHAMBRE CIVILE, a rendu l'arr\u00eat suivant :",
        "Statuant sur les pourvois n\u00b0s X 15-19.377 et M 15-50.049 form\u00e9s par M. W... L..., domicili\u00e9 chez Mme H... N... [...] ,",
        "contre une ordonnance rendue le 24 novembre 2014 par le premier pr\u00e9sident de la cour d'appel de Bordeaux, dans le litige l'opposant au pr\u00e9fet de la Gironde, domicili\u00e9 [...] ,",
        "d\u00e9fendeur \u00e0 la cassation ;",
        "Le demandeur au pourvoi n\u00b0 M 15-50.049 invoque, \u00e0 l'appui de son recours, le moyen unique de cassation annex\u00e9 au pr\u00e9sent arr\u00eat ;",
        "Vu la communication faite au procureur g\u00e9n\u00e9ral ;",
        "LA COUR, en l'audience publique du 10 mai 2016, o\u00f9 \u00e9taient pr\u00e9sentes : Mme Batut, pr\u00e9sident, Mme Gargoullaud, conseiller r\u00e9f\u00e9rendaire rapporteur, Mme Bignon, conseiller doyen, Mme Nguyen, greffier de chambre ;",
        "Sur le rapport de Mme Gargoullaud, conseiller r\u00e9f\u00e9rendaire, les observations de Me Haas, avocat de M. L..., l'avis de M. Bernard de La Gatinais, premier avocat g\u00e9n\u00e9ral, et apr\u00e8s en avoir d\u00e9lib\u00e9r\u00e9 conform\u00e9ment \u00e0 la loi ;"
    ],
    "decision-1": [
        "Attendu, selon l'ordonnance attaqu\u00e9e (Bordeaux, 24 novembre 2014), rendue par un premier pr\u00e9sident, et les pi\u00e8ces de la proc\u00e9dure, que, le 11 juin 2014, le pr\u00e9fet de la Gironde a pris un arr\u00eat\u00e9 portant obligation de quitter le territoire fran\u00e7ais concernant M. L..., en situation irr\u00e9guli\u00e8re sur le territoire national, d\u00e9clarant \u00eatre de nationalit\u00e9 alg\u00e9rienne et s'appeler W... L... ; qu'ayant \u00e9t\u00e9 rapatri\u00e9 en Alg\u00e9rie, l'int\u00e9ress\u00e9 a d\u00e9clar\u00e9 \u00eatre de nationalit\u00e9 marocaine et s'appeler P... L... ; que les autorit\u00e9s alg\u00e9riennes l'ayant renvoy\u00e9 en France, le pr\u00e9fet de la Gironde a pris une d\u00e9cision de placement en r\u00e9tention \u00e0 son encontre le 19 novembre 2014 ;",
        "Sur la recevabilit\u00e9 du pourvoi n\u00b0 X 15-19.377, apr\u00e8s avis donn\u00e9 aux parties :"
    ],
    "decision-2": [
        "Vu le principe pourvoi sur pourvoi ne vaut ;",
        "Attendu que le pourvoi form\u00e9 par M. L..., le 2 juin 2015, sous le n\u00b0 X 15-19.377, qui succ\u00e8de au pourvoi form\u00e9 par lui, le 1er juin 2015, sous le n\u00b0 M 15-50.049, contre la m\u00eame d\u00e9cision, n'est pas recevable ;"
    ],
    "decision-3": [
        "Sur le moyen unique du pourvoi n\u00b0 M 15-50.049, ci-apr\u00e8s annex\u00e9 :",
        "Attendu que M. L... fait grief \u00e0 l'ordonnance de prolonger la mesure de r\u00e9tention administrative ;"
    ],
    "decision-4": [
        "Attendu, d'abord, sur les premi\u00e8re et troisi\u00e8me branches, qu'en principe, le juge de l'ordre judiciaire, saisi sur le fondement de l'article L. 552-1 du code de l'entr\u00e9e et du s\u00e9jour des \u00e9trangers et du droit d'asile, ne peut, sans exc\u00e9der ses pouvoirs, appr\u00e9cier la l\u00e9galit\u00e9 d'une d\u00e9cision administrative de placement en r\u00e9tention ; que, d\u00e8s lors, il n'appartenait pas au premier pr\u00e9sident de se prononcer sur la l\u00e9galit\u00e9 de la d\u00e9cision de r\u00e9tention au regard de l'arr\u00eat\u00e9 portant obligation de quitter le territoire fran\u00e7ais sur lequel celle-ci se fondait ; que, par ce motif de pur droit, substitu\u00e9, dans les conditions de l'article 1015 du code de proc\u00e9dure civile, \u00e0 ceux critiqu\u00e9s, la d\u00e9cision se trouve l\u00e9galement justifi\u00e9e ;",
        "Attendu, ensuite, que le grief de la deuxi\u00e8me branche n'est manifestement pas de nature \u00e0 entra\u00eener la cassation ;",
        "D'o\u00f9 il suit que le moyen ne peut \u00eatre accueilli ;"
    ],
    "decision-5": [
        "PAR CES MOTIFS :",
        "D\u00c9CLARE IRRECEVABLE le pourvoi n\u00b0 X 15-19.377 ;",
        "REJETTE le pourvoi n\u00b0 M 15-50.049 ;",
        "Vu l'article 700 du code de proc\u00e9dure civile, rejette la demande ;",
        "Ainsi fait et jug\u00e9 par la Cour de cassation, premi\u00e8re chambre civile, et prononc\u00e9 par le pr\u00e9sident en son audience publique du huit juin deux mille seize."
    ],
    "decision-6": [
        "MOYEN ANNEXE au pr\u00e9sent arr\u00eat",
        "Moyen produit par Me Haas, avocat aux Conseils, pour M. L..., demandeur au pourvoi n\u00b0 M 15-50.049.",
        "Il est fait grief \u00e0 l'ordonnance confirmative attaqu\u00e9e D'AVOIR autoris\u00e9 la prolongation de la r\u00e9tention de M. L... ;",
        "AUX MOTIFS QU'il est soutenu que l'actuel placement en r\u00e9tention de M. L... est nul car il s'agit de son troisi\u00e8me placement sur un seul arr\u00eat\u00e9 du 11 juin 2014, le premier juge ayant cru par erreur qu'il s'agissait du second parce que, le 11 juin 2014, il avait \u00e9t\u00e9 plac\u00e9 en r\u00e9tention et non sous assignation \u00e0 r\u00e9sidence ; qu'\u00e0 l'audience, le repr\u00e9sentant du pr\u00e9fet a reconnu qu'il s'agissait effectivement d'une troisi\u00e8me r\u00e9tention parce que lors de la premi\u00e8re, M. L... avait \u00e9t\u00e9 remis en libert\u00e9 par le juge des libert\u00e9s et de la d\u00e9tention ; que cependant, cet arr\u00eat\u00e9 du 11 juin 2014 n'a pas \u00e9t\u00e9 mis \u00e0 ex\u00e9cution par le seul fait que l'int\u00e9ress\u00e9 1) n'a pas profit\u00e9 de sa mise en libert\u00e9 pour l'ex\u00e9cuter spontan\u00e9ment et 2) n'a pas \u00e9t\u00e9 admis en Alg\u00e9rie que parce qu'il avait fourni une fausse identit\u00e9 ; qu'il ne peut se pr\u00e9valoir de la violation de la loi et de sa fausse identit\u00e9 pour en tirer un avantage l\u00e9gal ; que le fait que le pr\u00e9fet en soit oblig\u00e9, pour la troisi\u00e8me fois, d'user de la r\u00e9tention administrative, ne constitue aucune irr\u00e9gularit\u00e9 ; qu'il est enfin soutenu que ce placement en r\u00e9tention interviendrait alors que le pr\u00e9c\u00e9dent aurait \u00e9t\u00e9 ex\u00e9cut\u00e9 ; qu'ainsi, selon son avocat, apr\u00e8s un passage en Alg\u00e9rie, la pr\u00e9c\u00e9dente obligation de quitter le territoire fran\u00e7ais ne pourrait plus \u00eatre mise \u00e0 ex\u00e9cution car d\u00e9j\u00e0 ex\u00e9cut\u00e9e ; que cependant, ce passage en Alg\u00e9rie, avec retour en application de la convention franco-alg\u00e9rienne, n'a eu aucun effet puisqu'il \u00e9tait fond\u00e9 sur la fausse identit\u00e9 fournie par M. L... qui ne peut davantage se servir de sa propre faute pour tenter de mettre en \u00e9chec l'arr\u00eat\u00e9 le concernant ;",
        "ALORS, 1\u00b0), QUE l'\u00e9tranger ne peut fait l'objet de plus de deux mesures de maintien en r\u00e9tention sur le fondement du m\u00eame arr\u00eat\u00e9 portant obligation de quitter le territoire fran\u00e7ais ; qu'en autorisant la prolongation de la r\u00e9tention de M. L... apr\u00e8s avoir relev\u00e9 que cette r\u00e9tention \u00e9tait la troisi\u00e8me prise sur le fondement de m\u00eame arr\u00eat\u00e9 portant obligation de quitter le territoire fran\u00e7ais, le premier pr\u00e9sident, qui n'a pas tir\u00e9 les cons\u00e9quences l\u00e9gales de ses propres constatations, a viol\u00e9 l'article L. 551-1 du code de l'entr\u00e9e et du s\u00e9jour des \u00e9trangers et du droit d'asile ;",
        "ALORS, 2\u00b0), QU'en se pronon\u00e7ant sur le point de savoir si l'arr\u00eat\u00e9 du 11 juin 2014 avait d'ores et d\u00e9j\u00e0 re\u00e7u une compl\u00e8te ex\u00e9cution et, partant, sur la l\u00e9galit\u00e9 de la d\u00e9cision administrative ayant ordonn\u00e9 le placement en r\u00e9tention administrative de M. L..., le premier pr\u00e9sident a exc\u00e9d\u00e9 ses pouvoirs en violation de la loi des 16 et 24 ao\u00fbt 1790 et le d\u00e9cret du 16 fructidor an III et de l'article L. 551-1 du code de l'entr\u00e9e et du s\u00e9jour des \u00e9trangers et du droit d'asile ;",
        "ALORS, 3\u00b0) et en tout \u00e9tat de cause, QU'une mesure de r\u00e9tention ne peut \u00eatre l\u00e9galement ordonn\u00e9e pour l'ex\u00e9cution d'un arr\u00eat\u00e9 portant obligation de quitter le territoire fran\u00e7ais qui a d'ores et d\u00e9j\u00e0 re\u00e7u une enti\u00e8re ex\u00e9cution ; qu'en autorisant la prolongation de la r\u00e9tention de M. L... en vue de l'ex\u00e9cution de l'arr\u00eat\u00e9 portant obligation de quitter le territoire fran\u00e7ais du 11 juin 2014, apr\u00e8s avoir relev\u00e9 qu'\u00e0 la suite d'une pr\u00e9c\u00e9dente r\u00e9tention, l'int\u00e9ress\u00e9 avait, sur le fondement de ce m\u00eame arr\u00eat\u00e9, \u00e9t\u00e9 \u00e9loign\u00e9 vers l'Alg\u00e9rie, le premier pr\u00e9sident, qui n'a pas tir\u00e9 les cons\u00e9quences l\u00e9gales de ses propres constatations, a viol\u00e9 l'article L. 551-1 du code de l'entr\u00e9e et du s\u00e9jour des \u00e9trangers et du droit d'asile."
    ]
}