{
    "decision-0": [
        "CIV. 1",
        "CH.B",
        "COUR DE CASSATION",
        "______________________",
        "Audience publique du 8 juin 2016",
        "Rejet",
        "Mme BATUT, pr\u00e9sident",
        "Arr\u00eat n\u00b0 649 F-D",
        "Pourvoi n\u00b0 R 15-19.762",
        "Aide juridictionnelle totale en demande",
        "au profit de M. P... T....",
        "Admission du bureau d'aide juridictionnelle",
        "pr\u00e8s la Cour de cassation",
        "en date du 5 mai 2015.",
        "R \u00c9 P U B L I Q U E F R A N \u00c7 A I S E",
        "_________________________",
        "AU NOM DU PEUPLE FRAN\u00c7AIS",
        "_________________________",
        "LA COUR DE CASSATION, PREMI\u00c8RE CHAMBRE CIVILE, a rendu l'arr\u00eat suivant :",
        "Statuant sur le pourvoi form\u00e9 par M. P... T..., domicili\u00e9 chez M. R... , [...] ,",
        "contre l'ordonnance rendue le 9 janvier 2015 par le premier pr\u00e9sident de la cour d'appel de Toulouse, dans le litige l'opposant au pr\u00e9fet de Haute-Garonne, domicili\u00e9 [...] ,",
        "d\u00e9fendeur \u00e0 la cassation ;",
        "Le demandeur invoque, \u00e0 l'appui de son pourvoi, le moyen unique de cassation annex\u00e9 au pr\u00e9sent arr\u00eat ;",
        "Vu la communication faite au procureur g\u00e9n\u00e9ral ;",
        "LA COUR, en l'audience publique du 10 mai 2016, o\u00f9 \u00e9taient pr\u00e9sents : Mme Batut, pr\u00e9sident, M. Mansion, conseiller r\u00e9f\u00e9rendaire rapporteur, Mme Bignon, conseiller doyen, Mme Nguyen, greffier de chambre ;",
        "Sur le rapport de M. Mansion, conseiller r\u00e9f\u00e9rendaire, les observations de la SCP H\u00e9mery et Thomas-Raquin, avocat de M. T..., l'avis de M. Bernard de La Gatinais, premier avocat g\u00e9n\u00e9ral, et apr\u00e8s en avoir d\u00e9lib\u00e9r\u00e9 conform\u00e9ment \u00e0 la loi ;"
    ],
    "decision-1": [
        "Sur le moyen unique, ci-apr\u00e8s annex\u00e9 :"
    ],
    "decision-2": [
        "Attendu, selon l'ordonnance attaqu\u00e9e rendue par un premier pr\u00e9sident (Toulouse, 9 janvier 2015), et les pi\u00e8ces de la proc\u00e9dure, que le pr\u00e9fet de Haute-Garonne a pris une d\u00e9cision de placement en r\u00e9tention administrative \u00e0 l'encontre de M. T..., ressortissant tunisien, en situation irr\u00e9guli\u00e8re en France ; qu'un juge des libert\u00e9s et de la d\u00e9tention a rejet\u00e9 la requ\u00eate du pr\u00e9fet tendant \u00e0 la prolongation de cette mesure ;"
    ],
    "decision-3": [
        "Attendu que M. T... fait grief \u00e0 l'ordonnance d'ordonner son maintien en r\u00e9tention pour une dur\u00e9e de vingt jours ;"
    ],
    "decision-4": [
        "Attendu qu'apr\u00e8s avoir constat\u00e9 que l'int\u00e9ress\u00e9 n'avait pas remis son passeport et que le pr\u00e9fet avait \u00e9t\u00e9 contraint, du fait de l'\u00e9tranger, d'effectuer des d\u00e9marches aupr\u00e8s de l'autorit\u00e9 consulaire tunisienne pour obtenir un laissez-passer, ce dont il r\u00e9sultait que l'int\u00e9ress\u00e9 avait fait volontairement obstacle \u00e0 la mesure d'\u00e9loignement, le premier pr\u00e9sident a l\u00e9galement justifi\u00e9 sa d\u00e9cision ;"
    ],
    "decision-5": [
        "PAR CES MOTIFS :",
        "REJETTE le pourvoi ;",
        "Vu l'article 700 du code de proc\u00e9dure civile, rejette la demande ;",
        "Ainsi fait et jug\u00e9 par la Cour de cassation, premi\u00e8re chambre civile, et prononc\u00e9 par le pr\u00e9sident en son audience publique du huit juin deux mille seize."
    ],
    "decision-6": [
        "MOYEN ANNEXE au pr\u00e9sent arr\u00eat.",
        "Moyen produit par la SCP H\u00e9mery et Thomas-Raquin, avocat aux Conseils, pour M. T....",
        "Il est fait grief \u00e0 l'ordonnance infirmative attaqu\u00e9 d'Avoir ordonn\u00e9 le maintien de M. P... T... dans les locaux du centre de r\u00e9tention administrative pour une dur\u00e9e suppl\u00e9mentaire de vingt jours en r\u00e9tention.",
        "AUX MOTIFS QUE \u00ab La requ\u00eate du pr\u00e9fet de la Haute-Garonne vise en r\u00e9f\u00e9rence, \u00ab l'article L 552-7 du code de l'entr\u00e9e et du s\u00e9jour des \u00e9trangers et du droit d'asile \u00bb, sans pr\u00e9cision ni restriction d'alin\u00e9a.",
        "Cette requ\u00eate mentionne \u00e9galement, \u00ab Par la pr\u00e9sente, je sollicite la prolongation de la r\u00e9tention administrative de Monsieur P... T... en application du III de l'article L 552-7 du code de l'entr\u00e9e et du s\u00e9jour des \u00e9trangers et du droit d'asile qui pr\u00e9cise que \u00ab Quand un d\u00e9lai de vingt jours s'est \u00e9coul\u00e9 depuis l'expiration du d\u00e9lai de cinq jours",
        "le juge peut \u00e9galement \u00eatre saisi lorsque, malgr\u00e9 les diligences de l'administration, la mesure n'a pu \u00eatre ex\u00e9cut\u00e9e en raison du d\u00e9faut de d\u00e9livrance des documents de voyage par le consulat dont rel\u00e8ve l'int\u00e9ress\u00e9",
        "et qu'il est \u00e9tabli que cette circonstance doit intervenir \u00e0 bref d\u00e9lai. Le juge des libert\u00e9s et de la d\u00e9tention est \u00e0 nouveau saisi",
        "pour une nouvelle p\u00e9riode d'une dur\u00e9e maximale de vingt jours \u00bb.",
        "Contrairement \u00e0 ce qui est indiqu\u00e9 dans le m\u00e9moire, le pr\u00e9fet n'a pas entendu explicitement circonscrire sa demande aux dispositions mentionn\u00e9es \u00e0 l'alin\u00e9a 2 de l'article L 552-7 ; en effet, le requ\u00e9rant cite l'alin\u00e9a 3, se r\u00e9f\u00e9rant ainsi \u00e0 la comp\u00e9tence du juge pour ordonner une nouvelle prolongation de vingt jours et inclut \u00e9galement les trois premiers alin\u00e9as de l'article L. 552-7 dans le texte entre guillemets.",
        "Le d\u00e9faut de remise de passeport par P... T... \u00e0 l'autorit\u00e9 charg\u00e9e d'ex\u00e9cuter la mesure d'\u00e9loignement, constitue une obstruction faite \u00e0 cette mesure.",
        "Par ailleurs, le pr\u00e9fet de la Haute-Garonne justifie qu'il a saisi par fax transmis d\u00e8s le 14 d\u00e9cembre 2014 \u00e0 12H37, l'autorit\u00e9 consulaire tunisienne \u00e0 Toulouse, d'une demande de d\u00e9livrance d'un laissez-passer consulaire et qu'en l'absence de r\u00e9ponse, il a relanc\u00e9 ce consulat par courrier fax\u00e9 le 07 janvier 2015 \u00e0 15H50.",
        "Il justifie \u00e9galement avoir transmis au consulat de Tunisie par fax le 15 d\u00e9cembre 2014 \u00e0 [...], un courrier contenant des informations compl\u00e9mentaires de nature \u00e0 faciliter l'identification de P... T..., en l'esp\u00e8ce le passeport tunisien et l'acte de naissance du fr\u00e8re de l'int\u00e9ress\u00e9, Y... T....",
        "Comme le souligne justement l'appelant, l'autorit\u00e9 administrative n'a pas \u00e0 produire les empreintes dactyloscopiques et les photographies, qu'elle indique avoir fait porter au consulat sous pli, par porteur constitu\u00e9 d'une escorte de police, post\u00e9rieurement \u00e0 la saisine de cette autorit\u00e9 aux fins de d\u00e9livrance du document de voyage, qui a \u00e9t\u00e9 r\u00e9guli\u00e8rement faite par t\u00e9l\u00e9copie.",
        "Il r\u00e9sulte de ce qui pr\u00e9c\u00e8de que le pr\u00e9fet a saisi sans d\u00e9lai l'autorit\u00e9 consulaire et qu'il l'a relanc\u00e9e de fa\u00e7on r\u00e9guli\u00e8re, dans un d\u00e9lai qui respecte les contraintes de la proc\u00e9dure consulaire tunisienne et n'encourt pas la critique.",
        "Qu'il a donc exerc\u00e9 toute diligence n\u00e9cessaire \u00e0 l'\u00e9loignement de P... T... au sens de l'article L 554-1 du code de l'entr\u00e9e et du s\u00e9jour des \u00e9trangers et du droit d'asile, \u00e9tant ajout\u00e9, si besoin est, qu'en mati\u00e8re consulaire ou diplomatique, les autorit\u00e9s fran\u00e7aises n'ont aucun moyen de s'opposer \u00e0 l'inertie d'une repr\u00e9sentation ou d'une autorit\u00e9 \u00e9trang\u00e8re dans l'exercice de ses pouvoirs souverains \u00bb (ordonnance pages 2 \u2013 3).",
        "1\u00b0 ALORS QUE la prolongation de la p\u00e9riode de r\u00e9tention ne peut \u00eatre ordonn\u00e9e qu'en cas de comportements volontaires de l'\u00e9tranger pour se soustraire \u00e0 la mesure d'\u00e9loignement ; qu'en ayant accord\u00e9 cette prolongation au motif du d\u00e9faut de remise du passeport sans constater que ce d\u00e9faut \u00e9tait volontaire et dont rien ne dit que M. P... T... en \u00e9tait porteur, la cour d'appel a viol\u00e9 l'article L. 552-7 du Code de l'entr\u00e9e et du s\u00e9jour des Etrangers et du Droit d'asile.",
        "2\u00b0 ALORS QUE le juge ne peut prolonger la dur\u00e9e de r\u00e9tention lorsque, malgr\u00e9 les diligences de l'Administration, la mesure d'\u00e9loignement n'a pu \u00eatre ex\u00e9cut\u00e9e en raison du d\u00e9faut de d\u00e9livrance des documents de voyage par le consulat dont rel\u00e8ve l'int\u00e9ress\u00e9, que s'il est \u00e9tabli par l'autorit\u00e9 administrative comp\u00e9tente que cette d\u00e9livrance doit intervenir \u00e0 bref d\u00e9lai ; qu'en ayant alors ordonn\u00e9 le maintien de M. P... T... en r\u00e9tention, sans constater que les obstacles \u00e0 l'ex\u00e9cution de la mesure d'\u00e9loignement \u00e9taient susceptibles d'\u00eatre surmont\u00e9s \u00e0 bref d\u00e9lai, la cour d'appel n'a pas donn\u00e9 de base l\u00e9gale \u00e0 sa d\u00e9cision en violation de l'article L 552-7 du Code de l'entr\u00e9e et du s\u00e9jour des \u00e9trangers et du droit d'asile."
    ]
}