{
    "decision-0": [
        "CIV. 2",
        "LG",
        "COUR DE CASSATION",
        "______________________",
        "Audience publique du 10 mars 2016",
        "Rejet",
        "Mme FLISE, pr\u00e9sident",
        "Arr\u00eat n\u00b0 331 F-D",
        "Pourvoi n\u00b0 R 15-14.587",
        "Aide juridictionnelle totale en demande",
        "au profit de M. [U].",
        "Admission du bureau d'aide juridictionnelle",
        "pr\u00e8s la Cour de cassation",
        "en date du 19 f\u00e9vrier 2015.",
        "R \u00c9 P U B L I Q U E F R A N \u00c7 A I S E",
        "_________________________",
        "AU NOM DU PEUPLE FRAN\u00c7AIS",
        "_________________________",
        "LA COUR DE CASSATION, DEUXI\u00c8ME CHAMBRE CIVILE, a rendu l'arr\u00eat suivant :",
        "Statuant sur le pourvoi form\u00e9 par M. [I] [U], domicili\u00e9 [Adresse 2],",
        "contre l'arr\u00eat rendu le 16 septembre 2014 par la cour d'appel d'Angers (chambre sociale), dans le litige l'opposant \u00e0 la caisse d'allocations familiales du Maine-et-Loire, dont le si\u00e8ge est [Adresse 1],",
        "d\u00e9fenderesse \u00e0 la cassation ;",
        "Le demandeur invoque, \u00e0 l'appui de son pourvoi, le moyen unique de cassation annex\u00e9 au pr\u00e9sent arr\u00eat ;",
        "Vu la communication faite au procureur g\u00e9n\u00e9ral ;",
        "LA COUR, en l'audience publique du 3 f\u00e9vrier 2016, o\u00f9 \u00e9taient pr\u00e9sents : Mme Flise, pr\u00e9sident, M. Cadiot, conseiller rapporteur, M. Pr\u00e9tot, conseiller doyen, Mme Szirek, greffier de chambre ;",
        "Sur le rapport de M. Cadiot, conseiller, les observations de la SCP Meier-Bourdeau et L\u00e9cuyer, avocat de M. [U], de la SCP Gatineau et Fattaccini, avocat de la caisse d'allocations familiales du Maine-et-Loire, l'avis de M. de Monteynard, avocat g\u00e9n\u00e9ral, et apr\u00e8s en avoir d\u00e9lib\u00e9r\u00e9 conform\u00e9ment \u00e0 la loi ;"
    ],
    "decision-1": [
        "Sur le moyen unique, pris en ses deux premi\u00e8res branches :"
    ],
    "decision-2": [
        "Attendu, selon l'arr\u00eat attaqu\u00e9 (Angers, 16 septembre 2014), que M. [U], de nationalit\u00e9 arm\u00e9nienne, entr\u00e9 sur le territoire national avec son \u00e9pouse et leurs trois enfants et y s\u00e9journant, depuis le 9 mars 2010, au b\u00e9n\u00e9fice d'une autorisation provisoire de s\u00e9jour renouvel\u00e9e puis d'une carte de s\u00e9jour temporaire d\u00e9livr\u00e9e le 8 mars 2011 en application de l'article L. 311-11, 11\u00b0, du code de l'entr\u00e9e et du s\u00e9jour des \u00e9trangers, a sollicit\u00e9, le 2 juin 2010, le versement de prestations familiales par la caisse d'allocations familiales du Maine-et-Loire ; qu'il en a contest\u00e9 le refus devant une juridiction de s\u00e9curit\u00e9 sociale ;"
    ],
    "decision-3": [
        "Attendu que l'int\u00e9ress\u00e9 fait grief \u00e0 l'arr\u00eat de rejeter sa demande alors, selon le moyen :",
        "1\u00b0/ qu'en refusant d'\u00e9carter l'application des dispositions des articles L. 512-2 et D. 512-2 du code de la s\u00e9curit\u00e9 sociale, motifs pris de ce que ces articles rev\u00eatent un caract\u00e8re objectif justifi\u00e9 par la n\u00e9cessit\u00e9 dans un Etat d\u00e9mocratique d'exercer un contr\u00f4le des conditions d'accueil des enfants, et ne portent pas une atteinte disproportionn\u00e9e au droit \u00e0 la vie familiale garanti par les articles 8 et 14 de la Convention de sauvegarde des droits de l'homme et des libert\u00e9s fondamentales, ni ne m\u00e9connaissent l'article 3-1 de la Convention internationale des droits de l'enfant, ni ne violent les autres articles des conventions internationales et principes dont se pr\u00e9vaut M. [U], alors pourtant qu'\u00e0 l'appui de ses conclusions M. [U] faisait valoir qu'il \u00e9tait entr\u00e9 en France en m\u00eame temps que ses enfants, de sorte que la proc\u00e9dure de regroupement familial ne trouvait pas \u00e0 s'appliquer, la cour d'appel n'a pas donn\u00e9 de base l\u00e9gale \u00e0 sa d\u00e9cision au regard des textes susvis\u00e9s ;",
        "2\u00b0/ qu'en s'abstenant de r\u00e9pondre aux conclusions de M. [U], faisant valoir que la distinction op\u00e9r\u00e9e par les articles L. 512-2 et D. 512-2 du code de la s\u00e9curit\u00e9 sociale entre les titres de s\u00e9jour d\u00e9livr\u00e9s en application de l'article L. 311-11-11 et L. 313-11-7 du code de l'entr\u00e9e et du s\u00e9jour des \u00e9trangers et du droit d'asile ne reposait sur aucune justification objective ou raisonnable et conduisait \u00e0 une discrimination entre les enfants fond\u00e9s sur la maladie des parents, la cour d'appel a viol\u00e9 l'article 455 du code de proc\u00e9dure civile ;"
    ],
    "decision-4": [
        "Mais attendu que l'arr\u00eat \u00e9nonce exactement que, selon les dispositions des articles L. 512-2 et D. 512-1 du code de la s\u00e9curit\u00e9 sociale, l'\u00e9tranger qui demande \u00e0 b\u00e9n\u00e9ficier de prestations familiales doit justifier de la r\u00e9gularit\u00e9 de l'admission sur le territoire national ainsi que du s\u00e9jour de ses enfants par la production de documents \u00e9num\u00e9r\u00e9s par le second de ces textes, au nombre desquels ne figure pas l'admission au s\u00e9jour d'un des parents, sur le fondement du 11\u00b0 de l'article L. 313-11 du code de l'entr\u00e9e et du s\u00e9jour des \u00e9trangers et du droit d'asile, qui n'est pas destin\u00e9e \u00e0 accueillir une famille mais \u00e0 permettre \u00e0 son b\u00e9n\u00e9ficiaire d'acc\u00e9der personnellement en France \u00e0 une prise en charge m\u00e9dicale qu'il ne peut recevoir dans son pays d'origine et dont le d\u00e9faut pourrait entra\u00eener pour lui des cons\u00e9quences d'une exceptionnelle gravit\u00e9 ; que ces dispositions, qui rev\u00eatent un caract\u00e8re objectif justifi\u00e9 par la n\u00e9cessit\u00e9, dans un \u00c9tat d\u00e9mocratique, d'exercer un contr\u00f4le des conditions d'accueil des enfants, ne portent pas une atteinte disproportionn\u00e9e au droit \u00e0 la vie familiale garanti par les articles 8 et 14 de la Convention de sauvegarde des droits de l'homme et des libert\u00e9s fondamentales, ni ne m\u00e9connaissent l'article 3-1 de la Convention internationale des droits de l'enfant, ni ne violent les stipulations des autres conventions internationales et des principes dont se pr\u00e9vaut M. [U] ;",
        "Que de ces \u00e9nonciations, la cour d'appel, r\u00e9pondant ainsi aux \u00e9critures pr\u00e9tendument d\u00e9laiss\u00e9es, a d\u00e9duit, \u00e0 bon droit, que faute de justifier des documents exig\u00e9s par les articles L. 512-2 et D. 512-2 du code de la s\u00e9curit\u00e9 sociale, l'int\u00e9ress\u00e9 n'\u00e9tait pas \u00e9ligible au b\u00e9n\u00e9fice des prestations familiales ;",
        "D'o\u00f9 il suit que le moyen n'est pas fond\u00e9 ;",
        "Et attendu qu'il n'y a pas lieu de statuer par une d\u00e9cision sp\u00e9cialement motiv\u00e9e sur le moyen annex\u00e9 qui, en ses troisi\u00e8me et quatri\u00e8me branches, n'est manifestement pas de nature \u00e0 entra\u00eener la cassation ;"
    ],
    "decision-5": [
        "PAR CES MOTIFS :",
        "REJETTE le pourvoi ;",
        "Condamne M. [U] aux d\u00e9pens ;",
        "Vu l'article 700 du code de proc\u00e9dure civile, rejette les demandes ;",
        "Ainsi fait et jug\u00e9 par la Cour de cassation, deuxi\u00e8me chambre civile, et prononc\u00e9 par le pr\u00e9sident en son audience publique du dix mars deux mille seize."
    ],
    "decision-6": [
        "MOYEN ANNEXE au pr\u00e9sent arr\u00eat",
        "Moyen produit par la SCP Meier-Bourdeau et L\u00e9cuyer, avocat aux Conseils, pour M. [U]",
        "IL EST FAIT GRIEF \u00e0 l'arr\u00eat infirmatif attaqu\u00e9 d'avoir rejet\u00e9 la demande de M. [U] en paiement de prestations familiales au profit de ses trois enfants ;",
        "AUX MOTIFS QUE selon l'article L. 512-2, alin\u00e9as 2 et 3, du code de la s\u00e9curit\u00e9 sociale, dans sa r\u00e9daction applicable au litige, b\u00e9n\u00e9ficient de plein droit des prestations familiales les \u00e9trangers, non ressortissants d'un Etat membre de la Communaut\u00e9 europ\u00e9enne, d'un autre Etat partie \u00e0 l'accord sur l'Espace \u00e9conomique europ\u00e9en ou de la Conf\u00e9d\u00e9ration suisse, qui r\u00e9sident r\u00e9guli\u00e8rement en France sous r\u00e9serve que soit remplie pour les enfants qui sont \u00e0 leur charge et au titre desquels les prestations familiales sont demand\u00e9es, une des conditions mentionn\u00e9es, dont celle d'enfant \u00e9tranger titulaire de la carte de s\u00e9jour mentionn\u00e9e aux articles L. 313-8, L. 313-11,7\u00b0, L. 313-11,10\u00b0, ou L. 313-13 du code de l'entr\u00e9e et du s\u00e9jour des \u00e9trangers et du droit d'asile ; que selon l'article D. 512-2 du code de la s\u00e9curit\u00e9 sociale, la r\u00e9gularit\u00e9 de l'entr\u00e9e et du s\u00e9jour des enfants \u00e9trangers dont le b\u00e9n\u00e9ficiaire a la charge et au titre desquels il demande des prestations familiales est justifi\u00e9e par la production d'un des documents mentionn\u00e9s, dont l'attestation d\u00e9livr\u00e9e par l'autorit\u00e9 pr\u00e9fectorale pr\u00e9cisant que l'enfant est entr\u00e9 en France au plus tard en m\u00eame temps que l'un de ses parents admis au s\u00e9jour sur le fondement de l'article L. 313-11,7\u00b0 du code de l'entr\u00e9e et du s\u00e9jour des \u00e9trangers et du droit d'asile ; que, d'une part, ces articles rev\u00eatent un caract\u00e8re objectif justifi\u00e9 par la n\u00e9cessit\u00e9 dans un Etat d\u00e9mocratique d'exercer un contr\u00f4le des conditions d'accueil des enfants, et ne portent pas une atteinte disproportionn\u00e9e au droit \u00e0 la vie familiale garanti par les articles 8 et 14 de la Convention de sauvegarde des droits de l'homme et des libert\u00e9s fondamentales, ni ne m\u00e9connaissent l'article 3-1 de la Convention internationale des droits de l'enfant, ni ne violent les autres articles des conventions internationales et principes dont se pr\u00e9vaut M. [U] ; que, d'autre part, M. [U] dont le s\u00e9jour en France est autoris\u00e9 en raison de son \u00e9tat de sant\u00e9 mais non au regard de la qualit\u00e9 de travailleur migrant ne peut utilement se pr\u00e9valoir de la convention n\u00b097 de l'OIT du 1er juillet 1949, laquelle ne concerne pas, en outre, les conditions d'accueil des enfants, seules en cause ici ; qu'il n'y a donc pas lieu d'\u00e9carter l'application des articles L. 512-2 et D. 512-2 du code de la s\u00e9curit\u00e9 sociale au pr\u00e9sent litige ; que M. [U] b\u00e9n\u00e9ficie d'une carte de s\u00e9jour qui lui a \u00e9t\u00e9 d\u00e9livr\u00e9e en application de l'article L. 313-11,11\u00b0 du code de l'entr\u00e9e et du s\u00e9jour des \u00e9trangers et du droit d'asile, mais qui ne figure pas parmi celles qui sont mentionn\u00e9es par les articles L. 512-2 et D. 512-2 pr\u00e9cit\u00e9s ; que par ailleurs, M. [U] ne justifie pas que l'autorit\u00e9 pr\u00e9fectorale lui a d\u00e9livr\u00e9 une attestation pr\u00e9cisant que les enfants sont entr\u00e9s en France au plus tard en m\u00eame temps que l'un de leurs parents admis au s\u00e9jour sur le fondement de l'article L. 313-11,11\u00b0 du code de l'entr\u00e9e et du s\u00e9jour des \u00e9trangers et du droit d'asile ; que les conditions d'octroi des prestations familiales prescrites par les dispositions l\u00e9gales et r\u00e9glementaires ne sont donc pas remplies ; qu'en cons\u00e9quence, par voie d'infirmation du jugement, il y a lieu de rejeter sa demande en paiement ;",
        "1\u00b0) ALORS QU'en refusant d'\u00e9carter l'application des dispositions des articles L. 512-2 et D. 512-2 du code de la s\u00e9curit\u00e9 sociale, motifs pris de ce que ces articles rev\u00eatent un caract\u00e8re objectif justifi\u00e9 par la n\u00e9cessit\u00e9 dans un Etat d\u00e9mocratique d'exercer un contr\u00f4le des conditions d'accueil des enfants, et ne portent pas une atteinte disproportionn\u00e9e au droit \u00e0 la vie familiale garanti par les articles 8 et 14 de la Convention de sauvegarde des droits de l'homme et des libert\u00e9s fondamentales, ni ne m\u00e9connaissent l'article 3-1 de la Convention internationale des droits de l'enfant, ni ne violent les autres articles des conventions internationales et principes dont se pr\u00e9vaut M. [U], alors pourtant qu'\u00e0 l'appui de ses conclusions M. [U] faisait valoir qu'il \u00e9tait entr\u00e9 en France en m\u00eame temps que ses enfants, de sorte que la proc\u00e9dure de regroupement familial ne trouvait pas \u00e0 s'appliquer, la cour d'appel n'a pas donn\u00e9 de base l\u00e9gale \u00e0 sa d\u00e9cision au regard des textes susvis\u00e9s ;",
        "2\u00b0) ALORS QU'en s'abstenant de r\u00e9pondre aux conclusions de M. [U], faisant valoir que la distinction op\u00e9r\u00e9e par les articles L. 512-2 et D. 512-2 du code de la s\u00e9curit\u00e9 sociale entre les titres de s\u00e9jour d\u00e9livr\u00e9s en application de l'article L. 311-11-11 et L. 313-11-7 du code de l'entr\u00e9e et du s\u00e9jour des \u00e9trangers et du droit d'asile ne reposait sur aucune justification objective ou raisonnable et conduisait \u00e0 une discrimination entre les enfants fond\u00e9s sur la maladie des parents, la cour d'appel a viol\u00e9 l'article 455 du code de proc\u00e9dure civile ;",
        "3\u00b0) ALORS QUE le juge doit, en toutes circonstances, faire observer et observer lui-m\u00eame le principe de la contradiction ; qu'en affirmant que M. [U] ne justifie pas que l'autorit\u00e9 pr\u00e9fectorale lui a d\u00e9livr\u00e9 une attestation pr\u00e9cisant que les enfants sont entr\u00e9s en France au plus tard en m\u00eame temps que l'un de leurs parents admis au s\u00e9jour sur le fondement de l'article L. 313-11,11\u00b0 du code de l'entr\u00e9e et du s\u00e9jour des \u00e9trangers et du droit d'asile, sans inviter les parties \u00e0 s'expliquer sur l'absence au dossier de la d\u00e9livrance de l'attestation pr\u00e9fectorale qui ressortait de l'\u00e9change de courriels intervenu entre la pr\u00e9fecture de Maine-et-Loire et les services de la CAF de Maine-et-Loire qu'invoquait express\u00e9ment M. [U] dans ses \u00e9critures et dont la communication n'avait pas \u00e9t\u00e9 contest\u00e9e, la cour d'appel a viol\u00e9 l'article 16 du code de proc\u00e9dure civile ;",
        "3\u00b0) ALORS EN TOUT ETAT DE CAUSE QU'en ne s'expliquant pas sur l'\u00e9change de courriels intervenu entre la pr\u00e9fecture de Maine-et-Loire et les services de la CAF de Maine-et-Loire valant selon M. [U] attestation pr\u00e9fectorale pr\u00e9cisant que les enfants sont entr\u00e9s en France au plus tard en m\u00eame temps que l'un de leurs parents admis au s\u00e9jour sur le fondement de l'article L. 313-11,11\u00b0 du code de l'entr\u00e9e et du s\u00e9jour des \u00e9trangers et du droit d'asile, la cour d'appel a m\u00e9connu l'article 455 du code de proc\u00e9dure civile."
    ]
}