{
    "decision-0": [
        "N\u00b0 G 16-80.686 F-D",
        "N\u00b0 3473",
        "SL",
        "22 JUIN 2016",
        "CASSATION PARTIELLE SANS RENVOI",
        "M. GU\u00c9RIN pr\u00e9sident,",
        "R \u00c9 P U B L I Q U E F R A N \u00c7 A I S E",
        "________________________________________",
        "AU NOM DU PEUPLE FRAN\u00c7AIS",
        "_________________________",
        "LA COUR DE CASSATION, CHAMBRE CRIMINELLE, en son audience publique tenue au Palais de Justice \u00e0 PARIS, a rendu l'arr\u00eat suivant :",
        "Statuant sur le pourvoi form\u00e9 par :",
        "-",
        "M. B... A...,",
        "contre l'arr\u00eat de la cour d'appel de LIMOGES, chambre correctionnelle, en date du 30 d\u00e9cembre 2015, qui, pour vol en r\u00e9cidive et maintien irr\u00e9gulier sur le territoire fran\u00e7ais, l'a condamn\u00e9 \u00e0 huit mois d'emprisonnement et dix ans d'interdiction du territoire fran\u00e7ais ;",
        "La COUR, statuant apr\u00e8s d\u00e9bats en l'audience publique du 8 juin 2016 o\u00f9 \u00e9taient pr\u00e9sents dans la formation pr\u00e9vue \u00e0 l'article 567-1-1 du code de proc\u00e9dure p\u00e9nale : M. Gu\u00e9rin, pr\u00e9sident, M. B\u00e9ghin, conseiller rapporteur, M. Castel, conseiller de la chambre ;",
        "Greffier de chambre : Mme Randouin ;",
        "Sur le rapport de M. le conseiller r\u00e9f\u00e9rendaire B\u00c9GHIN et les conclusions de M. l'avocat g\u00e9n\u00e9ral LEMOINE ;"
    ],
    "decision-1": [
        "Attendu que, d\u00e8s lors que le minist\u00e8re public a fait notifier l'arr\u00eat \u00e0 M. A... le 6 janvier 2016, et qu'il ne r\u00e9sulte pas des mentions de l'arr\u00eat que le pr\u00e9venu, qui a comparu d\u00e9tenu \u00e0 l'audience du 30 d\u00e9cembre 2015, \u00e0 laquelle, \u00e0 l'issue des d\u00e9bats, la d\u00e9cision a \u00e9t\u00e9 mise en d\u00e9lib\u00e9r\u00e9 pour \u00eatre rendue le m\u00eame jour, \u00e9tait encore pr\u00e9sent dans la salle d'audience lorsque, \u00e0 la reprise, l'arr\u00eat a \u00e9t\u00e9 lu, le pourvoi, form\u00e9 le 7 janvier 2016 par d\u00e9claration au greffe de l'\u00e9tablissement p\u00e9nitentiaire, est recevable ;"
    ],
    "decision-2": [
        "Sur le moyen relev\u00e9 d'office, pris de la violation de l'article 111-3 du code p\u00e9nal ;"
    ],
    "decision-3": [
        "Vu ledit article ;",
        "Attendu que, selon ce texte, nul ne peut \u00eatre puni d'une peine qui n'est pas pr\u00e9vue par la loi ;",
        "Attendu qu'apr\u00e8s avoir d\u00e9clar\u00e9 M. A... coupable de vol en r\u00e9cidive et de maintien irr\u00e9gulier sur le territoire fran\u00e7ais, l'arr\u00eat attaqu\u00e9 le condamne \u00e0 huit mois d'emprisonnement et dix ans d'interdiction du territoire fran\u00e7ais ;",
        "Mais attendu qu'en pronon\u00e7ant ainsi une peine d'interdiction du territoire fran\u00e7ais, exc\u00e9dant le maximum de trois ans pr\u00e9vu par l'article L. 624-2 du code de l'entr\u00e9e et du s\u00e9jour des \u00e9trangers et du droit d'asile, r\u00e9primant le d\u00e9lit reproch\u00e9 de maintien irr\u00e9gulier sur le territoire fran\u00e7ais, et alors que l'article 311-15 du code p\u00e9nal ne trouve pas \u00e0 s'appliquer en l'esp\u00e8ce, la cour d'appel a m\u00e9connu les textes et principes ci-dessus rappel\u00e9s ;",
        "D'o\u00f9 il suit que la cassation est encourue de ce chef ; qu'elle sera limit\u00e9e \u00e0 la peine, d\u00e8s lors que la d\u00e9claration de culpabilit\u00e9 n'encourt pas la censure ;"
    ],
    "decision-4": [
        "Par ces motifs :",
        "CASSE et ANNULE, en ses seules dispositions relatives \u00e0 la peine d'interdiction du territoire fran\u00e7ais prononc\u00e9e, l'arr\u00eat susvis\u00e9 de la cour d'appel de Limoges, en date du 30 d\u00e9cembre 2015, toutes autres dispositions \u00e9tant express\u00e9ment maintenues ;",
        "DIT que la peine d'interdiction du territoire fran\u00e7ais est prononc\u00e9e pour une dur\u00e9e de trois ans ;",
        "DIT n'y avoir lieu \u00e0 renvoi ;",
        "ORDONNE l'impression du pr\u00e9sent arr\u00eat, sa transcription sur les registres du greffe de la cour d'appel de Limoges et sa mention en marge ou \u00e0 la suite de l'arr\u00eat partiellement annul\u00e9 ;",
        "Ainsi fait et jug\u00e9 par la Cour de cassation, chambre criminelle, et prononc\u00e9 par le pr\u00e9sident le vingt-deux juin deux mille seize ;",
        "En foi de quoi le pr\u00e9sent arr\u00eat a \u00e9t\u00e9 sign\u00e9 par le pr\u00e9sident, le rapporteur et le greffier de chambre."
    ]
}