{
    "decision-0": [
        "CIV. 1",
        "CGA",
        "COUR DE CASSATION",
        "______________________",
        "Audience publique du 13 juillet 2016",
        "Cassation partielle sans renvoi",
        "Mme BATUT, pr\u00e9sident",
        "Arr\u00eat n\u00b0 923 F-D",
        "Pourvoi n\u00b0 K 15-15.157",
        "Aide juridictionnelle totale en demande",
        "au profit de M. W... A....",
        "Admission du bureau d'aide juridictionnelle",
        "pr\u00e8s la Cour de cassation",
        "en date du 13 janvier 2015.",
        "R \u00c9 P U B L I Q U E F R A N \u00c7 A I S E",
        "_________________________",
        "AU NOM DU PEUPLE FRAN\u00c7AIS",
        "_________________________",
        "LA COUR DE CASSATION, PREMI\u00c8RE CHAMBRE CIVILE, a rendu l'arr\u00eat suivant :",
        "Statuant sur le pourvoi form\u00e9 par M. W... A..., domicili\u00e9 chez Mme S..., [...] ,",
        "contre l'ordonnance rendue le 23 juillet 2014 par le premier pr\u00e9sident de la cour d'appel de Toulouse, dans le litige l'opposant au pr\u00e9fet de Lot-et-Garonne, domicili\u00e9 [...] ,",
        "d\u00e9fendeur \u00e0 la cassation ;",
        "Le demandeur invoque, \u00e0 l'appui de son pourvoi, les deux moyens de cassation annex\u00e9s au pr\u00e9sent arr\u00eat ;",
        "Vu la communication faite au procureur g\u00e9n\u00e9ral ;",
        "LA COUR, en l'audience publique du 21 juin 2016, o\u00f9 \u00e9taient pr\u00e9sentes : Mme Batut, pr\u00e9sident, Mme Gargoullaud, conseiller r\u00e9f\u00e9rendaire rapporteur, Mme Bignon, conseiller doyen, Mme Nguyen, greffier de chambre ;",
        "Sur le rapport de Mme Gargoullaud, conseiller r\u00e9f\u00e9rendaire, les observations de Me Brouchot, avocat de M. A..., apr\u00e8s en avoir d\u00e9lib\u00e9r\u00e9 conform\u00e9ment \u00e0 la loi ;"
    ],
    "decision-1": [
        "Sur le second moyen, qui est pr\u00e9alable :"
    ],
    "decision-2": [
        "Vu les articles L. 552-1 du code de l'entr\u00e9e et du s\u00e9jour des \u00e9trangers et du droit d'asile et 642 du code de proc\u00e9dure civile ;",
        "Attendu que le juge des libert\u00e9s et de la d\u00e9tention, saisi d'une demande du pr\u00e9fet de prolongation de la r\u00e9tention, doit statuer dans le d\u00e9lai de vingt-quatre heures de sa saisine ;"
    ],
    "decision-3": [
        "Attendu, selon l'ordonnance attaqu\u00e9e, rendue par un premier pr\u00e9sident, et les pi\u00e8ces de la proc\u00e9dure, que M. A..., de nationalit\u00e9 ivoirienne, en situation irr\u00e9guli\u00e8re sur le territoire national, a \u00e9t\u00e9 plac\u00e9 en r\u00e9tention administrative le 25 juin 2014 ; que cette mesure a \u00e9t\u00e9 prolong\u00e9e par un juge des libert\u00e9s et de la d\u00e9tention, une premi\u00e8re fois, le 1er juillet 2014 et, une seconde fois, le 21 juillet suivant ;",
        "Attendu que, pour confirmer ce maintien en r\u00e9tention, l'ordonnance retient que la pr\u00e9fecture a adress\u00e9 une requ\u00eate aux fins de seconde prolongation au greffe du juge des libert\u00e9s et de la d\u00e9tention le dimanche 20 juillet 2014, \u00e0 17 heures 02, et qu'en application de l'article 642 du code de proc\u00e9dure civile, la requ\u00eate a pu \u00eatre enregistr\u00e9e le lendemain, premier jour ouvrable, \u00e0 9 heures 10, de sorte que ce juge disposait d'un d\u00e9lai de 24 heures \u00e0 compter de cette saisine telle qu'enregistr\u00e9e par le greffe ;"
    ],
    "decision-4": [
        "Qu'en statuant ainsi, alors que le juge des libert\u00e9s et de la d\u00e9tention avait \u00e9t\u00e9 saisi par le d\u00e9p\u00f4t de la requ\u00eate du pr\u00e9fet, peu important la date et l'heure de son enregistrement post\u00e9rieur par le greffe, la cour d'appel a viol\u00e9 les textes susvis\u00e9s ;",
        "Et vu les articles L. 411-3 du code de l'organisation judiciaire et 1015 du code de proc\u00e9dure civile ;"
    ],
    "decision-5": [
        "PAR CES MOTIFS, et sans qu'il y ait lieu de statuer sur l'autre moyen :",
        "CASSE ET ANNULE, sauf en ce qu'elle d\u00e9clare l'appel recevable, l'ordonnance rendue le 23 juillet 2014, entre les parties, par le premier pr\u00e9sident de la cour d'appel de Toulouse ;",
        "DIT n'y avoir lieu \u00e0 renvoi ;",
        "Dit que sur les diligences du procureur g\u00e9n\u00e9ral pr\u00e8s la Cour de cassation, le pr\u00e9sent arr\u00eat sera transmis pour \u00eatre transcrit en marge ou \u00e0 la suite de la ordonnance partiellement cass\u00e9e ;",
        "Ainsi fait et jug\u00e9 par la Cour de cassation, premi\u00e8re chambre civile, et prononc\u00e9 par le pr\u00e9sident en son audience publique du treize juillet deux mille seize."
    ],
    "decision-6": [
        "MOYENS ANNEXES au pr\u00e9sent arr\u00eat",
        "Moyens produits par Me Brouchot, avocat aux Conseils, pour M. A...",
        "PREMIER MOYEN DE CASSATION",
        "Il est fait grief \u00e0 l'ordonnance attaqu\u00e9e d'AVOIR \u00e9cart\u00e9 les moyens de nullit\u00e9 soulev\u00e9s par M. A... et d'AVOIR confirm\u00e9 l'ordonnance attaqu\u00e9e, prolongeant en cons\u00e9quence la r\u00e9tention administrative de M. A... dans les locaux du centre de r\u00e9tention administrative pour une nouvelle p\u00e9riode de vingt jours ;",
        "AUX MOTIFS QUE M. A... a \u00e9t\u00e9 plac\u00e9 en r\u00e9tention administrative le 25 juin 2014 ; que sa r\u00e9tention a \u00e9t\u00e9 prolong\u00e9e par ordonnance du 1er juillet 2014 pour une premi\u00e8re p\u00e9riode de vingt jours, qui donc s'achevait le 21 juillet 2014 ; que la pr\u00e9fecture a adress\u00e9 une requ\u00eate aux fins de seconde prolongation au greffe du juge des libert\u00e9s et de la d\u00e9tention le 20 juillet 2014 \u00e0 17 heures 02 ; que, sur la recevabilit\u00e9 de la requ\u00eate, l'article 642 du code de proc\u00e9dure civile pose comme principe g\u00e9n\u00e9ral que tout d\u00e9lai qui expirerait normalement un samedi, un dimanche ou un jour f\u00e9ri\u00e9 et prorog\u00e9 au premier jour ouvrable suivant ; qu'ainsi la requ\u00eate ayant \u00e9t\u00e9 d\u00e9pos\u00e9e un dimanche, elle n'a naturellement \u00eatre enregistr\u00e9e que le lendemain, premier jour ouvrable, \u00e0 9 heures 10 ; qu'il en r\u00e9sulte que le moyen doit \u00eatre \u00e9cart\u00e9 ;",
        "ET AUX MOTIFS EVENTUELLEMENT ADOPTES QU' il r\u00e9sulte des \u00e9l\u00e9ments du dossier que la pr\u00e9fecture a envoy\u00e9 sa requ\u00eate le dimanche 20 juillet 2014 \u00e0 17 heures 02, qu'en cons\u00e9quence la proc\u00e9dure est parfaitement r\u00e9guli\u00e8re, m\u00eame si le greffe n'a appos\u00e9 le tampon sur la requ\u00eate que le lundi 21 juillet 2014 \u00e0 9 heures 10 ;",
        "ALORS QUE la requ\u00eate du pr\u00e9fet de Lot-et-Garonne tendant \u00e0 la prorogation d'une premi\u00e8re mesure de r\u00e9tention administrative devait \u00eatre enregistr\u00e9e dans le d\u00e9lai de vingt jours courant \u00e0 compter de cette premi\u00e8re d\u00e9cision ; qu'en d\u00e9clarant recevable la requ\u00eate du pr\u00e9fet d\u00e9pos\u00e9e le dimanche 20 juillet 2014 \u00e0 17 heures 02, mais seulement enregistr\u00e9e au greffe le lendemain, soit le lundi 21 juillet 2014 \u00e0 9 heures 10, au seul motif que le d\u00e9lai imparti au pr\u00e9fet avait \u00e9t\u00e9 prorog\u00e9 jusqu'au premier jour ouvrable, le premier pr\u00e9sident a viol\u00e9 les articles L. 552-1 du code de l'entr\u00e9e et du s\u00e9jour des \u00e9trangers et du droit d'asile et 642 du code de proc\u00e9dure civile.",
        "SECOND MOYEN DE CASSATION",
        "Il est fait grief \u00e0 l'ordonnance attaqu\u00e9e d'AVOIR \u00e9cart\u00e9 les moyens de nullit\u00e9 soulev\u00e9s par M. A... et d'AVOIR confirm\u00e9 l'ordonnance attaqu\u00e9e, prolongeant en cons\u00e9quence la r\u00e9tention administrative de M. A... dans les locaux du centre de r\u00e9tention administrative pour une nouvelle p\u00e9riode de vingt jours ;",
        "AUX MOTIFS QUE, sur la recevabilit\u00e9 de l'ordonnance attaqu\u00e9e, de la m\u00eame sorte, le d\u00e9lai pour pr\u00e9senter la requ\u00eate \u00e9tant prorog\u00e9 au lundi 21 juillet, le juge avait 24 heures pour statuer \u00e0 partir de sa saisine effective, soit \u00e0 compter des date et heure du visa du greffe ; qu'il pouvait donc statuer valablement jusqu'au mardi 22 juillet \u00e0 9 heures 10 ;",
        "ALORS QUE le juge doit statuer dans les 24 heures de sa saisine si bien qu'en confirmant l'ordonnance du juge des libert\u00e9s et de la d\u00e9tention ayant ordonn\u00e9 la prolongation de la r\u00e9tention apr\u00e8s avoir constat\u00e9 que le juge des libert\u00e9s et de la d\u00e9tention, saisi par la requ\u00eate du pr\u00e9fet d\u00e9pos\u00e9e le dimanche 20 juillet \u00e0 17 heures 02, avait prononc\u00e9 sa d\u00e9cision le lendemain, le 21 juillet 2014 \u00e0 18 heures 16, le premier pr\u00e9sident a viol\u00e9 les articles L. 552-1 du code de l'entr\u00e9e et du s\u00e9jour des \u00e9trangers et du droit d'asile et l'article 642 du code de proc\u00e9dure civile."
    ]
}