{
    "decision-0": [
        "N\u00b0 D 14-85.665 F-D",
        "N\u00b0 2130",
        "FAR",
        "24 MAI 2016",
        "CASSATION PARTIELLE",
        "M. GU\u00c9RIN pr\u00e9sident,",
        "R \u00c9 P U B L I Q U E F R A N \u00c7 A I S E",
        "________________________________________",
        "AU NOM DU PEUPLE FRAN\u00c7AIS",
        "_________________________",
        "LA COUR DE CASSATION, CHAMBRE CRIMINELLE, en son audience publique tenue au Palais de Justice \u00e0 PARIS, a rendu l'arr\u00eat suivant :",
        "Statuant sur le pourvoi form\u00e9 par :",
        "-",
        "M. [D] [I],",
        "contre l'arr\u00eat de la cour d'appel de GRENOBLE, chambre correctionnelle, en date du 30 juin 2014, qui, pour travail dissimul\u00e9, emploi d'un \u00e9tranger sans titre, omission de proc\u00e9der aux d\u00e9clarations pr\u00e9alables \u00e0 l'embauche, recel et ex\u00e9cution de travaux sans permis de construire, l'a condamn\u00e9 \u00e0 un an et six mois d'emprisonnement avec sursis, \u00e0 20 000 euros d'amende, \u00e0 cinq ans d'interdiction de g\u00e9rer, a ordonn\u00e9 sous astreinte la remise en \u00e9tat des lieux, et a prononc\u00e9 sur les int\u00e9r\u00eats civils ;",
        "La COUR, statuant apr\u00e8s d\u00e9bats en l'audience publique du 30 mars 2016 o\u00f9 \u00e9taient pr\u00e9sents dans la formation pr\u00e9vue \u00e0 l'article 567-1-1 du code de proc\u00e9dure p\u00e9nale : M. Gu\u00e9rin, pr\u00e9sident, M. Buisson, conseiller rapporteur, M. Straehli, conseiller de la chambre ;",
        "Greffier de chambre : Mme Zita ;",
        "Sur le rapport de M. le conseiller BUISSON, les observations de Me BALAT, avocat en la Cour, et les conclusions de M. l'avocat g\u00e9n\u00e9ral CUNY ;"
    ],
    "decision-1": [
        "Vu le m\u00e9moire produit ;"
    ],
    "decision-2": [
        "Attendu qu'il r\u00e9sulte de l'arr\u00eat attaqu\u00e9 et des pi\u00e8ces de proc\u00e9dure qu'\u00e0 la suite du contr\u00f4le d'un chantier de construction situ\u00e9 sur la propri\u00e9t\u00e9 de M. [I], g\u00e9rant de la SARL JS RENOVATION, ayant permis le constat d'une construction sans permis, des investigations ult\u00e9rieures ont r\u00e9v\u00e9l\u00e9, sur d'autres chantiers de cette soci\u00e9t\u00e9, la commission objectivement vraisemblable de faits constitutifs, notamment, d'une part, du d\u00e9lit de travail dissimul\u00e9 par omission d'une d\u00e9claration pr\u00e9alable \u00e0 l'embauche ou par mention, sur le bulletin de salaire, d'un nombre d'heures inf\u00e9rieur \u00e0 celui qui a \u00e9t\u00e9 r\u00e9ellement effectu\u00e9, d'autre part, du d\u00e9lit d'emploi d'un \u00e9tranger sans autorisation, enfin, de recel commis au pr\u00e9judice de l'entreprise \u00ab Electricit\u00e9 R\u00e9seau Distribution France \u00bb ; que cit\u00e9 devant le tribunal correctionnel, notamment, de ces chefs, M. [I] a \u00e9t\u00e9 condamn\u00e9 par un jugement dont le procureur de la R\u00e9publique et lui-m\u00eame ont interjet\u00e9 appel ;"
    ],
    "decision-3": [
        "En cet \u00e9tat :"
    ],
    "decision-4": [
        "Sur le deuxi\u00e8me moyen de cassation, pris de la violation des articles L. 8221-1, L. 8221-3, L. 8221-4, L. 8221-5 du code du travail, L. 8224-1, L. 8224-3 et L. 8224-4 du m\u00eame code, 121-1 et 121-3 du code p\u00e9nal, d\u00e9faut de motifs, manque de base l\u00e9gale ;",
        "\"en ce que l'arr\u00eat attaqu\u00e9, infirmatif de ce chef, a d\u00e9clar\u00e9 M. [D] [I] coupable de l'infraction d'emploi de salari\u00e9 en ayant omis intentionnellement de proc\u00e9der \u00e0 la d\u00e9claration pr\u00e9alable \u00e0 l'embauche de M. [C] [X] ;",
        "\"aux motifs qu' un contr\u00f4le effectu\u00e9 le 7 octobre 2011 du chantier de construction sur la propri\u00e9t\u00e9 de M. [I] \u00e0 [Localit\u00e9 4] a permis de constater que M. [X], agent ERDF, effectuait des travaux d'\u00e9lectricit\u00e9 g\u00e9n\u00e9rale sur ce chantier, alors qu'il n'avait pas fait l'objet d'une d\u00e9claration nominative pr\u00e9alable \u00e0 l'embauche ; que M. [X] a d\u00e9clar\u00e9 dans un premier temps qu'il effectuait ce travail pour rendre service \u00e0 M. [I] qui l'avait fait b\u00e9n\u00e9ficier gracieusement de la pose chez lui d'un carrelage sur un escalier puis qu'il accomplissait ce travail dans le cadre de son activit\u00e9 ind\u00e9pendante d'auto-entrepreneur d\u00e9but\u00e9e en mars 2011 et qu'il avait pr\u00e9vu d'\u00e9tablir une facture ; que confront\u00e9 aux t\u00e9moignages attestant de son activit\u00e9 sur plusieurs autres chantiers de la soci\u00e9t\u00e9 JS R\u00e9novation, il admettait avoir effectu\u00e9 des travaux d'\u00e9lectricit\u00e9 g\u00e9n\u00e9rale sur le chantier de M. [B] \u00e0 [Localit\u00e9 3] et sur le chantier de M. [S] \u00e0 [Localit\u00e9 2], qui avaient l'un et l'autre contract\u00e9 avec la soci\u00e9t\u00e9 JS R\u00e9novation ; que bien qu'il s'en soit d\u00e9fendu, il r\u00e9sulte des t\u00e9moignages concordants de MM. [E] [Z] et [G] [F] qu'il a effectu\u00e9 des travaux de modification d'un raccordement \u00e9lectrique sur le chantier de M. [Q] \u00e0 [Localit\u00e9 7], confi\u00e9 \u00e0 la soci\u00e9t\u00e9 JS R\u00e9novation ; qu'avant les contr\u00f4les effectu\u00e9s, ces travaux n'avaient pas donn\u00e9 lieu \u00e0 l'\u00e9tablissement d'un contrat de sous-traitance ou d'un devis et n'avaient pas donn\u00e9 lieu \u00e0 facturation ; qu'ils n'\u00e9taient pas comptabilis\u00e9s au nombre des recettes de l'auto-entreprise ; que contrairement \u00e0 ce qui a \u00e9t\u00e9 jug\u00e9 en premi\u00e8re instance, l'existence d'un rapport contractuel de sous-traitance n'est pas \u00e9tablie ; que M. [X] op\u00e9rant avec des \u00e9quipements et mat\u00e9riaux fournis par la soci\u00e9t\u00e9 JS R\u00e9novation pour r\u00e9aliser des t\u00e2ches d'ex\u00e9cution dans le cadre d'un travail organis\u00e9 par cette soci\u00e9t\u00e9, se trouvait dans une relation de travail subordonn\u00e9e, exclusive d'une activit\u00e9 ind\u00e9pendante et caract\u00e9risant l'exercice d'un travail salari\u00e9 ; que pour avoir employ\u00e9 M. [X], en omettant d\u00e9lib\u00e9r\u00e9ment de proc\u00e9der \u00e0 la d\u00e9claration nominative pr\u00e9alable \u00e0 son embauche, M. [I] a commis l'infraction qui est reproch\u00e9e d'ex\u00e9cution de travail dissimul\u00e9 par dissimulation d'emploi salari\u00e9 ;",
        "\"alors que l'existence d'un contrat de travail suppose l'existence d'un lien de subordination entre l'employeur et le salari\u00e9 ; que les juges du fond ne peuvent trouver dans les contraintes li\u00e9es \u00e0 la nature m\u00eame de l'activit\u00e9 exerc\u00e9e l'indice d'un lien de subordination ; qu'en estimant que M. [X] exer\u00e7ait une activit\u00e9 salari\u00e9e sur les chantiers de la soci\u00e9t\u00e9 JS R\u00e9novation, au seul motif que l'int\u00e9ress\u00e9 op\u00e9rait \u00ab avec des \u00e9quipements et mat\u00e9riaux fournis par la soci\u00e9t\u00e9 JS R\u00e9novation pour r\u00e9aliser des t\u00e2ches d'ex\u00e9cution dans le cadre d'un travail organis\u00e9 par cette soci\u00e9t\u00e9 \u00bb, sans rechercher si les contraintes impos\u00e9es \u00e0 M. [X], qui avait le statut d'auto-entrepreneur, n'\u00e9taient pas li\u00e9es \u00e0 la nature m\u00eame de l'activit\u00e9 de la soci\u00e9t\u00e9 JS R\u00e9novation, qui g\u00e9raient plusieurs corps de m\u00e9tiers, plut\u00f4t qu'\u00e0 la nature de la relation entre la soci\u00e9t\u00e9 JS R\u00e9novation et M. [X], la cour d'appel a priv\u00e9 sa d\u00e9cision de base l\u00e9gale au regard des textes vis\u00e9s au moyen\" ;",
        "Sur le quatri\u00e8me moyen de cassation pris de la violation des articles L . 5221-2, L. 8256-2, L. 8251-1, R. 5221-1 du code du travail, L. 8256-2, L. 8256-3, L. 8256-4 et L. 8256-6 du m\u00eame code, de l'article R.742-2 du code de l'entr\u00e9e et du s\u00e9jour des \u00e9trangers et du droit d'asile, des articles 121-1 et 121-3 du code p\u00e9nal, d\u00e9faut de motifs, manque de base l\u00e9gale ;",
        "\"en ce que l'arr\u00eat attaqu\u00e9 a d\u00e9clar\u00e9 M. [I] coupable du d\u00e9lit d'emploi d'un \u00e9tranger non muni d'un titre l'autorisant \u00e0 exercer une activit\u00e9 salari\u00e9e en France ;",
        "\"aux motifs que M. [I] a embauch\u00e9, le 16 septembre 2008, M. [P] [V], ressortissant libanais, titulaire d'un r\u00e9c\u00e9piss\u00e9 de demande de statut de r\u00e9fugi\u00e9 politique, qui ne l'autorisait pas \u00e0 exercer une activit\u00e9 salari\u00e9e en France ; qu'il n'ignorait pas cette situation pour avoir pris connaissance du document ouvrant droit au s\u00e9jour, dont la copie a \u00e9t\u00e9 retrouv\u00e9e dans le registre du personnel de la soci\u00e9t\u00e9 JS R\u00e9novation ; qu'il ne pr\u00e9tend pas s'\u00eatre inform\u00e9 aupr\u00e8s du service comp\u00e9tent de la pr\u00e9fecture pour s'assurer qu'une autorisation de travail pourrait \u00eatre d\u00e9livr\u00e9e et ne peut invoquer de ce fait une erreur invincible de droit ;",
        "\"alors que le d\u00e9lit d'emploi d'un \u00e9tranger non muni d'un titre l'autorisant \u00e0 exercer une activit\u00e9 salari\u00e9e en France est une infraction intentionnelle qui requiert, pour \u00eatre constitu\u00e9e, la connaissance par l'employeur, d'une part, de la qualit\u00e9 d'\u00e9tranger de l'int\u00e9ress\u00e9, d'autre part, de l'irr\u00e9gularit\u00e9 de sa situation au regard de la l\u00e9gislation du travail ; qu'en d\u00e9clarant le demandeur coupable du d\u00e9lit pr\u00e9vu \u00e0 l'article L. 8256-2 du code du travail, sans pr\u00e9ciser si le pr\u00e9venu savait que M. [V] n'\u00e9tait pas autoris\u00e9 \u00e0 travailler r\u00e9guli\u00e8rement en France, au regard notamment du fait qu'un \u00e9tranger ayant le statut de r\u00e9fugi\u00e9 politique a le droit d'exercer une activit\u00e9 professionnelle en France si sa demande n'est pas trait\u00e9e dans un d\u00e9lai d'un an, la cour d'appel a priv\u00e9 sa d\u00e9cision de toute base l\u00e9gale au regard des textes vis\u00e9s au moyen\" ;",
        "Sur le cinqui\u00e8me moyen de cassation pris de la violation des articles 321-1, 321-3, 321-9, 321-10, 311-1 et 311-14 du code p\u00e9nal, 121-1 et 121-3 du code p\u00e9nal, d\u00e9faut de motifs, manque de base l\u00e9gale ;",
        "\"en ce que l'arr\u00eat attaqu\u00e9 a d\u00e9clar\u00e9 M. [I] coupable du d\u00e9lit de recel de vol ;",
        "\"aux motifs que la perquisition effectu\u00e9e le 24 janvier 2012 dans l'entrep\u00f4t de la Sarl JS R\u00e9novation \u00e0 [Localit\u00e9 1] a donn\u00e9 lieu \u00e0 la d\u00e9couverte de c\u00e2bles haute tension sigl\u00e9s ERDF, \u00e9tant pr\u00e9cis\u00e9 que M. [X] a reconnu avoir vol\u00e9 \u00e0 l'\u00e9tablissement ERDF qui l'employait divers \u00e9quipements qu'il utilisait dans le cadre de son activit\u00e9 ; que M. [I] pr\u00e9tend avoir ignor\u00e9 que les c\u00e2bles trouv\u00e9s dans l'entrep\u00f4t de la soci\u00e9t\u00e9 JS R\u00e9novation provenaient d'un vol ; que cependant, Mme [A] [J] a t\u00e9moign\u00e9 avoir constat\u00e9 en une circonstance que M. [X] avait apport\u00e9 \u00e0 M. [I] une grosse bobine en bois avec un c\u00e2ble de 5 cm de diam\u00e8tre enroul\u00e9 autour et que cette bobine n'avait jamais \u00e9t\u00e9 factur\u00e9e \u00e0 la soci\u00e9t\u00e9 JS R\u00e9novation ; qu'au vu de ce t\u00e9moignage et s'agissant d'\u00e9quipements sign\u00e9s ERDF, M. [I] ne pouvait ignorer que ces \u00e9quipements entrepos\u00e9s dans les locaux de la soci\u00e9t\u00e9 JS R\u00e9novation provenaient de vols commis au pr\u00e9judice d'ERDF et s'est ainsi rendu coupable du d\u00e9lit de recel qui lui est reproch\u00e9 ;",
        "\"alors que le d\u00e9lit de recel atteint tous ceux qui, en connaissance de cause, ont, par un moyen quelconque, b\u00e9n\u00e9fici\u00e9 du produit d'un crime ou d'un d\u00e9lit ; qu'en estimant que M. [I] s'\u00e9tait rendu coupable du d\u00e9lit de recel d'un bobine de c\u00e2ble qu'il savait provenir d'un vol commis au pr\u00e9judice de la soci\u00e9t\u00e9 ERDF, en l'absence de toute constatation de nature \u00e9tablir que M. [I] aurait b\u00e9n\u00e9fici\u00e9 par un moyen quelconque de cette bobine de c\u00e2ble, qui se trouvait simplement entrepos\u00e9e dans les locaux de la soci\u00e9t\u00e9 JS R\u00e9novation, la cour d'appel n'a pas l\u00e9galement justifi\u00e9 sa d\u00e9cision\" ;",
        "Les moyens \u00e9tant r\u00e9unis ;"
    ],
    "decision-5": [
        "Attendu que les \u00e9nonciations de l'arr\u00eat attaqu\u00e9 mettent la Cour de cassation en mesure de s'assurer que la cour d'appel a, sans insuffisance ni contradiction, caract\u00e9ris\u00e9, en tous leurs \u00e9l\u00e9ments, tant mat\u00e9riels qu'intentionnels, les d\u00e9lits de travail dissimul\u00e9 par omission de d\u00e9claration pr\u00e9alable \u00e0 l'embauche, d'emploi d'un \u00e9tranger sans titre de travail et de recel de vol dont elle a d\u00e9clar\u00e9 le pr\u00e9venu coupable ;",
        "D'o\u00f9 il suit que les moyens, qui reviennent \u00e0 remettre en question l'appr\u00e9ciation souveraine, par les juges du fond, des faits et circonstances de la cause, ainsi que des \u00e9l\u00e9ments de preuve contradictoirement d\u00e9battus, ne sauraient \u00eatre accueillis ;"
    ],
    "decision-6": [
        "Sur le sixi\u00e8me moyen de cassation pris de la violation des articles L. 421-1, R. 421-1, R. 421-14 du code de l'urbanisme, L. 480-4, L. 480-5, L. 480-7 du m\u00eame code, 121-1 et 121-3 du code p\u00e9nal, d\u00e9faut de motifs, manque de base l\u00e9gale ;",
        "\"en ce que l'arr\u00eat attaqu\u00e9 a d\u00e9clar\u00e9 M. [I] coupable du d\u00e9lit d'ex\u00e9cution de travaux sans permis ;",
        "\"aux motifs qu'il r\u00e9sulte des constatations op\u00e9r\u00e9es par les services de gendarmerie le 14 juin 2010 que des travaux de construction \u00e9taient effectu\u00e9s sur la propri\u00e9t\u00e9 des \u00e9poux [I], situ\u00e9 dans le quartier [Localit\u00e9 5] \u00e0 [Localit\u00e9 4], sans que les r\u00e9f\u00e9rences d'un permis de construire soient affich\u00e9es sur le chantier ;",
        "que les travaux consistaient dans l'ouverture de deux baies vitr\u00e9es, la construction de deux balcons, d'un escalier ext\u00e9rieur, la cr\u00e9ation d'un loft de 130 m\u00b2 au second \u00e9tage du b\u00e2timent principal et celle de trois studios et d'un local technique dans un b\u00e2timent \u00e0 usage de d\u00e9pendances en fond de parcelle ; que le 21 mai 2010, un agent de la police municipale avait constat\u00e9 l'ex\u00e9cution de ces travaux sans permis de construire et le m\u00eame jour, le maire de [Localit\u00e9 4] avait pris un arr\u00eat\u00e9 interruptif de travaux notifi\u00e9s \u00e0 M. [I] ; qu'une demande de permis de construire avait \u00e9t\u00e9 d\u00e9pos\u00e9e par M. [I] mais que celui-ci avait entrepris les travaux de construction objet de la demande d'autorisation d\u00e8s avant le d\u00e9p\u00f4t de cette demande et avant obtention du permis de construire, qui devait en d\u00e9finitive donner lieu \u00e0 un arr\u00eat\u00e9 de refus ; qu'il est en outre \u00e9tabli que M. [I] a poursuivi l'ex\u00e9cution des travaux en d\u00e9pit de l'arr\u00eat\u00e9 du maire prescrivant leur interruption, ce qui manifeste particuli\u00e8rement sa mauvaise foi et sa volont\u00e9 de placer l'autorit\u00e9 municipale sous la pression du fait accompli ; que le d\u00e9lit qui est reproch\u00e9 d'ex\u00e9cution de travaux sans permis de construire est \u00e9tabli et caract\u00e9ris\u00e9 en tous ses \u00e9l\u00e9ments\" ;",
        "\"alors que le changement de destination vis\u00e9 \u00e0 l'article L. 421-1 du code de l'urbanisme doit s'appr\u00e9cier au regard de la destination de la construction telle qu'elle \u00e9tait, en r\u00e9alit\u00e9, avant la r\u00e9alisation des travaux ; que ne constitue pas un changement de destination soumis \u00e0 permis de construire des travaux de modernisation d'un \u00ab b\u00e2timent \u00e0 usage de d\u00e9pendance \u00bb, de surcro\u00eet lorsqu'il est constat\u00e9 que ledit b\u00e2timent se trouvait en fond de parcelle ; qu'en d\u00e9cidant que de simples travaux de confort qui ne modifiaient pas la superficie des lieux en changeaient cependant la destination et n\u00e9cessitaient un permis de construire, sans proc\u00e9der aux recherches utiles \u00e0 la solution du litige, la cour d'appel n'a pas tir\u00e9 les cons\u00e9quences l\u00e9gales de ses constatations\" ;"
    ],
    "decision-7": [
        "Attendu que la cour a caract\u00e9ris\u00e9 le changement de destination, au sens de l'article L. 421-1 pr\u00e9cit\u00e9, de l'immeuble dans lequel ont \u00e9t\u00e9 constat\u00e9es les constructions en cause ;",
        "D'o\u00f9 il suit que le moyen ne saurait \u00eatre admis ;"
    ],
    "decision-8": [
        "Mais sur le premier moyen de cassation, pris de la violation des articles L. 8221-4, L. 8221-5, L. 8221-1, L. 8221-3, L. 8224-1, et L. 8224-4 du code du travail, 121-1 et 121-3 du code p\u00e9nal, 2, 3, 388, 427, 485, 512, 591 et 593 du code de proc\u00e9dure p\u00e9nale, 6 de la Convention europ\u00e9enne des droits de l'homme, d\u00e9faut de motifs, manque de base l\u00e9gale ;",
        "\"en ce que l'arr\u00eat attaqu\u00e9, infirmatif de ce chef, a d\u00e9clar\u00e9 M. [I] coupable des infractions d'emploi sa salari\u00e9s en ayant omis de proc\u00e9der aux d\u00e9clarations pr\u00e9alables \u00e0 l'embauche de MM. [GF] [U], [L] [T] et [K] [N] ;",
        "\"aux motifs qu'il est \u00e9tabli par les t\u00e9moignages de MM. [O] [Y] et [R] [W] et n'est pas contest\u00e9 par les int\u00e9ress\u00e9s que MM. [U], [T] et [N] ont \u00e9t\u00e9 employ\u00e9s par la soci\u00e9t\u00e9 JS R\u00e9novation sur divers chantiers au cours de l'ann\u00e9e 2010 ; qu'aucune d\u00e9claration pr\u00e9alable \u00e0 l'embauche n'a \u00e9t\u00e9 effectu\u00e9e en ce qui les concerne et qu'ils ne figurent pas sur le registre unique du personnel ; que dans la mesure o\u00f9 ils ont \u00e9t\u00e9 employ\u00e9s sur ces chantiers pour l'accomplissement d'une activit\u00e9 exerc\u00e9e \u00e0 titre lucratif d'entreprise du b\u00e2timent, la notion d'aide b\u00e9n\u00e9vole ne peut trouver \u00e0 s'appliquer ; qu'aucun d'entre eux n'a pr\u00e9tendu \u00e0 un exercice ind\u00e9pendant de son activit\u00e9 et que M. [I] ne pr\u00e9tend pas avoir proc\u00e9d\u00e9 \u00e0 cet \u00e9gard \u00e0 une quelconque v\u00e9rification ; qu'en ce qui concerne ces trois salari\u00e9s, les faits reproch\u00e9s \u00e0 M. [I] sont en r\u00e9alit\u00e9 constitutifs de l'infraction d'avoir, \u00e9tant employeur, omis intentionnellement de proc\u00e9der \u00e0 la d\u00e9claration nominative pr\u00e9alable \u00e0 leur embauche ; que la cour, infirmant la d\u00e9cision de relaxe des premiers juges, le d\u00e9clarera coupable des infractions ainsi qualifi\u00e9es ;",
        "\"1\u00b0) alors que les juridictions correctionnelles ne peuvent ajouter aux faits de la pr\u00e9vention, lesquels doivent rester tels qu'ils ont \u00e9t\u00e9 retenus dans l'acte de saisine, \u00e0 moins que le pr\u00e9venu ait accept\u00e9 d'\u00eatre jug\u00e9 sur des faits nouveaux ; qu'en l'esp\u00e8ce, aux termes de la convocation, qui seule fixe les limites de la pr\u00e9vention, il \u00e9tait reproch\u00e9 \u00e0 M. [I], pr\u00e9venu, s'agissant de MM. [U], [T] et [N], d'avoir commis le d\u00e9lit de travail dissimul\u00e9 en mentionnant sur le bulletin de paie de ces salari\u00e9s un nombre d'heures de travail inf\u00e9rieur \u00e0 celui r\u00e9ellement effectu\u00e9 ; que les \u00e9l\u00e9ments constitutifs de cette infraction, pr\u00e9vue \u00e0 l'article L. 8221-5-2\u00b0 du code du travail, sont distincts de ceux du d\u00e9lit de travail dissimul\u00e9 par omission volontaire de d\u00e9claration pr\u00e9alable \u00e0 l'embauche, pr\u00e9vu \u00e0 l'article L. 8221-5-1\u00b0 du m\u00eame code ; qu'ainsi, en se d\u00e9terminant par la seule circonstance qu'aucune d\u00e9claration pr\u00e9alable \u00e0 l'embauche n'a \u00e9t\u00e9 effectu\u00e9e en ce qui concerne les trois personnes susvis\u00e9es, pour en d\u00e9duire que M. [I], de ce chef, s'\u00e9tait rendu coupable de travail dissimul\u00e9, la cour d'appel qui a relev\u00e9 \u00e0 la charge du pr\u00e9venu des faits non vis\u00e9s \u00e0 la pr\u00e9vention et \u00e0 propos desquels il ne r\u00e9sulte pas de l'arr\u00eat que celui-ci ait accept\u00e9 d'\u00eatre jug\u00e9, a viol\u00e9 l'article 388 du code de proc\u00e9dure p\u00e9nale ;",
        "\"2\u00b0) alors qu'en tout \u00e9tat de cause, tout accus\u00e9 ayant, conform\u00e9ment aux dispositions de l'article 6, \u00a7 3, a), de la Convention europ\u00e9enne des droits de l'homme, le droit d'\u00eatre inform\u00e9 des faits mat\u00e9riels qui lui sont imput\u00e9s et de la qualification juridique donn\u00e9e \u00e0 ces faits, ainsi que le droit de disposer du temps et des facilit\u00e9s n\u00e9cessaires \u00e0 la pr\u00e9paration de sa d\u00e9fense, la juridiction p\u00e9nale qui op\u00e8re une requalification des faits poursuivis doit en informer pr\u00e9alablement le pr\u00e9venu et le mettre en mesure de pr\u00e9senter utilement sa d\u00e9fense sur la nouvelle qualification envisag\u00e9e ; qu'ainsi, l'\u00e9ventualit\u00e9 d'une requalification des faits doit \u00eatre port\u00e9e \u00e0 la connaissance du pr\u00e9venu au plus tard au cours des d\u00e9bats devant la juridiction correctionnelle ; qu'en l'esp\u00e8ce, d\u00e8s lors, en se bornant, pour requalifier les faits initialement qualifi\u00e9s de travail dissimul\u00e9 par indication, sur le bulletin de paie, d'un nombre d'heures de travail inf\u00e9rieur \u00e0 celui r\u00e9ellement effectu\u00e9, d\u00e9lit pr\u00e9vu \u00e0 l'article L. 8221-5-2\u00b0 du code du travail, en travail dissimul\u00e9 par omission de proc\u00e9der \u00e0 la d\u00e9claration nominative pr\u00e9alable \u00e0 l'embauche, d\u00e9lit pr\u00e9vu par l'article L. 8221-5-1\u00b0 du m\u00eame code, \u00e0 \u00e9noncer qu'aucune d\u00e9claration pr\u00e9alable \u00e0 l'embauche n'avait \u00e9t\u00e9 effectu\u00e9e en ce qui concerne MM. [U], [T] et [N], quoiqu'il ne r\u00e9sulte d'aucune mention de l'arr\u00eat attaqu\u00e9 que la requalification des faits ait \u00e9t\u00e9 envisag\u00e9e au cours des d\u00e9bats devant la cour d'appel ni, partant, que le pr\u00e9venu ait pu pr\u00e9senter ses observations en temps utile sur la nouvelle qualification p\u00e9nale ainsi retenue \u00e0 son encontre, la cour d'appel a viol\u00e9 l'article 388 du code de proc\u00e9dure p\u00e9nale, ensemble le principe de l'\u00e9galit\u00e9 des armes et l'article 6 de la Convention europ\u00e9enne des droits de l'homme\" ;",
        "Et sur le troisi\u00e8me moyen de cassation pris de la violation des articles L. 8221-1, L. 8221-3, L. 8221-4, L. 8221-5, L. 8224-1 et L. 8224-4 du code du travail, 121-1 et 121-3 du code p\u00e9nal, 2, 3, 388, 427, 485, 512, 591 et 593 du code de proc\u00e9dure p\u00e9nale, 6 de la Convention europ\u00e9enne des droits de l'homme, d\u00e9faut de motifs, manque de base l\u00e9gale ;",
        "\"en ce que l'arr\u00eat attaqu\u00e9, infirmatif de ce chef, a d\u00e9clar\u00e9 M. [I] coupable de travail dissimul\u00e9 par dissimulation des heures de travail salari\u00e9 de M. [M] [H] ;",
        "\"aux motifs que M. [H] a d\u00e9clar\u00e9 avoir \u00e9t\u00e9 employ\u00e9 par la soci\u00e9t\u00e9 JS R\u00e9novation sans contrat de travail du 4 au 8 janvier 2010 ; que M. [I] l'avait embauch\u00e9 \u00e0 l'essai comme plaquiste et l'avait envoy\u00e9 travailler sur un chantier \u00e0 [Localit\u00e9 6] \u00e0 compter du 4 janvier 2010 ; qu'il avait \u00e9t\u00e9 r\u00e9mun\u00e9r\u00e9 pour cette semaine de travail par la remise d'une somme en esp\u00e8ces de 300 euros, contenue dans une enveloppe qui lui avait \u00e9t\u00e9 remise par Mme [J] ; que le contrat de travail entre la soci\u00e9t\u00e9 JS R\u00e9novation et M. [H] a en d\u00e9finitive \u00e9tait conclu le 11 janvier 2010 avec une d\u00e9claration pr\u00e9alable \u00e0 l'embauche effectu\u00e9e le m\u00eame jour ; que les d\u00e9clarations pr\u00e9cises et circonstanci\u00e9es de M. [H] reli\u00e9es au t\u00e9moignage de Mme [J] \u00e9tablissent la dissimulation d\u00e9lib\u00e9r\u00e9e de son emploi du 4 au 8 janvier 2010 ;",
        "\"1\u00b0) alors que les juridictions correctionnelles ne peuvent ajouter aux faits de la pr\u00e9vention, lesquels doivent rester tels qu'ils ont \u00e9t\u00e9 retenus dans l'acte de saisine, \u00e0 moins que le pr\u00e9venu ait accept\u00e9 d'\u00eatre jug\u00e9 sur des faits nouveaux ; qu'en l'esp\u00e8ce, aux termes de la convocation, qui seule fixe les limites de la pr\u00e9vention, il \u00e9tait \u00e0 M. [I], pr\u00e9venu, s'agissant de M. [H], d'avoir commis le d\u00e9lit de travail dissimul\u00e9 en mentionnant sur le bulletin de paie de ce salari\u00e9 un nombre d'heures de travail inf\u00e9rieur \u00e0 celui r\u00e9ellement effectu\u00e9 ; que les \u00e9l\u00e9ments constitutifs de cette infraction, pr\u00e9vue \u00e0 l'article L. 8221-5-2\u00b0 du code du travail, sont distincts de ceux du d\u00e9lit de travail dissimul\u00e9 par la non d\u00e9livrance d'un bulletin de paie, pr\u00e9vu par le m\u00eame texte ; qu'ainsi, en se d\u00e9terminant par la seule circonstance que M. [H], pour la p\u00e9riode du 4 au 8 janvier 2010, avait \u00e9t\u00e9 r\u00e9mun\u00e9r\u00e9 en esp\u00e8ces et sans contrat de travail ni bulletin de paie, pour en d\u00e9duire que M. [I] avait commis le d\u00e9lit de travail dissimul\u00e9, quand il lui \u00e9tait seulement reproch\u00e9, de ce chef, d'avoir mentionn\u00e9 sur les bulletins de paie du salari\u00e9 en cause un nombre d'heures inf\u00e9rieur \u00e0 celui r\u00e9ellement accompli, la cour d'appel qui a relev\u00e9 \u00e0 la charge du pr\u00e9venu des faits non vis\u00e9s \u00e0 la pr\u00e9vention et \u00e0 propos desquels il ne r\u00e9sulte pas de l'arr\u00eat que celui-ci ait accept\u00e9 d'\u00eatre jug\u00e9, a viol\u00e9 l'article 388 du code de proc\u00e9dure p\u00e9nale ;",
        "\"2\u00b0) alors que, ni le fait de ne pas d\u00e9livrer de bulletin de paie ni le fait de r\u00e9gler le salaire en esp\u00e8ces sans contrat de travail ne sauraient caract\u00e9riser le d\u00e9lit de travail dissimul\u00e9 par mention sur le bulletin de salaire d'un nombre d'heures inf\u00e9rieur \u00e0 celui r\u00e9ellement accompli ; que, d\u00e8s lors, en se d\u00e9terminant par la seule circonstance que M. [H], pour la p\u00e9riode du 4 au 8 janvier 2010, avait \u00e9t\u00e9 r\u00e9mun\u00e9r\u00e9 en esp\u00e8ces et sans contrat de travail ni bulletin de paie, pour en d\u00e9duire que M. [I] s'\u00e9tait rendu coupable du d\u00e9lit de travail dissimul\u00e9 vis\u00e9 \u00e0 la pr\u00e9vention, quand les faits ainsi retenus \u00e0 la charge du pr\u00e9venu ne pouvaient caract\u00e9riser le d\u00e9lit de travail dissimul\u00e9 par indication sur les bulletins de paie de l'int\u00e9ress\u00e9 d'un nombre d'heures inf\u00e9rieur \u00e0 celui r\u00e9ellement accompli, la cour d'appel n'a pas l\u00e9galement justifi\u00e9 sa d\u00e9cision au regard de l'article L. 8221-5 du code du travail\" ;",
        "Les moyens \u00e9tant r\u00e9unis ;"
    ],
    "decision-9": [
        "Vu les articles 6, \u00a7 1, de la Convention europ\u00e9enne des droits de l'homme, 388 et pr\u00e9liminaire du code de proc\u00e9dure p\u00e9nale ;",
        "Attendu que s'il appartient aux juges r\u00e9pressifs de restituer aux faits dont ils sont saisis leur v\u00e9ritable qualification, c'est \u00e0 la condition de n'y rien ajouter ou de ne pas substituer des faits distincts \u00e0 ceux de la pr\u00e9vention, sauf acceptation expresse par le pr\u00e9venu d'\u00eatre jug\u00e9 sur des faits ou circonstances aggravantes non compris dans la poursuite ;",
        "Attendu que M. [I] a \u00e9t\u00e9 renvoy\u00e9 devant le tribunal correctionnel pour avoir, \u00e9tant employeur de MM. [U], [N], [T] et [H] [H], commis le d\u00e9lit de travail dissimul\u00e9 par mention, sur les bulletins de paie des int\u00e9ress\u00e9s, d'un nombre d'heures inf\u00e9rieur \u00e0 celui qui a \u00e9t\u00e9 r\u00e9ellement effectu\u00e9 ;",
        "Attendu que, pour d\u00e9clarer le pr\u00e9venu coupable de travail dissimul\u00e9 pour l'emploi de ces quatre salari\u00e9s, l'arr\u00eat retient, s'agissant des trois premiers salari\u00e9s, qu'il a omis de proc\u00e9der \u00e0 la d\u00e9claration nominative pr\u00e9alable \u00e0 l'embauche et, s'agissant du quatri\u00e8me salari\u00e9, qu'il a d\u00e9lib\u00e9r\u00e9ment dissimul\u00e9 son emploi ;",
        "Mais attendu qu'il ne r\u00e9sulte d'aucune mention de l'arr\u00eat attaqu\u00e9, ni des pi\u00e8ces de proc\u00e9dure, que M. [I] ait accept\u00e9 d'\u00eatre jug\u00e9 pour les d\u00e9lits ainsi retenus, alors qu'ils n'entraient pas dans la saisine des juges ;",
        "Que, d\u00e8s lors, en statuant comme elle l'a fait, la cour d'appel a m\u00e9connu les textes susvis\u00e9s et le principe ci-dessus rappel\u00e9 ;",
        "D'o\u00f9 il suit que la cassation est encourue ;"
    ],
    "decision-10": [
        "Par ces motifs :",
        "CASSE et ANNULE l'arr\u00eat susvis\u00e9 de la cour d'appel de Grenoble, en date du 30 juin 2014, mais en ses seules dispositions ayant trait au travail dissimul\u00e9 concernant MM. [U], [N], [T] et [H] [H], aux peines et aux int\u00e9r\u00eats civils, toutes autres dispositions \u00e9tant express\u00e9ment maintenues ;",
        "Et pour qu'il soit \u00e0 nouveau statu\u00e9, conform\u00e9ment \u00e0 la loi, dans les limites de la cassation ainsi prononc\u00e9e,",
        "RENVOIE la cause et les parties devant la cour d'appel de Grenoble autrement compos\u00e9e, \u00e0 ce d\u00e9sign\u00e9e par d\u00e9lib\u00e9ration sp\u00e9ciale prise en chambre du conseil ;",
        "ORDONNE l'impression du pr\u00e9sent arr\u00eat, sa transcription sur les registres du greffe de la cour d'appel de Grenoble et sa mention en marge ou \u00e0 la suite de l'arr\u00eat partiellement annul\u00e9 ;",
        "Ainsi fait et jug\u00e9 par la Cour de cassation, chambre criminelle, et prononc\u00e9 par le pr\u00e9sident le vingt-quatre mai deux mille seize ;",
        "En foi de quoi le pr\u00e9sent arr\u00eat a \u00e9t\u00e9 sign\u00e9 par le pr\u00e9sident, le rapporteur et le greffier de chambre."
    ]
}