{
    "decision-0": [
        "CIV. 1",
        "CGA",
        "COUR DE CASSATION",
        "______________________",
        "Audience publique du 4 janvier 2017",
        "Cassation sans renvoi",
        "Mme BATUT, pr\u00e9sident",
        "Arr\u00eat n\u00b0 18 F-P+B",
        "Pourvoi n\u00b0 X 15-27.933",
        "Aide juridictionnelle totale en demande",
        "au profit de M. [W].",
        "Admission du bureau d'aide juridictionnelle",
        "pr\u00e8s la Cour de cassation",
        "en date du 22 septembre 2015.",
        "R \u00c9 P U B L I Q U E F R A N \u00c7 A I S E",
        "_________________________",
        "AU NOM DU PEUPLE FRAN\u00c7AIS",
        "_________________________",
        "LA COUR DE CASSATION, PREMI\u00c8RE CHAMBRE CIVILE, a rendu l'arr\u00eat suivant :",
        "Statuant sur le pourvoi form\u00e9 par M. [Y] [W] , domicili\u00e9 chez M. [H] [I], [Adresse 1],",
        "contre l'ordonnance rendue le 25 mars 2015 par le premier pr\u00e9sident de la cour d'appel de Douai (chambre des libert\u00e9s individuelles), dans le litige l'opposant :",
        "1\u00b0/ au pr\u00e9fet de l'Oise, domicili\u00e9 [Adresse 2],",
        "2\u00b0/ au procureur g\u00e9n\u00e9ral pr\u00e8s de la cour d'appel de Douai, domicili\u00e9 [Adresse 3],",
        "d\u00e9fendeurs \u00e0 la cassation ;",
        "Le demandeur invoque, \u00e0 l'appui de son pourvoi, le moyen unique de cassation annex\u00e9 au pr\u00e9sent arr\u00eat ;",
        "Vu la communication faite au procureur g\u00e9n\u00e9ral ;",
        "LA COUR, en l'audience publique du 22 novembre 2016, o\u00f9 \u00e9taient pr\u00e9sents : Mme Batut, pr\u00e9sident, Mme Gargoullaud, conseiller r\u00e9f\u00e9rendaire rapporteur, M. Matet, conseiller doyen, Mme Pecquenard, greffier de chambre ;",
        "Sur le rapport de Mme Gargoullaud, conseiller r\u00e9f\u00e9rendaire, les observations de la SCP Gatineau et Fattaccini, avocat de M. [W], l'avis de Mme Ancel, avocat g\u00e9n\u00e9ral, et apr\u00e8s en avoir d\u00e9lib\u00e9r\u00e9 conform\u00e9ment \u00e0 la loi ;"
    ],
    "decision-1": [
        "Sur le moyen unique, pris en ses troisi\u00e8me et cinqui\u00e8me branches :"
    ],
    "decision-2": [
        "Vu l'article R. 552-3 du code de l'entr\u00e9e et du s\u00e9jour des \u00e9trangers et du droit d'asile ;",
        "Attendu que, selon ce texte, la requ\u00eate aux fins de prolongation de la r\u00e9tention est motiv\u00e9e et accompagn\u00e9e de toutes pi\u00e8ces justificatives utiles ;"
    ],
    "decision-3": [
        "Attendu que, pour accueillir la demande, l'ordonnance \u00e9nonce, d'une part, que M. [W] produit son m\u00e9moire en appel de la premi\u00e8re ordonnance et ne saurait arguer de l'absence de production par le pr\u00e9fet, au soutien de sa seconde requ\u00eate, de l'ordonnance rendue en appel le 5 mars 2015, dont il a re\u00e7u notification, pour soutenir la caducit\u00e9 de l'ordonnance initiale de prolongation de la r\u00e9tention, rendue le 4 mars 2015 par le premier juge ;",
        "Qu'en statuant ainsi, alors qu'il incombait au pr\u00e9fet, auteur de la requ\u00eate, de joindre \u00e0 celle-ci l'ordonnance de confirmation de la premi\u00e8re prolongation de la mesure de r\u00e9tention, pi\u00e8ce justificative utile \u00e0 l'examen de sa nouvelle demande, le premier pr\u00e9sident a viol\u00e9 le texte susvis\u00e9 ;",
        "Et vu les articles L. 411-3 du code de l'organisation judiciaire et 1015 du code de proc\u00e9dure civile ;"
    ],
    "decision-4": [
        "PAR CES MOTIFS, et sans qu'il y ait lieu de statuer sur les autres branches du moyen :",
        "CASSE ET ANNULE, en toutes ses dispositions, l'ordonnance rendue le 25 mars 2015, entre les parties, par le premier pr\u00e9sident de la cour d'appel de Douai ;",
        "DIT n'y avoir lieu \u00e0 renvoi ;",
        "Vu l'article 700 du code de proc\u00e9dure civile, rejette la demande ;",
        "Dit que sur les diligences du procureur g\u00e9n\u00e9ral pr\u00e8s la Cour de cassation, le pr\u00e9sent arr\u00eat sera transmis pour \u00eatre transcrit en marge ou \u00e0 la suite de l'ordonnance cass\u00e9e ;",
        "Ainsi fait et jug\u00e9 par la Cour de cassation, premi\u00e8re chambre civile, et prononc\u00e9 par le pr\u00e9sident en son audience publique du quatre janvier deux mille dix sept."
    ],
    "decision-5": [
        "MOYEN ANNEXE au pr\u00e9sent arr\u00eat",
        "Moyen produit par la SCP Gatineau et Fattaccini, avocat aux Conseils, pour M. [W]",
        "Il est fait grief \u00e0 l'ordonnance confirmative attaqu\u00e9e d'AVOIR ordonn\u00e9 la prolongation du maintien de M. [Y] [W] dans des locaux ne relevant pas de l'administration p\u00e9nitentiaire pour une dur\u00e9e maximale de 20 jours, \u00e0 compter du 23 mars 2015 \u00e0 18 h 55 ;",
        "AUX MOTIFS PROPRES QUE \u00ab le premier juge rel\u00e8ve l'ensemble des diligences accomplies par l'administration, aux fins d'ex\u00e9cution de la mesure d'\u00e9loignement et que X/",
        "se disant [W] [Y] a \u00e9t\u00e9 re\u00e7u le 13 mars 2015, par les autorit\u00e9s consulaires de l'Etat dont il d\u00e9clare la nationalit\u00e9, que, d\u00e8s lors, il y a lieu de consid\u00e9rer que la d\u00e9livrance d'un laisser-passer, ou en tout cas une r\u00e9ponse des autorit\u00e9s consulaires \u00e9gyptiennes, sur lesquelles l'administration fran\u00e7aise n'a pas autorit\u00e9, interviendra \u00e0 bref d\u00e9lai ; le conseil de l'appelant produit son m\u00e9moire en appel de la premi\u00e8re ordonnance, rendue le 4 mars 2015, par le juge des libert\u00e9s et de la d\u00e9tention, aux fins de prolongation de la r\u00e9tention de l'appelant, et il ne saurait arguer de l'absence de production par le pr\u00e9fet, au soutien de sa seconde requ\u00eate, de l'ordonnance rendue en appel le 5 mars 2015, dont il a re\u00e7u notification, pour soutenir la caducit\u00e9 de l'ordonnance initiale de prolongation de la r\u00e9tention, rendue le 4 mars 2015, par le premier juge ; les moyens soulev\u00e9s sont inop\u00e9rants ; en cons\u00e9quence, la requ\u00eate aux fins de prorogation de la r\u00e9tention de X/ se disant [W] [Y], pr\u00e9sent\u00e9e par le pr\u00e9fet de l'Oise, non du Nord, est recevable et fond\u00e9e et que l'ordonnance doit \u00eatre confirm\u00e9e \u00bb ;",
        "ET AUX MOTIFS ADOPTES QU' \u00ab en application de l'article L. 552-7 du CESEDA, quand un d\u00e9lai de vingt jours s'est \u00e9coul\u00e9 depuis l'expiration du d\u00e9lai de cinq jours mentionn\u00e9 \u00e0 l'article L. 552-1 et en cas d'urgence absolue ou de menace d'une particuli\u00e8re gravit\u00e9 pour l'ordre public, ou lorsque l'impossibilit\u00e9 d'ex\u00e9cuter la mesure d'\u00e9loignement r\u00e9sulte de la perte ou de la destruction des documents de voyage de l'int\u00e9ress\u00e9, de la dissimulation par celui-ci de son identit\u00e9 ou de l'obstruction volontaire faite \u00e0 son \u00e9loignement, le juge des libert\u00e9s et de la d\u00e9tention est \u00e0 nouveau saisi. Le juge peut \u00e9galement \u00eatre saisi lorsque, malgr\u00e9 les diligences de l'administration, la mesure d'\u00e9loignement n'a pu \u00eatre ex\u00e9cut\u00e9e en raison du d\u00e9faut de d\u00e9livrance des documents de voyage par le consulat dont rel\u00e8ve l'int\u00e9ress\u00e9 ou de l'absence de moyens de transport et qu'il est \u00e9tabli par l'autorit\u00e9 administrative comp\u00e9tente que l'une ou l'autre de ces circonstances doit intervenir \u00e0 bref d\u00e9lai. Il peut \u00e9galement \u00eatre saisi aux m\u00eames fins lorsque la d\u00e9livrance des documents de voyage est intervenue trop tardivement, malgr\u00e9 les diligences de l'administration, pour pouvoir proc\u00e9der \u00e0 l'ex\u00e9cution de la mesure d'\u00e9loignement dans le d\u00e9lai de vingt jours mentionn\u00e9 au premier alin\u00e9a. Le juge statue par ordonnance dans les conditions pr\u00e9vues aux articles L. 552-1 et L. 552-2. S'il ordonne la prolongation de la r\u00e9tention, l'ordonnance de prolongation court \u00e0 compter de l'expiration du d\u00e9lai de vingt jours mentionn\u00e9 au premier alin\u00e9a du pr\u00e9sent article et pour une nouvelle p\u00e9riode d'une dur\u00e9e maximale de vingt jours. En application de l'article L. 554-1 du m\u00eame code, un \u00e9tranger ne peut \u00eatre plac\u00e9 ou maintenu en r\u00e9tention que pour le temps strictement n\u00e9cessaire \u00e0 son d\u00e9part. L'administration doit exercer toute diligence \u00e0 cet effet. En l'esp\u00e8ce, [W] [Y], n\u00e9 le [Date naissance 1] 1984 \u00e0 [Localit\u00e9 1] (Egypte), de nationalit\u00e9 \u00e9gyptienne, a \u00e9t\u00e9 interpell\u00e9 le 26 f\u00e9vrier 2015, d\u00e9muni de documents d'identit\u00e9 et de titre de s\u00e9jour sur le territoire fran\u00e7ais. Par ordonnance du 04 mars 2015, le juge des libert\u00e9s et de la d\u00e9tention a ordonn\u00e9 le maintien en r\u00e9tention de [W] [Y] pour une dur\u00e9e maximale de 20 jours \u00e0 compter du 03 mars 2015 \u00e0 18h55. Il r\u00e9sulte des pi\u00e8ces vers\u00e9es aux d\u00e9bats que l'administration a demand\u00e9 l'identification de [W] [Y] et la d\u00e9livrance d'un laisser passer aux autorit\u00e9s marocaines d\u00e8s le 26 f\u00e9vrier 2015 \u00e0 17h02 par fax. Une relance a \u00e9t\u00e9 faite le 06 mars 2015 \u00e0 10h20 par t\u00e9l\u00e9copie par les services du Pr\u00e9fet de l'Oise. [W] [Y] a \u00e9t\u00e9 re\u00e7u par les autorit\u00e9s consulaires le 13 mars 2015 et, d\u00e8s le 18 mars 2015, les services de la Pr\u00e9fecture ont effectu\u00e9 une relance quant \u00e0 la d\u00e9livrance du laisser-passer. Parall\u00e8lement, l'administration justifie de la r\u00e9servation d'un vol pour le 26 mars 2015 \u00e0 destination du Caire. Il est suffisamment \u00e9tabli que, malgr\u00e9 les diligences accomplies par l'administration, prises dans leur ensemble, la mesure d'\u00e9loignement n'a pu \u00eatre ex\u00e9cut\u00e9e en raison du d\u00e9faut de d\u00e9livrance des documents de voyage par le consulat dont rel\u00e8ve l'int\u00e9ress\u00e9. Sur le caract\u00e8re d\u00e9finitif de l'ordonnance du juge des libert\u00e9s et de la d\u00e9tention du 04 mars 2015. Il r\u00e9sulte des \u00e9l\u00e9ments du dossier que [W] [Y] a interjet\u00e9 appel de l'ordonnance rendue par le juge des libert\u00e9s et de la d\u00e9tention le 04 mars 2015, sans toutefois que [W] [Y] produise un quelconque arr\u00eat qui aurait \u00e9t\u00e9 rendu par la cour d'appel. En outre, la requ\u00eate du Pr\u00e9fet de l'Oise vise express\u00e9ment l\u2018ordonnance du juge des libert\u00e9s et de la d\u00e9tention du 04 mars 2015, de sorte que le moyen selon lequel il n'est pas \u00e9tabli le caract\u00e8re d\u00e9finitif de l'ordonnance vis\u00e9e doit \u00eatre rejet\u00e9 \u00bb ;",
        "1\u00b0) ALORS QU'interdiction est faite aux juges de d\u00e9naturer les documents de la cause ; qu'en l'esp\u00e8ce, l'ordonnance rendue le 5 mars 2015 par le premier pr\u00e9sident de la cour d'appel de Douai mentionnait : \u00ab d\u00e9cision notifi\u00e9e \u00e0 M. [C] [N], \u00e0 M. Pr\u00e9fet du Nord et \u00e0 Ma\u00eetre [N] [R] \u00bb, soit \u00e0 des personnes parfaitement \u00e9trang\u00e8res au litige ; qu'en affirmant que M. [W] avait re\u00e7u notification de cette ordonnance, pour en conclure que celui-ci ne pouvait invoquer le fait que cette d\u00e9cision n'avait pas \u00e9t\u00e9 jointe \u00e0 la requ\u00eate aux fins de seconde prolongation, le premier pr\u00e9sident a d\u00e9natur\u00e9 l'ordonnance du 5 mars 2015 et a m\u00e9connu le principe sus-vis\u00e9 ;",
        "2\u00b0) ALORS subsidiairement QUE les juges du fond doivent pr\u00e9ciser l'origine de leurs constatations ; qu'en l'esp\u00e8ce, l'ordonnance rendue le 5 mars 2015 par le premier pr\u00e9sident de la Cour d'appel de Douai mentionnait : \u00ab d\u00e9cision notifi\u00e9e \u00e0 M. [C] [N], \u00e0 M. Le Pr\u00e9fet du Nord et \u00e0 Ma\u00eetre [N] [R] \u00bb ; qu'en affirmant que M. [W] avait re\u00e7u notification de cette ordonnance, sans pr\u00e9ciser d'o\u00f9 r\u00e9sultait une telle constatation, le premier pr\u00e9sident a viol\u00e9 l'article 455 du Code de proc\u00e9dure civile ;",
        "3\u00b0) ALORS QU'il incombe \u00e0 l'auteur de la requ\u00eate aux fins de seconde prolongation de joindre \u00e0 celle-ci toutes pi\u00e8ces justificatives utiles ; que l'ordonnance confirmant en appel la premi\u00e8re prolongation compte au nombre de ces pi\u00e8ces ; qu'en reprochant \u00e0 M. [W], par un motif adopt\u00e9, de ne pas produire l'ordonnance rendue par la cour d'appel de Douai le 5 mars 2015 sur appel de l'ordonnance du 4 mars 2015, quand il appartenait au contraire au Pr\u00e9fet de l'Oise, auteur de la requ\u00eate, de produire cette d\u00e9cision d\u00e9terminante, et en se bornant \u00e0 relever que la requ\u00eate du Pr\u00e9fet de l'Oise visait express\u00e9ment l\u2018ordonnance du juge des libert\u00e9s et de la d\u00e9tention du 4 mars 2015, qui ne constituait donc que la d\u00e9cision confirm\u00e9e, non la d\u00e9cision confirmative, le premier pr\u00e9sident a viol\u00e9 les articles L. 552-7 et R. 552-3 du code de l'entr\u00e9e et du s\u00e9jour des \u00e9trangers et du droit d'asile ensemble l'article 1315 du code civil ;",
        "4\u00b0) ALORS QUE M. [W] ne se bornait pas \u00e0 soutenir que l'ordonnance initiale de premi\u00e8re prolongation du 4 mars 2015 \u00e9tait atteinte de caducit\u00e9 sauf \u00e0 ce que l'auteur de la requ\u00eate prouve le prononc\u00e9 d'une ordonnance confirmative dans les 48 heures de la d\u00e9claration d'appel ; qu'il exposait \u00e9galement qu'il n'incombe pas au juge des libert\u00e9s de suppl\u00e9er au d\u00e9faut de production, par l'auteur de la requ\u00eate, des pi\u00e8ces justificatives utiles ; qu'en laissant ce second moyen d\u00e9terminant sans r\u00e9ponse, le premier pr\u00e9sident a viol\u00e9 l'article 455 du code de proc\u00e9dure civile ;",
        "5\u00b0) ALORS en tout \u00e9tat de cause QUE le juge des libert\u00e9s ne peut se fonder sur une pi\u00e8ce justificative non produite par l'auteur de la requ\u00eate en prolongation ; qu'en se bornant \u00e0 retenir que M. [W] avait re\u00e7u notification de l'ordonnance confirmative du 5 mars 2015 pour ignorer le d\u00e9faut de production de cette d\u00e9cision par le pr\u00e9fet de l'Oise \u00e0 l'appui de sa requ\u00eate, et en suppl\u00e9ant ainsi \u00e0 la carence de ce dernier, le premier pr\u00e9sident a viol\u00e9 les articles L. 552-7 et R. 552-3 du code de l'entr\u00e9e et du s\u00e9jour des \u00e9trangers et du droit d'asile ensemble les articles 15 et 16 du code de proc\u00e9dure civile ;",
        "6\u00b0) ALORS QU'en application de l'article 625 du code de proc\u00e9dure civile, la cassation qui sera prononc\u00e9e sur la base du pourvoi n\u00b0 16-11.412, laquelle aura pour effet de supprimer de l'ordonnancement juridique l'ordonnance confirmative du 5 mars 2015, aff\u00e9rente \u00e0 la premi\u00e8re prolongation, aura pour cons\u00e9quence n\u00e9cessaire la cassation de l'ordonnance attaqu\u00e9e, une seconde prolongation ne pouvant \u00eatre envisag\u00e9e faute d'une premi\u00e8re prolongation r\u00e9guli\u00e8re et d\u00e9finitive."
    ]
}