{
    "decision-0": [
        "CIV. 1",
        "FB",
        "COUR DE CASSATION",
        "______________________",
        "Audience publique du 9 novembre 2016",
        "Cassation sans renvoi",
        "Mme BATUT, pr\u00e9sident",
        "Arr\u00eat n\u00b0 1263 F-P+B",
        "Pourvoi n\u00b0 P 15-26.016",
        "Aide juridictionnelle totale en demande",
        "au profit de M. I....",
        "Admission du bureau d'aide juridictionnelle",
        "pr\u00e8s la Cour de cassation",
        "en date du 22 septembre 2015.",
        "R \u00c9 P U B L I Q U E F R A N \u00c7 A I S E",
        "_________________________",
        "AU NOM DU PEUPLE FRAN\u00c7AIS",
        "_________________________",
        "LA COUR DE CASSATION, PREMI\u00c8RE CHAMBRE CIVILE, a rendu l'arr\u00eat suivant :",
        "Statuant sur le pourvoi form\u00e9 par M. N... I..., domicili\u00e9 chez M. S... G..., [...] ,",
        "contre l'ordonnance rendue le 18 avril 2015 par le premier pr\u00e9sident de la cour d'appel de Paris, dans le litige l'opposant au pr\u00e9fet du Val-de-Marne, domicili\u00e9 [...] ,",
        "d\u00e9fendeur \u00e0 la cassation ;",
        "Le demandeur invoque, \u00e0 l'appui de son pourvoi, le moyen unique de cassation annex\u00e9 au pr\u00e9sent arr\u00eat ;",
        "Vu la communication faite au procureur g\u00e9n\u00e9ral ;",
        "LA COUR, en l'audience publique du 5 octobre 2016, o\u00f9 \u00e9taient pr\u00e9sents : Mme Batut, pr\u00e9sident, M. Mansion, conseiller r\u00e9f\u00e9rendaire rapporteur, M. Matet, conseiller doyen, Mme Pecquenard, greffier de chambre ;",
        "Sur le rapport de M. Mansion, conseiller r\u00e9f\u00e9rendaire, les observations de la SCP Marlange et de La Burgade, avocat de M. I..., l'avis de M. Bernard de La Gatinais, premier avocat g\u00e9n\u00e9ral, et apr\u00e8s en avoir d\u00e9lib\u00e9r\u00e9 conform\u00e9ment \u00e0 la loi ;"
    ],
    "decision-1": [
        "Sur le moyen unique :"
    ],
    "decision-2": [
        "Vu les articles L. 222-6 du code de l'entr\u00e9e et du s\u00e9jour des \u00e9trangers et du droit d'asile et 561 du code de proc\u00e9dure civile ;",
        "Attendu que, m\u00eame en cas de d\u00e9part de l'\u00e9tranger du territoire national, le premier pr\u00e9sident doit se prononcer sur l'appel de l'ordonnance statuant sur le maintien en zone d'attente tant que le d\u00e9lai fix\u00e9 par la loi n'est pas expir\u00e9 ;"
    ],
    "decision-3": [
        "Attendu, selon l'ordonnance attaqu\u00e9e, rendue par un premier pr\u00e9sident, et les pi\u00e8ces de la proc\u00e9dure, que, le 12 avril 2015, M. I..., de nationalit\u00e9 alg\u00e9rienne, est arriv\u00e9 en France par avion, \u00e0 l'a\u00e9roport d'Orly ; que, par d\u00e9cision du m\u00eame jour, l'admission sur le territoire fran\u00e7ais lui ayant \u00e9t\u00e9 refus\u00e9e, il a \u00e9t\u00e9 maintenu en zone d'attente de l'a\u00e9roport pour une dur\u00e9e de quatre jours ; que, le chef du service de contr\u00f4le aux fronti\u00e8res ayant demand\u00e9 son maintien en zone d'attente pour une dur\u00e9e suppl\u00e9mentaire de huit jours, un juge des libert\u00e9s et de la d\u00e9tention a accueilli cette demande ;",
        "Attendu que, pour d\u00e9clarer sans objet l'appel interjet\u00e9 par M. I..., l'ordonnance retient que celui-ci a quitt\u00e9 la zone d'attente apr\u00e8s avoir embarqu\u00e9, le 17 avril 2015 \u00e0 15h, \u00e0 bord d'un avion \u00e0 destination d'Alger ;"
    ],
    "decision-4": [
        "Qu'en statuant ainsi, alors que le d\u00e9lai de maintien en zone d'attente n'\u00e9tait pas expir\u00e9 au moment o\u00f9 il statuait, le premier pr\u00e9sident a viol\u00e9 les textes susvis\u00e9s ;",
        "Et vu les articles L. 411-3 du code de l'organisation judiciaire et 1015 du code de proc\u00e9dure civile ;"
    ],
    "decision-5": [
        "PAR CES MOTIFS :",
        "CASSE ET ANNULE, en toutes ses dispositions, l'ordonnance rendue le 18 avril 2015, entre les parties, par le premier pr\u00e9sident de la cour d'appel de Paris ;",
        "DIT n'y avoir lieu \u00e0 renvoi ;",
        "Vu l'article 700 du code de proc\u00e9dure civile, rejette la demande ;",
        "Dit que sur les diligences du procureur g\u00e9n\u00e9ral pr\u00e8s la Cour de cassation, le pr\u00e9sent arr\u00eat sera transmis pour \u00eatre transcrit en marge ou \u00e0 la suite de l'ordonnance cass\u00e9e ;",
        "Ainsi fait et jug\u00e9 par la Cour de cassation, premi\u00e8re chambre civile, et prononc\u00e9 par le pr\u00e9sident en son audience publique du neuf novembre deux mille seize."
    ],
    "decision-6": [
        "MOYEN ANNEXE au pr\u00e9sent arr\u00eat",
        "Moyen produit par la SCP Marlange et de La Burgade, avocat aux Conseils, pour M. I....",
        "Le moyen fait grief \u00e0 l'ordonnance attaqu\u00e9e d'AVOIR d\u00e9clar\u00e9 sans objet l'appel de M. N... I... \u00e0 l'encontre de l'ordonnance du juge des libert\u00e9s et de d\u00e9tention du tribunal de grande instance de Cr\u00e9teil, autorisant son maintien en zone d'attente de l'a\u00e9roport d'Orly pour une dur\u00e9e de huit jours, soit jusqu'au 24 avril 2015 ;",
        "AUX MOTIFS QUE \u00ab par t\u00e9l\u00e9copie du 17 avril 2015, la direction de la police aux fronti\u00e8res de l'a\u00e9roport d'Orly informe la cour que M. N... I... a embarqu\u00e9 le 17 avril 2015 \u00e0 15 h, \u00e0 bord d'un avion \u00e0 destination d'Alger ; l'int\u00e9ress\u00e9 ayant donc quitt\u00e9 la zone d'attente, de ce fait ; l'appel est devenu sans objet \u00bb (ordonnance, p. 1) ;",
        "ALORS QUE m\u00eame en cas de d\u00e9part \u00e0 l'\u00e9tranger du territoire national, le premier pr\u00e9sident doit se prononcer sur l'appel de l'ordonnance statuant sur le maintien en zone d'attente tant que le d\u00e9lai fix\u00e9 par la loi n'est pas expir\u00e9 ; qu'en l'esp\u00e8ce, il r\u00e9sulte de l'ordonnance attaqu\u00e9e (p. 1) et de la proc\u00e9dure que M. I..., arriv\u00e9 \u00e0 Orly le 12 avril 2015, a \u00e9t\u00e9 maintenu en zone d'attente de l'a\u00e9roport pour une dur\u00e9e de quatre jours prolong\u00e9e par une dur\u00e9e suppl\u00e9mentaire de huit jours, soit jusqu'au 24 avril ; qu'ainsi \u00e0 la date de son embarquement \u00e0 destination de l'Alg\u00e9rie, le 17 avril 2015, le d\u00e9lai fix\u00e9 par la loi n'\u00e9tait pas expir\u00e9 et le premier pr\u00e9sident devait se prononcer sur l'appel de l'ordonnance statuant sur le maintien de M. I... en zone d'attente ; qu'en d\u00e9cidant le contraire, le premier pr\u00e9sident de la cour d'appel a viol\u00e9 les articles L. 222-1 et L. 222-6 du code de l'entr\u00e9e et du s\u00e9jour des \u00e9trangers et du droit d'asile, ensemble l'article 561 du code de proc\u00e9dure civile.",
        "Le greffier de chambre"
    ]
}