{
    "decision-0": [
        "N\u00b0 F 14-88.519 F-D",
        "N\u00b0 954",
        "SC2",
        "30 MARS 2016",
        "CASSATION PARTIELLE",
        "M. GU\u00c9RIN pr\u00e9sident,",
        "R \u00c9 P U B L I Q U E F R A N \u00c7 A I S E",
        "________________________________________",
        "AU NOM DU PEUPLE FRAN\u00c7AIS",
        "_________________________",
        "LA COUR DE CASSATION, CHAMBRE CRIMINELLE, en son audience publique tenue au Palais de Justice \u00e0 PARIS, a rendu l'arr\u00eat suivant :",
        "Statuant sur le pourvoi form\u00e9 par :",
        "-",
        "M. [F] [Q],",
        "contre l'arr\u00eat de la cour d'appel de N\u00ceMES, chambre correctionnelle, en date du 4 d\u00e9cembre 2014, qui, pour travail dissimul\u00e9, emploi d'un \u00e9tranger non muni d'une autorisation de travail, aide \u00e0 l'entr\u00e9e ou au s\u00e9jour irr\u00e9gulier d'un \u00e9tranger en France, infraction \u00e0 la l\u00e9gislation sur la s\u00e9curit\u00e9 des travailleurs, l'a condamn\u00e9 \u00e0 un an d'emprisonnement avec sursis, douze amendes de 1 250 euros chacune, cinq ans d'interdiction des droits civiques, civils, et de famille, et a prononc\u00e9 sur les int\u00e9r\u00eats civils ;",
        "La COUR, statuant apr\u00e8s d\u00e9bats en l'audience publique du 9 f\u00e9vrier 2016 o\u00f9 \u00e9taient pr\u00e9sents dans la formation pr\u00e9vue \u00e0 l'article 567-1-1 du code de proc\u00e9dure p\u00e9nale : M. Gu\u00e9rin, pr\u00e9sident, Mme Durin-Karsenty, conseiller rapporteur, M. Straehli, conseiller de la chambre ;",
        "Greffier de chambre : Mme Guichard ;",
        "Sur le rapport de Mme le conseiller DURIN-KARSENTY, les observations de la soci\u00e9t\u00e9 civile professionnelle SPINOSI et SUREAU, de la soci\u00e9t\u00e9 civile professionnelle BARADUC, DUHAMEL et RAMEIX, avocats en la Cour, et les conclusions de M. l'avocat g\u00e9n\u00e9ral CUNY ;"
    ],
    "decision-1": [
        "Vu les m\u00e9moires en demande, en d\u00e9fense et les observations compl\u00e9mentaires produits ;"
    ],
    "decision-2": [
        "Sur le premier moyen de cassation, pris de la violation des articles 485, 512 et 592 du code de proc\u00e9dure p\u00e9nale ;",
        "\"en ce que la cour d'appel a d\u00e9clar\u00e9 M. [Q] coupable des chefs d'ex\u00e9cution d'un travail dissimul\u00e9, d'emploi d'\u00e9trangers non munis d'une autorisation de travail salari\u00e9, de mise \u00e0 disposition pour des travaux temporaires en hauteur d'\u00e9chelle, escabeau, marchepied ou corde ne pr\u00e9servant pas la s\u00e9curit\u00e9 du travailleur et d'aide \u00e0 l'entr\u00e9e, \u00e0 la circulation ou au s\u00e9jour irr\u00e9guliers d'\u00e9trangers en France, en r\u00e9pression l'a condamn\u00e9 \u00e0 un an d'emprisonnement avec sursis et \u00e0 douze amendes de 1 250 euros chacune et, sur l'action civile, l'a condamn\u00e9 au paiement de 1 500 euros de dommages-int\u00e9r\u00eats au profit de la Mutualit\u00e9 sociale agricole ;",
        "\"alors qu'en n'indiquant pas le nom du pr\u00e9sident qui a prononc\u00e9 et sign\u00e9 l'arr\u00eat, la cour d'appel n'a pas mis la Cour de cassation en mesure de constater si ce m\u00eame magistrat avait assist\u00e9 aux d\u00e9bats et au d\u00e9lib\u00e9r\u00e9 et, partant, de s'assurer de la r\u00e9gularit\u00e9 de sa d\u00e9cision\" ;"
    ],
    "decision-3": [
        "Attendu que les mentions de l'arr\u00eat attaqu\u00e9 mettent la Cour de cassation en mesure de s'assurer que l'arr\u00eat a \u00e9t\u00e9 lu et sign\u00e9 par l'un des conseillers ayant particip\u00e9 aux d\u00e9bats et au d\u00e9lib\u00e9r\u00e9, en application de l'article 485 du code de proc\u00e9dure p\u00e9nale ;",
        "D'o\u00f9 il suit que le moyen ne saurait \u00eatre accueilli ;"
    ],
    "decision-4": [
        "Sur le second moyen de cassation, pris de la violation des articles L. 8224-1, L. 8221-1, L. 8221-3, L. 8221-4, L. 8221-5, L. 8221-6, L. 8224-1, L. 8224-3, L. 8224-4, L. 8256-2, L. 8251-1, L. 5221-8, L. 5221-2, R. 5221-1, R. 5221-3, L. 8256-3, L. 8256-4, L. 8256-6, L. 4741-1, L. 4321-1, R. 4323-81, R. 4323-82, R. 4232-83, R. 4323-84, R. 4232-85, R. 4232-86, R. 4323-87, R. 4323-88, R. 4323-89, R. 4323-90, L. 4741-5 du code du travail, L. 622-1, L. 622-3 du code de l'entr\u00e9e et du s\u00e9jour des \u00e9trangers et du droit d'asile, 591 et 593 du code de proc\u00e9dure p\u00e9nale ;",
        "\"en ce que la cour d'appel a d\u00e9clar\u00e9 M. [Q] coupable des chefs d'ex\u00e9cution d'un travail dissimul\u00e9, d'emploi d'\u00e9trangers non munis d'une autorisation de travail salari\u00e9, de mise \u00e0 disposition pour des travaux temporaires en hauteur d'\u00e9chelle, escabeau, marchepied ou corde ne pr\u00e9servant pas la s\u00e9curit\u00e9 du travailleur et d'aide \u00e0 l'entr\u00e9e, \u00e0 la circulation ou au s\u00e9jour irr\u00e9guliers d'\u00e9trangers en France, en r\u00e9pression l'a condamn\u00e9 \u00e0 un an d'emprisonnement avec sursis et \u00e0 douze amendes de 1 250 euros chacune et, sur l'action civile, l'a condamn\u00e9 au paiement de 1 500 euros de dommages-int\u00e9r\u00eats au profit de la Mutualit\u00e9 sociale agricole ;",
        "\"aux motifs propres que c'est par des motifs pertinents que la cour adopte que les premiers juges ont retenu qu'en consid\u00e9ration du lien de subordination effectif constat\u00e9 entre le pr\u00e9venu et les ressortissants roumains travaillant sur son domaine, et mat\u00e9rialis\u00e9 par l'absence de tout autre encadrement que le sien, la d\u00e9livrance d'instructions pr\u00e9cises en vue de l'ex\u00e9cution du travail, la mise \u00e0 disposition de tout le mat\u00e9riel n\u00e9cessaire, le suivi complet des travaux de ma\u00e7onnerie, et ce alors que la r\u00e9alit\u00e9 d'un lien de droit avec la soci\u00e9t\u00e9 roumaine ne pouvait \u00eatre envisag\u00e9e, en l'\u00e9tat de la production de documents anti-dat\u00e9s et manifestement \u00e9tablis pour la cause, et en l'absence de toute d\u00e9claration de d\u00e9tachement de ces salari\u00e9s, M. [Q] \u00e9tait le seul et v\u00e9ritable employeur des douze travailleurs cit\u00e9s plus haut, sauf \u00e0 y ajouter que la mauvaise foi de l'int\u00e9ress\u00e9 ressort tant \u00e0 la fois de son incapacit\u00e9 pr\u00e9tendue \u00e0 nommer cette soci\u00e9t\u00e9, alors qu'il expliquera que son pr\u00e9tendu g\u00e9rant serait une connaissance ancienne avec laquelle il a d\u00e9j\u00e0 trait\u00e9 depuis plusieurs ann\u00e9es, et au moins depuis l'accident dont il a \u00e9t\u00e9 victime en 2007, que de la r\u00e9alit\u00e9 et de l'ampleur du recours habituel \u00e0 ces travailleurs clandestins pour assurer les t\u00e2ches n\u00e9cessaires \u00e0 l'entretien et \u00e0 la mise en valeur de son domaine, ainsi que l'on mis en \u00e9vidence les contr\u00f4les effectu\u00e9s en novembre et d\u00e9cembre, alors que la p\u00e9riode de cueillette avait pris fin depuis plusieurs semaines et que la pr\u00e9sence de quatre de ces m\u00eames salari\u00e9s, occup\u00e9s \u00e0 de toutes autres t\u00e2ches, ne pouvait plus \u00eatre explicit\u00e9e d'aucune mani\u00e8re par les n\u00e9cessit\u00e9s de la r\u00e9colte ; que de m\u00eame, la cour rel\u00e8ve que les conditions de travail impos\u00e9es aux deux travailleurs charg\u00e9s de l'ex\u00e9cution des travaux de ma\u00e7onnerie mettaient incontestablement en danger ces derniers, ce \u00e0 quoi il n'a aucunement \u00e9t\u00e9 rem\u00e9di\u00e9 par M. [Q] apr\u00e8s le contr\u00f4le initial, et ce en d\u00e9p\u00f4t de la poursuite et m\u00eame de l'extension de ces travaux \u00e0 de r\u00e9alisations d'importance croissante ; que le jugement d\u00e9f\u00e9r\u00e9 sera confirm\u00e9 sur la culpabilit\u00e9 ;",
        "\"et aux motifs \u00e9ventuellement adopt\u00e9s que le contr\u00f4le du 5 octobre 2011 (MSA \u2013 DZPAF SUD \u2013 PV 233 pi\u00e8ce 1) a r\u00e9v\u00e9l\u00e9, avant que les explications \u00ab adapt\u00e9es \u00bb puissent \u00eatre produites, sur l'exploitation non d\u00e9clar\u00e9e de M. [Q] une situation typique de travail dissimul\u00e9 avec dix femmes affect\u00e9es \u00e0 la cueillette du raisin et deux hommes affair\u00e9s \u00e0 des travaux de ma\u00e7onnerie, dangereux et non r\u00e9glementaires (PV 224, pi\u00e8ce 1), tous de nationalit\u00e9 roumaine ; que l'activit\u00e9 \u00e9tait donc compl\u00e8tement clandestine ; que les pi\u00e8ces d'identit\u00e9 de ces travailleurs ont \u00e9t\u00e9 scann\u00e9es, non retenues et laiss\u00e9es \u00e0 la disposition des personnes contr\u00f4l\u00e9es ; qu'il n'y avait aucune hi\u00e9rarchie sur place, Mme [H], la seule \u00e0 parler un peu le fran\u00e7ais, indiquait que le travail \u00e9tait fait pour 300 euros environ par mois au profit de \u00ab [F] \u00bb, qui pr\u00e9cis\u00e9ment arriva sur les lieux (page 3) pour faire \u00e9tat sans preuve aucune d'un contrat de prestation de services avec une soci\u00e9t\u00e9 roumaine Euro Camion ; que deux feuillets, en langue roumaine, cens\u00e9s dater du 9 septembre 2011, seront communiqu\u00e9s le lendemain, 6 octobre 2011, pour justifier la situation ainsi d\u00e9couverte, suivis d'une liste du personnel le 10 octobre 2011 (PV 223, pi\u00e8ces 2 et 7) et, lors de son audition d'une heure et quart le 26 janvier 2012 (PV 317, pi\u00e8ce 4), M. [Q] s'en tiendra \u00e0 une responsabilit\u00e9 d'Euro camion dans cette situation avant de se f\u00e9liciter du caract\u00e8re p\u00e9dagogique de son audition ; que la police proc\u00e9dera \u00e0 deux autres visites sur les lieux, les 7 novembre et 8 d\u00e9cembre 2011 (PV 223, pi\u00e8ces 15 et 18) ; qu'aucun des salari\u00e9s concern\u00e9s, et la soci\u00e9t\u00e9 Euro Camion pas davantage, n'est identifi\u00e9 ou d\u00e9clar\u00e9 sur le territoire national (sauf au titre du s\u00e9jour irr\u00e9gulier) ; que M. [Q] loge le personnel, identifie le travail \u00e0 effectuer, et donc le dirige, fournit le mat\u00e9riel, par hypoth\u00e8se r\u00e9duit, n\u00e9cessaire pour y proc\u00e9der ; qu'il aurait vendu sa r\u00e9colte sur pieds 50 000 euros et il consid\u00e8re que les documents susvis\u00e9s apr\u00e8s traduction (PV 223, pi\u00e8ces 11 et 12) transf\u00e9reraient \u00e0 Euro camion la question de la l\u00e9galit\u00e9 de ce travail sur le territoire national, s'agissant en l'esp\u00e8ce de vendanges et de travaux de toiture ; qu'il est pourtant bien l'employeur tentant de justifier apr\u00e8s coup par la production d'un contrat sommaire \u00ab et opportun \u00bb et l'invocation d'un pr\u00e9tendu d\u00e9tachement de personnel une situation de travail dissimul\u00e9 et d'emploi d'\u00e9trangers sans titre aussi classique que condamnable ; qu'il est donc d\u00e9clar\u00e9 coupable ;",
        "\"1\u00b0) alors qu'en affirmant de fa\u00e7on p\u00e9remptoire que les documents produits par M. [Q] pour justifier de ce que les travailleurs roumains pr\u00e9sents sur ses terres n'\u00e9taient salari\u00e9s que de la seule soci\u00e9t\u00e9 Euro camion seraient antidat\u00e9s et \u00e9tablis pour les seuls besoins de la cause, sans \u00e9tayer aucunement cette assertion, la cour d'appel a proc\u00e9d\u00e9 \u00e0 une motivation par voie de simple affirmation et a priv\u00e9 sa d\u00e9cision de base l\u00e9gale ;",
        "\"2\u00b0) alors qu'en ne r\u00e9pondant pas \u00e0 l'articulation essentielle de M. [Q] selon laquelle, compte tenu de son \u00e9tat de sant\u00e9, il ne s'occupait pas de la vigne, il n'exer\u00e7ait aucune direction sur les travailleurs roumains, il ne les r\u00e9mun\u00e9rait pas et il n'\u00e9tait, au demeurant, pas m\u00eame pr\u00e9sent sur les lieux la majeure partie du temps car se rendant quotidiennement au centre de r\u00e9\u00e9ducation, de sorte qu'il ne pouvait \u00eatre consid\u00e9r\u00e9 comme \u00e9tant leur employeur, la cour d'appel a entach\u00e9 sa d\u00e9cision d'un d\u00e9faut de r\u00e9ponse \u00e0 conclusions\" ;"
    ],
    "decision-5": [
        "Attendu qu'il r\u00e9sulte de l'arr\u00eat et du jugement qu'il confirme qu'\u00e0 la suite de trois contr\u00f4les successifs de la Police de l'air et des fronti\u00e8res, les 5 octobre, 7 novembre et 8 d\u00e9cembre 2011, sur l'exploitation agricole de M. [Q], ce dernier a \u00e9t\u00e9 poursuivi devant le tribunal correctionnel des chefs pr\u00e9cit\u00e9s ; que les juges du premier degr\u00e9 l'ont d\u00e9clar\u00e9 coupable ; que M. [Q] et le minist\u00e8re public ont relev\u00e9 appel de cette d\u00e9cision ;",
        "Attendu que, pour confirmer le jugement, l'arr\u00eat \u00e9nonce qu'il r\u00e9sulte des contr\u00f4les op\u00e9r\u00e9s, que, sur une parcelle de vigne appartenant au pr\u00e9venu, dix personnes de nationalit\u00e9 roumaine \u00e9taient occup\u00e9es \u00e0 ramasser et conditionner le raisin, tandis que deux autres r\u00e9alisaient en hauteur des travaux de ma\u00e7onnerie en utilisant une \u00e9chelle sans protection ; qu'aucune ne justifiant d'une embauche, ni d'une autorisation de travail, M. [Q] d\u00e9clarait que ces personnes travaillaient pour le compte de la soci\u00e9t\u00e9 Euro camion, soci\u00e9t\u00e9 de droit roumain ; qu'il a produit des documents \u00e0 ce titre, re\u00e7us par t\u00e9l\u00e9copie post\u00e9rieure au contr\u00f4le ; que les juges retiennent qu'un lien de subordination effectif existait entre le pr\u00e9venu et les ressortissants roumains travaillant sur son domaine, mat\u00e9rialis\u00e9 par l'absence de tout autre encadrement que le sien, la d\u00e9livrance d'instructions pr\u00e9cises en vue de l'ex\u00e9cution du travail, la mise \u00e0 disposition du mat\u00e9riel n\u00e9cessaire, le suivi des travaux de ma\u00e7onnerie, tandis que la r\u00e9alit\u00e9 d'un lien de droit avec la soci\u00e9t\u00e9 roumaine ne pouvait \u00eatre envisag\u00e9e, en l'\u00e9tat de la production de documents antidat\u00e9s et manifestement \u00e9tablis pour la cause, et en l'absence de toute d\u00e9claration de d\u00e9tachement de ces salari\u00e9s, M. [Q] \u00e9tant le seul et v\u00e9ritable employeur des douze travailleurs intervenant sur son domaine ;",
        "Attendu qu'en l'\u00e9tat de ces \u00e9nonciations, proc\u00e9dant de son appr\u00e9ciation souveraine des faits et circonstances contradictoirement d\u00e9battus, la cour d'appel, qui n'\u00e9tait pas tenue de r\u00e9pondre \u00e0 tout le d\u00e9tail de l'argumentation de l'int\u00e9ress\u00e9, a justifi\u00e9 sa d\u00e9cision ;",
        "Qu'ainsi, le moyen ne peut qu'\u00eatre \u00e9cart\u00e9 ;"
    ],
    "decision-6": [
        "Mais sur le moyen de cassation, relev\u00e9 d'office apr\u00e8s avis donn\u00e9 aux parties et pris de l'application de l'article 112-1 du code p\u00e9nal ;"
    ],
    "decision-7": [
        "Vu ledit article ;",
        "Attendu qu'il r\u00e9sulte de ce texte que, sauf dispositions expresses contraires, une loi nouvelle s'applique aux infractions commises avant son entr\u00e9e en vigueur et n'ayant pas donn\u00e9 lieu \u00e0 une condamnation pass\u00e9e en force de chose jug\u00e9e lorsqu'elle est moins s\u00e9v\u00e8re que la loi ancienne ;"
    ],
    "decision-8": [
        "Attendu que l'arr\u00eat attaqu\u00e9 a d\u00e9clar\u00e9 M. [Q] coupable d'emploi d'un ressortissant roumain non muni d'une autorisation de travail et d'aide \u00e0 l'entr\u00e9e ou au s\u00e9jour d'un \u00e9tranger en France ;"
    ],
    "decision-9": [
        "Mais attendu que la Roumanie \u00e9tant devenue membre de l'Union europ\u00e9enne le 1er janvier 2007, la totalit\u00e9 des restrictions \u00e0 l'acc\u00e8s au march\u00e9 du travail a \u00e9t\u00e9 lev\u00e9e pour les ressortissants de cet Etat \u00e0 compter du 1er janvier 2014, de sorte que les faits d'emploi d'un \u00e9tranger non muni d'une autorisation de travail et d'aide \u00e0 l'entr\u00e9e ou au s\u00e9jour d'un \u00e9tranger en France avaient perdu leur caract\u00e8re punissable ;",
        "D'o\u00f9 il suit que la cassation est encourue de ce chef ; qu'elle",
        "sera limit\u00e9e \u00e0 la d\u00e9claration de culpabilit\u00e9 des chefs pr\u00e9cit\u00e9s et aux dispositions civiles ;"
    ],
    "decision-10": [
        "Par ces motifs :",
        "CASSE ET ANNULE, l'arr\u00eat susvis\u00e9 de la cour d'appel de N\u00eemes, en date du 4 d\u00e9cembre 2014, mais en ses seules dispositions, ayant condamn\u00e9 M. [Q] pour emploi d'un \u00e9tranger non muni d'une autorisation de travail, et aide \u00e0 l'entr\u00e9e ou au s\u00e9jour d'un \u00e9tranger en France, et prononc\u00e9 sur les peines et sur l'action civile, tout autre dispositions \u00e9tant express\u00e9ment maintenues ;",
        "Et pour qu'il soit \u00e0 nouveau statu\u00e9, conform\u00e9ment \u00e0 la loi, dans les limites de l'annulation ainsi prononc\u00e9e,",
        "RENVOIE la cause et les parties devant la cour d'appel de Montpellier, \u00e0 ce d\u00e9sign\u00e9e par d\u00e9lib\u00e9ration sp\u00e9ciale prise en chambre du conseil ;",
        "ORDONNE l'impression du pr\u00e9sent arr\u00eat, sa transcription sur les registres du greffe de la cour d'appel de N\u00eemes et sa mention en marge ou \u00e0 la suite de l'arr\u00eat partiellement annul\u00e9 ;",
        "DIT n'y avoir lieu \u00e0 application de l'article 618-1 du code de proc\u00e9dure p\u00e9nale ;",
        "Ainsi fait et jug\u00e9 par la Cour de cassation, chambre criminelle, et prononc\u00e9 par le pr\u00e9sident le trente mars deux mille seize ;",
        "En foi de quoi le pr\u00e9sent arr\u00eat a \u00e9t\u00e9 sign\u00e9 par le pr\u00e9sident, le rapporteur et le greffier de chambre."
    ]
}