{
    "decision-0": [
        "CIV. 1",
        "CGA",
        "COUR DE CASSATION",
        "______________________",
        "Audience publique du 7 d\u00e9cembre 2016",
        "Rejet",
        "Mme BATUT, pr\u00e9sident",
        "Arr\u00eat n\u00b0 1391 F-D",
        "Pourvoi n\u00b0 G 15-27.299",
        "Aide juridictionnelle totale en demande",
        "au profit de M. [H].",
        "Admission du bureau d'aide juridictionnelle",
        "pr\u00e8s la Cour de cassation",
        "en date du 22 septembre 2015.",
        "R \u00c9 P U B L I Q U E F R A N \u00c7 A I S E",
        "_________________________",
        "AU NOM DU PEUPLE FRAN\u00c7AIS",
        "_________________________",
        "LA COUR DE CASSATION, PREMI\u00c8RE CHAMBRE CIVILE, a rendu l'arr\u00eat suivant :",
        "Statuant sur le pourvoi form\u00e9 par M. [K] [H], domicili\u00e9 chez M. [B], [Adresse 2],",
        "contre l'ordonnance rendue le 16 f\u00e9vrier 2015 par le premier pr\u00e9sident de la cour d'appel d'Aix-en-Provence, dans le litige l'opposant au pr\u00e9fet des Alpes-Maritimes, domicili\u00e9 [Adresse 1],",
        "d\u00e9fendeur \u00e0 la cassation ;",
        "Le demandeur invoque, \u00e0 l'appui de son pourvoi, le moyen unique de cassation annex\u00e9 au pr\u00e9sent arr\u00eat ;",
        "Vu la communication faite au procureur g\u00e9n\u00e9ral ;",
        "LA COUR, en l'audience publique du 8 novembre 2016, o\u00f9 \u00e9taient pr\u00e9sents : Mme Batut, pr\u00e9sident, M. Mansion, conseiller r\u00e9f\u00e9rendaire rapporteur, M. Matet, conseiller doyen, Mme Pecquenard, greffier de chambre ;",
        "Sur le rapport de M. Mansion, conseiller r\u00e9f\u00e9rendaire, les observations de Me Occhipinti, avocat de M. [H], et apr\u00e8s en avoir d\u00e9lib\u00e9r\u00e9 conform\u00e9ment \u00e0 la loi ;"
    ],
    "decision-1": [
        "Sur le moyen unique, ci-apr\u00e8s annex\u00e9 :"
    ],
    "decision-2": [
        "Attendu, selon l'ordonnance attaqu\u00e9e, rendue par le premier pr\u00e9sident d'une cour d'appel (Aix-en-Provence, 16 f\u00e9vrier 2015), et les pi\u00e8ces de la proc\u00e9dure, que M. [H], de nationalit\u00e9 turque, en situation irr\u00e9guli\u00e8re en France a \u00e9t\u00e9 interpell\u00e9, le 8 f\u00e9vrier 2015 \u00e0 6h25, alors qu'il circulait tous feux \u00e9teints et sous l'empire d'un \u00e9tat alcoolique ; qu'il a \u00e9t\u00e9 plac\u00e9 en garde \u00e0 vue, interrog\u00e9 puis plac\u00e9 en r\u00e9tention administrative, au motif qu'il faisait l'objet d'une obligation de quitter le territoire fran\u00e7ais ; que le pr\u00e9fet a demand\u00e9 la prolongation de cette r\u00e9tention ;"
    ],
    "decision-3": [
        "Attendu que M. [H] fait grief \u00e0 l'ordonnance de dire qu'il sera maintenu en r\u00e9tention ;"
    ],
    "decision-4": [
        "Attendu, d'abord, que la premi\u00e8re branche du moyen n'est manifestement pas de nature \u00e0 entra\u00eener la cassation ;",
        "Attendu, ensuite, que l'ordonnance rel\u00e8ve, par motifs propres et adopt\u00e9s, que le proc\u00e8s-verbal de placement en garde \u00e0 vue indique que l'int\u00e9ress\u00e9 est susceptible d'avoir commis, le 8 f\u00e9vrier 2015, les infractions de conduite sous l'empire d'un \u00e9tat alcoolique et d'infraction \u00e0 la l\u00e9gislation sur les \u00e9trangers et que la v\u00e9rification d'alcool\u00e9mie a r\u00e9v\u00e9l\u00e9 un taux de 0,41 milligramme par litre d'air expir\u00e9 ; qu'en l'\u00e9tat de ces \u00e9nonciations, et abstraction faite de la r\u00e9f\u00e9rence erron\u00e9e, mais surabondante, \u00e0 un fait qui n'est plus p\u00e9nalement r\u00e9prim\u00e9 d\u00e8s lors que l'infraction de conduite sous l'empire d'un \u00e9tat alcoolique constitue un d\u00e9lit lorsqu'elle est caract\u00e9ris\u00e9e par une concentration d'alcool \u00e9gale ou sup\u00e9rieure \u00e0 0,40 milligramme par litre d'air expir\u00e9, le premier pr\u00e9sident, qui en a d\u00e9duit que la proc\u00e9dure de garde \u00e0 vue \u00e9tait r\u00e9guli\u00e8re, a l\u00e9galement justifi\u00e9 sa d\u00e9cision ;"
    ],
    "decision-5": [
        "PAR CES MOTIFS :",
        "REJETTE le pourvoi ;",
        "Vu l'article 700 du code de proc\u00e9dure civile, rejette la demande ;",
        "Ainsi fait et jug\u00e9 par la Cour de cassation, premi\u00e8re chambre civile, et prononc\u00e9 par le pr\u00e9sident en son audience publique du sept d\u00e9cembre deux mille seize."
    ],
    "decision-6": [
        "MOYEN ANNEXE au pr\u00e9sent arr\u00eat",
        "Moyen produit par Me Occhipinti, avocat aux Conseils, pour M. [H]",
        "Il est reproch\u00e9 \u00e0 l'ordonnance attaqu\u00e9e d'AVOIR ordonn\u00e9 le maintien de M. [H] dans des locaux ne relevant pas de l'administration p\u00e9nitentiaire pour une dur\u00e9e de vingt jours ;",
        "AUX MOTIFS PROPRES QUE M. [H] a \u00e9t\u00e9 interpell\u00e9 le 8 f\u00e9vrier 2015 \u00e0 6h30 par la police \u00e0 [Localit\u00e9 1] alors qu'il conduisait un v\u00e9hicule dont tous les feux \u00e9taient \u00e9teints ; aucune nullit\u00e9 ne saurait r\u00e9sulter de ce que la notification des charges et des droits ouverts \u00e0 la personne plac\u00e9e en garde \u00e0 vue est intervenue 6 heures et 16 minutes apr\u00e8s le d\u00e9but de cette mesure, d\u00e8s lors, d'une part, que le proc\u00e8s-verbal de saisine mentionne constatons rapidement que l'individu sent fortement l'alcool ainsi que sa soumission \u00e0 l'\u00e9thylotest, et d'autre part, que le proc\u00e8s-verbal de placement en garde \u00e0 vue comporte la mention \u00ab disons que les droits aff\u00e9rents \u00e0 la garde \u00e0 vue de l'int\u00e9ress\u00e9 sont report\u00e9s jusqu'\u00e0 complet d\u00e9grisement et en pr\u00e9sence d'un interpr\u00e8te en langue Turque ; Que ses droits ont \u00e9t\u00e9 notifi\u00e9s e l'Int\u00e9ress\u00e9 avec l'assistance d'un interpr\u00e8te en langue turque le m\u00eame jour \u00e0 12 h 46 mn, l'imprim\u00e9 en langue turque lui ayant \u00e9t\u00e9 remis \u00e0 cet horaire selon le proc\u00e8s-verbal ; ces constatations caract\u00e9risant la circonstance insurmontable d'\u00e9bri\u00e9t\u00e9, les deux moyens seront rejet\u00e9s et que la d\u00e9cision du premier juge sera confirm\u00e9e ;",
        "ET AUX MOTIFS ADOPTES QUE M. [H] \u00e9tait interpell\u00e9 car il circulait \u00e0 bord d'un v\u00e9hicule dont les feux \u00e9taient \u00e9teints; Le contr\u00f4le permettait d'\u00e9tablir qu'il faisait l'objet d'une fiche de recherche mentionnant son obligation de quitter le territoire ; La v\u00e9rification d'alcool\u00e9mie r\u00e9v\u00e9lait un taux de 0,41 mg/I d'air expir\u00e9; il \u00e9tait d\u00e8s lors plac\u00e9 en garde-\u00e0-vue \u00e0 07h10 et que le proc\u00e8s-verbal pr\u00e9cise les faits susceptibles de lui \u00eatre reproch\u00e9s, \u00e0 savoir \"conduite sous l'empire d'un \u00e9tat alcoolique/infraction \u00e0 la l\u00e9gislation sur les \u00e9trangers, le 08.02.2015\"; l'article 63-1 du code de proc\u00e9dure p\u00e9nale impose que soient notifi\u00e9s \u00e0 l'int\u00e9ress\u00e9 la nature et la date pr\u00e9sum\u00e9e de l'infraction qu'elle est soup\u00e7onn\u00e9e d'avoir commise ou tent\u00e9 de commettre; force est de constater que cette exigence est en l'esp\u00e8ce remplie, le d\u00e9faut de pr\u00e9cision des articles pr\u00e9voyant et r\u00e9primant ces infractions n'\u00e9tant pas impos\u00e9e; Que la proc\u00e9dure est donc r\u00e9guli\u00e8re ; qu'il r\u00e9sulte de l'examen des pi\u00e8ces soumises \u00e0 appr\u00e9ciation, qu'il n'existe pas de moyen de transport disponible \u00e0 destination du pays d'origine de l'int\u00e9ress\u00e9 avant le 05/03/2015 ; Attendu que M. [H] \u00e9tranger en situation irr\u00e9guli\u00e8re ne dispose d'aucune garantie de repr\u00e9sentation : d\u00e9faut de remise de passeport et volont\u00e9 de rester en France ; il convient en cons\u00e9quence d'ordonner son maintien en r\u00e9tention dans des locaux ne relevant pas de l'administration p\u00e9nitentiaire pour une dur\u00e9e n'exc\u00e9dant pas 20 jours, ce d\u00e9lai commen\u00e7ant \u00e0 courir \u00e0 compter de l'expiration du d\u00e9lai de 5 jours ouvert par la notification de la d\u00e9cision de placement en r\u00e9tention prise par l'autorit\u00e9 administrative ;",
        "1\u00b0) - ALORS QUE la personne plac\u00e9e en garde \u00e0 vue est inform\u00e9e des motifs justifiant son placement en garde \u00e0 vue ; qu'en ne recherchant pas, comme il y \u00e9tait invit\u00e9, s'il n'\u00e9tait pas exact que M. [H] n'avait pas \u00e9t\u00e9 inform\u00e9 de l'existence d'une quelconque infraction justifiant d'un placement en garde \u00e0 vue, abstention qui viciait cette mesure et partant la r\u00e9tention administrative dont il avait fait l'objet par la suite, le premier pr\u00e9sident a priv\u00e9 sa d\u00e9cision de base l\u00e9gale eu regard des articles 63-1 du code de proc\u00e9dure p\u00e9nale, et L 551-2 et L 552-1 du code de l'entr\u00e9e et du s\u00e9jour des \u00e9trangers et du droit d'asile ;",
        "2\u00b0) \u2013 ALORS QUE la garde \u00e0 vue ne peut \u00eatre ordonn\u00e9e qu'\u00e0 l'\u00e9gard d'une personne soup\u00e7onn\u00e9e d'avoir commis ou tent\u00e9 de commettre un crime ou un d\u00e9lit puni d'une peine d'emprisonnement ; que le premier pr\u00e9sident a constat\u00e9 qu'il \u00e9tait reproch\u00e9 \u00e0 M. [H] une infraction \u00e0 la l\u00e9gislation sur les \u00e9trangers et la conduite d'un v\u00e9hicule sous l'emprise d'un \u00e9tat alcoolique, la v\u00e9rification d'alcool\u00e9mie ayant r\u00e9v\u00e9la un taux de 0,41 g/l d'air expir\u00e9 ; que le s\u00e9jour irr\u00e9gulier n'est plus p\u00e9nalis\u00e9 et ne justifie plus la garde \u00e0 vue, pas davantage que la conduite sous l'empire d'un taux d'alcool\u00e9mie compris entre 0,20 et 0,80 g/l, qui est une contravention de 4e classe ; qu'en ne constatant pas, malgr\u00e9 les contestations de M. [H], l'existence d'une infraction ayant justifi\u00e9 le placement en garde \u00e0 vue, et donc la r\u00e9tention administrative subs\u00e9quente, la cour d'appel a priv\u00e9 sa d\u00e9cision de base l\u00e9gale au regard des articles 62-2 et 63-1 du code de proc\u00e9dure p\u00e9nale et L 551-2 et L 552-1 du code de l'entr\u00e9e et du s\u00e9jour des \u00e9trangers et du droit d'asile."
    ]
}