{
    "decision-0": [
        "CIV. 1",
        "MF",
        "COUR DE CASSATION",
        "______________________",
        "Audience publique du 7 d\u00e9cembre 2016",
        "Rejet",
        "Mme BATUT, pr\u00e9sident",
        "Arr\u00eat n\u00b0 1402 F-P+B",
        "Pourvoi n\u00b0 P 15-19.990",
        "Aide juridictionnelle totale en demande",
        "au profit de M. C....",
        "Admission du bureau d'aide juridictionnelle",
        "pr\u00e8s la Cour de cassation",
        "en date du 1er d\u00e9cembre 2015.",
        "R \u00c9 P U B L I Q U E F R A N \u00c7 A I S E",
        "_________________________",
        "AU NOM DU PEUPLE FRAN\u00c7AIS",
        "_________________________",
        "LA COUR DE CASSATION, PREMI\u00c8RE CHAMBRE CIVILE, a rendu l'arr\u00eat suivant :",
        "Statuant sur le pourvoi form\u00e9 par M. R... C..., ayant \u00e9lu domicile chez M. N... G..., [...] ,",
        "contre l'ordonnance rendue le 18 mai 2015 par le premier pr\u00e9sident de la cour d'appel de Metz, dans le litige l'opposant au pr\u00e9fet du Haut-Rhin, domicili\u00e9 [...] ,",
        "d\u00e9fendeur \u00e0 la cassation ;",
        "Le demandeur invoque, \u00e0 l'appui de son pourvoi, les trois moyens de cassation annex\u00e9s au pr\u00e9sent arr\u00eat ;",
        "Vu la communication faite au procureur g\u00e9n\u00e9ral ;",
        "LA COUR, en l'audience publique du 8 novembre 2016, o\u00f9 \u00e9taient pr\u00e9sents : Mme Batut, pr\u00e9sident, Mme Gargoullaud, conseiller r\u00e9f\u00e9rendaire rapporteur, M. Matet, conseiller doyen, M. Ingall-Montagnier, premier avocat g\u00e9n\u00e9ral, Mme Pecquenard, greffier de chambre ;",
        "Sur le rapport de Mme Gargoullaud, conseiller r\u00e9f\u00e9rendaire, les observations de la SCP Waquet, Farge et Hazan, avocat de M. C..., l'avis de M. Ingall-Montagnier, premier avocat g\u00e9n\u00e9ral, et apr\u00e8s en avoir d\u00e9lib\u00e9r\u00e9 conform\u00e9ment \u00e0 la loi ;"
    ],
    "decision-1": [
        "Attendu, selon l'ordonnance attaqu\u00e9e, rendue par le premier pr\u00e9sident d'une cour d'appel (Metz, 18 mai 2015), et les pi\u00e8ces de la proc\u00e9dure, que M. C..., de nationalit\u00e9 tunisienne, a \u00e9t\u00e9 interpell\u00e9 le 12 mai 2015 \u00e0 la fronti\u00e8re entre la France et la Suisse par les gardes-fronti\u00e8res suisses et remis aux autorit\u00e9s fran\u00e7aises qui l'ont plac\u00e9 en retenue, \u00e0 15 heures 15, pour v\u00e9rification du droit au s\u00e9jour sur le fondement de l'article L. 611-1-1 du code de l'entr\u00e9e et du s\u00e9jour des \u00e9trangers et du droit d'asile, puis en r\u00e9tention administrative, \u00e0 18 heures 10 ;"
    ],
    "decision-2": [
        "Sur le deuxi\u00e8me moyen :",
        "Attendu que M. C... fait grief \u00e0 l'ordonnance de prolonger cette mesure, alors, selon le moyen, qu'une prise d'empreintes digitales ne peut \u00eatre effectu\u00e9e qu'apr\u00e8s information du procureur de la R\u00e9publique ; que la violation de cette obligation, qui a pour objet de placer la prise d'empreintes digitales, mesure attentatoire \u00e0 l'int\u00e9grit\u00e9 corporelle et \u00e0 la vie priv\u00e9e, sous le contr\u00f4le de l'autorit\u00e9 judiciaire, fait n\u00e9cessairement grief \u00e0 la personne qui en fait l'objet ; qu'en consid\u00e9rant que le d\u00e9faut d'information du parquet \u00e9tait sans cons\u00e9quence sur la r\u00e9gularit\u00e9 des op\u00e9rations de prise d'empreintes digitales, le premier pr\u00e9sident de la cour d'appel a m\u00e9connu les articles L. 611-1-1 et L. 552-13 du CESEDA ainsi que l'article 8 de la Convention europ\u00e9enne des droits de l'homme ;"
    ],
    "decision-3": [
        "Mais attendu que, lorsqu'il constate une irr\u00e9gularit\u00e9 des actes de proc\u00e9dure pr\u00e9alables au placement en r\u00e9tention, il incombe au juge de rechercher si celle-ci a eu pour effet de porter atteinte aux droits de l'\u00e9tranger, au sens de l'article L. 552-13 du code de l'entr\u00e9e et du s\u00e9jour des \u00e9trangers et du droit d'asile ; qu'ayant relev\u00e9 que le procureur de la R\u00e9publique n'avait pas \u00e9t\u00e9 inform\u00e9 de la prise d'empreintes digitales de M. C..., mais que celle-ci avait eu pour seul effet de confirmer l'identit\u00e9 de l'int\u00e9ress\u00e9 et de raccourcir la dur\u00e9e de la mesure en cours, le premier pr\u00e9sident a pu en d\u00e9duire qu'il n'\u00e9tait r\u00e9sult\u00e9 de cette irr\u00e9gularit\u00e9 aucune atteinte \u00e0 la vie priv\u00e9e de l'int\u00e9ress\u00e9 ; que le moyen n'est pas fond\u00e9 ;"
    ],
    "decision-4": [
        "Sur les premier et troisi\u00e8me moyens, ci-apr\u00e8s annex\u00e9s :"
    ],
    "decision-5": [
        "Attendu que ces moyens ne sont manifestement pas de nature \u00e0 entra\u00eener la cassation ;"
    ],
    "decision-6": [
        "PAR CES MOTIFS :",
        "REJETTE le pourvoi ;",
        "Vu l'article 700 du code de proc\u00e9dure civile, rejette la demande ;",
        "Ainsi fait et jug\u00e9 par la Cour de cassation, premi\u00e8re chambre civile, et prononc\u00e9 par le pr\u00e9sident en son audience publique du sept d\u00e9cembre deux mille seize."
    ],
    "decision-7": [
        "MOYENS ANNEXES au pr\u00e9sent arr\u00eat",
        "Moyens produits par la SCP Waquet, Farge et Hazan, avocat aux Conseils, pour M. C....",
        "PREMIER MOYEN DE CASSATION",
        "Il est fait grief \u00e0 l'ordonnance attaqu\u00e9e d'avoir confirm\u00e9 la prolongation de la r\u00e9tention administrative de monsieur C... pour une dur\u00e9e de 20 jours ;",
        "AUX MOTIFS PROPRES QUE \u00ab le procureur de la R\u00e9publique de Mulhouse a \u00e9t\u00e9 avis\u00e9 de la mesure de r\u00e9tention prise \u00e0 l'encontre de l'int\u00e9ress\u00e9 le 12 mai 2015 \u00e0 17h50 \u00bb ;",
        "ET AUX MOTIFS PRESUMES ADOPTES DES PREMIERS JUGES QUE \u00ab la dur\u00e9e de la r\u00e9tention administrative entre le 12 mai \u00e0 15h15 et le 12 mai \u00e0 18h10 n'est pas sup\u00e9rieure \u00e0 16 heures \u00bb ;",
        "1\u00b0/ ALORS QU'est d'ordre public et doit \u00eatre relev\u00e9 d'office le moyen tir\u00e9 de la violation des r\u00e8gles de proc\u00e9dure applicables \u00e0 la retenue pour v\u00e9rification du droit au s\u00e9jour ; que le procureur de la R\u00e9publique doit \u00eatre inform\u00e9 du placement d'une personne en retenue pour v\u00e9rification du droit au s\u00e9jour d\u00e8s le d\u00e9but de la mesure, sauf circonstances insurmontables, tout retard dans la mise en oeuvre de cette obligation faisant n\u00e9cessairement grief aux int\u00e9r\u00eats de la personne concern\u00e9e ; que l'ordonnance d\u00e9f\u00e9r\u00e9e et celle qu'elle confirme constatent que le placement en retenue administrative de monsieur C... a eu lieu \u00e0 15h15 puis que l'information du parquet n'a eu lieu qu'\u00e0 17h50 ; qu'en ne constatant pas que l'information du procureur de la R\u00e9publique avait \u00e9t\u00e9 tardive et en ne caract\u00e9risant pas de circonstances insurmontables de nature \u00e0 justifier ce retard, le premier pr\u00e9sident de la cour d'appel a viol\u00e9 les articles L. 611-1-1 et L. 552-13 du CESEDA ainsi que l'article 5 de la Convention europ\u00e9enne des droits de l'homme ;",
        "2\u00b0/ ALORS QU'en tout \u00e9tat de cause, en ne recherchant pas si l'information du procureur de la R\u00e9publique n'avait pas \u00e9t\u00e9 tardive et en omettant de caract\u00e9riser des circonstances insurmontables de nature \u00e0 justifier ce retard, le premier pr\u00e9sident de la cour d'appel n'a pas donn\u00e9 de base l\u00e9gale \u00e0 sa d\u00e9cision.",
        "DEUXIEME MOYEN DE CASSATION",
        "Il est fait grief \u00e0 l'ordonnance attaqu\u00e9e d'avoir confirm\u00e9 la prolongation de la r\u00e9tention administrative de monsieur C... pour une dur\u00e9e de 20 jours ;",
        "AUX MOTIFS QUE \u00ab le procureur de la R\u00e9publique de Mulhouse a \u00e9t\u00e9 avis\u00e9 de la mesure de r\u00e9tention prise \u00e0 l'encontre de l'int\u00e9ress\u00e9 le 12 mai 2015 \u00e0 17h50 ; que s'il ne ressort pas du proc\u00e8s-verbal retranscrivant cet avis de ce que le magistrat ait \u00e9t\u00e9 pr\u00e9cis\u00e9ment inform\u00e9 de la prise d'empreintes effectu\u00e9e, il convient d'observer que le texte susvis\u00e9 ne pr\u00e9voit qu'une information du magistrat et non une autorisation donn\u00e9e \u00e0 cette fin ; qu'en outre, ladite prescription n'est sanctionn\u00e9e d'une nullit\u00e9 que sous r\u00e9serve que sa violation ait fait grief \u00e0 l'int\u00e9ress\u00e9 en application des articles L. 611-1-1 et L. 552-13 du m\u00eame code ; que la prise d'empreintes n'ayant eu que pour effet de confirmer l'identit\u00e9 donn\u00e9e oralement par monsieur C... et n'ayant pu que raccourcir la dur\u00e9e de la mesure de r\u00e9tention prise \u00e0 son encontre du fait de l'absence d'investigations suppl\u00e9mentaires \u00e0 op\u00e9rer, aucun grief n'est caract\u00e9ris\u00e9 \u00bb ;",
        "ALORS QU'une prise d'empreintes digitales ne peut \u00eatre effectu\u00e9e qu'apr\u00e8s information du procureur de la R\u00e9publique ; que la violation de cette obligation, qui a pour objet de placer la prise d'empreintes digitales, mesure attentatoire \u00e0 l'int\u00e9grit\u00e9 corporelle et \u00e0 la vie priv\u00e9e, sous le contr\u00f4le de l'autorit\u00e9 judiciaire, fait n\u00e9cessairement grief \u00e0 la personne qui en fait l'objet ; qu'en consid\u00e9rant que le d\u00e9faut d'information du parquet \u00e9tait sans cons\u00e9quence sur la r\u00e9gularit\u00e9 des op\u00e9rations de prise d'empreintes digitales, le premier pr\u00e9sident de la cour d'appel a m\u00e9connu les articles L. 611-1-1 et L. 552-13 du CESEDA ainsi que l'article 8 de la Convention europ\u00e9enne des droits de l'homme.",
        "TROISIEME MOYEN DE CASSATION",
        "Il est fait grief \u00e0 l'ordonnance attaqu\u00e9e d'avoir confirm\u00e9 la prolongation de la r\u00e9tention administrative de monsieur C... pour une dur\u00e9e de 20 jours ;",
        "AUX MOTIFS QU' \u00ab il ressort de la proc\u00e9dure que monsieur C... a pu avertir sa m\u00e8re de la mesure de r\u00e9tention prise \u00e0 son encontre pendant celle-ci ; que l'int\u00e9gralit\u00e9 de ses droits \u2013 en ce compris son droit \u00e0 communiquer \u2013 lui a \u00e9t\u00e9 d\u00fbment notifi\u00e9 \u00e0 Saint-Louis le 12 mai 2015 \u00e0 18h05, soit avant son transfert puis \u00e0 nouveau \u00e0 son arriv\u00e9e au centre de r\u00e9tention administrative de Metz ; qu'il n'\u00e9voque pas le souhait qu'il aurait eu de communiquer durant son transfert et ne justifie pas d'en avoir \u00e9t\u00e9 emp\u00each\u00e9 et ce, alors que son droit lui avait \u00e9t\u00e9 notifi\u00e9, aucun grief n'est caract\u00e9ris\u00e9 \u00bb ;",
        "1\u00b0/ ALORS QU'il appartient \u00e0 l'administration pr\u00e9fectorale de justifier que la personne retenue a b\u00e9n\u00e9fici\u00e9 des moyens mat\u00e9riels lui permettant d'exercer ses droits d\u00e8s leur notification puis tout au long de la r\u00e9tention ; qu'en ne recherchant pas \u00e0 compter de quel moment au cours de sa r\u00e9tention monsieur C... avait effectivement \u00e9t\u00e9 mis en mesure d'exercer son droit \u00e0 communiquer pr\u00e9vu \u00e0 l'article L. 551-2 du CESEDA, nonobstant la notification qui lui en a \u00e9t\u00e9 faite, et s'il avait pu l'exercer lors de son transfert, le premier pr\u00e9sident de la cour d'appel n'a pas donn\u00e9 de base l\u00e9gale \u00e0 sa d\u00e9cision ;",
        "2\u00b0/ ALORS QU'en faisant peser sur la personne retenue la charge de la preuve de l'absence d'acc\u00e8s effectif \u00e0 son droit \u00e0 communiquer, le premier pr\u00e9sident de la cour d'appel a invers\u00e9 la charge de la preuve."
    ]
}