{
    "decision-0": [
        "CIV. 2",
        "JL",
        "COUR DE CASSATION",
        "______________________",
        "Audience publique du 11 f\u00e9vrier 2016",
        "Cassation",
        "Mme FLISE, pr\u00e9sident",
        "Arr\u00eat n\u00b0 197 F-P+B",
        "Pourvoi n\u00b0 D 15-12.598",
        "Aide juridictionnelle totale en d\u00e9fense",
        "au profit de M. [F].",
        "Admission du bureau d'aide juridictionnelle",
        "pr\u00e8s la Cour de cassation",
        "en date du 31 mars 2015.",
        "R \u00c9 P U B L I Q U E F R A N \u00c7 A I S E",
        "_________________________",
        "AU NOM DU PEUPLE FRAN\u00c7AIS",
        "_________________________",
        "LA COUR DE CASSATION, DEUXI\u00c8ME CHAMBRE CIVILE, a rendu l'arr\u00eat suivant :",
        "Statuant sur le pourvoi form\u00e9 par la caisse d'allocations familiales (CAF) de la Dr\u00f4me, dont le si\u00e8ge est [Adresse 1],",
        "contre l'arr\u00eat rendu le 9 d\u00e9cembre 2014 par la cour d'appel de Grenoble (chambre sociale, section A), dans le litige l'opposant \u00e0 M. [V] [F], domicili\u00e9 [Adresse 2],",
        "d\u00e9fendeur \u00e0 la cassation ;",
        "La demanderesse invoque, \u00e0 l'appui de son pourvoi, le moyen unique de cassation annex\u00e9 au pr\u00e9sent arr\u00eat ;",
        "Vu la communication faite au procureur g\u00e9n\u00e9ral ;",
        "LA COUR, en l'audience publique du 13 janvier 2016, o\u00f9 \u00e9taient pr\u00e9sents : Mme Flise, pr\u00e9sident, Mme Olivier, conseiller rapporteur, M. Pr\u00e9tot, conseiller doyen, Mme Molle-de H\u00e9douville, greffier de chambre ;",
        "Sur le rapport de Mme Olivier, conseiller, les observations de la SCP Bor\u00e9 et Salve de Bruneton, avocat de la CAF de la Dr\u00f4me, de Me Le Prado, avocat de M. [F], l'avis de Mme Lapasset, avocat g\u00e9n\u00e9ral r\u00e9f\u00e9rendaire, et apr\u00e8s en avoir d\u00e9lib\u00e9r\u00e9 conform\u00e9ment \u00e0 la loi ;"
    ],
    "decision-1": [
        "Sur le moyen unique, pris en sa premi\u00e8re branche :"
    ],
    "decision-2": [
        "Vu les articles L. 512-2 et D. 512-2 du code de la s\u00e9curit\u00e9 sociale ;",
        "Attendu que le premier de ces textes subordonne \u00e0 la production d'un titre ou d'un document attestant de la r\u00e9gularit\u00e9 de leur s\u00e9jour comme de celui des enfants qui sont \u00e0 leur charge, le versement des prestations familiales aux \u00e9trangers non ressortissants d'un Etat membre de l'Union europ\u00e9enne, d'un Etat partie \u00e0 l'accord sur l'Espace \u00e9conomique europ\u00e9en ou de la Conf\u00e9d\u00e9ration suisse ; que selon le deuxi\u00e8me, la r\u00e9gularit\u00e9 de l'entr\u00e9e et du s\u00e9jour des enfants \u00e9trangers que le b\u00e9n\u00e9ficiaire a \u00e0 sa charge et au titre desquels il demande des prestations familiales est justifi\u00e9e, notamment, par la production d'un certificat de contr\u00f4le m\u00e9dical de l'enfant d\u00e9livr\u00e9 par l'Office fran\u00e7ais de l'immigration et de l'int\u00e9gration (l'OFII) \u00e0 l'issue de la proc\u00e9dure d'introduction ou d'admission au s\u00e9jour au titre du regroupement familial ;"
    ],
    "decision-3": [
        "Attendu, selon l'arr\u00eat attaqu\u00e9, que M. [F], de nationalit\u00e9 nig\u00e9riane, r\u00e9sidant r\u00e9guli\u00e8rement en France depuis 2005, a sollicit\u00e9 de la caisse d'allocations familiales de Valence (la caisse), le 30 mars 2011, le b\u00e9n\u00e9fice des prestations familiales pour ses trois enfants, n\u00e9s respectivement en 1994, 1996 et 1999 et entr\u00e9s en France le 27 f\u00e9vrier 2011, sous couvert d'un visa D, d\u00e9livr\u00e9 par l'ambassade de France au Nig\u00e9ria, portant la mention \"regroupement familial OFII\" ; que la caisse lui ayant oppos\u00e9 un refus, il a saisi d'un recours une juridiction de s\u00e9curit\u00e9 sociale ;",
        "Attendu que pour accueillir ce recours, l'arr\u00eat retient que selon jugement du 16 octobre 2012, le tribunal administratif de Grenoble, devant lequel M. et Mme [F] avaient contest\u00e9 les d\u00e9cisions du pr\u00e9fet de la Dr\u00f4me des 19 et 21 avril et du directeur territorial de Lyon de l'OFII du 29 avril 2011 par lesquelles ces autorit\u00e9s avaient refus\u00e9 de faire proc\u00e9der au contr\u00f4le m\u00e9dical des membres de la famille, a annul\u00e9 ces d\u00e9cisions et enjoint au pr\u00e9fet de la Dr\u00f4me, sous r\u00e9serve d'une modification dans les circonstances de fait ou de droit, de d\u00e9livrer \u00e0 M. [F] une d\u00e9cision d'autorisation de regroupement familial au b\u00e9n\u00e9fice de son \u00e9pouse et de ses enfants dans les deux mois suivant la notification du jugement ; que le tribunal administratif a constat\u00e9 la r\u00e9gularit\u00e9 de l'entr\u00e9e et du s\u00e9jour des enfants de l'intim\u00e9, qui auraient d\u00fb \u00eatre autoris\u00e9s \u00e0 s\u00e9journer au titre du regroupement familial et b\u00e9n\u00e9ficier d'un contr\u00f4le m\u00e9dical ; que l'incapacit\u00e9 dans laquelle M. [F] se trouve de pr\u00e9senter le certificat de contr\u00f4le m\u00e9dical d\u00e9livr\u00e9 par l'Office national fran\u00e7ais de l'immigration et de l'int\u00e9gration ne lui \u00e9tant pas imputable, il convient de consid\u00e9rer que le p\u00e8re est fond\u00e9 \u00e0 b\u00e9n\u00e9ficier des prestations familiales au titre de ses trois enfants ;"
    ],
    "decision-4": [
        "Qu'en statuant ainsi, alors que le jugement du tribunal administratif, m\u00eame assorti d'une injonction \u00e0 l'autorit\u00e9 pr\u00e9fectorale et \u00e0 l'OFII, ne conf\u00e9rait aucun titre \u00e0 M. [F], de sorte que celui-ci ne justifiait pas de la situation de ses enfants au regard des textes susvis\u00e9s, la cour d'appel a viol\u00e9 ceux-ci ;"
    ],
    "decision-5": [
        "PAR CES MOTIFS et sans qu'il y ait lieu de statuer sur les autres branches du moyen :",
        "CASSE ET ANNULE, dans toutes ses dispositions, l'arr\u00eat rendu le 9 d\u00e9cembre 2014, entre les parties, par la cour d'appel de Grenoble ; remet, en cons\u00e9quence, la cause et les parties dans l'\u00e9tat o\u00f9 elles se trouvaient avant ledit arr\u00eat et, pour \u00eatre fait droit, les renvoie devant la cour d'appel de Chamb\u00e9ry ;",
        "Condamne M. [F] aux d\u00e9pens ;",
        "Vu l'article 700 du code de proc\u00e9dure civile, rejette les demandes ;",
        "Dit que sur les diligences du procureur g\u00e9n\u00e9ral pr\u00e8s la Cour de cassation, le pr\u00e9sent arr\u00eat sera transmis pour \u00eatre transcrit en marge ou \u00e0 la suite de l'arr\u00eat cass\u00e9 ;",
        "Ainsi fait et jug\u00e9 par la Cour de cassation, deuxi\u00e8me chambre civile, et prononc\u00e9 par le pr\u00e9sident en son audience publique du onze f\u00e9vrier deux mille seize."
    ],
    "decision-6": [
        "MOYEN ANNEXE au pr\u00e9sent arr\u00eat",
        "Moyen produit par la SCP Bor\u00e9 et Salve de Bruneton, avocat aux Conseils, pour la CAF de la Dr\u00f4me",
        "Il est fait grief \u00e0 l'arr\u00eat attaqu\u00e9 d'AVOIR \"Dit que Monsieur [V] [F] doit b\u00e9n\u00e9ficier des prestations familiales pour les enfants [G] [B], [R] [I] et [Q] [A] \u00e0 compter du 1er mars 2011 (\u00bf) ; condamn\u00e9 la C.A.F de la Dr\u00f4me \u00e0 payer \u00e0 Ma\u00eetre Borges de Deus Correia, conseil de Monsieur [F], [les] sommes de 600 \u00bf et 800 \u00bf au titre de l'article 37 de la loi n\u00b0 91-647 relative \u00e0 l'aide juridique (\u00bf)\" ;",
        "AUX MOTIFS QU' \"il r\u00e9sulte de l'article L.512-2 alin\u00e9a 3 du Code de la s\u00e9curit\u00e9 sociale dans sa r\u00e9daction issue de la loi n\u00b0 2005-1579 du 19 d\u00e9cembre 2005, que les \u00e9trangers non ressortissants d'un Etat membre de la Communaut\u00e9 europ\u00e9enne, d'un autre Etat partie \u00e0 l'accord sur l'Espace \u00e9conomique europ\u00e9en ou de la Conf\u00e9d\u00e9ration suisse, et s\u00e9journant r\u00e9guli\u00e8rement en France b\u00e9n\u00e9ficient des prestations familiales sous r\u00e9serve qu'il soit justifi\u00e9, pour les enfants qui sont \u00e0 leur charge et au titre desquels les prestations sont demand\u00e9es, de l'une des situations suivantes : leur naissance en France, leur entr\u00e9e r\u00e9guli\u00e8re dans le cadre de la proc\u00e9dure de regroupement familial vis\u00e9e au livre IV du code de l'entr\u00e9e et du s\u00e9jour des \u00e9trangers et du droit d'asile, leur qualit\u00e9 de membre de famille de r\u00e9fugi\u00e9, leur qualit\u00e9 d'enfant d'\u00e9tranger titulaire de la carte de s\u00e9jour mentionn\u00e9e au 10\u00b0 de l'article L. 313-11 du code de l'entr\u00e9e et du s\u00e9jour des \u00e9trangers et du droit d'asile, leur qualit\u00e9 d'enfant d'\u00e9tranger titulaire de la carte de s\u00e9jour mentionn\u00e9e \u00e0 l'article L. 313-13 du m\u00eame code, leur qualit\u00e9 d'enfant d'\u00e9tranger titulaire de l'une des cartes de s\u00e9jour mentionn\u00e9es \u00e0 l'article L. 313-8 du m\u00eame code, leur qualit\u00e9 d'enfant d'\u00e9tranger titulaire de la carte de s\u00e9jour mentionn\u00e9e au 7\u00b0 de l'article L. 313-11 du m\u00eame code \u00e0 la condition que le ou les enfants en cause soient entr\u00e9s en France au plus tard en m\u00eame temps que l'un de leurs parents titulaires de la carte susmentionn\u00e9e ;",
        "QUE l'article D.512-2 du Code de la s\u00e9curit\u00e9 sociale, dans sa r\u00e9daction issue du d\u00e9cret n\u00b0 2006-234 du 27 f\u00e9vrier 2006, dispose que la r\u00e9gularit\u00e9 de l'entr\u00e9e et du s\u00e9jour des enfants \u00e9trangers que le b\u00e9n\u00e9ficiaire a \u00e0 charge et au titre desquels il demande les prestations familiales est justifi\u00e9e par la production de l'un des documents personnels \u00e0 l'enfant qu'il \u00e9num\u00e8re ;",
        "QUE sans doute, Monsieur [F] ne justifie pas d\u00e9tenir l'un des documents \u00e9num\u00e9r\u00e9s par cet article, attestant de la r\u00e9gularit\u00e9 de l'entr\u00e9e et du s\u00e9jour des enfants, dont la production conditionne le versement des prestations familiales ;",
        "QUE [cependant] selon jugement du 16 octobre 2012, le Tribunal administratif de Grenoble, devant lequel Monsieur et Madame [F] avaient contest\u00e9 les d\u00e9cisions du Pr\u00e9fet de la Dr\u00f4me des 19 et 21 avril et du directeur territorial de Lyon de l'OFII du 29 avril 2011 par lesquelles ces autorit\u00e9s avaient refus\u00e9 de faire proc\u00e9der au contr\u00f4le m\u00e9dical des membres de la famille, a annul\u00e9 ces d\u00e9cisions et enjoint au Pr\u00e9fet de la Dr\u00f4me, sous r\u00e9serve d'une modification dans les circonstances de fait ou de droit, de d\u00e9livrer \u00e0 Monsieur [F] une d\u00e9cision d'autorisation de regroupement familial au b\u00e9n\u00e9fice de son \u00e9pouse et de ses enfants dans les deux mois suivant la notification du jugement ;",
        "QUE le Tribunal administratif a constat\u00e9 la r\u00e9gularit\u00e9 de l'entr\u00e9e et du s\u00e9jour des enfants de l'intim\u00e9, qui auraient d\u00fb \u00eatre autoris\u00e9s \u00e0 s\u00e9journer au titre du regroupement familial et b\u00e9n\u00e9ficier d'un contr\u00f4le m\u00e9dical ; que l'incapacit\u00e9 dans laquelle Monsieur [F] se trouve de pr\u00e9senter le certificat de contr\u00f4le m\u00e9dical d\u00e9livr\u00e9 par l'Office National Fran\u00e7ais de l'immigration et de l'int\u00e9gration ne lui \u00e9tant pas imputable, il convient de consid\u00e9rer que le p\u00e8re est fond\u00e9 \u00e0 b\u00e9n\u00e9ficier des prestations familiales au titre de ses trois enfants\" ;",
        "ET AUX MOTIFS \u00e9ventuellement adopt\u00e9s QUE \"la privation du droit aux prestations familiales au seul motif de la non d\u00e9tention d'un titre d\u00e9termin\u00e9 porte atteinte au principe de non discrimination \u00e9nonc\u00e9 par l'article 14 de la Convention europ\u00e9enne de sauvegarde des droits de l'homme et des libert\u00e9s fondamentales et \u00e0 l'int\u00e9r\u00eat sup\u00e9rieur de l'enfant caract\u00e9ris\u00e9 par le droit, prot\u00e9g\u00e9 par l'article 8 de ladite convention, \u00e0 une vie familiale normale ; que l'application de l'article D.512-2 du Code de la s\u00e9curit\u00e9 sociale doit en l'esp\u00e8ce \u00eatre \u00e9cart\u00e9e et que Monsieur [V] [F] doit b\u00e9n\u00e9ficier des prestations familiales pour les enfants [G] [B], [R] [I] et [Q] [A] \u00e0 compter du 1er mars 2011 (\u00bf)\" ;",
        "1\u00b0) ALORS QUE les articles L. 512-2 et D. 512-2 du code de la s\u00e9curit\u00e9 sociale subordonnent le versement des prestations familiales \u00e0 la production d'un document attestant d'une entr\u00e9e r\u00e9guli\u00e8re des enfants \u00e9trangers en France qui doit \u00eatre justifi\u00e9e, notamment, par la production d'un certificat de contr\u00f4le m\u00e9dical d\u00e9livr\u00e9 dans le cadre de la proc\u00e9dure de regroupement familial ; que ces dispositions rev\u00eatent un caract\u00e8re objectif justifi\u00e9 par la n\u00e9cessit\u00e9 dans un \u00e9tat d\u00e9mocratique d'exercer un contr\u00f4le des conditions d'accueil des enfants et que la situation d'un enfant entr\u00e9 sur le territoire fran\u00e7ais en dehors de la proc\u00e9dure de regroupement familial peut \u00eatre r\u00e9gularis\u00e9e apr\u00e8s son entr\u00e9e en France \u00e0 la demande de l'un de ses parents, permettant d'ouvrir droit aux prestations familiales, de sorte que ces dispositions ne portent pas une atteinte disproportionn\u00e9e au droit \u00e0 la vie familiale garanti par les articles 8 et 14 de la Convention de sauvegarde des droits de l'homme et des libert\u00e9s fondamentales ; qu'en l'esp\u00e8ce, il ressort des propres constatations de l'arr\u00eat attaqu\u00e9 que \"\u00bf Monsieur [F] ne justifie pas d\u00e9tenir l'un des documents \u00e9num\u00e9r\u00e9s par cet article, attestant de la r\u00e9gularit\u00e9 de l'entr\u00e9e et du s\u00e9jour des enfants, dont la production conditionne le versement des prestations familiales\" ; qu'en condamnant cependant la Caisse d'allocations familiales de la Dr\u00f4me au service des prestations familiales r\u00e9clam\u00e9es la Cour d'appel, qui n'a pas d\u00e9duit les cons\u00e9quences l\u00e9gales de ses propres constatations, a viol\u00e9 les textes susvis\u00e9s ;",
        "2\u00b0) ALORS QUE les articles L. 512-2 et D. 512-2 du code de la s\u00e9curit\u00e9 sociale, subordonnent le versement des prestations familiales \u00e0 la production d'un document attestant d'une entr\u00e9e r\u00e9guli\u00e8re des enfants \u00e9trangers en France qui doit \u00eatre justifi\u00e9e, notamment, par la production d'un certificat de contr\u00f4le m\u00e9dical d\u00e9livr\u00e9 dans le cadre de la proc\u00e9dure de regroupement familial ; qu'il importe peu, pour la mise en oeuvre de ce droit, que le d\u00e9faut de d\u00e9tention des documents vis\u00e9s soit ou non imputable au demandeur ou \u00e0 une d\u00e9cision, m\u00eame ill\u00e9gale, de l'autorit\u00e9 administrative, laquelle ouvre seulement droit, le cas \u00e9ch\u00e9ant, \u00e0 l'indemnisation du pr\u00e9judice en r\u00e9sultant par le service public responsable de la faute commise ; qu'en l'esp\u00e8ce, il ressort des propres constatations de l'arr\u00eat attaqu\u00e9 que \"\u00bf Monsieur [F] ne justifie pas d\u00e9tenir l'un des documents \u00e9num\u00e9r\u00e9s par cet article, attestant de la r\u00e9gularit\u00e9 de l'entr\u00e9e et du s\u00e9jour des enfants, dont la production conditionne le versement des prestations familiales\" ; qu'en condamnant cependant la Caisse d'allocations familiales de la Dr\u00f4me au paiement des prestations familiales r\u00e9clam\u00e9es au motif inop\u00e9rant que \"\u00bfl'incapacit\u00e9 dans laquelle Monsieur [F] se trouve de pr\u00e9senter le certificat de contr\u00f4le m\u00e9dical d\u00e9livr\u00e9 par l'Office National Fran\u00e7ais de l'immigration et de l'Int\u00e9gration ne lui [est] pas imputable\", la Cour d'appel a viol\u00e9 les textes susvis\u00e9s, ensemble la loi des 16/24 ao\u00fbt 1790 ;",
        "3\u00b0) ALORS QUE l'annulation par le juge administratif du refus de d\u00e9livrance ou de renouvellement d'un titre de s\u00e9jour ne vaut pas d\u00e9livrance de l'autorisation primitivement refus\u00e9e ; qu'en l'esp\u00e8ce, il ressort des propres constatations de l'arr\u00eat attaqu\u00e9 que \"\u00bf selon jugement du 16 octobre 2012, le Tribunal administratif de Grenoble, devant lequel Monsieur et Madame [F] avaient contest\u00e9 les d\u00e9cisions du Pr\u00e9fet de la Dr\u00f4me des 19 et 21 avril et du directeur territorial de Lyon de l'OFII du 29 avril 2011 par lesquelles ces autorit\u00e9s avaient refus\u00e9 de faire proc\u00e9der au contr\u00f4le m\u00e9dical des membres de la famille, a annul\u00e9 ces d\u00e9cisions et enjoint au Pr\u00e9fet de la Dr\u00f4me, sous r\u00e9serve d'une modification dans les circonstances de fait ou de droit, de d\u00e9livrer \u00e0 Monsieur [F] une d\u00e9cision d'autorisation de regroupement familial au b\u00e9n\u00e9fice de son \u00e9pouse et de ses enfants dans les deux mois suivant la notification du jugement\" ; qu'en condamnant la Caisse d'allocations familiales de la Dr\u00f4me \u00e0 faire b\u00e9n\u00e9ficier Monsieur [F] du service des prestations familiales \u00e0 compter du 1er mars 2011 aux termes de motifs dont il ne ressort, ni que le jugement du 16 octobre 2012 serait devenu d\u00e9finitif, ni que l'autorisation litigieuse aurait \u00e9t\u00e9 d\u00e9livr\u00e9e la Cour d'appel, qui n'a pas d\u00e9duit les cons\u00e9quences l\u00e9gales de ses propres constatations, a viol\u00e9 derechef les textes susvis\u00e9s, ensemble les articles L.911-1 et L.911-2 du Code de justice administrative ;",
        "4\u00b0) ALORS enfin et tr\u00e8s subsidiairement QUE les titres de s\u00e9jour d\u00e9livr\u00e9s par le repr\u00e9sentant de l'Etat ne rev\u00eatent pas un caract\u00e8re recognitif ; qu'en condamnant la Caisse d'allocations familiales de la Dr\u00f4me \u00e0 faire b\u00e9n\u00e9ficier Monsieur [F] du paiement des prestations familiales \u00e0 compter du 1er mars 2011, motif pris que le Tribunal administratif, par jugement du 16 octobre 2012, avait enjoint \u00e0 l'administration de d\u00e9livrer le titre n\u00e9cessaire \"dans les deux mois suivant sa notification\", de sorte que les conditions du b\u00e9n\u00e9fice de ces allocations n'\u00e9taient en toute hypoth\u00e8se pas r\u00e9unies pour la p\u00e9riode ant\u00e9rieure \u00e0 cette d\u00e9cision, la Cour d'appel a viol\u00e9 derechef les articles L.512-2 et D.512-2 du Code de la s\u00e9curit\u00e9 sociale."
    ]
}