{
    "decision-0": [
        "CIV. 2",
        "JL",
        "COUR DE CASSATION",
        "______________________",
        "Audience publique du 30 mars 2017",
        "Cassation",
        "Mme FLISE, pr\u00e9sident",
        "Arr\u00eat n\u00b0 425 F-D",
        "Pourvoi n\u00b0 G 16-13.227",
        "R \u00c9 P U B L I Q U E F R A N \u00c7 A I S E",
        "_________________________",
        "AU NOM DU PEUPLE FRAN\u00c7AIS",
        "_________________________",
        "LA COUR DE CASSATION, DEUXI\u00c8ME CHAMBRE CIVILE, a rendu l'arr\u00eat suivant :",
        "Statuant sur le pourvoi form\u00e9 par M. [X] [U], domicili\u00e9 [Adresse 1],",
        "contre l'arr\u00eat rendu le 3 d\u00e9cembre 2015 par la cour d'appel de Paris (p\u00f4le 6, chambre 12), dans le litige l'opposant :",
        "1\u00b0/ \u00e0 la caisse d'allocations familiales (CAF) [Localit\u00e9 1], dont le si\u00e8ge est [Adresse 2],",
        "2\u00b0/ au ministre charg\u00e9 de la s\u00e9curit\u00e9 sociale, domicili\u00e9 [Adresse 3], venant aux droit de la MNC,",
        "d\u00e9fendeurs \u00e0 la cassation ;",
        "Le demandeur invoque, \u00e0 l'appui de son pourvoi, le moyen unique de cassation annex\u00e9 au pr\u00e9sent arr\u00eat ;",
        "Vu la communication faite au procureur g\u00e9n\u00e9ral ;",
        "LA COUR, en l'audience publique du 1er mars 2017, o\u00f9 \u00e9taient pr\u00e9sents : Mme Flise, pr\u00e9sident, Mme Olivier, conseiller rapporteur, M. Pr\u00e9tot, conseiller doyen, Mme Szirek, greffier de chambre ;",
        "Sur le rapport de Mme Olivier, conseiller, les observations de la SCP Bouzidi et Bouhanna, avocat de M. [U], l'avis de M. de Monteynard, avocat g\u00e9n\u00e9ral, et apr\u00e8s en avoir d\u00e9lib\u00e9r\u00e9 conform\u00e9ment \u00e0 la loi ;"
    ],
    "decision-1": [
        "Sur le moyen unique :"
    ],
    "decision-2": [
        "Vu les articles 68 et 69 de l'accord euro-m\u00e9diterran\u00e9en \u00e9tablissant une association entre la Communaut\u00e9 europ\u00e9enne et ses Etats membres, d'une part, et la R\u00e9publique alg\u00e9rienne d\u00e9mocratique et populaire, d'autre part, sign\u00e9 le 22 avril 2002 et la d\u00e9cision 2005/690/CE du Conseil, du 18 juillet 2005, concernant la conclusion de cet accord euro-m\u00e9diterran\u00e9en ;",
        "Attendu qu'il se d\u00e9duit de la jurisprudence de la Cour de justice de l'Union europ\u00e9enne (CJCE, 5 avril 1995, [M], aff. C-103/94 ; CJCE, 15 janv. 1998, [C], aff. C-113/97 ; CJCE (Ord.), 13 juin 2006, [R], aff. C-336/05 ; CJCE (Ord.), 17 avril 2007, [G], aff. C-276/06) qu'en application de l'article 68 de l'accord euro-m\u00e9diterran\u00e9en susvis\u00e9, d'effet direct, applicable aux prestations familiales en vertu des paragraphes 1 et 3, l'absence de toute discrimination fond\u00e9e sur la nationalit\u00e9 dans le domaine d'application de l'accord implique qu'un ressortissant alg\u00e9rien r\u00e9sidant l\u00e9galement dans un Etat membre soit trait\u00e9 de la m\u00eame mani\u00e8re que les nationaux de l'Etat membre d'accueil, de sorte que la l\u00e9gislation de cet \u00c9tat membre ne saurait soumettre l'octroi d'une prestation sociale \u00e0 un tel ressortissant alg\u00e9rien \u00e0 des conditions suppl\u00e9mentaires ou plus rigoureuses par rapport \u00e0 celles applicables \u00e0 ses propres ressortissants ; qu'il en r\u00e9sulte que les articles L. 512-2, D. 512-1 et D. 512-2 du code de la s\u00e9curit\u00e9 sociale qui, en ce qu'ils soumettent le b\u00e9n\u00e9fice des allocations familiales \u00e0 la production du certificat m\u00e9dical d\u00e9livr\u00e9 par l'Office fran\u00e7ais de l'int\u00e9gration et de l'immigration \u00e0 l'issue de la proc\u00e9dure de regroupement familial, instituent une discrimination directement fond\u00e9e sur la nationalit\u00e9, devait \u00eatre \u00e9cart\u00e9e en l'esp\u00e8ce ;"
    ],
    "decision-3": [
        "Attendu que pour d\u00e9bouter M. [U] de son recours, l'arr\u00eat \u00e9nonce que depuis le 1er janvier 2005, date d'entr\u00e9e en vigueur de la loi n\u00b0 2005-1579 du 19 d\u00e9cembre 2005, le versement des prestations familiales est subordonn\u00e9 \u00e0 la production d'un document de s\u00e9jour personnel de l'enfant, clairement d\u00e9fini ; qu'il rel\u00e8ve que celui-ci ne produit aucun des justificatifs \u00e9num\u00e9r\u00e9s par l'article D. 512-2 du code de la s\u00e9curit\u00e9 sociale, le document de circulation pour \u00e9tranger mineur n'\u00e9quivalant pas aux titres limitativement \u00e9num\u00e9r\u00e9s ; qu'il retient que les dispositions de l'article D. 512-2 sont objectivement et raisonnablement justifi\u00e9es par la n\u00e9cessit\u00e9 dans un Etat d\u00e9mocratique d'exercer un contr\u00f4le des conditions d'accueil des enfants et que l'obligation de fournir des documents sp\u00e9cifiques ne porte pas une atteinte disproportionn\u00e9e au droit au respect de la vie priv\u00e9e et familiale garanti par l'article 8 de la Convention de sauvegarde des droits de l'homme et des libert\u00e9s fondamentales, ni ne constitue une discrimination prohib\u00e9e par l'article 14 de la m\u00eame Convention ;",
        "Qu'en statuant ainsi, la cour d'appel a viol\u00e9 les textes susvis\u00e9s ;"
    ],
    "decision-4": [
        "PAR CES MOTIFS :",
        "CASSE ET ANNULE, en toutes ses dispositions, l'arr\u00eat rendu le 3 d\u00e9cembre 2015, entre les parties, par la cour d'appel de Paris ; remet, en cons\u00e9quence, la cause et les parties dans l'\u00e9tat o\u00f9 elles se trouvaient avant ledit arr\u00eat et, pour \u00eatre fait droit, les renvoie devant la cour d'appel de Paris, autrement compos\u00e9e ;",
        "Condamne la caisse d'allocations familiales du Val-de-Marne aux d\u00e9pens ;",
        "Vu l'article 700 du code de proc\u00e9dure civile, condamne la caisse d'allocations familiales du Val-de-Marne \u00e0 payer \u00e0 M. [U] la somme de 3 000 euros ;",
        "Dit que sur les diligences du procureur g\u00e9n\u00e9ral pr\u00e8s la Cour de cassation, le pr\u00e9sent arr\u00eat sera transmis pour \u00eatre transcrit en marge ou \u00e0 la suite de l'arr\u00eat cass\u00e9 ;",
        "Ainsi fait et jug\u00e9 par la Cour de cassation, deuxi\u00e8me chambre civile, et prononc\u00e9 par le pr\u00e9sident en son audience publique du trente mars deux mille dix-sept."
    ],
    "decision-5": [
        "MOYEN ANNEXE au pr\u00e9sent arr\u00eat",
        "Moyen produit par la SCP Bouzidi et Bouhanna, avocat aux Conseils, pour M. [U]",
        "LE POURVOI REPROCHE A L'ARR\u00caT ATTAQUE D'AVOIR confirm\u00e9 le jugement ayant d\u00e9bout\u00e9 l'exposant de son recours visant au b\u00e9n\u00e9fice des prestations familiales \u00e0 compter du 1er d\u00e9cembre 2010 ;",
        "AUX MOTIFS QUE, aux termes de la Convention g\u00e9n\u00e9rale de s\u00e9curit\u00e9 sociale du 1er octobre 1980 conclue entre la France et l'Alg\u00e9rie les ressortissants alg\u00e9riens exer\u00e7ant en France une activit\u00e9 salari\u00e9e ou assimil\u00e9e sont soumis aux l\u00e9gislations de s\u00e9curit\u00e9 sociale \u00e9num\u00e9r\u00e9es \u00e0 l'article 5, applicables en France, et en b\u00e9n\u00e9ficient, ainsi que leurs ayants droit, dans les m\u00eames conditions que les ressortissants fran\u00e7ais ; qu'il n'est pas contest\u00e9 qu'en France sont comprises dans le champ d'application de cette Convention la l\u00e9gislation fixant l'organisation de la s\u00e9curit\u00e9 sociale et celle relative aux prestations familiales ; que ces dispositions garantissent aux ressortissants des deux pays parties \u00e0 la convention une \u00e9galit\u00e9 de traitement pour l'ouverture des droits aux prestations familiales; que ladite convention subordonne le b\u00e9n\u00e9fice des prestations \u00e0 la justification par le demandeur de son statut de salari\u00e9 ou assimil\u00e9 en France et que M. [X] [U] n'\u00e9tablit pas avoir ce statut, les dispositions de la convention ne lui sont pas applicables ; qu'il r\u00e9sulte de l'article D 512-2 du code de la s\u00e9curit\u00e9 sociale que la r\u00e9gularit\u00e9 de l'entr\u00e9e et du s\u00e9jour des enfants \u00e9trangers non n\u00e9s en France au titre desquels, celui les ayant \u00e0 sa charge demande des prestations familiales, est justifi\u00e9e notamment par la production, soit du certificat de contr\u00f4le m\u00e9dical de l'enfant d\u00e9livr\u00e9 \u00e0 l'issue de la proc\u00e9dure d'introduction ou d'admission au s\u00e9jour au titre du regroupement familial, soit de l'attestation d\u00e9livr\u00e9e par l'autorit\u00e9 pr\u00e9fectorale pr\u00e9cisant que l'enfant est entr\u00e9 en France au plus tard en m\u00eame temps que l'un de ses parents admis au s\u00e9jour sur le fondement du 7\u00b0 de l'article L313.11 du code de l'entr\u00e9e et du s\u00e9jour des \u00e9trangers et du droit d'asile (Ceseda) ou du 5\u00b0 de l'article 6 de l'accord franco-alg\u00e9rien du 27 d\u00e9cembre 1968 modifi\u00e9 ; qu'ainsi depuis le 1er janvier 2006, date d'entr\u00e9e en vigueur de la loi n\u00b0 2005-1579 du 19 d\u00e9cembre 2005, le versement des prestations familiales est subordonn\u00e9 la production d'un document de s\u00e9jour personnel \u00e0 l'enfant, clairement d\u00e9fini ; que M. [X] [U] ne produit aucun des justificatifs \u00e9num\u00e9r\u00e9s par l'article D 512-2 pr\u00e9cit\u00e9 ; que le document de circulation pour \u00e9tranger mineur n'\u00e9quivaut pas aux titres limitativement \u00e9num\u00e9r\u00e9s par l'article D 512-2 dont la production justifie la r\u00e9gularit\u00e9 de l'entr\u00e9e et du s\u00e9jour de l'enfant \u00e9tranger et n'ouvre d\u00e9s lors pas droit au b\u00e9n\u00e9fice des prestations familiales ; que les dispositions de l'article D 512-2 sont objectivement et raisonnablement justifi\u00e9es par la n\u00e9cessit\u00e9 dans un Etat d\u00e9mocratique d'exercer un contr\u00f4le des conditions d'accueil des enfants ; que l'obligation de fournir des documents sp\u00e9cifiques ne porte pas une atteinte disproportionn\u00e9e au droit au respect de la vie priv\u00e9e et familiale garanti par l'article 8 de la Convention europ\u00e9enne de sauvegarde des droits de l'homme et des libert\u00e9s fondamentales et ne constitue pas une discrimination prohib\u00e9e par l'article 14 de la m\u00eame Convention ; que ces dispositions ne m\u00e9connaissent pas non plus l'article 3-1 de la Convention internationale des droits de l'enfant ; que dans ces conditions, il convient de confirmer la d\u00e9cision des premiers juges ;",
        "ALORS QUE, en application de l'article 68 de l'accord d'association entre l'UE et l'Alg\u00e9rie sign\u00e9 le 22 avril 2002, d'effet direct, applicable aux prestations familiales en vertu des paragraphes 1 et 3, l'absence de toute discrimination fond\u00e9e sur la nationalit\u00e9 dans le domaine d'application de l'accord implique qu'un ressortissant alg\u00e9rien r\u00e9sidant l\u00e9galement dans un Etat membre soit trait\u00e9 de la m\u00eame mani\u00e8re que les nationaux de l'Etat membre d'accueil, de sorte que la l\u00e9gislation de cet \u00c9tat membre ne saurait soumettre l'octroi d'une prestation sociale \u00e0 un tel ressortissant alg\u00e9rien \u00e0 des conditions suppl\u00e9mentaires ou plus rigoureuses par rapport \u00e0 celles applicables \u00e0 ses propres ressortissants ; que l'exposant, salari\u00e9 de la compagnie Air Alg\u00e9rie, faisait valoir qu'il s\u00e9journait ainsi que son \u00e9pouse r\u00e9guli\u00e8rement en France et que ses enfants b\u00e9n\u00e9ficiaient d'un titre de circulation ; qu'en d\u00e9cidant que le versement des prestations familiales est subordonn\u00e9 \u00e0 la production d'un document de s\u00e9jour personnel \u00e0 l'enfant, clairement d\u00e9fini, que M. [X] [U] ne produit aucun des justificatifs \u00e9num\u00e9r\u00e9s par, l'article D 512-2 du code de la s\u00e9curit\u00e9 sociale, que le document de circulation pour \u00e9tranger mineur n'\u00e9quivaut pas aux titres limitativement \u00e9num\u00e9r\u00e9s par l'article D 512-2 dont la production justifie la r\u00e9gularit\u00e9 de l'entr\u00e9e et du s\u00e9jour de l'enfant \u00e9tranger et n'ouvre d\u00e9s lors pas droit au b\u00e9n\u00e9fice des prestations familiales, la cour d'appel a viol\u00e9 les textes susvis\u00e9s."
    ]
}