{
    "decision-0": [
        "CIV. 1",
        "CGA",
        "COUR DE CASSATION",
        "______________________",
        "Audience publique du 13 juillet 2016",
        "Rejet",
        "Mme BATUT, pr\u00e9sident",
        "Arr\u00eat n\u00b0 924 F-D",
        "Pourvoi n\u00b0 Q 15-21.256",
        "Aide juridictionnelle totale en demande",
        "Au profit de M. U... O... L....",
        "Admission du bureau d'aide juridictionnelle",
        "Pr\u00e8s la Cour de cassation",
        "En date du 5 mai 2015.",
        "R \u00c9 P U B L I Q U E F R A N \u00c7 A I S E",
        "_________________________",
        "AU NOM DU PEUPLE FRAN\u00c7AIS",
        "_________________________",
        "LA COUR DE CASSATION, PREMI\u00c8RE CHAMBRE CIVILE, a rendu l'arr\u00eat suivant :",
        "Statuant sur le pourvoi form\u00e9 par M. U... O... L..., domicili\u00e9 chez M. I... Q..., [...] ,",
        "contre l'ordonnance rendue le 20 novembre 2014 par le premier pr\u00e9sident de la cour d'appel de Toulouse dans le litige l'opposant au pr\u00e9fet de la Haute-Vienne, domicili\u00e9, [...] ,",
        "d\u00e9fendeur \u00e0 la cassation ;",
        "Le demandeur invoque, \u00e0 l'appui de son pourvoi, le moyen unique de cassation annex\u00e9 au pr\u00e9sent arr\u00eat ;",
        "Vu la communication faite au procureur g\u00e9n\u00e9ral ;",
        "LA COUR, en l'audience publique du 21 juin 2016, o\u00f9 \u00e9taient pr\u00e9sentes : Mme Batut, pr\u00e9sident, Mme Gargoullaud, conseiller r\u00e9f\u00e9rendaire rapporteur, Mme Bignon, conseiller doyen, Mme Nguyen, greffier de chambre ;",
        "Sur le rapport de Mme Gargoullaud, conseiller r\u00e9f\u00e9rendaire, les observations de la SCP Spinosi et Sureau, avocat de M. O... L... , et apr\u00e8s en avoir d\u00e9lib\u00e9r\u00e9 conform\u00e9ment \u00e0 la loi ;"
    ],
    "decision-1": [
        "Sur le moyen unique, ci-apr\u00e8s annex\u00e9 :"
    ],
    "decision-2": [
        "Attendu, selon l'ordonnance attaqu\u00e9e (Toulouse, 20 novembre 2014), rendue par un premier pr\u00e9sident, et les pi\u00e8ces de la proc\u00e9dure, que M. O... L... , de nationalit\u00e9 camerounaise, en situation irr\u00e9guli\u00e8re en France, a \u00e9t\u00e9 plac\u00e9 en r\u00e9tention administrative le 23 octobre 2014 ; que cette mesure a \u00e9t\u00e9 prolong\u00e9e par un juge des libert\u00e9s et de la d\u00e9tention, une premi\u00e8re fois, le 28 octobre 2014 et, une seconde fois, le 17 novembre suivant ;"
    ],
    "decision-3": [
        "Attendu que M. O... L... fait grief \u00e0 l'ordonnance de proroger sa r\u00e9tention ;"
    ],
    "decision-4": [
        "Attendu, d'abord, que M. O... L... , pr\u00e9sent \u00e0 l'audience tenue par le juge des libert\u00e9s et de la d\u00e9tention, n'a pas soutenu qu'il avait \u00e9t\u00e9 port\u00e9 atteinte aux droits de la d\u00e9fense ;",
        "Attendu, ensuite, qu'en retenant que le pr\u00e9fet avait saisi le juge des libert\u00e9s et de la d\u00e9tention d'une demande de prolongation le 16 novembre 2014, \u00e0 16 heures 55, et que la convocation avait \u00e9t\u00e9 effectu\u00e9e le m\u00eame jour, le premier pr\u00e9sident a par l\u00e0-m\u00eame r\u00e9pondu aux conclusions pr\u00e9tendument laiss\u00e9es sans r\u00e9ponse ;",
        "Attendu, enfin, que l'ordonnance rel\u00e8ve que le pr\u00e9fet justifie avoir vainement saisi, depuis le 16 octobre 2014, l'autorit\u00e9 consulaire camerounaise afin d'obtenir un laissez-passer pour l'int\u00e9ress\u00e9 qui ne disposait pas d'un passeport ; que, par ces constatations et \u00e9nonciations, le premier pr\u00e9sident a l\u00e9galement justifi\u00e9 sa d\u00e9cision au regard de l'article L.552-7, alin\u00e9a 1, du code de l'entr\u00e9e et du s\u00e9jour des \u00e9trangers et du droit d'asile ;",
        "D'o\u00f9 il suit que le moyen, inop\u00e9rant en sa premi\u00e8re branche, n'est pas fond\u00e9 pour le surplus ;"
    ],
    "decision-5": [
        "PAR CES MOTIFS :",
        "REJETTE le pourvoi ;",
        "Ainsi fait et jug\u00e9 par la Cour de cassation, premi\u00e8re chambre civile, et prononc\u00e9 par le pr\u00e9sident en son audience publique du treize juillet deux mille seize."
    ],
    "decision-6": [
        "MOYEN ANNEXE au pr\u00e9sent arr\u00eat",
        "Moyen produit par la SCP Spinosi et Sureau, avocat aux Conseils, pour M. O... L...",
        "Il est fait grief \u00e0 l'ordonnance attaqu\u00e9e d'avoir rejet\u00e9 les exceptions de proc\u00e9dure soulev\u00e9es et d'avoir ordonn\u00e9 la prolongation de la mesure de placement en r\u00e9tention administrative de Monsieur O... L... ;",
        "Aux motifs que \u00ab Il r\u00e9sulte de l'article L 552-1 du code de l'entr\u00e9e et du s\u00e9jour des \u00e9trangers et du droit d'asile que la pr\u00e9fecture dispose d'un d\u00e9lai de cinq jours \u00e9 compter du placement en r\u00e9tention pour saisir le juge des libert\u00e9s et de la d\u00e9tention en vue de la prolongation.",
        "Le juge statue dans les vingt-quatre heures de sa saisine.",
        "Aux termes de l'article R 552-1 du code de l'entr\u00e9e et du s\u00e9jour des \u00e9trangers et du droit d'asile, la requ\u00eate est transmise par tout moyen au greffe du tribunal de grande instance avant l'expiration du d\u00e9lai de cinq jours. Le greffier l'enregistre et y appose un timbre indiquant la date et l'heure de r\u00e9ception.",
        "En l'esp\u00e8ce, U... O... L... a \u00e9t\u00e9 plac\u00e9 en r\u00e9tention administrative le 23 octobre 2014 \u00e0 8H57. La d\u00e9cision a \u00e9t\u00e9 prolong\u00e9e pour une dur\u00e9e de vingt jours le 28 octobre 2014.",
        "Le d\u00e9lai pour saisir la juge des libert\u00e9s d'une nouvelle demande de prolongation expirait le 17 novembre 2014 \u00e0 08H57.",
        "Il en ressort que l'heure limite de transmission qui doit \u00eatre retenue pour d\u00e9terminer si la requ\u00eate est recevable, n'est pas l'heure d'enregistrement par le greffe mais l'heure d'\u00e9mission effective dans la mesure o\u00f9 les actes peuvent \u00eatre adress\u00e9s par tout moyen et en notamment par fax, t\u00e9l\u00e9copie ou messagerie \u00e9lectronique.",
        "En l'esp\u00e8ce, il r\u00e9sulte des pi\u00e8ces communiqu\u00e9es (mail adress\u00e9 par la pr\u00e9fecture accroch\u00e9 sur la chemise du dossier) que le pr\u00e9fet a saisi le juge des libert\u00e9s d'une nouvelle demande de prolongation le 15 novembre 2014 \u00e0 [...]. La requ\u00eate a \u00e9galement \u00e9t\u00e9 adress\u00e9e au CRA.",
        "La saisine est intervenue un dimanche, et n'a en cons\u00e9quence en l'absence du greffe \u00e9t\u00e9 r\u00e9ceptionn\u00e9e par le greffier du juge des libert\u00e9s et de la d\u00e9tention que le premier jour ouvrable suivant soit, le lundi 17 novembre \u00e0 09H30, La convocation de M U... O... L... pour l'audience du 17 novembre 2014 a \u00e9t\u00e9 en l'absence du greffe \u00e9t\u00e9 effectu\u00e9e par le CRA le 16 novembre, ce qui r\u00e9sulte d'un accord entre le CRA et le greffe du juge des libert\u00e9s et de la d\u00e9tention.",
        "La saisine du juge des libert\u00e9s et de la d\u00e9tention a en cons\u00e9quence \u00e9t\u00e9 effectu\u00e9e dans le d\u00e9lai l\u00e9gal.",
        "Le magistrat a ensuite statu\u00e9 le 17 novembre 2014 \u00e0 10H09, soit dans les vingt-quatre heures de sa saisine effective.",
        "La proc\u00e9dure est en cons\u00e9quence r\u00e9guli\u00e8re. Sur la prolongation de la r\u00e9tention",
        "En application des articles L 552-1 et L 552-4 du code de l'entr\u00e9e et du s\u00e9jour des \u00e9trangers et du droit d'asile, le juge des libert\u00e9s et de la d\u00e9tention saisi par le pr\u00e9fet aux fins de la prolongation de la r\u00e9tention statue sur l'une des deux mesures suivantes",
        "- la prolongation du maintien dans les locaux ne relevant pas de l'administration p\u00e9nitentiaire :",
        "- lorsque l'\u00e9tranger dispose de garanties de repr\u00e9sentation effectives, l'assignation \u00e0 r\u00e9sidence apr\u00e8s la remise \u00e0 un service de police ou de gendarmerie du passeport ou de tout document justificatif de l'identit\u00e9.",
        "M U... O... L... s'il a pu communiquer des \u00e9l\u00e9ments sur sa nationalit\u00e9 ne disposait pas d'un passeport. L'autorit\u00e9 pr\u00e9fectorale s'est en cons\u00e9quence, trouv\u00e9e dans l'impossibilit\u00e9 de mettre \u00e0 ex\u00e9cution imm\u00e9diatement, la d\u00e9cision d'\u00e9loignement de U... O... L... prise le 22 octobre 2014.",
        "L'ambassade camerounaise a \u00e9t\u00e9 saisie le 16 octobre 2014 d'une demande d'identification de U... O... L... ambassade a orient\u00e9 la pr\u00e9fecture vers le consulat du Cameroun de F....",
        "Le repr\u00e9sentent de la pr\u00e9fecture de le Haute Vienne a imm\u00e9diatement saisi le consulat du Cameroun d'une demande de rendez-vous Ce dernier n'a pu \u00eatre honor\u00e9 en raison de la bri\u00e8vet\u00e9 du d\u00e9lai fix\u00e9 par le Consulat apr\u00e8s r\u00e9ception de la r\u00e9ponse n\u00e9cessairement post\u00e9rieure \u00e0 son envoi, soit moins de vingt-quatre heures avant la convocation, d\u00e9lai qui ne permettait pas \u00e0 la pr\u00e9fecture de la Haute Vienne d'organiser l'acheminement de M U... O... L... vers F... par une escorte de Toulouse o\u00f9 M O... L... se trouvait retenu.",
        "Un nouveau rendez-vous a \u00e9t\u00e9 imm\u00e9diatement fix\u00e9.",
        "La pr\u00e9fecture a donc effectu\u00e9 dans le d\u00e9lai imparti les mesures n\u00e9cessaires \u00e0 l'\u00e9loignement.",
        "Ce cas de figure s'apparente \u00e0 la perte ou \u00e0 la dissimulation de documents de voyages qui permet la prolongation de la r\u00e9tention administrative une dur\u00e9e de vingt jours.",
        "La d\u00e9cision du juge des libert\u00e9s et de la d\u00e9tention sera dans ces conditions confirm\u00e9e. \u00bb ;",
        "Alors, d'une part, que le greffier du juge des libert\u00e9s et de la d\u00e9tention peut seul aviser les parties du jour et de l'heure de l'audience fix\u00e9s par le juge ; qu'en consid\u00e9rant n\u00e9anmoins que la convocation de l'exposant pour l'audience du 17 novembre 2014 a pu, en l'absence du greffier, \u00eatre effectu\u00e9e par le centre de r\u00e9tention administrative le novembre, en vertu d'un accord entre le centre et le greffe du juge des libert\u00e9s et de le d\u00e9tention, le premier pr\u00e9sident a viol\u00e9 les articles L 552-7, R. 552-5 et R. 552-11 du Code de l'entr\u00e9e et du s\u00e9jour des \u00e9trangers et du droit d'asile, ensemble l'article 6 de la Convention europ\u00e9enne des droits de l'homme ;",
        "Alors, d'autre part, que l'exposant soutenait dans ses \u00e9critures d'appel (page 3, alin\u00e9as 2 et suivants) qu'il r\u00e9sulte des pi\u00e8ces du dossier qu'une requ\u00eate du pr\u00e9fet a \u00e9t\u00e9 adress\u00e9e le 14 novembre 2014 et qu'un avis d'audience lui avait \u00e9t\u00e9 adress\u00e9 le 15 novembre 2014 pour une audience le m\u00eame jour, soit plus de 24h avant l'heure de l'audience qui s'est finalement tenue le 17 novembre 2014 ; qu'en ne r\u00e9pondant pas, m\u00eame sommairement, \u00e0 ce moyen p\u00e9remptoire, la Cour d'appel a viol\u00e9 l'article 455 du code de proc\u00e9dure civile ;",
        "Alors, en outre, que lorsqu'un d\u00e9lai de vingt jours s'est \u00e9coul\u00e9 depuis l'expiration du d\u00e9lai de cinq jours mentionn\u00e9 \u00e0 l'article L. 552-1 du Code de l'entr\u00e9e et du s\u00e9jour des \u00e9trangers et du droit d'asile et en cas d'urgence absolue ou de menace d'une particuli\u00e8re gravit\u00e9 pour l'ordre public, ou lorsque l'impossibilit\u00e9 d'ex\u00e9cuter la mesure d'\u00e9loignement r\u00e9sulte de la perte ou de la destruction des documents de voyage de l'int\u00e9ress\u00e9, de la dissimulation par celui-ci de son identit\u00e9 ou de l'obstruction volontaire faite \u00e0 son \u00e9loignement, le juge des libert\u00e9s et de la d\u00e9tention est \u00e0 nouveau saisi ; qu'en relevant, pour admettre que le juge des libert\u00e9s et de la d\u00e9tention ait \u00e9t\u00e9 \u00e0 nouveau saisi, que l'administration avait pris contact avec le consulat du Cameroun mais que le rendezvous fix\u00e9 n'avait pu \u00eatre honor\u00e9 et que ce cas de figure s'apparente \u00e0 la perte ou \u00e0 la dissimulation de documents de voyages permettant la prolongation de la mesure de r\u00e9tention administrative, le premier pr\u00e9sident a viol\u00e9 l'article L. 552-7 du Code de l'entr\u00e9e et du s\u00e9jour des \u00e9trangers et du droit d'asile ;",
        "Alors, enfin, que le juge des libert\u00e9s et de la d\u00e9tention peut \u00e9galement \u00eatre saisi lorsque, malgr\u00e9 les diligences de l'administration, la mesure d'\u00e9loignement n'a pu \u00eatre ex\u00e9cut\u00e9e en raison du d\u00e9faut de d\u00e9livrance des documents de voyage par le consulat dont rel\u00e8ve l'int\u00e9ress\u00e9 ou de l'absence de moyens de transport et qu'il est \u00e9tabli par l'autorit\u00e9 administrative comp\u00e9tente que l'une ou l'autre de ces circonstances doit intervenir \u00e0 bref d\u00e9lai ; qu'en retenant, pour ordonner le maintien de l'exposant en r\u00e9tention, que l'administration a effectu\u00e9 dans le d\u00e9lai imparti les mesures n\u00e9cessaires \u00e0 l'\u00e9loignement, sans toutefois constater que les obstacles \u00e0 l'ex\u00e9cution de la mesure d'\u00e9loignement \u00e9taient susceptibles d'\u00eatre surmont\u00e9s \u00e0 brefs d\u00e9lais, le premier pr\u00e9sident a priv\u00e9 sa d\u00e9cision de base l\u00e9gale au regard de l'article L. 552-7 du Code de l'entr\u00e9e et du s\u00e9jour des \u00e9trangers et du droit d'asile."
    ]
}