{
    "decision-0": [
        "CIV. 1",
        "CF",
        "COUR DE CASSATION",
        "______________________",
        "Audience publique du 11 mai 2016",
        "Cassation sans renvoi",
        "Mme BATUT, pr\u00e9sident",
        "Arr\u00eat n\u00b0 486 F-D",
        "Pourvoi n\u00b0 E 15-20.902",
        "Aide juridictionnelle totale en d\u00e9fense",
        "au profit de Mme [X].",
        "Admission du bureau d'aide juridictionnelle",
        "pr\u00e8s la Cour de cassation",
        "en date du 24 ao\u00fbt 2015.",
        "R \u00c9 P U B L I Q U E F R A N \u00c7 A I S E",
        "_________________________",
        "AU NOM DU PEUPLE FRAN\u00c7AIS",
        "_________________________",
        "LA COUR DE CASSATION, PREMI\u00c8RE CHAMBRE CIVILE, a rendu l'arr\u00eat suivant :",
        "Statuant sur le pourvoi form\u00e9 par le pr\u00e9fet de l'Essonne, domicili\u00e9 [Adresse 2],",
        "contre l'ordonnance rendue le 10 juin 2015 par le premier pr\u00e9sident de la cour d'appel de Paris, dans le litige l'opposant :",
        "1\u00b0/ \u00e0 Mme [E] [X], \u00e9pouse [Y], domicili\u00e9e chez Mme [L], [Adresse 1],",
        "2\u00b0/ au procureur g\u00e9n\u00e9ral pr\u00e8s la cour d'appel de Paris, domicili\u00e9 en son parquet, 34 quai des Orf\u00e8vres, 75055 Paris cedex 01,",
        "d\u00e9fendeurs \u00e0 la cassation ;",
        "Le demandeur invoque, \u00e0 l'appui de son pourvoi, le moyen unique de cassation annex\u00e9 au pr\u00e9sent arr\u00eat ;",
        "Vu la communication faite au procureur g\u00e9n\u00e9ral ;",
        "LA COUR, en l'audience publique du 30 mars 2016, o\u00f9 \u00e9taient pr\u00e9sents : Mme Batut, pr\u00e9sident, M. Mansion, conseiller r\u00e9f\u00e9rendaire rapporteur, Mme Bignon, conseiller doyen, Mme Nguyen, greffier de chambre ;",
        "Sur le rapport de M. Mansion, conseiller r\u00e9f\u00e9rendaire, les observations de la SCP Baraduc, Duhamel et Rameix, avocat du pr\u00e9fet de l'Essonne, de la SCP de Chaisemartin et Courjon, avocat de Mme [X], et apr\u00e8s en avoir d\u00e9lib\u00e9r\u00e9 conform\u00e9ment \u00e0 la loi ;"
    ],
    "decision-1": [
        "Sur le moyen unique :"
    ],
    "decision-2": [
        "Vu l'article L. 611-1 du code de l'entr\u00e9e et du s\u00e9jour des \u00e9trangers et du droit d'asile, ensemble l'article 78-2-1 du code de proc\u00e9dure p\u00e9nale ;"
    ],
    "decision-3": [
        "Attendu, selon l'ordonnance attaqu\u00e9e, rendue par un premier pr\u00e9sident, et les pi\u00e8ces de la proc\u00e9dure, qu'agissant sur r\u00e9quisitions du procureur de la R\u00e9publique, prises en application de l'article 78-2-1 du code de proc\u00e9dure p\u00e9nale, les services de police ont contr\u00f4l\u00e9 l'identit\u00e9 de Mme [Y], de nationalit\u00e9 chinoise, et ses titres de s\u00e9jour sur le fondement de l'article L. 611-1 du code de l'entr\u00e9e et du s\u00e9jour des \u00e9trangers et du droit d'asile ; qu'elle a \u00e9t\u00e9 plac\u00e9e en retenue aux fins de v\u00e9rification de son droit de circulation ou de s\u00e9jour sur le territoire fran\u00e7ais, avant d'\u00eatre plac\u00e9e en r\u00e9tention administrative ;",
        "Attendu que, pour dire n'y avoir lieu \u00e0 prolonger la r\u00e9tention, l'ordonnance retient que l'int\u00e9ress\u00e9e, ayant produit un document attestant de son identit\u00e9, \u00e9tait d\u00fbment inscrite sur le registre du personnel du salon de coiffure o\u00f9 le contr\u00f4le a \u00e9t\u00e9 effectu\u00e9 et qu'en l'absence d'infraction connexe \u00e0 la proc\u00e9dure ayant donn\u00e9 lieu \u00e0 son placement en r\u00e9tention administrative, il n'\u00e9tait pas possible, faute de mention expresse dans les r\u00e9quisitions du procureur de la R\u00e9publique, de poursuivre le contr\u00f4le en application de l'article L. 611-1 du code de l'entr\u00e9e et du s\u00e9jour des \u00e9trangers et du droit d'asile, de sorte que le contr\u00f4le \u00e9tait irr\u00e9gulier ;"
    ],
    "decision-4": [
        "Qu'en statuant ainsi, alors qu'il r\u00e9sulte de l'article L. 611-1 du code pr\u00e9cit\u00e9 qu'\u00e0 la suite d'un contr\u00f4le d'identit\u00e9 effectu\u00e9 en application de l'article 78-2-1 du code de proc\u00e9dure p\u00e9nale, les personnes de nationalit\u00e9 \u00e9trang\u00e8res peuvent \u00eatre \u00e9galement tenues de pr\u00e9senter les pi\u00e8ces et documents sous le couvert desquels elles sont autoris\u00e9es \u00e0 circuler ou \u00e0 s\u00e9journer en France, de sorte que les r\u00e9quisitions du procureur de la R\u00e9publique n'avaient pas \u00e0 viser les dispositions de l'article L. 611-1 du code de l'entr\u00e9e et du s\u00e9jour des \u00e9trangers et du droit d'asile, le premier pr\u00e9sident a viol\u00e9 les textes susvis\u00e9s ;",
        "Vu les articles L. 411-3 du code de l'organisation judiciaire et 1015 du code de proc\u00e9dure civile ;"
    ],
    "decision-5": [
        "PAR CES MOTIFS :",
        "CASSE ET ANNULE, dans toutes ses dispositions, l'ordonnance rendue le 10 juin 2015, entre les parties, par le premier pr\u00e9sident de la cour d'appel de Paris ;",
        "DIT n'y avoir lieu \u00e0 renvoi ;",
        "Dit que sur les diligences du procureur g\u00e9n\u00e9ral pr\u00e8s la Cour de cassation, le pr\u00e9sent arr\u00eat sera transmis pour \u00eatre transcrit en marge ou \u00e0 la suite de l'ordonnance cass\u00e9e ;",
        "Ainsi fait et jug\u00e9 par la Cour de cassation, premi\u00e8re chambre civile, et prononc\u00e9 par le pr\u00e9sident en son audience publique du onze mai deux mille seize."
    ],
    "decision-6": [
        "MOYEN ANNEXE au pr\u00e9sent arr\u00eat",
        "Moyen produit par la SCP Baraduc, Duhamel et Rameix, avocat aux Conseils, pour le pr\u00e9fet de l'Essonne.",
        "IL EST FAIT GRIEF \u00e0 l'ordonnance infirmative attaqu\u00e9e d'avoir dit n'y avoir lieu \u00e0 prolongation du maintien en r\u00e9tention administrative de Mme [X] \u00e9pouse [Y] et ordonn\u00e9 sa remise en libert\u00e9 imm\u00e9diate ;",
        "AUX MOTIFS QUE sans qu'il soit besoin d'examiner l'ensemble des moyens soulev\u00e9s, la cour consid\u00e8re que, conform\u00e9ment aux r\u00e9quisitions du procureur de la R\u00e9publique du 1er juin 2015, le contr\u00f4le effectu\u00e9 au sein de la SARL Amel Coiffure visait des infractions de travail ill\u00e9gal et d'emploi d'\u00e9trangers d\u00e9munis de titre de travail, qu'y est pr\u00e9cis\u00e9 notamment de contr\u00f4ler l'identit\u00e9 des personnes occup\u00e9es, dans le seul but de v\u00e9rifier qu'elles figurent sur le registre du personnel ou que les d\u00e9clarations pr\u00e9alables \u00e0 l'embauche ont \u00e9t\u00e9 effectu\u00e9es ; que dans le cas d'esp\u00e8ce, l'int\u00e9ress\u00e9e a produit un document attestant de son identit\u00e9, ce qui n'est pas contest\u00e9 et est d\u00fbment inscrite sur ledit registre ; que, d\u00e8s lors, en l'absence d'infraction connexe \u00e0 l'actuelle proc\u00e9dure et caract\u00e9ris\u00e9e concernant l'int\u00e9ress\u00e9e, il n'\u00e9tait pas possible, en l'absence de mention expresse dans les r\u00e9quisitions du procureur de la R\u00e9publique, de poursuivre en proc\u00e9dure L. 611-1-1 du code de l'entr\u00e9e et du s\u00e9jour des \u00e9trangers et du droit d'asile ; que le contr\u00f4le sur ce fondement est donc irr\u00e9gulier ; qu'il convient en cons\u00e9quence d'infirmer l'ordonnance querell\u00e9e ;",
        "ALORS QUE les proc\u00e9dures de contr\u00f4le des documents sous le couvert desquels les \u00e9trangers sont autoris\u00e9s \u00e0 circuler ou \u00e0 s\u00e9journer en France et de retenue aux fins de v\u00e9rification du droit d'un \u00e9tranger de circuler ou de s\u00e9journer en France peuvent \u00eatre mises en oeuvre \u00e0 la suite d'un contr\u00f4le fond\u00e9 sur l'article 78-2-1 du code de proc\u00e9dure p\u00e9nale, quand bien m\u00eame les r\u00e9quisitions \u00e9crites du procureur de la R\u00e9publique autorisant ce contr\u00f4le ne le pr\u00e9ciseraient pas ; qu'en d\u00e9clarant irr\u00e9guli\u00e8re la proc\u00e9dure de \u00ab contr\u00f4le \u00bb de Mme [X] \u00e9pouse [Y] dont l'identit\u00e9 avait \u00e9t\u00e9 contr\u00f4l\u00e9e en vertu de r\u00e9quisitions du procureur de la R\u00e9publique prises sur le fondement de l'article 78-2-1 du code de proc\u00e9dure p\u00e9nale, aux motifs impropres que lesdites r\u00e9quisitions ne comportaient pas de mention expresse autorisant la poursuite \u00ab en proc\u00e9dure L. 611-1-1 du code de l'entr\u00e9e et du s\u00e9jour des \u00e9trangers et du droit d'asile \u00bb, le premier pr\u00e9sident a viol\u00e9 les articles L. 78-2-1 du code de proc\u00e9dure p\u00e9nale, L. 611-1 et L. 611-1-1 du code de l'entr\u00e9e et du s\u00e9jour des \u00e9trangers et du droit d'asile."
    ]
}