{
    "decision-0": [
        "CIV. 1",
        "IK",
        "COUR DE CASSATION",
        "______________________",
        "Audience publique du 7 d\u00e9cembre 2016",
        "Cassation sans renvoi",
        "Mme BATUT, pr\u00e9sident",
        "Arr\u00eat n\u00b0 1400 F-D",
        "Pourvoi n\u00b0 Z 16-10.666",
        "R \u00c9 P U B L I Q U E F R A N \u00c7 A I S E",
        "_________________________",
        "AU NOM DU PEUPLE FRAN\u00c7AIS",
        "_________________________",
        "LA COUR DE CASSATION, PREMI\u00c8RE CHAMBRE CIVILE, a rendu l'arr\u00eat suivant :",
        "Statuant sur le pourvoi form\u00e9 par le pr\u00e9fet du Pas-de-Calais, domicili\u00e9 en cette qualit\u00e9 \u00e0 la pr\u00e9fecture, [Adresse 2],",
        "contre l'ordonnance rendue le 21 novembre 2015 par le premier pr\u00e9sident de la cour d'appel de N\u00eemes, dans le litige l'opposant \u00e0 M. [S] [Q], domicili\u00e9 [Adresse 1],",
        "d\u00e9fendeur \u00e0 la cassation ;",
        "Le demandeur invoque, \u00e0 l'appui de son pourvoi, le moyen unique de cassation annex\u00e9 au pr\u00e9sent arr\u00eat ;",
        "Vu la communication faite au procureur g\u00e9n\u00e9ral ;",
        "LA COUR, en l'audience publique du 8 novembre 2016, o\u00f9 \u00e9taient pr\u00e9sents : Mme Batut, pr\u00e9sident, Mme Gargoullaud, conseiller r\u00e9f\u00e9rendaire rapporteur, M. Matet, conseiller doyen, Mme Pecquenard, greffier de chambre ;",
        "Sur le rapport de Mme Gargoullaud, conseiller r\u00e9f\u00e9rendaire, les observations de la SCP Odent et Poulet, avocat du pr\u00e9fet du Pas-de-Calais, l'avis de M. Ingall-Montagnier, premier avocat g\u00e9n\u00e9ral, et apr\u00e8s en avoir d\u00e9lib\u00e9r\u00e9 conform\u00e9ment \u00e0 la loi ;"
    ],
    "decision-1": [
        "Attendu, selon l'ordonnance attaqu\u00e9e, rendue par le premier pr\u00e9sident d'une cour d'appel, et les pi\u00e8ces de la proc\u00e9dure, que, le 19 novembre 2015, le pr\u00e9fet du Pas-de-Calais a pris, \u00e0 l'encontre de M. [Q], de nationalit\u00e9 irakienne, en situation irr\u00e9guli\u00e8re en France, des d\u00e9cisions portant obligation de quitter le territoire fran\u00e7ais et placement en r\u00e9tention administrative ; que le juge des libert\u00e9s et de la d\u00e9tention, saisi par l'\u00e9tranger avant l'expiration du d\u00e9lai de cinq jours de la r\u00e9tention initiale, a constat\u00e9 l'irr\u00e9gularit\u00e9 de la proc\u00e9dure et mis fin \u00e0 la r\u00e9tention ;"
    ],
    "decision-2": [
        "Sur le moyen unique, pris en ses trois premi\u00e8res branches, ci-apr\u00e8s annex\u00e9 :"
    ],
    "decision-3": [
        "Attendu que ces griefs ne sont manifestement pas de nature \u00e0 entra\u00eener la cassation ;"
    ],
    "decision-4": [
        "Mais sur la quatri\u00e8me branche du moyen :"
    ],
    "decision-5": [
        "Vu la loi des 16-24 ao\u00fbt 1790 et le d\u00e9cret du 16 fructidor an III ;",
        "Attendu qu'il n'y a voie de fait de la part de l'administration, justifiant, par exception au principe de s\u00e9paration des autorit\u00e9s administratives et judiciaires, la comp\u00e9tence des juridictions de l'ordre judiciaire pour en ordonner la cessation et la r\u00e9paration, que dans la mesure o\u00f9 l'administration a, soit proc\u00e9d\u00e9 \u00e0 l'ex\u00e9cution forc\u00e9e, dans des conditions irr\u00e9guli\u00e8res, d'une d\u00e9cision, m\u00eame r\u00e9guli\u00e8re, portant atteinte \u00e0 la libert\u00e9 individuelle ou aboutissant \u00e0 l'extinction d'un droit de propri\u00e9t\u00e9, soit pris une d\u00e9cision qui a les m\u00eames effets d'atteinte \u00e0 une libert\u00e9 individuelle ou d'extinction d'un droit de propri\u00e9t\u00e9 et qui est manifestement insusceptible d'\u00eatre rattach\u00e9e \u00e0 un pouvoir appartenant \u00e0 l'autorit\u00e9 administrative ;",
        "Attendu que, pour retenir l'existence d'une voie de fait, l'ordonnance \u00e9nonce, par motifs adopt\u00e9s, qu'un agent de la pr\u00e9fecture a reconnu que, dans un autre dossier, le placement en r\u00e9tention n'avait \u00e9t\u00e9 ordonn\u00e9 que pour \u00e9loigner les int\u00e9ress\u00e9s de Calais et non du territoire fran\u00e7ais, et en d\u00e9duit que l'administration est \u00ab sortie de mani\u00e8re \u00e9vidente",
        "de sa comp\u00e9tence \u00bb et que l'utilisation de la proc\u00e9dure de r\u00e9tention \u00e0 d'autres fins que l'\u00e9loignement du territoire national \u00ab constitue un d\u00e9tournement de pouvoir ayant pour effet de priver ind\u00fbment de libert\u00e9 une personne \u00e9trang\u00e8re et une voie de fait \u00bb ;",
        "Qu'en statuant ainsi, par des motifs qui ne caract\u00e9risaient pas une d\u00e9cision manifestement insusceptible d'\u00eatre rattach\u00e9e \u00e0 un pouvoir appartenant \u00e0 l'autorit\u00e9 administrative, le premier pr\u00e9sident a viol\u00e9 les textes susvis\u00e9s ;",
        "Et vu les articles L. 411-3 du code de l'organisation judiciaire et 1015 du code de proc\u00e9dure civile ;"
    ],
    "decision-6": [
        "PAR CES MOTIFS et sans qu'il y ait lieu de statuer sur la derni\u00e8re branche du moyen :",
        "CASSE ET ANNULE, dans toutes ses dispositions, l'ordonnance rendue le 21 novembre 2015, entre les parties, par le premier pr\u00e9sident de la cour d'appel de N\u00eemes ;",
        "DIT n'y avoir lieu \u00e0 renvoi ;",
        "Dit que sur les diligences du procureur g\u00e9n\u00e9ral pr\u00e8s la Cour de cassation, le pr\u00e9sent arr\u00eat sera transmis pour \u00eatre transcrit en marge ou \u00e0 la suite de l'ordonnance cass\u00e9e ;",
        "Ainsi fait et jug\u00e9 par la Cour de cassation, premi\u00e8re chambre civile, et prononc\u00e9 par le pr\u00e9sident en son audience publique du sept d\u00e9cembre deux mille seize."
    ],
    "decision-7": [
        "MOYEN ANNEXE au pr\u00e9sent arr\u00eat",
        "Moyen produit par la SCP Odent et Poulet, avocat aux Conseils, pour le pr\u00e9fet du Pas-de-Calais",
        "Il est fait grief \u00e0 l'ordonnance attaqu\u00e9e d'avoir, ayant constat\u00e9 l'existence d'un d\u00e9tournement de proc\u00e9dure et d'une voie de fait affectant le dossier d'appel d'un pr\u00e9fet (le pr\u00e9fet du Pas-de-Calais), dit n'y avoir lieu \u00e0 modifier l'ordonnance entreprise, ayant ordonn\u00e9 la remise en libert\u00e9 d'un \u00e9tranger (M. [Q]) qui avait \u00e9t\u00e9 plac\u00e9 en r\u00e9tention administrative ;",
        "AUX MOTIFS QUE, vu le caract\u00e8re incomplet de la requ\u00eate adress\u00e9e \u00e0 la cour \u00e0 d\u00e9faut de production de la d\u00e9l\u00e9gation n\u00e9cessaire au regard des textes applicables en l'esp\u00e8ce, en application des dispositions du code de l'entr\u00e9e et du s\u00e9jour des \u00e9trangers et du droit d'asile ; que, vu le constat de d\u00e9tournement de proc\u00e9dure caract\u00e9risant une voie de fait, il y avait lieu dans ces conditions de statuer en ce sens et de rejeter la demande tendant \u00e0 voir ordonner la modification de l'ordonnance sur requ\u00eate du 20 novembre 2015, au moyen de laquelle le juge des libert\u00e9s et de la d\u00e9tention avait ordonn\u00e9 la remise en libert\u00e9 de M. [Q] ;",
        "ET AUX MOTIFS EVENTUELLEMENT ADOPTES QU'un membre de la pr\u00e9fecture du Pas-de-Calais avait reconnu, dans une affaire pr\u00e9c\u00e9dente que le placement en r\u00e9tention n'avait \u00e9t\u00e9 ordonn\u00e9 que pour \u00e9loigner les int\u00e9ress\u00e9s de Calais et non pas pour les \u00e9loigner du territoire national fran\u00e7ais ; que le refus de la pr\u00e9fecture du Pas-de-Calais de donner des pr\u00e9cisions sur la proc\u00e9dure d'\u00e9loignement laissait pr\u00e9sumer que celle-ci n'\u00e9tait plus en cours et que le placement en r\u00e9tention n'avait d'autre but que d'\u00e9loigner l'int\u00e9ress\u00e9 de Calais ; que les indications donn\u00e9es par cette pr\u00e9fecture \u00e0 la greffi\u00e8re et au pr\u00e9sident du tribunal administratif, qui avait fix\u00e9 l'audience visant \u00e0 examiner l'OQTF au-del\u00e0 de 72 heures, permettaient de le confirmer ; que les articles L. 554-1, R. 552-17 et R. 552-18 du code de l'entr\u00e9e et du s\u00e9jour des \u00e9trangers et du droit d'asile transposent en droit fran\u00e7ais l'article 15 de la directive du 16 d\u00e9cembre 2008 et que cet article impose la remise en libert\u00e9 imm\u00e9diate de la personne plac\u00e9e en r\u00e9tention, lorsque le dispositif d'\u00e9loignement n'est plus en cours ou lorsqu'il n'existe plus de perspective raisonnable d'\u00e9loignement ; que ni l'article 15 de ladite directive, ni l'article L. 554-1 du code de l'entr\u00e9e et du s\u00e9jour des \u00e9trangers ne limitent dans le temps la possibilit\u00e9 d'une remise en libert\u00e9 de l'\u00e9tranger plac\u00e9 en r\u00e9tention lorsqu'il n'existe plus de perspective d'\u00e9loignement ; qu'aucun de ces textes ne r\u00e9serve la possibilit\u00e9 d'une remise en libert\u00e9 aux seuls \u00e9trangers ayant fait l'objet d'une prolongation de r\u00e9tention ; que l'article R. 552-17 pr\u00e9voit express\u00e9ment la possibilit\u00e9 pour l'\u00e9tranger de solliciter sa remise en libert\u00e9, avant que sa r\u00e9tention n'ait \u00e9t\u00e9 prolong\u00e9e, puisque le juge peut se dispenser de convoquer les parties, avant de statuer lorsqu'aucune circonstance nouvelle n'est intervenue depuis le placement en r\u00e9tention ; qu'en application de ces textes, le juge des libert\u00e9s et de la d\u00e9tention est comp\u00e9tent pour ordonner, d'office ou \u00e0 la demande de la personne, la remise en libert\u00e9 d'une personne plac\u00e9e en r\u00e9tention, lorsque le dispositif d'\u00e9loignement n'est plus en cours ou lorsqu'il n'existe plus de perspective raisonnable d'\u00e9loignement pour des consid\u00e9rations d'ordre juridique ou autres ; que le tribunal des conflits avait jug\u00e9, le 9 f\u00e9vrier 2015, qu'il appartient au juge judiciaire de mettre fin, \u00e0 tout moment, \u00e0 la r\u00e9tention administrative, lorsque les circonstances de fait ou de droit le justifient, et que le juge judiciaire est seul comp\u00e9tent pour mettre fin \u00e0 la r\u00e9tention, lorsqu'elle ne se justifie plus, pour quelque motif que ce soit ; qu'ind\u00e9pendamment de ces textes, le juge judiciaire est toujours comp\u00e9tent pour mettre fin \u00e0 une voie de fait ou \u00e0 une privation ill\u00e9gale de libert\u00e9 ; que la voie de fait ne se caract\u00e9rise pas par la gravit\u00e9 de la faute commise, mais est commise lorsque l'Administration est sortie de mani\u00e8re \u00e9vidente de sa comp\u00e9tence ; que le placement d'un \u00e9tranger en r\u00e9tention ne peut \u00eatre effectu\u00e9, dans les conditions pr\u00e9vues par la loi, que pour permettre la reconduite de celui-ci hors du territoire national ; que l'administration n'avait pas comp\u00e9tence pour placer en r\u00e9tention des \u00e9trangers qu'elle n'a pas l'intention d'\u00e9loigner hors de France, qu'un placement en r\u00e9tention ne peut \u00eatre utilis\u00e9 dans le seul but de d\u00e9placer un \u00e9tranger d'un point du territoire national \u00e0 un autre ; que l'utilisation de la proc\u00e9dure de r\u00e9tention \u00e0 d'autres fins que l'\u00e9loignement du territoire national constitue donc un d\u00e9tournement de pouvoir ayant pour effet de priver ind\u00fbment de libert\u00e9 une personne \u00e9trang\u00e8re et une voie de fait ; que l'article 136 du code de proc\u00e9dure p\u00e9nale qui fonde avec l'article 66 de la Constitution la comp\u00e9tence judiciaire en mati\u00e8re de voie de fait, pr\u00e9voit que le conflit ne peut jamais \u00eatre \u00e9lev\u00e9 par l'autorit\u00e9 administrative et les tribunaux de l'ordre judiciaire sont toujours exclusivement comp\u00e9tents, lorsque les faits constituent une atteinte \u00e0 la libert\u00e9 individuelle ; que, d\u00e8s lors, l'utilisation de la proc\u00e9dure de r\u00e9tention \u00e0 d'autres fins que l'\u00e9loignement de l'\u00e9tranger du territoire national constituant une privation de libert\u00e9 ill\u00e9gale et une voie de fait, le juge des libert\u00e9s doit, \u00e0 peine d'emprisonnement, ordonner imm\u00e9diatement qu'il soit mis fin \u00e0 cette privation ill\u00e9gale de libert\u00e9 d\u00e8s qu'il en est inform\u00e9 ; qu'il convenait donc d'ordonner la remise en libert\u00e9 imm\u00e9diate de M. [Q] ;",
        "1\u00b0) ALORS QUE le conseiller d\u00e9l\u00e9gu\u00e9, statuant en appel du juge des libert\u00e9s et de la d\u00e9tention, ne peut soulever d'office, sans inviter le pr\u00e9fet \u00e0 s'en expliquer, la fin de non-recevoir tir\u00e9e de l'irr\u00e9gularit\u00e9 de la requ\u00eate d'appel ; qu'en ayant jug\u00e9 que la requ\u00eate d'appel du pr\u00e9fet \u00e9tait irr\u00e9guli\u00e8re, faute de comporter la d\u00e9l\u00e9gation du signataire de cette requ\u00eate, quand l'existence de cette d\u00e9l\u00e9gation n'avait pas \u00e9t\u00e9 contest\u00e9e, le conseiller d\u00e9l\u00e9gu\u00e9 a viol\u00e9 l'article 16 du code de proc\u00e9dure civile et le principe du contradictoire ;",
        "2\u00b0) ALORS QUE le conseiller d\u00e9l\u00e9gu\u00e9 ne peut d\u00e9naturer les pi\u00e8ces du dossier ; qu'en jugeant la requ\u00eate d'appel du pr\u00e9fet irr\u00e9guli\u00e8re, faute de comporter la justification de la d\u00e9l\u00e9gation de signature du requ\u00e9rant, quand cette pi\u00e8ce figurait bien au dossier, le conseiller d\u00e9l\u00e9gu\u00e9 a d\u00e9natur\u00e9 les pi\u00e8ces de ce dossier, en violation de l'article 4 du code de proc\u00e9dure civile ;",
        "3\u00b0) ALORS QUE si le juge des libert\u00e9s peut mettre fin, \u00e0 tout moment, \u00e0 la r\u00e9tention administrative d'un \u00e9tranger, il ne peut agir qu'au-del\u00e0 du d\u00e9lai de cinq jours imparti \u00e0 l'administration pour accomplir ses diligences, sous le contr\u00f4le du juge administratif ; qu'en jugeant le contraire, par adoption des motifs du juge des libert\u00e9s, le conseiller d\u00e9l\u00e9gu\u00e9 a exc\u00e9d\u00e9 ses pouvoirs, au regard de la loi des 16 et 24 ao\u00fbt 1790 et du d\u00e9cret de fructidor an III, ensemble des articles L. 552-1 et R. 552-17 du code de l'entr\u00e9e et du s\u00e9jour des \u00e9trangers et du droit d'asile et de l'article 15 de la directive 2008/115 \u00ab retour \u00bb ;",
        "4\u00b0) ALORS QU'il n'y a voie de fait de la part de l'administration, justifiant, par exception au principe de s\u00e9paration des autorit\u00e9s administratives et judiciaires, la comp\u00e9tence des juridictions de l'ordre judiciaire pour en ordonner la cessation ou la r\u00e9paration, que dans la mesure o\u00f9 l'administration soit a proc\u00e9d\u00e9 \u00e0 l'ex\u00e9cution forc\u00e9e, dans des conditions irr\u00e9guli\u00e8res, d'une d\u00e9cision, m\u00eame r\u00e9guli\u00e8re, portant atteinte \u00e0 la libert\u00e9 individuelle ou aboutissant \u00e0 l'extinction d'un droit de propri\u00e9t\u00e9, soit a pris une d\u00e9cision qui a les m\u00eames effets d'atteinte \u00e0 la libert\u00e9 individuelle ou d'extinction d'un droit de propri\u00e9t\u00e9 et qui est manifestement insusceptible d'\u00eatre rattach\u00e9e \u00e0 un pouvoir appartenant \u00e0 l'autorit\u00e9 administrative ; qu'en intervenant \u00e0 l'int\u00e9rieur du d\u00e9lai de cinq jours r\u00e9serv\u00e9 \u00e0 l'administration, pour ordonner la remise en libert\u00e9 d'un \u00e9tranger plac\u00e9 en r\u00e9tention administrative par d\u00e9cision pr\u00e9fectorale, au pr\u00e9texte d'une voie de fait commise par l'administration qui aurait plac\u00e9 l'\u00e9tranger en r\u00e9tention uniquement pour l'\u00e9loigner de Calais, sans intention de le reconduire hors du territoire national, le conseiller d\u00e9l\u00e9gu\u00e9 a viol\u00e9 le principe de la s\u00e9paration des autorit\u00e9s, ensemble la loi des 16 et 24 ao\u00fbt 1790, le d\u00e9cret de fructidor an III, l'article 66 de la Constitution et l'article 136 du code de proc\u00e9dure p\u00e9nale ;",
        "5\u00b0) ALORS QUE la voie de fait, qui fonde la comp\u00e9tence exceptionnelle du juge judiciaire, doit \u00eatre caract\u00e9ris\u00e9e ; qu'en jugeant que l'administration avait commis une voie de fait, en pla\u00e7ant l'\u00e9tranger en r\u00e9tention administrative, car cette d\u00e9cision n'avait \u00e9t\u00e9 prise que dans le but de l'\u00e9loigner de Calais, en se fondant sur de simples supputations et sur des \u00ab on-dit \u00bb, le conseiller d\u00e9l\u00e9gu\u00e9 a priv\u00e9 sa d\u00e9cision de base l\u00e9gale au regard du principe de la s\u00e9paration des pouvoirs, ensemble de la loi des 16 et 24 ao\u00fbt 1790, du d\u00e9cret de fructidor an III, de l'article 66 de la Constitution et de l'article 136 du code de proc\u00e9dure p\u00e9nale."
    ]
}