{
    "decision-0": [
        "CIV. 1",
        "JT",
        "COUR DE CASSATION",
        "______________________",
        "Audience publique du 24 f\u00e9vrier 2016",
        "Rejet",
        "Mme BATUT, pr\u00e9sident",
        "Arr\u00eat n\u00b0 186 F-D",
        "Pourvoi n\u00b0 F 15-14.578",
        "Aide juridictionnelle totale en demande",
        "au profit de Mme [O].",
        "Admission du bureau d'aide juridictionnelle",
        "pr\u00e8s la Cour de cassation",
        "en date du 13 janvier 2015.",
        "R \u00c9 P U B L I Q U E F R A N \u00c7 A I S E",
        "_________________________",
        "AU NOM DU PEUPLE FRAN\u00c7AIS",
        "_________________________",
        "LA COUR DE CASSATION, PREMI\u00c8RE CHAMBRE CIVILE, a rendu l'arr\u00eat suivant :",
        "Statuant sur le pourvoi form\u00e9 par Mme [Y] [O], domicili\u00e9e chez M. [F], [Adresse 1],",
        "contre l'ordonnance rendue le 21 juillet 2014 par le premier pr\u00e9sident de la cour d'appel de Toulouse, dans le litige l'opposant au pr\u00e9fet des Pyr\u00e9n\u00e9es-Orientales, domicili\u00e9 [Adresse 2],",
        "d\u00e9fendeur \u00e0 la cassation ;",
        "La demanderesse invoque, \u00e0 l'appui de son pourvoi, le moyen unique de cassation annex\u00e9 au pr\u00e9sent arr\u00eat ;",
        "Vu la communication faite au procureur g\u00e9n\u00e9ral ;",
        "LA COUR, en l'audience publique du 26 janvier 2016, o\u00f9 \u00e9taient pr\u00e9sentes : Mme Batut, pr\u00e9sident, Mme Gargoullaud, conseiller r\u00e9f\u00e9rendaire rapporteur, Mme Bignon, conseiller doyen, Mme Nguyen, greffier de chambre ;",
        "Sur le rapport de Mme Gargoullaud, conseiller r\u00e9f\u00e9rendaire, les observations de la SCP Boulloche, avocat de Mme [O], l'avis de Mme Ancel, avocat g\u00e9n\u00e9ral r\u00e9f\u00e9rendaire, et apr\u00e8s en avoir d\u00e9lib\u00e9r\u00e9 conform\u00e9ment \u00e0 la loi ;"
    ],
    "decision-1": [
        "Sur le moyen unique :"
    ],
    "decision-2": [
        "Attendu, selon l'ordonnance attaqu\u00e9e (Toulouse, 21 juillet 2014), rendue par un premier pr\u00e9sident, et les pi\u00e8ces de la proc\u00e9dure, que Mme [O], de nationalit\u00e9 ukrainienne, en situation irr\u00e9guli\u00e8re en France, a fait l'objet d'un placement en r\u00e9tention administrative ; que, par ordonnance du 12 juillet 2014, un premier pr\u00e9sident a confirm\u00e9 la d\u00e9cision d'un juge des libert\u00e9s et de la d\u00e9tention ayant prolong\u00e9 le maintien de la mesure ; que, le 17 juillet 2014, Mme [O] a pr\u00e9sent\u00e9 une demande de remise en libert\u00e9 sur le fondement de l'article R. 552-17 du code de l'entr\u00e9e et du s\u00e9jour des \u00e9trangers et du droit d'asile ;"
    ],
    "decision-3": [
        "Attendu que Mme [O] fait grief \u00e0 l'ordonnance de rejeter sa demande, alors, selon le moyen :",
        "1\u00b0/ que l'avocat de l'\u00e9tranger maintenu en r\u00e9tention doit en toute hypoth\u00e8se \u00eatre avis\u00e9 de l'audience d'appel comme l'\u00e9tranger lui-m\u00eame ; qu'en ordonnant la prolongation de la r\u00e9tention de Mme [O] apr\u00e8s avoir constat\u00e9 que l'avocat de cette derni\u00e8re n'avait pas \u00e9t\u00e9 avis\u00e9 de l'audience d'appel, au motif inop\u00e9rant que celle-ci n'aurait pas subi de grief du fait de cette absence de convocation, le juge d\u00e9l\u00e9gu\u00e9 par le premier pr\u00e9sident a viol\u00e9 les articles R. 552-15, R. 552-17 du code de l'entr\u00e9e et du s\u00e9jour des \u00e9trangers et du droit d'asile, et le principe du respect des droits de la d\u00e9fense ;",
        "2\u00b0/ qu'en cas de violation des formes prescrites par la loi \u00e0 peine de nullit\u00e9, toute juridiction qui est saisie d'une demande d'annulation peut prononcer la mainlev\u00e9e de la mesure de placement en r\u00e9tention lorsque celle-ci a eu pour effet de porter atteinte aux droits de l'\u00e9tranger ; que le juge doit en toute circonstance faire observer et observer lui-m\u00eame le principe de la contradiction ; qu'en se bornant, pour d\u00e9cider que l'absence de convocation r\u00e9guli\u00e8re de l'avocat de Mme [O] \u00e0 l'audience ne lui avait pas caus\u00e9 de grief, \u00e0 relever que le juge avait mentionn\u00e9 les moyens figurant dans la d\u00e9claration d'appel, sans rechercher si l'avocat aurait pu \u00e0 l'audience \u00e9clairer le juge, r\u00e9pondre aux arguments adverses, compl\u00e9ter son argumentation et formuler un nouveau moyen, de sorte que son absence avait caus\u00e9 \u00e0 Mme [O] un grief constitu\u00e9 par la violation du droit de se d\u00e9fendre de fa\u00e7on contradictoire, le juge d\u00e9l\u00e9gu\u00e9 par le premier pr\u00e9sident de la cour d'appel a priv\u00e9 sa d\u00e9cision de base l\u00e9gale au regard de l'article L. 552-13 du code de l'entr\u00e9e et du s\u00e9jour des \u00e9trangers et du droit d'asile, et du principe du respect des droits de la d\u00e9fense."
    ],
    "decision-4": [
        "Mais attendu que, si l'\u00e9tranger en r\u00e9tention peut demander au juge des libert\u00e9s et de la r\u00e9tention qu'il soit mis fin \u00e0 la r\u00e9tention d\u00e8s lors que des circonstances nouvelles de droit ou de fait le justifient, une circonstance nouvelle, au sens de l'article R. 552-17 du code de l'entr\u00e9e et du s\u00e9jour des \u00e9trangers et du droit d'asile, ne peut r\u00e9sulter de faits ant\u00e9rieurs \u00e0 la d\u00e9cision prolongeant la r\u00e9tention ; qu'il ressort des constatations de l'ordonnance et de la d\u00e9claration d'appel de Mme [O] que cette derni\u00e8re faisait valoir que, lors du recours qu'elle avait exerc\u00e9 contre l'ordonnance du 11 juillet 2014, elle n'avait pu soutenir son appel d\u00e8s lors que la convocation destin\u00e9e \u00e0 son avocat avait \u00e9t\u00e9 transmise, par erreur, \u00e0 un num\u00e9ro de t\u00e9l\u00e9copie autre que celui qui \u00e9tait indiqu\u00e9 dans la requ\u00eate initiale, de sorte que le premier pr\u00e9sident avait confirm\u00e9 une d\u00e9cision sans s'assurer du respect des droits de la d\u00e9fense ; qu'il en r\u00e9sulte que Mme [O] ne se pr\u00e9valait d'aucune circonstance nouvelle survenue depuis le prononc\u00e9 de l'ordonnance du 12 juillet 2014 ; que, par ce motif de pur droit, substitu\u00e9, dans les conditions de l'article 1015 du code de proc\u00e9dure civile, \u00e0 ceux critiqu\u00e9s, la d\u00e9cision se trouve l\u00e9galement justifi\u00e9e ;"
    ],
    "decision-5": [
        "PAR CES MOTIFS :",
        "REJETTE le pourvoi ;",
        "Vu l'article 700 du code de proc\u00e9dure civile, rejette la demande ;",
        "Ainsi fait et jug\u00e9 par la Cour de cassation, premi\u00e8re chambre civile, et prononc\u00e9 par le pr\u00e9sident en son audience publique du vingt-quatre f\u00e9vrier deux mille seize."
    ],
    "decision-6": [
        "MOYEN ANNEXE au pr\u00e9sent arr\u00eat",
        "Moyen produit par la SCP Boulloche, avocat aux Conseils, pour Mme [O]",
        "Le moyen de cassation fait grief \u00e0 l'ordonnance attaqu\u00e9e d'avoir rejet\u00e9 la demande de remise en libert\u00e9 de Mme [O],",
        "Aux motifs qu'\u00ab en application des articles R 552-15 et R 552-4 et suivants du m\u00eame code, les parties et le minist\u00e8re public sont avis\u00e9s par tout moyen de la date d'audience au cours de laquelle est examin\u00e9 l'appel de l'ordonnance au fond d'un juge des libert\u00e9s et de la d\u00e9tention, les parties pouvant demander \u00e0 \u00eatre entendues \u00e0 l'audience.",
        "En l'esp\u00e8ce, il est acquis que l'avis donn\u00e9 \u00e0 l'avocat de [Y] [O] a \u00e9t\u00e9 adress\u00e9 par fax au num\u00e9ro du cabinet d'avocats qu'il avait quitt\u00e9 trois mois auparavant et non \u00e0 celui figurant sur la requ\u00eate, de telle sorte que la preuve n'est pas \u00e9tablie qu'il a connu en temps utile la date de l'audience devant la cour, qui s'est d\u00e9roul\u00e9e le samedi apr\u00e8s-midi 12 juillet 2014.",
        "Cependant, il ressort de l'article L 552-13 du code de l'entr\u00e9e et du s\u00e9jour des \u00e9trangers et du droit d'asile, qu'en cas de violation des formes prescrites \u00e0 peine de nullit\u00e9 par la loi ou d'inobservation des formalit\u00e9s substantielles, toute juridiction ne peut prononcer la mainlev\u00e9e de la mesure de placement en r\u00e9tention, que lorsque celle-ci a eu pour effet de porter atteinte aux droits de l'\u00e9tranger.",
        "Or, il appara\u00eet que l'ordonnance rendue le 12 juillet en l'absence de l'avocat de [Y] [O] a pris soin de rappeler tous les moyens soulev\u00e9s par le m\u00e9moire \u00e9toff\u00e9 pr\u00e9sent\u00e9 par ce dernier au soutien de son appel, et d'y r\u00e9pondre pr\u00e9cis\u00e9ment, sans qu'il ressorte de l'une quelconque de cette motivation qu'il aurait \u00e9t\u00e9 r\u00e9pondu \u00e0 un moyen \u00e9tranger \u00e0 son argumentation.",
        "Aussi et sans que ne soit remis en cause le droit de l'avocat \u00e0 s'exprimer oralement \u00e0 l'audience, il n'est pas \u00e9tabli en l'esp\u00e8ce pour les motifs pr\u00e9cit\u00e9s que [Y] [O] ait subi un grief \u00bb (ordonnance du 21 juillet 2014, p. 2, \u00a7 2 \u00e0 7).",
        "Alors que l'avocat de l'\u00e9tranger maintenu en r\u00e9tention doit en toute hypoth\u00e8se \u00eatre avis\u00e9 de l'audience d'appel comme l'\u00e9tranger lui-m\u00eame ; qu'en ordonnant la prolongation de la r\u00e9tention de Mme [O] apr\u00e8s avoir constat\u00e9 que l'avocat de cette derni\u00e8re n'avait pas \u00e9t\u00e9 avis\u00e9 de l'audience d'appel, au motif inop\u00e9rant que celle-ci n'aurait pas subi de grief du fait de cette absence de convocation, le juge d\u00e9l\u00e9gu\u00e9 par le premier pr\u00e9sident a viol\u00e9 les articles R 552-15, R 552-17 du code de l'entr\u00e9e et du s\u00e9jour des \u00e9trangers et du droit d'asile, et le principe du respect des droits de la d\u00e9fense ;",
        "Alors qu'en cas de violation des formes prescrites par la loi \u00e0 peine de nullit\u00e9, toute juridiction qui est saisie d'une demande d'annulation peut prononcer la mainlev\u00e9e de la mesure de placement en r\u00e9tention lorsque celle-ci a eu pour effet de porter atteinte aux droits de l'\u00e9tranger ; que le juge doit en toute circonstance faire observer et observer lui-m\u00eame le principe de la contradiction ; qu'en se bornant, pour d\u00e9cider que l'absence de convocation r\u00e9guli\u00e8re de l'avocat de Mme [O] \u00e0 l'audience ne lui avait pas caus\u00e9 de grief, \u00e0 relever que le juge avait mentionn\u00e9 les moyens figurant dans la d\u00e9claration d'appel, sans rechercher si l'avocat aurait pu \u00e0 l'audience \u00e9clairer le juge, r\u00e9pondre aux arguments adverses, compl\u00e9ter son argumentation et formuler un nouveau moyen, de sorte que son absence avait caus\u00e9 \u00e0 Mme [O] un grief constitu\u00e9 par la violation du droit de se d\u00e9fendre de fa\u00e7on contradictoire, le juge d\u00e9l\u00e9gu\u00e9 par le premier pr\u00e9sident de la cour d'appel a priv\u00e9 sa d\u00e9cision de base l\u00e9gale au regard de l'article L 552-13 du code de l'entr\u00e9e et du s\u00e9jour des \u00e9trangers et du droit d'asile, et du principe du respect des droits de la d\u00e9fense."
    ]
}