{
    "decision-0": [
        "CIV. 1",
        "LM",
        "COUR DE CASSATION",
        "______________________",
        "Audience publique du 1er f\u00e9vrier 2017",
        "Rejet",
        "Mme BATUT, pr\u00e9sident",
        "Arr\u00eat n\u00b0 147 FS-P+B+I",
        "Pourvoi n\u00b0 J 16-14.700",
        "Aide juridictionnelle totale en demande",
        "au profit de M. [X].",
        "Admission du bureau d'aide juridictionnelle",
        "pr\u00e8s la Cour de cassation",
        "en date du 10 f\u00e9vrier 2016.",
        "R \u00c9 P U B L I Q U E F R A N \u00c7 A I S E",
        "_________________________",
        "AU NOM DU PEUPLE FRAN\u00c7AIS",
        "_________________________",
        "LA COUR DE CASSATION, PREMI\u00c8RE CHAMBRE CIVILE, a rendu l'arr\u00eat suivant :",
        "Statuant sur le pourvoi form\u00e9 par M. [S] [X], domicili\u00e9 chez M. [P] [Z], [Adresse 1],",
        "contre l'ordonnance rendue le 17 mars 2015 par le premier pr\u00e9sident de la cour d'appel de Lyon, dans le litige l'opposant au pr\u00e9fet du Rh\u00f4ne, domicili\u00e9 [Adresse 2],",
        "d\u00e9fendeur \u00e0 la cassation ;",
        "Le demandeur invoque, \u00e0 l'appui de son pourvoi, le moyen unique de cassation annex\u00e9 au pr\u00e9sent arr\u00eat ;",
        "Vu la communication faite au procureur g\u00e9n\u00e9ral ;",
        "LA COUR, compos\u00e9e conform\u00e9ment \u00e0 l'article R. 431-5 du code de l'organisation judiciaire, en l'audience publique du 3 janvier 2017, o\u00f9 \u00e9taient pr\u00e9sents : Mme Batut, pr\u00e9sident, Mme Gargoullaud, conseiller r\u00e9f\u00e9rendaire rapporteur, M. Matet, conseiller doyen, MM. Hascher, Reynis, Mme Reygner, M. Vigneau, Mme Bozzi, M. Acquaviva, conseillers, MM. Mansion, Roth, Mmes Mouty-Tardieu, Le Cotty, conseillers r\u00e9f\u00e9rendaires, M. Sassoust, avocat g\u00e9n\u00e9ral, Mme Pecquenard, greffier de chambre ;",
        "Sur le rapport de Mme Gargoullaud, conseiller r\u00e9f\u00e9rendaire, les observations de la SCP H\u00e9mery et Thomas-Raquin, avocat de M. [X], l'avis de M. Sassoust, avocat g\u00e9n\u00e9ral, et apr\u00e8s en avoir d\u00e9lib\u00e9r\u00e9 conform\u00e9ment \u00e0 la loi ;"
    ],
    "decision-1": [
        "Attendu, selon l'ordonnance attaqu\u00e9e, rendue par le premier pr\u00e9sident d'une cour d'appel (Lyon, 17 mars 2015), et les pi\u00e8ces de la proc\u00e9dure, que, le 9 mars 2015, les fonctionnaires de police ont proc\u00e9d\u00e9, \u00e0 14 heures 50, au contr\u00f4le d'identit\u00e9 de M. [X], de nationalit\u00e9 albanaise, en situation irr\u00e9guli\u00e8re en France, puis l'ont plac\u00e9 en retenue sur le fondement de l'article L. 611-1-1 du code de l'entr\u00e9e et du s\u00e9jour des \u00e9trangers et du droit d'asile (CESEDA), avant de lever cette mesure, \u00e0 17 heures 40, en convoquant l'int\u00e9ress\u00e9 le lendemain afin de poursuivre les v\u00e9rifications aux heures d'ouverture de la pr\u00e9fecture ; que lorsqu'il s'est pr\u00e9sent\u00e9 le 10 mars, les services l'ont avis\u00e9, \u00e0 10 heures 10, de la reprise de sa retenue ; que cette mesure a pris fin \u00e0 13 heures et qu'un arr\u00eat\u00e9 de placement en r\u00e9tention administrative lui a \u00e9t\u00e9 notifi\u00e9 ; que le pr\u00e9fet a saisi le juge des libert\u00e9s et de la d\u00e9tention d'une demande de prolongation de la r\u00e9tention ;"
    ],
    "decision-2": [
        "Sur le moyen unique, pris en sa troisi\u00e8me branche, ci-apr\u00e8s annex\u00e9 :"
    ],
    "decision-3": [
        "Attendu que ce grief n'est manifestement pas de nature \u00e0 entra\u00eener la cassation ;"
    ],
    "decision-4": [
        "Sur les deux autres branches du moyen :",
        "Attendu que M. [X] fait grief \u00e0 l'ordonnance de prolonger sa r\u00e9tention, alors, selon le moyen :",
        "1\u00b0/ qu'il r\u00e9sulte de l'article L. 611-1-1 du CESEDA que la mesure de r\u00e9tention administrative dont peut faire l'objet un \u00e9tranger qui, \u00e0 l'occasion d'un contr\u00f4le d'identit\u00e9, n'a pas \u00e9t\u00e9 en mesure de justifier de son droit de circuler ou de s\u00e9journer en France, aux fins de v\u00e9rification de ce droit, doit faire imm\u00e9diatement suite au contr\u00f4le d'identit\u00e9 et ne peut exc\u00e9der seize heures \u00e0 compter du d\u00e9but du contr\u00f4le ; qu'ayant constat\u00e9 qu'\u00e0 l'occasion de contr\u00f4les d'identit\u00e9 diligent\u00e9s au centre d'\u00e9change de Lyon Perrache, M. [X] avait \u00e9t\u00e9 plac\u00e9 en retenue administrative le 9 mars 2015 \u00e0 14 heures 50 jusqu'\u00e0 17 heures 40, qu'une convocation lui avait \u00e9t\u00e9 remise pour le lendemain 10 heures, le service des \u00e9trangers de la pr\u00e9fecture \u00e9tant ferm\u00e9, et que la mesure de retenue avait \u00e9t\u00e9 reprise le lendemain 10 mars 2015 \u00e0 10 heures 10 et avait pris fin le m\u00eame jour \u00e0 13 heures 10, le premier pr\u00e9sident de la cour d'appel qui, pour dire la proc\u00e9dure r\u00e9guli\u00e8re, a \u00e9nonc\u00e9 que la dur\u00e9e maximale de seize heures de retenue administrative n'avait pas \u00e9t\u00e9 d\u00e9pass\u00e9e et que, conform\u00e9ment au principe de proportionnalit\u00e9 des mesures restrictives de libert\u00e9, il \u00e9tait de l'int\u00e9r\u00eat du retenu que les v\u00e9rifications administratives soient effectives et que la mesure soit temporairement interrompue, alors m\u00eame que l'article L. 611-1-1 du CESEDA ne pr\u00e9voit pas la suspension de la mesure de r\u00e9tention qui doit faire imm\u00e9diatement suite au contr\u00f4le, a viol\u00e9 les dispositions de ce texte ;",
        "2\u00b0/ qu'il r\u00e9sulte de l'article L. 611-1-1 du CESEDA que la mesure de r\u00e9tention administrative dont peut faire l'objet un \u00e9tranger qui, \u00e0 l'occasion d'un contr\u00f4le d'identit\u00e9, n'a pas \u00e9t\u00e9 en mesure de justifier de son droit de circuler ou de s\u00e9journer en France, aux fins de v\u00e9rification de ce droit, doit faire imm\u00e9diatement suite au contr\u00f4le d'identit\u00e9 et ne peut exc\u00e9der seize heures \u00e0 compter du d\u00e9but du contr\u00f4le ; qu'ayant constat\u00e9 qu'\u00e0 l'occasion de contr\u00f4les d'identit\u00e9 diligent\u00e9s au centre d'\u00e9change de Lyon Perrache, M. [X] avait \u00e9t\u00e9 plac\u00e9 en retenue administrative le 9 mars 2015 \u00e0 14 heures 50 jusqu'\u00e0 17 heures 40, qu'une convocation lui avait \u00e9t\u00e9 remise pour le lendemain 10 heures, le service des \u00e9trangers de la pr\u00e9fecture \u00e9tant ferm\u00e9, et que la mesure de retenue avait \u00e9t\u00e9 reprise le lendemain 10 mars 2015 \u00e0 10 heures 10 et avait pris fin le m\u00eame jour \u00e0 13 heures 10, le premier pr\u00e9sident de la cour d'appel qui, pour dire la proc\u00e9dure r\u00e9guli\u00e8re, a \u00e9nonc\u00e9 que la dur\u00e9e maximale de seize heures de retenue administrative n'avait pas \u00e9t\u00e9 d\u00e9pass\u00e9e et que, conform\u00e9ment au principe de proportionnalit\u00e9 des mesures restrictives de libert\u00e9, il \u00e9tait de l'int\u00e9r\u00eat du retenu que les v\u00e9rifications administratives soient effectives et que la mesure soit temporairement interrompue, alors m\u00eame que l'article L. 611-1-1 du CESEDA ne pr\u00e9voit pas le fractionnement de la dur\u00e9e de la mesure de r\u00e9tention qui ne peut prendre fin plus de seize heures apr\u00e8s le d\u00e9but du contr\u00f4le d'identit\u00e9, a viol\u00e9 les dispositions de ce texte ;"
    ],
    "decision-5": [
        "Mais attendu qu'apr\u00e8s avoir relev\u00e9 que la dur\u00e9e maximale de seize heures de retenue administrative n'avait pas \u00e9t\u00e9 d\u00e9pass\u00e9e, c'est sans m\u00e9conna\u00eetre les dispositions de l'article L. 611-1-1 du CESEDA que le premier pr\u00e9sident a d\u00e9cid\u00e9 que l'interruption temporaire de la mesure \u00e9tait intervenue pour rendre effectives les v\u00e9rifications administratives concernant le droit de circulation et de s\u00e9jour de l'int\u00e9ress\u00e9, dans l'int\u00e9r\u00eat de celui-ci ; que le moyen n'est pas fond\u00e9 ;"
    ],
    "decision-6": [
        "PAR CES MOTIFS :",
        "REJETTE le pourvoi ;",
        "Vu l'article 700 du code de proc\u00e9dure civile, rejette la demande ;",
        "Ainsi fait et jug\u00e9 par la Cour de cassation, premi\u00e8re chambre civile, et prononc\u00e9 par le pr\u00e9sident en son audience publique du premier f\u00e9vrier deux mille dix-sept."
    ],
    "decision-7": [
        "MOYEN ANNEXE au pr\u00e9sent arr\u00eat",
        "Moyen produit par la SCP H\u00e9mery et Thomas-Raquin, avocat aux Conseils, pour M. [X]",
        "Il est fait grief \u00e0 l'ordonnance attaqu\u00e9e d'AVOIR confirm\u00e9 la d\u00e9cision du juge des libert\u00e9s et de la d\u00e9tention du 15 mars 2015 qui avait ordonn\u00e9 la prolongation du maintien de M. [S] [X] en r\u00e9tention administrative dans les locaux non p\u00e9nitentiaires pour un d\u00e9lai de vingt jours \u00e0 compter de l'expiration du d\u00e9lai initial de cinq jours",
        "AUX MOTIFS PROPRES QU'au fond, sur les exceptions de nullit\u00e9, sur la r\u00e9gularit\u00e9 de la reprise de retenue administrative le 10 mars 2015, en tout premier lieu, le conseil d'[S] [X] a sollicit\u00e9 l'annulation de la mesure de retenue notifi\u00e9e \"en continuation\" le 10 mars 2015, en consid\u00e9rant qu'aucun texte n'autorisait une telle pratique ; que l'article L. 611-1-1 du CESEDA dispose que \"Si, \u00e0 l'occasion d'un contr\u00f4le effectu\u00e9 en application de l'article L. 611-1 du pr\u00e9sent code, des articles 78-1, 78-2, 78-2-1 et 78-2-2 du code de proc\u00e9dure p\u00e9nale ou de l'article 67 quater du code des douanes, il appara\u00eet qu'un \u00e9tranger n'est pas en mesure de justifier de son droit de circuler ou de s\u00e9journer en France, il peut \u00eatre conduit dans un local de police ou de gendarmerie et y \u00eatre retenu par un officier de police judiciaire de la police nationale ou de la gendarmerie nationale aux fins de v\u00e9rification de son droit de circulation ou de s\u00e9jour sur le territoire fran\u00e7ais. Dans ce cas, l'officier de police judiciaire ou, sous le contr\u00f4le de celui-ci, un agent de police judiciaire met l'\u00e9tranger en mesure de fournir par tout moyen les pi\u00e8ces et documents requis et proc\u00e8de, s'il y a lieu, aux op\u00e9rations de v\u00e9rification n\u00e9cessaires. Le Procureur de la R\u00e9publique est inform\u00e9 d\u00e8s le d\u00e9but de la retenue \u00bb ; que dans un tel cas, \"L'\u00e9tranger ne peut \u00eatre retenu que pour le temps strictement exig\u00e9 par l'examen de son droit de circulation ou de s\u00e9jour et, le cas \u00e9ch\u00e9ant, le prononc\u00e9 et la notification des d\u00e9cisions administratives applicables. La retenue ne peut exc\u00e9der seize heures \u00e0 compter du d\u00e9but du contr\u00f4le mentionn\u00e9 au premier alin\u00e9a du pr\u00e9sent I\", qu'en l'esp\u00e8ce, [S] [X] a \u00e9t\u00e9 plac\u00e9 en retenue le 09 mars 2015 \u00e0 14 heures 50 jusqu'\u00e0 17 heures 40 ; que cette mesure a \u00e9t\u00e9 reprise le lendemain 10 mars 2015 \u00e0 10 heures 10, et a pris fin le m\u00eame jour \u00e0 13 heures 10 ; qu'ainsi Ia dur\u00e9e maximale de 16 heures de retenue administrative n'ayant pas \u00e9t\u00e9 d\u00e9pass\u00e9e, et conform\u00e9ment au principe proportionnalit\u00e9 des mesures restrictives de libert\u00e9, il doit \u00eatre consid\u00e9r\u00e9 qu'il est conforme \u00e0 l'int\u00e9r\u00eat du retenu, d'une part que les v\u00e9rifications administratives soient effectives, et d'autre part que la mesure soit temporairement interrompue ; qu'en cons\u00e9quence, ce premier moyen de nullit\u00e9 a l\u00e9gitimement \u00e9t\u00e9 \u00e9cart\u00e9 par le Juge des libert\u00e9s et de la d\u00e9tention ; et sur l'absence d'interpr\u00e8te lors de la reprise de retenue administrative, qu'il est formellement prescrit par l'article L. 611-1-1 du CESEDA que l'\u00e9tranger contr\u00f4l\u00e9 doit \u00eatre inform\u00e9 de son droit d'\u00eatre assist\u00e9 d'un interpr\u00e8te; qu'en l'esp\u00e8ce, un traducteur a \u00e9t\u00e9 requis le 09 mars 2015 lors de la premi\u00e8re notification de la mesure de r\u00e9tention, apr\u00e8s que les policiers aient formellement constat\u00e9 qu'[S] [X] ne parlait qu'un fran\u00e7ais tr\u00e8s approximatif ; que c'est donc de mani\u00e8re tr\u00e8s surprenante que le lendemain, la nouvelle notification des droits est intervenue le 10 mars lors de la reprise de mesure de r\u00e9tention, sans l'assistance d'aucun interpr\u00e8te ; que cependant il est amplement d\u00e9montr\u00e9 en l'esp\u00e8ce qu'apr\u00e8s son admission au centre de r\u00e9tention administrative, M. [S] [X] n'a de lui-m\u00eame pas sollicit\u00e9 l'assistance d'un interpr\u00e8te pour la notification de ses diff\u00e9rents droits ; qu'il a confirm\u00e9 lors de l'audience devant la cour n'\u00eatre pas l'auteur, le 09 mars 2015, de la demande d'interpr\u00e8te, s'estimant en mesure de comprendre les droits qui lui \u00e9taient notifi\u00e9es ; qu'en toutes hypoth\u00e8ses, il a eu acc\u00e8s \u00e0 l'assistance d'un interpr\u00e8te le 09 mars 2015, de sorte qu'il n'est d\u00e9montr\u00e9 aucun grief n\u00e9 de I'absence le 10 mars d'un interpr\u00e8te ; qu'il a b\u00e9n\u00e9fici\u00e9 d'une telle assistance pendant toute la suite de la proc\u00e9dure, y compris devant la cour, qu'en cons\u00e9quence, cette deuxi\u00e8me exception doit \u00e9galement \u00eatre rejet\u00e9e ;",
        "ET AUX MOTIFS ADOPTES QUE l'int\u00e9ress\u00e9(e) est actuellement en r\u00e9tention dans les locaux non p\u00e9nitentiaires depuis 10/03/2015 \u00e0 13 H 10 ; qu'il r\u00e9sulte des mentions au registre pr\u00e9vu par l'article susvis\u00e9 que l'int\u00e9ress\u00e9 a \u00e9t\u00e9, au moment de la notification de la d\u00e9cision de maintien, pleinement inform\u00e9 de ses droits et plac\u00e9 en \u00e9tat de les faire valoir ; que [S] [X] a soulev\u00e9 des moyens d'irr\u00e9gularit\u00e9 de proc\u00e9dure, au motif que deux mesures de retenue aux fins de v\u00e9rification du droit de circulation ou de s\u00e9jour ont \u00e9t\u00e9 prises \u00e0 son encontre et qu'il n'a pas \u00e9t\u00e9 entendu avec interpr\u00e8te le 10/03/2015 ; qu'en premier lieu, la dur\u00e9e totale des deux mesures de retenue qui ont \u00e9t\u00e9 prises \u00e0 l'encontre de [S] [X] n'a pas exc\u00e9d\u00e9 la dur\u00e9e l\u00e9galement admissible ; qu'il importe peu que cette p\u00e9riode ait \u00e9t\u00e9 fractionn\u00e9e dans le temps ; qu'entendu en deuxi\u00e8me lieu, M. [S] [X] se plaint de ne pas avoir \u00e9t\u00e9 entendu avec un interpr\u00e8te le 10/03/2015, alors qu'il a d\u00e9clar\u00e9 avoir parfaitement compris les propos qui lui ont \u00e9t\u00e9 tenus en langue fran\u00e7aise, et qu'il a confirm\u00e9 au juge des libert\u00e9s et de la d\u00e9tention comprendre parfaitement le fran\u00e7ais pour \u00eatre sur le territoire au moins depuis 2011 ; qu'il n'a pas \u00e9t\u00e9 fait grief aux droits de la personne retenue ; que la proc\u00e9dure est r\u00e9guli\u00e8re ; que l'int\u00e9ress\u00e9(e) ne pr\u00e9sente pas de garanties suffisantes pour la mise \u00e0 ex\u00e9cution de la mesure de reconduite \u00e0 la fronti\u00e8re prise \u00e0 son encontre, que des mesures de surveillance sont n\u00e9cessaires ;",
        "ALORS, D'UNE PART, QU'il r\u00e9sulte de l'article L. 611-1-1 du code de l'entr\u00e9e et du s\u00e9jour des \u00e9trangers et du droit d'asile que la mesure de r\u00e9tention administrative dont peut faire l'objet un \u00e9tranger qui \u00e0 l'occasion d'un contr\u00f4le d'identit\u00e9 n'a pas \u00e9t\u00e9 en mesure de justifier de son droit de circuler ou de s\u00e9journer en France, aux fins de v\u00e9rification de ce droit, doit faire imm\u00e9diatement suite au contr\u00f4le d'identit\u00e9 et ne peut exc\u00e9der seize heures \u00e0 compter du d\u00e9but du contr\u00f4le ; qu'ayant constat\u00e9 qu'\u00e0 l'occasion de contr\u00f4les d'identit\u00e9 diligent\u00e9s au centre d'\u00e9change de Lyon Perrache, M. [X] avait \u00e9t\u00e9 plac\u00e9 en retenue administrative le 9 mars 2015 \u00e0 14 heures 50 jusqu'\u00e0 17 heures 40, qu'une convocation lui avait \u00e9t\u00e9 remise pour le lendemain 10 heures, le service des \u00e9trangers de la pr\u00e9fecture \u00e9tant ferm\u00e9, et que la mesure de retenue avait \u00e9t\u00e9 reprise le lendemain 10 mars 2015 \u00e0 10 heures 10 et avait pris fin le m\u00eame jour \u00e0 13 heures 10, le premier pr\u00e9sident de la cour d'appel qui, pour dire la proc\u00e9dure r\u00e9guli\u00e8re, a \u00e9nonc\u00e9 que la dur\u00e9e maximale de seize heures de retenue administrative n'avait pas \u00e9t\u00e9 d\u00e9pass\u00e9e et que, conform\u00e9ment au principe de proportionnalit\u00e9 des mesures restrictives de libert\u00e9, il \u00e9tait de l'int\u00e9r\u00eat du retenu que les v\u00e9rifications administratives soient effectives et que la mesure soit temporairement interrompue, alors m\u00eame que l'article L. 611-1-1 du code de l'entr\u00e9e et du s\u00e9jour des \u00e9trangers et du droit d'asile ne pr\u00e9voit pas la suspension de la mesure de r\u00e9tention qui doit faire imm\u00e9diatement suite au contr\u00f4le, a viol\u00e9 les dispositions de ce texte ;",
        "ALORS, D'AUTRE PART, QU'il r\u00e9sulte de l'article L. 611-1-1 du code de l'entr\u00e9e et du s\u00e9jour des \u00e9trangers et du droit d'asile que la mesure de r\u00e9tention administrative dont peut faire l'objet un \u00e9tranger qui \u00e0 l'occasion d'un contr\u00f4le d'identit\u00e9 n'a pas \u00e9t\u00e9 en mesure de justifier de son droit de circuler ou de s\u00e9journer en France, aux fins de v\u00e9rification de ce droit, doit faire imm\u00e9diatement suite au contr\u00f4le d'identit\u00e9 et ne peut exc\u00e9der seize heures \u00e0 compter du d\u00e9but du contr\u00f4le ; qu'ayant constat\u00e9 qu'\u00e0 l'occasion de contr\u00f4les d'identit\u00e9 diligent\u00e9s au centre d'\u00e9change de Lyon Perrache, M. [X] avait \u00e9t\u00e9 plac\u00e9 en retenue administrative le 9 mars 2015 \u00e0 14 heures 50 jusqu'\u00e0 17 heures 40, qu'une convocation lui avait \u00e9t\u00e9 remise pour le lendemain 10 heures, le service des \u00e9trangers de la pr\u00e9fecture \u00e9tant ferm\u00e9, et que la mesure de retenue avait \u00e9t\u00e9 reprise le lendemain 10 mars 2015 \u00e0 10 heures 10 et avait pris fin le m\u00eame jour \u00e0 13 heures 10, le premier pr\u00e9sident de la cour d'appel qui, pour dire la proc\u00e9dure r\u00e9guli\u00e8re, a \u00e9nonc\u00e9 que la dur\u00e9e maximale de seize heures de retenue administrative n'avait pas \u00e9t\u00e9 d\u00e9pass\u00e9e et que, conform\u00e9ment au principe de proportionnalit\u00e9 des mesures restrictives de libert\u00e9, il \u00e9tait de l'int\u00e9r\u00eat du retenu que les v\u00e9rifications administratives soient effectives et que la mesure soit temporairement interrompue, alors m\u00eame que l'article L. 611-1-1 du code de l'entr\u00e9e et du s\u00e9jour des \u00e9trangers et du droit d'asile ne pr\u00e9voit pas le fractionnement de la dur\u00e9e de la mesure de r\u00e9tention qui ne peut prendre fin plus de seize heures apr\u00e8s le d\u00e9but du contr\u00f4le d'identit\u00e9, a viol\u00e9 les dispositions de ce texte ;",
        "ALORS, ENFIN, QUE selon l'article L. 111-7 du code de l'entr\u00e9e et du s\u00e9jour des \u00e9trangers et du droit d'asile, auquel renvoie l'article L. 611-1-1, la langue que l'\u00e9tranger a d\u00e9clar\u00e9 comprendre est utilis\u00e9e jusqu'\u00e0 la fin de la proc\u00e9dure ; qu'ayant constat\u00e9 qu'un traducteur avait \u00e9t\u00e9 requis le 9 mars 2015 lors de la premi\u00e8re notification de la mesure de r\u00e9tention, apr\u00e8s que les policiers eurent \"formellement constat\u00e9 qu'[S] [X] ne parlait qu'un fran\u00e7ais tr\u00e8s approximatif\" et que la notification des droits \u00e9tait intervenue le lendemain 10 mars, lors de la reprise de la mesure sans l'assistance d'un interpr\u00e8te, le premier pr\u00e9sident de la cour d'appel qui a n\u00e9anmoins jug\u00e9 la proc\u00e9dure r\u00e9guli\u00e8re au motif inop\u00e9rant que M. [X] avait confirm\u00e9 lors de l'audience ne pas \u00eatre l'auteur de la demande d'interpr\u00e8te s'estimant en mesure de comprendre les droits qui lui avaient \u00e9t\u00e9 notifi\u00e9s, a viol\u00e9 les articles L. 111-7 et L. 611-1-1 du code de l'entr\u00e9e et du s\u00e9jour des \u00e9trangers et du droit d'asile."
    ]
}