{
    "decision-0": [
        "CIV. 1",
        "LM",
        "COUR DE CASSATION",
        "______________________",
        "Audience publique du 22 juin 2016",
        "Cassation partielle sans renvoi",
        "Mme BATUT, pr\u00e9sident",
        "Arr\u00eat n\u00b0 751 F-D",
        "Pourvoi n\u00b0 R 15-22.085",
        "R \u00c9 P U B L I Q U E F R A N \u00c7 A I S E",
        "_________________________",
        "AU NOM DU PEUPLE FRAN\u00c7AIS",
        "_________________________",
        "LA COUR DE CASSATION, PREMI\u00c8RE CHAMBRE CIVILE, a rendu l'arr\u00eat suivant :",
        "Statuant sur le pourvoi form\u00e9 par le pr\u00e9fet de la Martinique, domicili\u00e9 [...] ,",
        "contre l'ordonnance rendue le 28 mai 2015 par le premier pr\u00e9sident de la cour d'appel de Basse-Terre, dans le litige l'opposant \u00e0 M. B... D..., domicili\u00e9 [...] ,",
        "d\u00e9fendeur \u00e0 la cassation ;",
        "Le demandeur invoque, \u00e0 l'appui de son pourvoi, le moyen unique de cassation annex\u00e9 au pr\u00e9sent arr\u00eat ;",
        "Vu la communication faite au procureur g\u00e9n\u00e9ral ;",
        "LA COUR, en l'audience publique du 24 mai 2016, o\u00f9 \u00e9taient pr\u00e9sentes : Mme Batut, pr\u00e9sident, Mme Gargoullaud, conseiller r\u00e9f\u00e9rendaire rapporteur, Mme Bignon, conseiller doyen, Mme Laum\u00f4ne, greffier de chambre ;",
        "Sur le rapport de Mme Gargoullaud, conseiller r\u00e9f\u00e9rendaire, les observations de la SCP Odent et Poulet, avocat du pr\u00e9fet de la Martinique, l'avis de M. Sassoust, avocat g\u00e9n\u00e9ral, et apr\u00e8s en avoir d\u00e9lib\u00e9r\u00e9 conform\u00e9ment \u00e0 la loi ;"
    ],
    "decision-1": [
        "Sur le moyen unique, pris en sa premi\u00e8re branche :"
    ],
    "decision-2": [
        "Vu les articles L. 552-2 et R. 553-14-5 du code de l'entr\u00e9e et du s\u00e9jour des \u00e9trangers et du droit d'asile, ensemble l'article 16 de la directive n\u00b0 2008/115/CE, du Parlement et du Conseil, du 16 d\u00e9cembre 2008 ;"
    ],
    "decision-3": [
        "Attendu, selon l'ordonnance attaqu\u00e9e, rendue par un premier pr\u00e9sident, et les pi\u00e8ces de la proc\u00e9dure, qu'un arr\u00eat\u00e9 du pr\u00e9fet de la r\u00e9gion Martinique lui ayant fait obligation de quitter le territoire fran\u00e7ais, M. D..., de nationalit\u00e9 ha\u00eftienne, a \u00e9t\u00e9 plac\u00e9 en r\u00e9tention administrative ; qu'un juge des libert\u00e9s et de la d\u00e9tention a rejet\u00e9 la demande de prolongation de cette mesure ;",
        "Attendu que, pour confirmer cette d\u00e9cision, l'ordonnance retient, d'une part, que, si M. D... a re\u00e7u notification du droit de contacter les associations habilit\u00e9es \"Forum r\u00e9fugi\u00e9 G..., France terre d'asile, le d\u00e9fenseur des droits, le contr\u00f4leur g\u00e9n\u00e9ral des lieux de privation de libert\u00e9, m\u00e9decins sans fronti\u00e8res\", il n'a pas eu un acc\u00e8s effectif \u00e0 ces associations, ainsi que le pr\u00e9fet l'a reconnu, d'autre part, que m\u00eame s'il a pu s'entretenir avec le repr\u00e9sentant d'une association tierce, cette circonstance ne saurait suppl\u00e9er l'acc\u00e8s \u00e0 une association au sens de la directive pr\u00e9cit\u00e9e ;"
    ],
    "decision-4": [
        "Qu'en statuant ainsi, alors que l'int\u00e9ress\u00e9 avait re\u00e7u communication des noms et coordonn\u00e9es des cinq associations et organismes habilit\u00e9s, de sorte qu'il pouvait les contacter librement, peu important qu'elles fussent, ou non, pr\u00e9sentes dans le d\u00e9partement, le premier pr\u00e9sident a viol\u00e9 les textes susvis\u00e9s ;",
        "Vu les articles L. 411-3 du code de l'organisation judiciaire et 1015 du code de proc\u00e9dure civile ;"
    ],
    "decision-5": [
        "PAR CES MOTIFS, et sans qu'il y ait lieu de statuer sur les autres griefs :",
        "CASSE ET ANNULE, sauf en ce qu'elle d\u00e9clare l'appel recevable, l'ordonnance rendue le 28 mai 2015, entre les parties, par le premier pr\u00e9sident de la cour d'appel de Basse-Terre ;",
        "DIT n'y avoir lieu \u00e0 renvoi ;",
        "Dit que sur les diligences du procureur g\u00e9n\u00e9ral pr\u00e8s la Cour de cassation, le pr\u00e9sent arr\u00eat sera transmis pour \u00eatre transcrit en marge ou \u00e0 la suite de l'ordonnance partiellement cass\u00e9e ;",
        "Ainsi fait et jug\u00e9 par la Cour de cassation, premi\u00e8re chambre civile, et prononc\u00e9 par le pr\u00e9sident en son audience publique du vingt-deux juin deux mille seize."
    ],
    "decision-6": [
        "MOYEN ANNEXE au pr\u00e9sent arr\u00eat",
        "Moyen produit par la SCP Odent et Poulet, avocat aux Conseils, pour le pr\u00e9fet de la Martinique",
        "II est fait grief \u00e0 l'ordonnance attaqu\u00e9e d'avoir confirm\u00e9 la d\u00e9cision du juge des libert\u00e9s entreprise, qui avait rejet\u00e9 la requ\u00eate d'un pr\u00e9fet (le pr\u00e9fet de la r\u00e9gion Martinique), en prolongation de la r\u00e9tention administrative d'un \u00e9tranger (M. B... D...) ;",
        "AUX MOTIFS QUE M. le pr\u00e9fet de la r\u00e9gion Martinique sollicitait l'annulation de l'ordonnance du juge des libert\u00e9s et de la d\u00e9tention ; qu'il faisait, en effet, grief \u00e0 celui-ci d'avoir retenu que le requ\u00e9rant n'avait pu s'entretenir avec les repr\u00e9sentants d'associations d'aide aux retenus et ajoutait que l'int\u00e9ress\u00e9 avait re\u00e7u la visite du secr\u00e9taire g\u00e9n\u00e9ral de l'association des ha\u00eftiens en Martinique, association qui n'avait pas conclu de convention avec l'Etat lui donnant mission d'informer ou d'aider les retenus \u00e0 exercer leurs droits et qui n'\u00e9tait pas mentionn\u00e9e dans la liste des associations ayant re\u00e7u une habilitation \u00e0 \u00eatre pr\u00e9sente dans les locaux ou centres de r\u00e9tention administrative, mais avait tout de m\u00eame \u00e9t\u00e9 autoris\u00e9e \u00e0 intervenir aupr\u00e8s de M. D... \u00ab dans la mesure o\u00f9 les organismes officiels n'existent pas en Martinique \u00bb ; que la notification des droits li\u00e9s au placement en r\u00e9tention de l'int\u00e9ress\u00e9 visait au titre des organisations et autorit\u00e9s habilit\u00e9s \u00e0 \u00eatre pr\u00e9sents dans les centres de r\u00e9tention administrative, les associations et organismes suivants : forum r\u00e9fugi\u00e9s G..., France Terre d'Asile, le d\u00e9fenseur des droits, le contr\u00f4leur g\u00e9n\u00e9ral des lieux de privation de libert\u00e9, M\u00e9decins sans Fronti\u00e8res ; qu'il \u00e9tait reconnu par le pr\u00e9fet de la Martinique que M. D... n'avait pas eu un acc\u00e8s effectif aux associations habilit\u00e9es ; que peu importait qu'il ait pu s'entretenir avec le repr\u00e9sentant d'une association tierce, circonstance qui ne saurait suppl\u00e9er \u00e0 l'acc\u00e8s \u00e0 une association ou un organisme habilit\u00e9 au sens de la directive 2008/115/CE du 16 d\u00e9cembre 2008 ; qu'il convenait en cons\u00e9quence de dire n'y avoir lieu \u00e0 nullit\u00e9 de l'ordonnance d\u00e9f\u00e9r\u00e9e ;",
        "ET AUX MOTIFS EVENTUELLEMENT ADOPTES QU'il suffisait de constater que le droit d'acc\u00e8s \u00e0 des associations d'aide au retenu n'avait pas \u00e9t\u00e9 effectif au profit de M. D... ;",
        "1\u00b0 ALORS OU'en application de l'article 16 de la directive 2008/115/CE, l'\u00e9tranger doit \u00eatre inform\u00e9 de son droit de contacter diff\u00e9rentes organisations et instances susceptibles d'intervenir dans un centre de r\u00e9tention et mis en mesure de l'exercer ; qu'en ayant retenu que M. B... D... n'avait pas eu un acc\u00e8s effectif aux associations habilit\u00e9es \u00e0 \u00eatre pr\u00e9sentes en centres de r\u00e9tention, quand l'\u00e9tranger avait eu communication des noms et coordonn\u00e9es des cinq associations et organismes qu'il pouvait contacter librement, le conseiller d\u00e9l\u00e9gu\u00e9 a viol\u00e9 l'article 16 de la directive \u00ab retour \u00bb susvis\u00e9e ;",
        "2\u00b0 ALORS QUE le choix fait par un \u00e9tranger plac\u00e9 en r\u00e9tention administrative de faire appel, pour l'assister, \u00e0 une association non habilit\u00e9e pour \u00eatre pr\u00e9sente en centre de r\u00e9tention, ne caract\u00e9rise pas une violation de ses droits en r\u00e9tention, d\u00e8s lors qu'il a eu communication des noms et coordonn\u00e9es des associations et organismes habilit\u00e9s ; qu'en d\u00e9duisant du seul fait que M. D... avait fait appel \u00e0 l'Association des Ha\u00eftiens de Martinique, une violation de son droit \u00e0 un acc\u00e8s effectif aux associations et organismes habilit\u00e9s pour \u00eatre pr\u00e9sents en centres de r\u00e9tention, le conseiller d\u00e9l\u00e9gu\u00e9 a viol\u00e9 l'article 16 de la directive 2008/115/CE;",
        "3\u00b0 ALORS QUE les juges du fond ne peuvent d\u00e9naturer les \u00e9critures des parties ; qu'en \u00e9non\u00e7ant que le pr\u00e9fet de la Martinique avait lui-m\u00eame reconnu que M. D... n'avait pas eu un acc\u00e8s effectif aux associations habilit\u00e9es pour \u00eatre pr\u00e9sentes en centres de r\u00e9tention, quand, bien au contraire, le pr\u00e9fet avait \u00e9nonc\u00e9 que \u00ab l'int\u00e9ress\u00e9 a eu connaissance de ses droits en r\u00e9tention notamment son droit d'\u00eatre aid\u00e9 par une association dont la liste lui a \u00e9t\u00e9 fournie et qu'il a lui-m\u00eame sign\u00e9e \u00bb, le conseiller d\u00e9l\u00e9gu\u00e9 a d\u00e9natur\u00e9 les \u00e9critures d'appel de l'exposant, en violation de l'article 4 du code de proc\u00e9dure civile."
    ]
}