{
    "decision-0": [
        "CIV. 1",
        "LM",
        "COUR DE CASSATION",
        "______________________",
        "Audience publique du 13 avril 2016",
        "Cassation partielle sans renvoi",
        "Mme BATUT, pr\u00e9sident",
        "Arr\u00eat n\u00b0 421 F-D",
        "Pourvoi n\u00b0 E 15-50.020",
        "R \u00c9 P U B L I Q U E F R A N \u00c7 A I S E",
        "_________________________",
        "AU NOM DU PEUPLE FRAN\u00c7AIS",
        "_________________________",
        "LA COUR DE CASSATION, PREMI\u00c8RE CHAMBRE CIVILE, a rendu l'arr\u00eat suivant :",
        "Statuant sur le pourvoi form\u00e9 par le procureur g\u00e9n\u00e9ral pr\u00e8s la cour d'appel de Colmar, dont le si\u00e8ge est [Adresse 2],",
        "contre l'ordonnance rendue le 3 mars 2015 par le premier pr\u00e9sident de la cour d'appel de Colmar, dans le litige l'opposant \u00e0 M. [F] [W], domicili\u00e9 association Le Pont, [Adresse 1],",
        "d\u00e9fendeur \u00e0 la cassation ;",
        "Le demandeur invoque, \u00e0 l'appui de son pourvoi, le moyen unique de cassation annex\u00e9 au pr\u00e9sent arr\u00eat ;",
        "Vu la communication faite au procureur g\u00e9n\u00e9ral ;",
        "LA COUR, en l'audience publique du 15 mars 2016, o\u00f9 \u00e9taient pr\u00e9sentes : Mme Batut, pr\u00e9sident, Mme Gargoullaud, conseiller r\u00e9f\u00e9rendaire rapporteur, Mme Bignon, conseiller doyen, Mme Nguyen, greffier de chambre ;",
        "Sur le rapport de Mme Gargoullaud, conseiller r\u00e9f\u00e9rendaire, l'avis de M. Sassoust, avocat g\u00e9n\u00e9ral, et apr\u00e8s en avoir d\u00e9lib\u00e9r\u00e9 conform\u00e9ment \u00e0 la loi ;"
    ],
    "decision-1": [
        "Vu l'article 5 de la Convention de sauvegarde des droits de l'homme et des libert\u00e9s fondamentales ;"
    ],
    "decision-2": [
        "Attendu, selon l'ordonnance attaqu\u00e9e, rendue par un premier pr\u00e9sident, et les pi\u00e8ces de la proc\u00e9dure, que M. [W], de nationalit\u00e9 marocaine, en situation irr\u00e9guli\u00e8re sur le territoire national et qui \u00e9tait vis\u00e9 par une fiche de recherche, a \u00e9t\u00e9 interpell\u00e9 par les services de police, sur instructions d'un officier de police judiciaire, et plac\u00e9, d'abord en retenue pour v\u00e9rification de son droit au s\u00e9jour, sur le fondement de l'article L. 611-1-1 du code de l'entr\u00e9e et du s\u00e9jour des \u00e9trangers et du droit d'asile, puis en r\u00e9tention administrative ;",
        "Attendu que, pour rejeter la demande de prolongation de cette mesure, l'ordonnance retient que c'est \u00e0 bon droit que M. [W] soul\u00e8ve le caract\u00e8re d\u00e9loyal de son interpellation effectu\u00e9e \u00e0 la sortie des locaux d'une association humanitaire, d\u00e8s lors que les policiers \u00e9taient inform\u00e9s de ce qu'il avait l'habitude d'y prendre ses repas et d'y recevoir sa correspondance et que son interpellation \u00e9tait exclusivement motiv\u00e9e par son s\u00e9jour irr\u00e9gulier ;"
    ],
    "decision-3": [
        "Qu'en statuant ainsi, alors qu'il ressort des pi\u00e8ces de la proc\u00e9dure que l'interpellation est intervenue conform\u00e9ment aux instructions d'un officier de police judiciaire, sans qu'aucune manoeuvre d\u00e9loyale ne puisse \u00eatre reproch\u00e9e \u00e0 l'administration, le premier pr\u00e9sident a viol\u00e9, par fausse application, le texte susvis\u00e9 ;",
        "Et vu les articles L. 411-3 du code de l'organisation judiciaire et 1015 du code de proc\u00e9dure civile ;",
        "Attendu que les d\u00e9lais de r\u00e9tention \u00e9tant \u00e9coul\u00e9s, il ne reste rien \u00e0 juger ;"
    ],
    "decision-4": [
        "PAR CES MOTIFS, sans qu'il y ait lieu de statuer sur les autres griefs :",
        "CASSE ET ANNULE, sauf en ce qu'elle d\u00e9clare l'appel recevable, l'ordonnance rendue le 3 mars 2015, entre les parties, par le premier pr\u00e9sident de la cour d'appel de Colmar ;",
        "DIT n'y avoir lieu \u00e0 renvoi ;",
        "Dit que sur les diligences du procureur g\u00e9n\u00e9ral pr\u00e8s la Cour de cassation, le pr\u00e9sent arr\u00eat sera transmis pour \u00eatre transcrit en marge ou \u00e0 la suite de la ordonnance partiellement cass\u00e9e ;",
        "Ainsi fait et jug\u00e9 par la Cour de cassation, premi\u00e8re chambre civile, et prononc\u00e9 par le pr\u00e9sident en son audience publique du treize avril deux mille seize."
    ],
    "decision-5": [
        "MOYEN ANNEXE au pr\u00e9sent arr\u00eat",
        "Moyen produit par le procureur g\u00e9n\u00e9ral pr\u00e8s la cour d'appel de Colmar",
        "DANS UN MOYEN UNIQUE, il est fait grief \u00e0 l'ordonnance attaqu\u00e9e d'avoir viol\u00e9 l'article 14 du Code de Proc\u00e9dure P\u00e9nale en ce que le conseiller d\u00e9l\u00e9gu\u00e9 du Premier Pr\u00e9sident a infirm\u00e9 l'ordonnance de premi\u00e8re instance et ordonn\u00e9 la remise en libert\u00e9 de [F] [W] AU MOTIF \u00ab que c'est \u00e0 bon droit que M. [F] [W] soul\u00e8ve le caract\u00e8re d\u00e9loyal de son interpellation effectu\u00e9e \u00e0 la sortie des locaux de l'accueil de jour de l'association Le Pont, association humanitaire ayant une action d'aide aux populations d\u00e9favoris\u00e9es, alors que les policiers \u00e9taient inform\u00e9s de ce qu'il avait l'habitude d'y prendre ses repas et d'y recevoir son courrier et que son interpellation \u00e9tait exclusivement motiv\u00e9e par son s\u00e9jour irr\u00e9gulier \u00bb,",
        "ALORS QUE la notion de loyaut\u00e9 de l'interpellation ne r\u00e9sulte pas du texte susvis\u00e9,",
        "ALORS QUE la circulaire du 23 novembre 2009 qui qualifie \u00ab d'inopportuns \u00bb les contr\u00f4les d'identit\u00e9 et les interpellations \u00e0 proximit\u00e9 des lieux d'intervention des associations humanitaires, invoqu\u00e9e par le d\u00e9fendeur, n'emporte pas de cons\u00e9quences juridiques sur la l\u00e9galit\u00e9 de l'interpellation d'une personne contre laquelle il existe une ou plusieurs raisons plausibles de soup\u00e7onner qu'elle a commis un d\u00e9lit, en l'occurrence celui de s'\u00eatre maintenu sur le territoire fran\u00e7ais malgr\u00e9 l'obligation qui lui avait \u00e9t\u00e9 faite de le quitter, que cette m\u00eame circulaire pr\u00e9cise que \u00ab l'existence d'une immunit\u00e9 accord\u00e9e aux actions associatives \u00e0 vis\u00e9e humanitaire ne saurait en effet conduire \u00e0 une protection absolue des lieux o\u00f9 elles exercent leur mission mais plut\u00f4t \u00e0 envisager avec prudence les interventions en ces lieux. \u00bb",
        "Et ALORS QUE l'interpellation de [F] [W] ne r\u00e9sulte pas d'un stratag\u00e8me organis\u00e9 par le service de police, que l'int\u00e9ress\u00e9 se trouvait sur les lieux de l'interpellation de son propre chef sans que les services de police n'aient mis en place un quelconque traquenard pour faciliter son interpellation ; qu'en cr\u00e9ant une interdiction de proc\u00e9der \u00e0 l'interpellation \u00e0 proximit\u00e9 de certains lieux (en l'occurrence le lieu d'intervention d'une association caritative) d'une personne identifi\u00e9e comme ayant commis une infraction, le juge d'appel a cr\u00e9\u00e9 des dispositions non pr\u00e9vues par les textes, et plus particuli\u00e8rement par l'article 14 du code de proc\u00e9dure p\u00e9nale, dont la cons\u00e9quence est de priver les forces de l'ordre de la possibilit\u00e9 de remplir leurs missions en certains lieux du territoire."
    ]
}