{
    "decision-0": [
        "CIV. 1",
        "MF",
        "COUR DE CASSATION",
        "______________________",
        "Audience publique du 4 janvier 2017",
        "Rejet",
        "Mme BATUT, pr\u00e9sident",
        "Arr\u00eat n\u00b0 20 F-D",
        "Pourvoi n\u00b0 H 15-13.383",
        "Aide juridictionnelle totale en d\u00e9fense",
        "au profit de M. [X].",
        "Admission du bureau d'aide juridictionnelle",
        "pr\u00e8s la Cour de cassation",
        "en date du 31 d\u00e9cembre 2015.",
        "R \u00c9 P U B L I Q U E F R A N \u00c7 A I S E",
        "_________________________",
        "AU NOM DU PEUPLE FRAN\u00c7AIS",
        "_________________________",
        "LA COUR DE CASSATION, PREMI\u00c8RE CHAMBRE CIVILE, a rendu l'arr\u00eat suivant :",
        "Statuant sur le pourvoi form\u00e9 par le d\u00e9partement du Puy-de-D\u00f4me, dont le si\u00e8ge est service d'aide sociale \u00e0 l'enfance, [Adresse 1],",
        "contre l'arr\u00eat rendu le 16 d\u00e9cembre 2014 par la cour d'appel de Riom (chambre assistance \u00e9ducative des mineurs), dans le litige l'opposant :",
        "1\u00b0/ \u00e0 M. [D] [G] [X], domicili\u00e9 chez M. [F] [N], [Adresse 2],",
        "2\u00b0/ au procureur g\u00e9n\u00e9ral pr\u00e8s la cour d'appel de Riom, domicili\u00e9 [Adresse 3],",
        "d\u00e9fendeurs \u00e0 la cassation ;",
        "Le demandeur invoque, \u00e0 l'appui de son pourvoi, le moyen unique de cassation annex\u00e9 au pr\u00e9sent arr\u00eat ;",
        "Vu la communication faite au procureur g\u00e9n\u00e9ral ;",
        "LA COUR, en l'audience publique du 22 novembre 2016, o\u00f9 \u00e9taient pr\u00e9sents : Mme Batut, pr\u00e9sident, Mme Gargoullaud, conseiller r\u00e9f\u00e9rendaire rapporteur, M. Matet, conseiller doyen, Mme Pecquenard, greffier de chambre ;",
        "Sur le rapport de Mme Gargoullaud, conseiller r\u00e9f\u00e9rendaire, les observations de la SCP Garreau, Bauer-Violas et Feschotte-Desbois, avocat du d\u00e9partement du Puy-de-D\u00f4me, de la SCP Masse-Dessen, Thouvenin et Coudray, avocat de M. [X], l'avis de Mme Ancel, avocat g\u00e9n\u00e9ral r\u00e9f\u00e9rendaire, et apr\u00e8s en avoir d\u00e9lib\u00e9r\u00e9 conform\u00e9ment \u00e0 la loi ;"
    ],
    "decision-1": [
        "Sur le moyen unique, ci-apr\u00e8s annex\u00e9 :"
    ],
    "decision-2": [
        "Attendu, selon l'arr\u00eat attaqu\u00e9 (Riom, 16 d\u00e9cembre 2014), que par jugement du 15 mai 2014, le juge des enfants a ordonn\u00e9 une mesure d'assistance \u00e9ducative \u00e0 l'\u00e9gard de M. [D] [G] [X], n\u00e9 le [Date naissance 1] 1998 \u00e0 [Localit\u00e9 1] (Angola) ;"
    ],
    "decision-3": [
        "Attendu que le d\u00e9partement fait grief \u00e0 l'arr\u00eat de confirmer cette mesure ;"
    ],
    "decision-4": [
        "Attendu, d'abord, que, sous le couvert de griefs non fond\u00e9s de violation de la loi, le moyen, en ses deux premi\u00e8res branches, ne tend qu'\u00e0 remettre en discussion, devant la Cour de cassation, les appr\u00e9ciations de la cour d'appel qui, au vu des \u00e9l\u00e9ments vers\u00e9s aux d\u00e9bats, a souverainement estim\u00e9 que l'int\u00e9ress\u00e9 \u00e9tait mineur ;",
        "Attendu, ensuite, que le grief de la troisi\u00e8me branche n'est manifestement pas de nature \u00e0 entra\u00eener la cassation ;",
        "D'o\u00f9 il suit que le moyen ne peut \u00eatre accueilli ;"
    ],
    "decision-5": [
        "PAR CES MOTIFS :",
        "REJETTE le pourvoi ;",
        "Condamne le d\u00e9partement du Puy-de-D\u00f4me aux d\u00e9pens ;",
        "Vu l'article 700 du code de proc\u00e9dure civile, rejette les demandes ;",
        "Ainsi fait et jug\u00e9 par la Cour de cassation, premi\u00e8re chambre civile, et prononc\u00e9 par le pr\u00e9sident en son audience publique du quatre janvier deux mille dix-sept."
    ],
    "decision-6": [
        "MOYEN ANNEXE au pr\u00e9sent arr\u00eat",
        "Moyen produit par la SCP Garreau, Bauer-Violas et Feschotte-Desbois, avocat aux Conseils, pour le d\u00e9partement du Puy-de-D\u00f4me.",
        "Il est fait grief \u00e0 l'arr\u00eat confirmatif attaqu\u00e9 d'avoir admis M. [D] [G] [X] au b\u00e9n\u00e9fice d'un placement aupr\u00e8s des services de l'Aide Sociale \u00e0 l'Enfance du D\u00e9partement du Puy-de-D\u00f4me,",
        "AUX MOTIFS PROPRES QUE",
        "\u00ab le juge des enfants est charg\u00e9 d'une mission capitale dans notre soci\u00e9t\u00e9, celle d'assurer la protection des mineurs en danger et d'intervenir d\u00e8s lors que la sant\u00e9, la moralit\u00e9, la s\u00e9curit\u00e9 ou l'\u00e9ducation d'un mineur sont compromises. Cette mission ne se limite pas aux mineurs fran\u00e7ais, mais s'\u00e9tend bien entendu aux mineurs de toutes nationalit\u00e9s pr\u00e9sents sur le territoire fran\u00e7ais. Pour appr\u00e9cier la minorit\u00e9 d'un individu, le juge des enfants, qui n'est ni une autorit\u00e9 administrative, ni un juge charg\u00e9 de statuer sur l'\u00e9tat des personnes, n'a pas \u00e0 se fonder sur les r\u00e8gles de proc\u00e9dure concernant l'opposabilit\u00e9 des actes \u00e9trangers ou leur validit\u00e9 en France, la nature et le caract\u00e8re sup\u00e9rieur de sa mission lui imposant d'intervenir d\u00e8s lors qu'un individu all\u00e8gue de sa minorit\u00e9, sauf \u00e0 ce qu'il soit d\u00e9montr\u00e9 que l'individu est en r\u00e9alit\u00e9 majeur.",
        "Pour les motifs sus-\u00e9voqu\u00e9s, les arguments tir\u00e9s de l'absence de l\u00e9galisation de l'acte produit par [D] [G] [X] et de son absence de visa par les autorit\u00e9s angolaises sont inop\u00e9rants.",
        "Il convient de rechercher si les \u00e9l\u00e9ments du dossier \u00e9tablissent que contrairement \u00e0 ses d\u00e9clarations, [D] [G] [X] est majeur.",
        "Celui-ci produit un document dont les services de la PAF indiquent qu'il pr\u00e9sente des \u00e9l\u00e9ments permettant de douter de son authenticit\u00e9 en se fondant sur des indices tir\u00e9s de leur exp\u00e9rience professionnelle, mais qui demeurent inv\u00e9rifiables ; que seule une expertise ou la consultation des autorit\u00e9s consulaires angolaises sur l'authenticit\u00e9 du document serait susceptible d'attester de son caract\u00e8re frauduleux ; que l'interrogation des m\u00eames autorit\u00e9s aurait permis de savoir si l'identit\u00e9 fournie par [D] [G] [X] correspondait \u00e0 un \u00e9tat civil enregistr\u00e9 en Angola.",
        "S'agissant de l'expertise osseuse de [D] [G] [X], elle ne peut \u00eatre consid\u00e9r\u00e9e comme une d\u00e9monstration scientifique, comme l'indique d'ailleurs le r\u00e9dacteur de l'analyse, qui pr\u00e9cise que l'\u00e2ge osseux ne peut \u00eatre formellement rapproch\u00e9 de l'\u00e2ge civil. Qu'il convient de rappeler que cette d\u00e9termination se fonde notamment sur des tables de Pyle \u00e9tablies d'apr\u00e8s la fusion des cartilages du poignet d'une population d'individus de race blanche d'origine europ\u00e9enne et issus de milieux ais\u00e9s et qu'aucune analyse similaire n'a \u00e9t\u00e9 men\u00e9e pour les populations africaines ; que par ailleurs, cette d\u00e9termination statistique ne tient pas compte des particularit\u00e9s individuelles qui peuvent r\u00e9sulter d'une alimentation carenc\u00e9e ou de maladies. Cette d\u00e9termination de l'\u00e2ge osseux ne permet en cons\u00e9quence pas d'\u00e9tablir la majorit\u00e9 de [D] [G] [X].",
        "Enfin, concernant les incoh\u00e9rences des d\u00e9clarations de [D] [G] [X], s'il est exact qu'il fournit une version peu cr\u00e9dible des conditions de son arriv\u00e9e en France, s'agissant en particulier du caract\u00e8re b\u00e9n\u00e9vole de l'intervention d'un passeur, ces incoh\u00e9rences peuvent r\u00e9sulter de la volont\u00e9 de l'int\u00e9ress\u00e9 de dissimuler le recours \u00e0 un r\u00e9seau, lequel n'est nullement incompatible avec sa minorit\u00e9 \u00bb,",
        "ET AUX MOTIFS ADOPTES QUE",
        "\u00ab le Minist\u00e8re Public versait au dossier l'expertise osseuse qui n'avait pas de caract\u00e8re probant, puisqu'elle notait qu'en raison de certaines variations, l'\u00e2ge osseux ne pouvait formellement \u00eatre rapproch\u00e9 de l'\u00e2ge civil et qu'en toute hypoth\u00e8se, une telle expertise, avec sa marge d'erreur, n'est pas susceptible de combattre utilement des documents officiels dont la preuve de la falsification n'est pas d\u00e9montr\u00e9e.",
        "Or, si l'enqu\u00eate p\u00e9nale estime que l'acte de naissance de l'int\u00e9ress\u00e9, par sa typographie et ses caract\u00e8res, pr\u00e9sente des incoh\u00e9rences, [D] [G] [X] ne fait pas l'objet de poursuites devant le tribunal p\u00e9nal du chef de faux et encore moins d'une condamnation et est donc d\u00e8s lors pr\u00e9sum\u00e9 innocent et en cons\u00e9quence, pr\u00e9sum\u00e9 mineur.",
        "Il convient donc de lui garantir la protection due \u00e0 tout mineur se trouvant sur le territoire fran\u00e7ais sans repr\u00e9sentant de l'autorit\u00e9 parentale et d\u00e8s lors, de le confier \u00e0 l'ASE \u00bb,",
        "ALORS, D'UNE PART, QUE pour faire foi des mentions qui y figurent, l'acte d'\u00e9tat civil \u00e9tranger sur la base duquel sont sollicit\u00e9es des mesures de protection des mineurs isol\u00e9s \u00e9trangers doit avoir \u00e9t\u00e9 r\u00e9dig\u00e9 dans les formes usit\u00e9es dans le pays d'origine de l'\u00e9tranger qui l'invoque ; que dans ses \u00e9critures d'appel, l'exposant faisait express\u00e9ment valoir que le Minist\u00e8re des Relations ext\u00e9rieures de la r\u00e9publique d'Angola requ\u00e9rait l'apposition d'un visa sur les documents d'\u00e9tat civil angolais pour que ceux-ci acqui\u00e8rent une valeur officielle, ce qui n'\u00e9tait pas le cas du [E] [M] de M. [G] [X], qui ne pouvait d\u00e8s lors pr\u00e9tendre au b\u00e9n\u00e9fice de la protection des mineurs isol\u00e9s \u00e9trangers ; qu'en \u00e9cartant ce moyen au motif qu'il serait inop\u00e9rant, le juge des enfants n'ayant pas \u00e0 se prononcer sur les r\u00e8gles de proc\u00e9dure concernant l'opposabilit\u00e9 des actes \u00e9trangers ou leur validit\u00e9 en France, cependant qu'il incombait pr\u00e9cis\u00e9ment au juge des enfants, pour se prononcer sur l'admission ou non de M. [D] [G] [X] au b\u00e9n\u00e9fice de la protection des mineurs isol\u00e9s \u00e9trangers, de v\u00e9rifier la conformit\u00e9 du document d'\u00e9tat civil produit par l'int\u00e9ress\u00e9 aux formes usit\u00e9es dans son pays d'origine, la cour d'appel a viol\u00e9 les articles 47 du code civil et l'article L. 111-6 du code de l'entr\u00e9e et du s\u00e9jour des \u00e9trangers et du droit d'asile,",
        "ALORS, D'AUTRE PART, QUE tenu de trancher le litige qui lui est soumis, le juge ne peut \u00e9carter la pr\u00e9tention d'une partie sous couvert de l'absence de preuve du d\u00e9faut d'authenticit\u00e9 all\u00e9gu\u00e9 d'un acte d'\u00e9tat civil \u00e9tranger tout en relevant qu'une expertise ou l'interrogation des autorit\u00e9s consulaires aurait permis d'en v\u00e9rifier l'authenticit\u00e9 ; qu'en \u00e9cartant la preuve du caract\u00e8re frauduleux de l'acte d'\u00e9tat civil produit par M. [G] [X] au motif que le document vers\u00e9 aux d\u00e9bats pour rapporter cette preuve, \u00e9tabli par la Police aux Fronti\u00e8res, reposait sur des \u00e9l\u00e9ments inv\u00e9rifiables, tout en relevant que seule une expertise ou la consultation des autorit\u00e9s consulaires angolaises sur l'authenticit\u00e9 du document serait susceptible d'\u00e9tablir son caract\u00e8re frauduleux et que l'interrogation des m\u00eames autorit\u00e9s aurait permis de savoir si l'identit\u00e9 fournie par [D] [G] [X] correspondait \u00e0 un \u00e9tat civil enregistr\u00e9 en Angola, la cour d'appel, \u00e0 qui il incombait de proc\u00e9der \u00e0 la mesure d'instruction ainsi envisag\u00e9e pour trancher la contestation relative au caract\u00e8re frauduleux de l'acte litigieux, a manqu\u00e9 \u00e0 son office en violation de l'article 4 du code civil,",
        "ALORS, ENCORE, QUE la reconnaissance du caract\u00e8re frauduleux d'un acte de l'\u00e9tat civil \u00e9tranger n'est pas subordonn\u00e9e \u00e0 l'existence de poursuites p\u00e9nales ou d'une condamnation pour faux ; qu'en admettant M. [D] [G] [X] au b\u00e9n\u00e9fice des mesures de protection des mineurs isol\u00e9s \u00e9trangers sur la base du [E] [M] dont l'authenticit\u00e9 \u00e9tait douteuse, au motif qu'aucune poursuite p\u00e9nale pour faux n'aurait \u00e9t\u00e9 engag\u00e9e, ni aucune condamnation prononc\u00e9e de ce chef, apr\u00e8s avoir pourtant relev\u00e9 que ce document d'\u00e9tat civil produit par l'int\u00e9ress\u00e9 comportait des incoh\u00e9rences, la cour d'appel a viol\u00e9 l'article 47 du code civil."
    ]
}