{
    "decision-0": [
        "CIV. 1",
        "LM",
        "COUR DE CASSATION",
        "______________________",
        "Audience publique du 6 juillet 2016",
        "Rejet",
        "Mme BATUT, pr\u00e9sident",
        "Arr\u00eat n\u00b0 844 F-P+B",
        "Pourvoi n\u00b0 S 15-22.868",
        "Aide juridictionnelle totale en demande",
        "au profit de M. Y... A... .",
        "Admission du bureau d'aide juridictionnelle",
        "pr\u00e8s la Cour de cassation",
        "en date du 2 juin 2015.",
        "R \u00c9 P U B L I Q U E F R A N \u00c7 A I S E",
        "_________________________",
        "AU NOM DU PEUPLE FRAN\u00c7AIS",
        "_________________________",
        "LA COUR DE CASSATION, PREMI\u00c8RE CHAMBRE CIVILE, a rendu l'arr\u00eat suivant :",
        "Statuant sur le pourvoi form\u00e9 par M. Y... A..., domicili\u00e9 chez Mme V... G..., [...] ,",
        "contre l'ordonnance rendue le 22 d\u00e9cembre 2014 par le premier pr\u00e9sident de la cour d'appel de Lyon, dans le litige l'opposant :",
        "1\u00b0/ au pr\u00e9fet du Rh\u00f4ne, domicili\u00e9 [...] ,",
        "2\u00b0/ au procureur g\u00e9n\u00e9ral pr\u00e8s de la cour d'appel de Lyon, domicili\u00e9 [...] ,",
        "d\u00e9fendeurs \u00e0 la cassation ;",
        "Le demandeur invoque, \u00e0 l'appui de son pourvoi, le moyen unique de cassation annex\u00e9 au pr\u00e9sent arr\u00eat ;",
        "Vu la communication faite au procureur g\u00e9n\u00e9ral ;",
        "LA COUR, en l'audience publique du 7 juin 2016, o\u00f9 \u00e9taient pr\u00e9sentes : Mme Batut, pr\u00e9sident, Mme Gargoullaud, conseiller r\u00e9f\u00e9rendaire rapporteur, Mme Bignon, conseiller doyen, Mme Nguyen, greffier de chambre ;",
        "Sur le rapport de Mme Gargoullaud, conseiller r\u00e9f\u00e9rendaire, les observations de la SCP Gatineau et Fattaccini, avocat de M. A..., et apr\u00e8s en avoir d\u00e9lib\u00e9r\u00e9 conform\u00e9ment \u00e0 la loi ;"
    ],
    "decision-1": [
        "Attendu, selon l'ordonnance attaqu\u00e9e (Lyon, 22 d\u00e9cembre 2014), rendue par un premier pr\u00e9sident, et les pi\u00e8ces de la proc\u00e9dure, que M. A..., de nationalit\u00e9 b\u00e9ninoise, en situation irr\u00e9guli\u00e8re en France, a \u00e9t\u00e9 interpell\u00e9 \u00e0 l'occasion d'un contr\u00f4le d'identit\u00e9 et plac\u00e9 en retenue pour v\u00e9rification de son droit au s\u00e9jour ; qu'un pr\u00e9fet a pris \u00e0 son encontre une d\u00e9cision portant obligation de quitter le territoire fran\u00e7ais, puis une d\u00e9cision de placement en r\u00e9tention ;"
    ],
    "decision-2": [
        "Sur le moyen unique, pris en sa premi\u00e8re branche :",
        "Attendu que M. A... fait grief \u00e0 l'ordonnance de prolonger cette mesure, alors, selon le moyen, que porte n\u00e9cessairement atteinte aux droits de l'\u00e9tranger retenu la prise de ses empreintes digitales tandis m\u00eame que cette mesure ne constituait pas l'unique moyen d'\u00e9tablir la situation de ce dernier ; qu'en l'esp\u00e8ce, le premier pr\u00e9sident a admis que la prise des empreintes de M. A... \u00e9tait irr\u00e9guli\u00e8re dans la mesure o\u00f9 elle ne constituait pas l'unique moyen d'\u00e9tablir sa situation, l'identit\u00e9 fournie spontan\u00e9ment ayant permis de retrouver sans difficult\u00e9 le dossier administratif de la pr\u00e9fecture ; qu'en refusant cependant d'annuler la proc\u00e9dure au motif qu'il ne serait r\u00e9sult\u00e9 de cette irr\u00e9gularit\u00e9 aucune atteinte aux droits de M. A..., la prise d'empreintes n'ayant donn\u00e9 lieu qu'\u00e0 une simple comparaison et n'ayant fait l'objet d'aucun enregistrement ni d'aucune conservation, le premier pr\u00e9sident a viol\u00e9 les articles L. 552-13 et L. 611-1-1 du code de l'entr\u00e9e et du s\u00e9jour des \u00e9trangers et du droit d'asile ;"
    ],
    "decision-3": [
        "Mais attendu que, lorsqu'il constate une irr\u00e9gularit\u00e9 des actes de proc\u00e9dure pr\u00e9alables au placement en r\u00e9tention, il incombe au juge de rechercher si celle-ci a eu pour effet de porter atteinte aux droits de l'\u00e9tranger, au sens de l'article L. 552-13 du code de l'entr\u00e9e et du s\u00e9jour des \u00e9trangers et du droit d'asile ; qu'ayant relev\u00e9 que les empreintes digitales irr\u00e9guli\u00e8rement recueillies avaient donn\u00e9 lieu \u00e0 une simple comparaison et n'avaient fait l'objet d'aucun enregistrement ni d'aucune conservation, le premier pr\u00e9sident a pu en d\u00e9duire qu'il n'\u00e9tait r\u00e9sult\u00e9 de cette irr\u00e9gularit\u00e9 aucune atteinte \u00e0 la vie priv\u00e9e de l'int\u00e9ress\u00e9 ; qu'en sa premi\u00e8re branche, le moyen n'est pas fond\u00e9 ;"
    ],
    "decision-4": [
        "Sur les autres branches du moyen, ci-apr\u00e8s annex\u00e9 :"
    ],
    "decision-5": [
        "Attendu que ces griefs ne sont manifestement pas de nature \u00e0 entra\u00eener la cassation ;"
    ],
    "decision-6": [
        "PAR CES MOTIFS :",
        "REJETTE le pourvoi ;",
        "Vu l'article 700 du code de proc\u00e9dure civile, rejette la demande ;",
        "Ainsi fait et jug\u00e9 par la Cour de cassation, premi\u00e8re chambre civile, et prononc\u00e9 par le pr\u00e9sident en son audience publique du six juillet deux mille seize."
    ],
    "decision-7": [
        "MOYEN ANNEXE au pr\u00e9sent arr\u00eat",
        "Moyen produit par la SCP Gatineau et Fattaccini, avocat aux Conseils, pour M. A...",
        "Il est fait grief \u00e0 l'ordonnance attaqu\u00e9e d'AVOIR confirm\u00e9 l'ordonnance du juge des libert\u00e9s et de la d\u00e9tention du tribunal de grande instance de Lyon ayant rejet\u00e9 l'exception de nullit\u00e9 soulev\u00e9e par M. A... et ordonn\u00e9 la prolongation du maintien de ce dernier dans des locaux non p\u00e9nitentiaires pour un d\u00e9lai maximum de 20 jours \u00e0 compter de l'expiration du d\u00e9lai initial de 5 jours ;",
        "AUX MOTIFS PROPRES QU' \u00ab aux termes de l'article L. 611-1-1 du code de l'entr\u00e9e et du s\u00e9jour des \u00e9trangers et du droit d'asile : \u00ab Si l'\u00e9tranger ne fournit pas d'\u00e9l\u00e9ments permettant d'appr\u00e9cier son droit de circulation ou de s\u00e9jour, les op\u00e9rations de v\u00e9rification peuvent donner lieu, apr\u00e8s information du procureur de la R\u00e9publique, \u00e0 la prise d'empreintes digitales ou de photographies lorsque celle-ci constitue l'unique moyen d'\u00e9tablir la situation de cette personne (\u00bf). Les prescriptions \u00e9num\u00e9r\u00e9es au pr\u00e9sent article sont impos\u00e9es \u00e0 peine de nullit\u00e9, sous r\u00e9serve des dispositions de l'article L. 552-13 \u00bb. Aux termes de l'article L. 552-13 du code de l'entr\u00e9e et du s\u00e9jour des \u00e9trangers et du droit d'asile : En cas de violation des formes prescrites par la loi \u00e0 peine de nullit\u00e9 ou d'inobservation des formalit\u00e9s substantielles, toute juridiction, y compris la Cour de cassation, qui est saisie d'une demande d'annulation ou qui rel\u00e8ve d'office une telle irr\u00e9gularit\u00e9 ne peut prononcer la mainlev\u00e9e de la mesure de placement en r\u00e9tention que lorsque celle-ci a eu pour effet de porter atteinte aux droits de l'\u00e9tranger. En l'esp\u00e8ce, il r\u00e9sulte de la proc\u00e9dure qu'une personne disant se d\u00e9nommer A... Y... a fait l'objet d'un contr\u00f4le d'identit\u00e9 en gare de Lyon Part Dieu, le dimanche 14 d\u00e9cembre 2014 \u00e0 7 h 20, par les services de police dans le cadre d'une r\u00e9quisition du procureur de la R\u00e9publique de Lyon prise en application des dispositions de l'article 78-2 alin\u00e9a 6 du code de proc\u00e9dure p\u00e9nale. M. A... ne poss\u00e9dant ni document d'identit\u00e9 ou de voyage a pr\u00e9sent\u00e9 une carte vitale \u00e0 son nom et a indiqu\u00e9 aux policiers \u00eatre de nationalit\u00e9 b\u00e9ninoise. Les premi\u00e8res v\u00e9rifications sur la base de cette identit\u00e9 ont fait appara\u00eetre l'existence d'un dossier administratif au nom de M. A... ainsi que l'existence d'une fiche de recherche au titre d'une obligation de quitter le territoire fran\u00e7ais en date du 18 octobre 2013, notifi\u00e9 \u00e0 l'int\u00e9ress\u00e9 le 25 octobre 2013. Pr\u00e9sent\u00e9 devant l'officier de police judiciaire, M. A... a fait l'objet d'une mesure de r\u00e9tention aux fins de v\u00e9rification du droit de circulation ou de s\u00e9jour, \u00e0 7 h 50. L'int\u00e9ress\u00e9 a \u00e9t\u00e9 entendu et a confirm\u00e9 son identit\u00e9 et fourni tous les d\u00e9tails et pr\u00e9cisions utiles sur sa situation administrative. A 11 h 35, M. A... a fait l'objet d'une consultation dactyloscopique au fichier automatis\u00e9 des empreintes digitales pour examen de comparaison. Cette consultation a \u00e9t\u00e9 n\u00e9gative, l'identit\u00e9 et les empreintes de M. A... ne figurant pas dans la base de donn\u00e9es du fichier automatis\u00e9. Il r\u00e9sulte de ces \u00e9l\u00e9ments que la prise d'empreintes digitales ne constituait pas l'unique moyen d'\u00e9tablir la situation de cette personne, puisque l'identit\u00e9 fournie a permis de retrouver sans difficult\u00e9 le dossier administratif de la pr\u00e9fecture et de conna\u00eetre la situation de M. A..., \u00e0 savoir une situation irr\u00e9guli\u00e8re. Il serait disproportionn\u00e9 de consid\u00e9rer qu'une personne puisse usurper l'identit\u00e9 d'une autre personne qui fait l'objet d'une obligation de quitter le territoire national. Cependant, il n'est r\u00e9sult\u00e9 de cette irr\u00e9gularit\u00e9 aucune atteinte aux droits, notamment \u00e0 la vie priv\u00e9e de M. A..., puisque la prise d'empreintes n'a donn\u00e9 lieu qu'\u00e0 une simple comparaison et n'a fait l'objet d'aucun enregistrement ni d'aucune conservation \u00bb ;",
        "ET AUX MOTIFS \u00e9ventuellement ADOPTES QUE \u00ab le conseil de M. A... fait valoir que la prise d'empreintes dont il a fait l'objet serait en contradiction avec les dispositions l\u00e9gales puisqu'elles n'\u00e9taient pas n\u00e9cessaires pour l'appr\u00e9ciation de la situation de cet homme qui a donn\u00e9 des indications exactes aux policiers, bien que d\u00e9pourvu de documents d'identit\u00e9 \u00e0 l'exception d'une carte vitale ; il y a lieu de noter qu'il ne s'agit pas en l'esp\u00e8ce d'une prise d'empreintes aux fins d'alimenter le fichier national des empreintes digitales ou un autre fichier, mais seulement d'une comparaison des empreintes digitales de M. A... aux bases de donn\u00e9es informatiques ; d'o\u00f9 il suit qu'il s'agit seulement d'une comparaison d'empreintes afin de savoir si cet homme \u00e9tait d\u00e9j\u00e0 enregistr\u00e9 dans la base de donn\u00e9es ; et non d'une prise d'empreintes ; au demeurant, si les d\u00e9clarations verbales de M. A... sont exactes en elles-m\u00eames, un doute subsistait n\u00e9anmoins sur son identit\u00e9, car une carte vitale, m\u00eame munie d'une photo, n'est pas un instrument probant de l'identit\u00e9 et une usurpation d'identit\u00e9 \u00e9tait tout \u00e0 fait possible ; la consultation du fichier des empreintes digitales \u00e9tait donc le seul moyen totalement fiable de s'assurer de l'identit\u00e9 de la personne pr\u00e9sente devant les policiers \u00bb ;",
        "1\u00b0) ALORS QUE porte n\u00e9cessairement atteinte aux droits de l'\u00e9tranger retenu la prise de ses empreintes digitales tandis m\u00eame que cette mesure ne constituait pas l'unique moyen d'\u00e9tablir la situation de ce dernier ; qu'en l'esp\u00e8ce, le premier pr\u00e9sident a admis que la prise des empreintes de M. A... \u00e9tait irr\u00e9guli\u00e8re dans la mesure o\u00f9 elle ne constituait pas l'unique moyen d'\u00e9tablir sa situation, l'identit\u00e9 fournie spontan\u00e9ment ayant permis de retrouver sans difficult\u00e9 le dossier administratif de la pr\u00e9fecture ; qu'en refusant cependant d'annuler la proc\u00e9dure au motif qu'il ne serait r\u00e9sult\u00e9 de cette irr\u00e9gularit\u00e9 aucune atteinte aux droits de M. A..., la prise d'empreintes n'ayant donn\u00e9 lieu qu'\u00e0 une simple comparaison et n'ayant fait l'objet d'aucun enregistrement ni d'aucune conservation, la premier pr\u00e9sident a viol\u00e9 les articles L. 552-13 et L. 611-1-1 du code de l'entr\u00e9e et du s\u00e9jour des \u00e9trangers et du droit d'asile ;",
        "2\u00b0) ALORS en tout \u00e9tat de cause QUE, tenus de motiver leur d\u00e9cision, les juges du fond ne peuvent affirmer un fait sans viser le moindre \u00e9l\u00e9ment du dossier le leur permettant ; qu'en affirmant que la prise d'empreintes n'avait fait l'objet d'aucun enregistrement ni d'aucune conservation, sans pr\u00e9ciser l'origine de cette affirmation, la cour d'appel a viol\u00e9 l'article 455 du code de proc\u00e9dure civile ;",
        "3\u00b0) ALORS QUE la prise des empreintes digitales est constitu\u00e9e par leur seule collecte et n'implique pas n\u00e9cessairement leur conservation et leur enregistrement dans un fichier ; qu'en affirmant, par motifs \u00e9ventuellement adopt\u00e9s, que, n'\u00e9tant pas pratiqu\u00e9e aux fins d'alimenter le fichier national des empreintes digitales ou un autre fichier, la prise d'empreintes litigieuse n'en \u00e9tait pas une mais constituait seulement une comparaison d'empreintes, la cour d'appel a d\u00e9duit un motif d\u00e9pourvu de toute valeur et a priv\u00e9 sa d\u00e9cision de base l\u00e9gale au regard des articles L. 552-13 et L. 611-1-1 du code de l'entr\u00e9e et du s\u00e9jour des \u00e9trangers et du droit d'asile."
    ]
}