{
    "decision-0": [
        "CIV. 2",
        "CF",
        "COUR DE CASSATION",
        "______________________",
        "Audience publique du 24 novembre 2016",
        "Cassation partielle",
        "Mme FLISE, pr\u00e9sident",
        "Arr\u00eat n\u00b0 1671 F-D",
        "Pourvoi n\u00b0 R 15-26.271",
        "Aide juridictionnelle totale en d\u00e9fense",
        "au profit de Mme [U] [T].",
        "Admission du bureau d'aide juridictionnelle",
        "pr\u00e8s la Cour de cassation",
        "en date du 29 janvier 2016.",
        "R \u00c9 P U B L I Q U E F R A N \u00c7 A I S E",
        "_________________________",
        "AU NOM DU PEUPLE FRAN\u00c7AIS",
        "_________________________",
        "LA COUR DE CASSATION, DEUXI\u00c8ME CHAMBRE CIVILE, a rendu l'arr\u00eat suivant :",
        "Statuant sur le pourvoi form\u00e9 par la caisse d'allocations familiales (CAF) de la Dr\u00f4me, dont le si\u00e8ge est [Adresse 1],",
        "contre l'arr\u00eat rendu le 8 septembre 2015 par la cour d'appel de Grenoble (chambre sociale, section A), dans le litige l'opposant \u00e0 Mme [U] [T], domicili\u00e9e [Adresse 2],",
        "d\u00e9fenderesse \u00e0 la cassation ;",
        "La demanderesse invoque, \u00e0 l'appui de son pourvoi, le moyen unique de cassation annex\u00e9 au pr\u00e9sent arr\u00eat ;",
        "Vu la communication faite au procureur g\u00e9n\u00e9ral ;",
        "LA COUR, en l'audience publique du 19 octobre 2016, o\u00f9 \u00e9taient pr\u00e9sents : Mme Flise, pr\u00e9sident, Mme Olivier, conseiller rapporteur, M. Pr\u00e9tot, conseiller doyen, Mme Szirek, greffier de chambre ;",
        "Sur le rapport de Mme Olivier, conseiller, les observations de la SCP Bor\u00e9 et Salve de Bruneton, avocat de la caisse d'allocations familiales de la Dr\u00f4me, de la SCP de Chaisemartin et Courjon, avocat de Mme [T], l'avis de Mme Lapasset, avocat g\u00e9n\u00e9ral r\u00e9f\u00e9rendaire, et apr\u00e8s en avoir d\u00e9lib\u00e9r\u00e9 conform\u00e9ment \u00e0 la loi ;"
    ],
    "decision-1": [
        "Sur le moyen unique :"
    ],
    "decision-2": [
        "Vu les articles L. 512-2 et D. 512-1 du code de la s\u00e9curit\u00e9 sociale ;",
        "Attendu, selon le premier de ces textes, que les \u00e9trangers non ressortissants d'un Etat membre de l'Union europ\u00e9enne, d'un autre Etat partie \u00e0 l'accord sur l'Espace \u00e9conomique europ\u00e9en ou de la Conf\u00e9d\u00e9ration suisse b\u00e9n\u00e9ficient des prestations familiales pour les enfants dont ils ont la charge, d\u00e8s lors qu'ils sont titulaires de l'un des titres ou documents dont la liste est fix\u00e9e par le second ;"
    ],
    "decision-3": [
        "Attendu que pour faire droit \u00e0 sa demande pour la p\u00e9riode de juillet 2011 \u00e0 f\u00e9vrier 2012, l'arr\u00eat retient qu'en sa qualit\u00e9 de parent d'un enfant fran\u00e7ais mineur r\u00e9sidant en France, elle b\u00e9n\u00e9ficiait des dispositions de l'article L. 313-11, 6\u00b0 du code de l'entr\u00e9e et de s\u00e9jour des \u00e9trangers et du droit d'asile qui pr\u00e9voient que la carte de s\u00e9jour temporaire portant la mention \u00ab vie priv\u00e9e et familiale \u00bb est d\u00e9livr\u00e9e de plein droit \u00e0 l'\u00e9tranger ne vivant pas en \u00e9tat de polygamie, qui est p\u00e8re ou m\u00e8re d'un enfant mineur r\u00e9sidant en France, \u00e0 condition qu'il \u00e9tablisse contribuer effectivement \u00e0 l'entretien et \u00e0 l'\u00e9ducation de l'enfant dans les conditions pr\u00e9vues par l'article L. 371-2 du code civil depuis la naissance de celui-ci ou depuis au moins deux ans, sans que la condition pr\u00e9vue \u00e0 l'article L. 311-7 soit exig\u00e9e ; que Mme [T] ne saurait \u00eatre victime du retard pris par les services pr\u00e9fectoraux \u00e0 lui d\u00e9livrer un titre qu'elle avait vainement sollicit\u00e9 depuis le 5 novembre 2009, selon les \u00e9critures m\u00eames de la caisse et dont elle aurait d\u00fb b\u00e9n\u00e9ficier de plein droit ; que Mme [T] remplissant les conditions de r\u00e9gularit\u00e9 de s\u00e9jour au moins depuis le mois de juillet 2011, les prestations familiales lui sont dues pour la p\u00e9riode de juillet 2011 \u00e0 f\u00e9vrier 2012 ;",
        "Qu'en statuant ainsi alors, d'une part, que Mme [T] ne justifiait pas pour la p\u00e9riode litigieuse de l'un des titres ou documents exig\u00e9s par les textes susvis\u00e9s pour justifier de la r\u00e9gularit\u00e9 de son s\u00e9jour, d'autre part, que la d\u00e9livrance d'un titre de s\u00e9jour par le repr\u00e9sentant de l'Etat ne rev\u00eat pas un caract\u00e8re recognitif, la cour d'appel a viol\u00e9 les textes susvis\u00e9s ;"
    ],
    "decision-4": [
        "PAR CES MOTIFS :",
        "CASSE ET ANNULE, mais seulement en ce qu'il a dit que les droits aux prestations familiales pour [V] [Q] \u00e9taient ouverts pour la p\u00e9riode de juillet 2011 \u00e0 f\u00e9vrier 2012, et renvoy\u00e9 Mme [T] devant la caisse d'allocations familiales de la Dr\u00f4me pour la liquidation de ses droits,",
        "l'arr\u00eat rendu le 8 septembre 2015, entre les parties, par la cour d'appel de Grenoble ; remet, en cons\u00e9quence, sur ces points, la cause et les parties dans l'\u00e9tat o\u00f9 elles se trouvaient avant ledit arr\u00eat et, pour \u00eatre fait droit, les renvoie devant la cour d'appel de Chamb\u00e9ry ;",
        "Condamne Mme [T] aux d\u00e9pens ;",
        "Vu l'article 700 du code de proc\u00e9dure civile, rejette la demande ;",
        "Dit que sur les diligences du procureur g\u00e9n\u00e9ral pr\u00e8s la Cour de cassation, le pr\u00e9sent arr\u00eat sera transmis pour \u00eatre transcrit en marge ou \u00e0 la suite de l'arr\u00eat partiellement cass\u00e9 ;",
        "Ainsi fait et jug\u00e9 par la Cour de cassation, deuxi\u00e8me chambre civile, et prononc\u00e9 par le pr\u00e9sident en son audience publique du vingt-quatre novembre deux mille seize."
    ],
    "decision-5": [
        "MOYEN ANNEXE au pr\u00e9sent arr\u00eat",
        "Moyen produit par la SCP Bor\u00e9 et Salve de Bruneton, avocat aux Conseils, pour la caisse d'allocations familiales de la Dr\u00f4me.",
        "Il est fait grief \u00e0 l'arr\u00eat infirmatif attaqu\u00e9 d'AVOIR \" dit que les droits aux prestations familiales pour [V] [Q] \u00e9taient ouverts pour la p\u00e9riode de juillet 2011 \u00e0 f\u00e9vrier 2012\", renvoy\u00e9 Madame [T] devant la Caisse d'allocations familiales de la Dr\u00f4me pour la liquidation de ces droits et condamn\u00e9 la Caisse d'allocations familiales de la Dr\u00f4me \u00e0 verser une somme de 800 \u20ac au titre de l'article 37 de la loi n\u00b0 91-647 du 10 juillet 1991 ;",
        "AUX MOTIFS QU' \"il sera rappel\u00e9 que le Tribunal des affaires de s\u00e9curit\u00e9 sociale de Valence a \u00e9t\u00e9 saisi d'un recours dirig\u00e9 contre une d\u00e9cision rendue le 6 mars 2012 par la commission de recours amiable ; que selon les termes de cette d\u00e9cision, la commission de recours amiable avait \u00e9t\u00e9 saisie d'une contestation portant sur \"le refus d'ouverture de ses droits \u00e0 l'allocation de base \u00e0 compter de juillet 2011 et \u00e0 la prime \u00e0 la naissance en novembre 2011\" ; que lors de sa s\u00e9ance du 1er mars 2011, la commission de recours amiable avait rejet\u00e9 un recours de Madame [T] contre le refus de la Caisse de lui ouvrir \"des droits \u00e0 prestations \u00e0 compter de d\u00e9cembre 2009 et notamment une aide au logement \u00e0 compter de f\u00e9vrier 2010\" ; qu'il est constant que cette d\u00e9cision, qui n'a jamais \u00e9t\u00e9 d\u00e9f\u00e9r\u00e9e au Tribunal des affaires de s\u00e9curit\u00e9 sociale, est d\u00e9finitive, que l'autorit\u00e9 attach\u00e9e \u00e0 ce refus interdit \u00e0 Madame [T] de r\u00e9clamer le b\u00e9n\u00e9fice de prestations familiales \u00e0 compter de sa s\u00e9paration d'avec le p\u00e8re de l'enfant [V], survenue en d\u00e9cembre 2009 ; qu'il r\u00e9sulte de ce qui pr\u00e9c\u00e8de que les premiers juges ne pouvaient pas accorder \u00e0 Madame [T] le b\u00e9n\u00e9fice des prestations familiales pour l'enfant [V] [Q] \"\u00e0 compter du 28 d\u00e9cembre 2008\" ; que le jugement entrepris doit donc \u00eatre infirm\u00e9 ;",
        "QUE Madame [T] ne formulant aucune demande au titre d'une quelconque prime \u00e0 la naissance, et la C.A.F indiquant sans \u00eatre d\u00e9mentie par l'intim\u00e9e avoir accord\u00e9 le b\u00e9n\u00e9fice des prestations familiales \u00e0 Madame [T] \u00e0 compter du mois de mars 2012, il convient de retenir que le litige est circonscrit au versement de prestations familiales pour le compte de l'enfant [V] [Q] n\u00e9 le [Date naissance 1] 2008, sur la p\u00e9riode de juillet 2011 \u00e0 f\u00e9vrier 2012 ;",
        "QUE l'article L.512-1 du Code de la s\u00e9curit\u00e9 sociale dispose que : \"Toute personne fran\u00e7aise ou \u00e9trang\u00e8re r\u00e9sidant en France, ayant \u00e0 sa charge un ou plusieurs enfants r\u00e9sidant en France, b\u00e9n\u00e9ficie pour ces enfants des prestations familiales dans les conditions pr\u00e9vues par le pr\u00e9sent livre sous r\u00e9serve que ce ou ces derniers ne soient pas b\u00e9n\u00e9ficiaires, \u00e0 titre personnel, d'une ou plusieurs prestations familiales, de l'allocation de logement sociale ou de l'aide personnalis\u00e9e au logement\" ; que l'article L.512-2 du Code de la s\u00e9curit\u00e9 sociale pr\u00e9cise que b\u00e9n\u00e9ficient \"de plein droit des prestations familiales dans les conditions fix\u00e9es par le [livre cinqui\u00e8me du Code de la s\u00e9curit\u00e9 sociale] les \u00e9trangers non ressortissants d'un Etat membre de la Communaut\u00e9 europ\u00e9enne, d'un autre Etat partie \u00e0 l'accord sur l'Espace \u00e9conomique europ\u00e9en ou de la Conf\u00e9d\u00e9ration suisse, titulaires d'un titre exig\u00e9 d'eux en vertu soit de dispositions l\u00e9gislatives ou r\u00e9glementaires, soit de trait\u00e9s ou accords internationaux pour r\u00e9sider r\u00e9guli\u00e8rement en France\" ;",
        "QUE la liste des titres et justifications attestant de la r\u00e9gularit\u00e9 de l'entr\u00e9e et du s\u00e9jour des b\u00e9n\u00e9ficiaires \u00e9trangers annonc\u00e9e par le dernier alin\u00e9a de l'article L.512-2 est fournie par l'article D.512-1 du Code de la s\u00e9curit\u00e9 sociale ; que cette liste vise notamment la \"carte de s\u00e9jour temporaire\" ;",
        "QU'une carte de s\u00e9jour temporaire a \u00e9t\u00e9 d\u00e9livr\u00e9e \u00e0 Madame [T] le 15 f\u00e9vrier 2012 ; que ce titre a \u00e9t\u00e9 obtenu \u00e0 la suite de la saisine par Madame [T] du Tribunal administratif de Grenoble d'une demande dirig\u00e9e contre le Pr\u00e9fet de la Dr\u00f4me tendant \u00e0 la d\u00e9livrance des \"diff\u00e9rents titres de s\u00e9jour mentions vie priv\u00e9e et familiale dont elle aurait d\u00fb \u00eatre munie depuis sa demande\" ;",
        "QU'en sa qualit\u00e9 de parent d'un enfant fran\u00e7ais mineur r\u00e9sidant en France, Madame [T] b\u00e9n\u00e9ficiait des dispositions de l'article L.313-11-6\u00b0 du code de l'entr\u00e9e et de s\u00e9jour des \u00e9trangers et du droit d'asile qui pr\u00e9voient que \"la carte de s\u00e9jour temporaire portant la mention \"vie priv\u00e9e et familiale\" est d\u00e9livr\u00e9e de plein droit \u00e0 l'\u00e9tranger ne vivant pas en \u00e9tat de polygamie, qui est p\u00e8re ou m\u00e8re d'un enfant mineur r\u00e9sidant en France, \u00e0 condition qu'il \u00e9tablisse contribuer effectivement \u00e0 l'entretien et \u00e0 l'\u00e9ducation de l'enfant dans les conditions pr\u00e9vues par l'article L.371-2 du Code civil depuis la naissance de celui-ci ou depuis au moins deux ans, sans que la condition pr\u00e9vue \u00e0 l'article L.311-7 soit exig\u00e9e\" ; que Madame [T] ne saurait \u00eatre victime du retard pris par les services pr\u00e9fectoraux \u00e0 lui d\u00e9livrer un titre qu'elle avait vainement sollicit\u00e9 depuis le 5 novembre 2009, selon les \u00e9critures m\u00eames de la Caisse et dont elle aurait d\u00fb b\u00e9n\u00e9ficier \"de plein droit\" ;",
        "QUE Madame [T] remplissant les conditions de r\u00e9gularit\u00e9 de s\u00e9jour au moins depuis le mois de juillet 2011, les prestations familiales lui sont dues pour la p\u00e9riode de juillet 2011 \u00e0 f\u00e9vrier 2012\" ;",
        "1\u00b0) ALORS QUE b\u00e9n\u00e9ficient de plein droit des prestations familiales les \u00e9trangers non ressortissants d'un Etat membre de la Communaut\u00e9 europ\u00e9enne, d'un autre Etat partie \u00e0 l'accord sur l'Espace \u00e9conomique europ\u00e9en ou de la Conf\u00e9d\u00e9ration suisse, \"titulaires d'un titre exig\u00e9 d'eux en vertu soit de dispositions l\u00e9gislatives ou r\u00e9glementaires, soit de trait\u00e9s ou accords internationaux pour r\u00e9sider r\u00e9guli\u00e8rement en France\" ; qu'un d\u00e9cret fixe la liste \"des titres et justifications attestant de la r\u00e9gularit\u00e9 de l'entr\u00e9e et du s\u00e9jour des b\u00e9n\u00e9ficiaires \u00e9trangers\" ; que si la carte de s\u00e9jour temporaire figure parmi ces titres limitativement \u00e9num\u00e9r\u00e9s par d\u00e9cret, tel n'est pas le cas des r\u00e9c\u00e9piss\u00e9s de demande de titre de s\u00e9jour valant autorisation provisoire de s\u00e9jour d'une dur\u00e9e de validit\u00e9 inf\u00e9rieure \u00e0 trois mois ; qu'en retenant, \u00e0 l'appui de sa d\u00e9cision, que \" Madame [T] remplissant les conditions de r\u00e9gularit\u00e9 de s\u00e9jour au moins depuis le mois de juillet 2011, les prestations familiales lui sont dues pour la p\u00e9riode de juillet 2011 \u00e0 f\u00e9vrier 2012\" quand il ressortait de ses propres constatations qu'une carte de s\u00e9jour temporaire ne lui avait \u00e9t\u00e9 d\u00e9livr\u00e9e que \"le 15 f\u00e9vrier 2012\" de sorte qu'elle n'\u00e9tait pas titulaire, pour la p\u00e9riode consid\u00e9r\u00e9e, d'un des titres de s\u00e9jour r\u00e9guliers auxquels la loi applicable subordonne le b\u00e9n\u00e9fice des prestations familiales, la Cour d'appel a viol\u00e9 les articles L.512-1, L.512-12 et D.512-1 du Code de la s\u00e9curit\u00e9 sociale ;",
        "2\u00b0) ALORS QUE les titres de s\u00e9jour d\u00e9livr\u00e9s par le repr\u00e9sentant de l'Etat ne rev\u00eatent pas un caract\u00e8re recognitif ; qu'en condamnant la Caisse d'allocations familiales de la Dr\u00f4me \u00e0 faire b\u00e9n\u00e9ficier Madame [T] du paiement des prestations familiales \u00e0 compter de juillet 2011, au motif inop\u00e9rant que ce titre avait \u00e9t\u00e9 obtenu le 15 f\u00e9vrier 2012 \"apr\u00e8s saisine du Tribunal administratif\" et que \"",
        "Madame [T] ne saurait \u00eatre victime du retard pris par les services pr\u00e9fectoraux \u00e0 lui d\u00e9livrer un titre qu'elle avait vainement sollicit\u00e9 depuis le 5 novembre 2009, selon les \u00e9critures m\u00eames de la Caisse et dont elle aurait d\u00fb b\u00e9n\u00e9ficier \"de plein droit\", la Cour d'appel a viol\u00e9 derechef les articles L.512-2 et D.512-2 du Code de la s\u00e9curit\u00e9 sociale."
    ]
}