{
    "decision-0": [
        "CIV. 2",
        "LG",
        "COUR DE CASSATION",
        "______________________",
        "Audience publique du 10 mars 2016",
        "Cassation",
        "Mme FLISE, pr\u00e9sident",
        "Arr\u00eat n\u00b0 335 F-D",
        "Pourvoi n\u00b0 K 15-13.593",
        "R \u00c9 P U B L I Q U E F R A N \u00c7 A I S E",
        "_________________________",
        "AU NOM DU PEUPLE FRAN\u00c7AIS",
        "_________________________",
        "LA COUR DE CASSATION, DEUXI\u00c8ME CHAMBRE CIVILE, a rendu l'arr\u00eat suivant :",
        "Statuant sur le pourvoi form\u00e9 par la caisse d'allocations familiales des Yvelines, dont le si\u00e8ge est [Adresse 1],",
        "contre l'arr\u00eat rendu le 18 d\u00e9cembre 2014 par la cour d'appel de Versailles (5e chambre), dans le litige l'opposant \u00e0 Mme [S] [B], domicili\u00e9e [Adresse 2],",
        "d\u00e9fenderesse \u00e0 la cassation ;",
        "La demanderesse invoque, \u00e0 l'appui de son pourvoi, le moyen unique de cassation annex\u00e9 au pr\u00e9sent arr\u00eat ;",
        "Vu la communication faite au procureur g\u00e9n\u00e9ral ;",
        "LA COUR, en l'audience publique du 3 f\u00e9vrier 2016, o\u00f9 \u00e9taient pr\u00e9sents : Mme Flise, pr\u00e9sident, Mme Olivier, conseiller rapporteur, M. Pr\u00e9tot, conseiller doyen, Mme Szirek, greffier de chambre ;",
        "Sur le rapport de Mme Olivier, conseiller, les observations de la SCP Gatineau et Fattaccini, avocat de la caisse d'allocations familiales des Yvelines, de la SCP C\u00e9lice, Blancpain, Soltner et Texidor, avocat de Mme [B], l'avis de M. de Monteynard, avocat g\u00e9n\u00e9ral, et apr\u00e8s en avoir d\u00e9lib\u00e9r\u00e9 conform\u00e9ment \u00e0 la loi ;"
    ],
    "decision-1": [
        "Sur le moyen unique :"
    ],
    "decision-2": [
        "Vu les articles L. 512-2, alin\u00e9a 3, du code de la s\u00e9curit\u00e9 sociale et L. 313-10, 6\u00b0, du code de l'entr\u00e9e et du s\u00e9jour des \u00e9trangers et du droit d'asile, ce dernier dans sa r\u00e9daction issue de la loi n\u00b0 2011-672 du 16 juin 2011 ;",
        "Attendu, selon le premier de ces textes, que les \u00e9trangers non ressortissants d'un Etat membre de l'Union europ\u00e9enne, d'un autre Etat partie \u00e0 l'accord sur l'Espace \u00e9conomique europ\u00e9en ou de la Conf\u00e9d\u00e9ration suisse, titulaires d'un titre exig\u00e9 d'eux en vertu soit de dispositions l\u00e9gislatives ou r\u00e9glementaires, soit de trait\u00e9s ou accords internationaux pour r\u00e9sider r\u00e9guli\u00e8rement en France b\u00e9n\u00e9ficient des prestations familiales sous r\u00e9serve qu'il soit justifi\u00e9 pour leurs enfants qui sont \u00e0 leur charge et au titre desquels les prestations familiales sont demand\u00e9es, de l'une des situations qu'il \u00e9num\u00e8re limitativement ;"
    ],
    "decision-3": [
        "Attendu, selon l'arr\u00eat attaqu\u00e9, que Mme [B], de nationalit\u00e9 canadienne, est entr\u00e9e en France, le 27 juin 2010, avec ses deux enfants, [E] et [F], n\u00e9s en 1999 et 2007, sous couvert d'un visa long s\u00e9jour \"famille accompagnante consulaire\" ; que la caisse d'allocations familiales des Yvelines (la caisse) lui ayant refus\u00e9 le b\u00e9n\u00e9fice des prestations familiales au motif qu'elle ne produisait pas le certificat m\u00e9dical d\u00e9livr\u00e9 par l'Office fran\u00e7ais de l'immigration et de l'int\u00e9gration, Mme [B] a saisi d'un recours une juridiction de s\u00e9curit\u00e9 sociale ;",
        "Attendu que, pour accueillir ce dernier, l'arr\u00eat constate que la situation des enfants [B] n'est envisag\u00e9e par aucune disposition l\u00e9gislative ou r\u00e9glementaire ; qu'il retient qu'en tant qu'enfants entr\u00e9s r\u00e9guli\u00e8rement sur le territoire national avec leur m\u00e8re et alors que leurs deux parents sont titulaires de la \u00ab carte bleue europ\u00e9enne \u00bb, ils n'ont pas fait, et ne pouvaient pas faire l'objet du certificat m\u00e9dical, d\u00e9livr\u00e9 par l'Office fran\u00e7ais de l'immigration et de l'int\u00e9gration ; qu'il consid\u00e8re qu'il ne fait aucun sens, en refusant d'accorder le versement de prestations familiales, de traiter ainsi plus s\u00e9v\u00e8rement des enfants au seul motif que leurs parents sont, pr\u00e9cis\u00e9ment, titulaires d'un titre de s\u00e9jour octroyant, en principe, plus de droits qu'un titre de s\u00e9jour ordinaire ;"
    ],
    "decision-4": [
        "Qu'en se fondant ainsi sur les dispositions du second texte susvis\u00e9 qui n'\u00e9taient pas entr\u00e9es en vigueur \u00e0 la date de la demande des prestations litigieuses, alors qu'elle constatait que Mme [B] ne justifiait pas, \u00e0 cette m\u00eame date, de l'une des situations mentionn\u00e9es par le premier texte susvis\u00e9, la cour d'appel a viol\u00e9 ceux-ci ;"
    ],
    "decision-5": [
        "PAR CES MOTIFS :",
        "CASSE ET ANNULE, dans toutes ses dispositions, l'arr\u00eat rendu le 18 d\u00e9cembre 2014, entre les parties, par la cour d'appel de Versailles ; remet, en cons\u00e9quence, la cause et les parties dans l'\u00e9tat o\u00f9 elles se trouvaient avant ledit arr\u00eat et, pour \u00eatre fait droit, les renvoie devant la cour d'appel de Paris ;",
        "Condamne Mme [B] aux d\u00e9pens ;",
        "Vu l'article 700 du code de proc\u00e9dure civile, rejette les demandes ;",
        "Dit que sur les diligences du procureur g\u00e9n\u00e9ral pr\u00e8s la Cour de cassation, le pr\u00e9sent arr\u00eat sera transmis pour \u00eatre transcrit en marge ou \u00e0 la suite de l'arr\u00eat cass\u00e9 ;",
        "Ainsi fait et jug\u00e9 par la Cour de cassation, deuxi\u00e8me chambre civile, et prononc\u00e9 par le pr\u00e9sident en son audience publique du dix mars deux mille seize."
    ],
    "decision-6": [
        "MOYEN ANNEXE au pr\u00e9sent arr\u00eat",
        "Moyen produit par la SCP Gatineau et Fattaccini, avocat aux Conseils, pour la caisse d'allocations familiales des Yvelines",
        "Il est fait grief \u00e0 la d\u00e9cision attaqu\u00e9e d'AVOIR confirm\u00e9 le jugement entrepris sauf en ce qu'il a enjoint la caisse d'allocations familiales d'obtenir ou de faire obtenir par Mme [S] [B] une attestation pr\u00e9fectorale conforme, d'AVOIR dit que les sommes dues par la caisse d'allocation familiales \u00e0 Mme [S] [B] pour les deux enfants [E] et [F], depuis le 27 juin 2010 porteront int\u00e9r\u00eat.au taux l\u00e9gal \u00e0 compter du premier de chaque mois pour lequel elles auraient d\u00fb \u00eatre vers\u00e9es, d'AVOIR condamn\u00e9 la caisse d'allocations familiales \u00e0 payer \u00e0 Mme [B] une indemnit\u00e9 d'un montant de 100 euros sur le fondement de l'article 700 du code de proc\u00e9dure civile, d'AVOIR d\u00e9bout\u00e9 la caisse d'allocations familiales des Yvelines de sa demande d'indemnit\u00e9 au titre de l'article 700 du code de proc\u00e9dure civile et d'AVOIR d\u00e9bout\u00e9 les parties de toute autre demande plus ample ou contraire;",
        "AUX MOTIFS PROPRES QU'aux termes de l'article D. 512-1 du code de la s\u00e9curit\u00e9 sociale :",
        "L'\u00e9tranger qui demande \u00e0 b\u00e9n\u00e9ficier de prestations familiales justifie la r\u00e9gularit\u00e9 de son s\u00e9jour par la production d'un des titres de s\u00e9jour ou documents suivants en cours de validit\u00e9 :",
        "1\u00b0 Carte de r\u00e9sident;",
        "2\u00b0 Carte de s\u00e9jour temporaire;",
        "3\u00b0 Certificat de r\u00e9sidence de ressortissant alg\u00e9rien;",
        "4\u00b0 R\u00e9c\u00e9piss\u00e9 de demande de renouvellement de l'un des titres ci-dessus;",
        "5\u00b0 R\u00e9c\u00e9piss\u00e9 de demande de titre de s\u00e9jour valant autorisation de s\u00e9jour d'une dur\u00e9e de trois mois renouvelable portant la mention \"reconnu r\u00e9fugi\u00e9\";",
        "6\u00b0 R\u00e9c\u00e9piss\u00e9 de demande de titre de s\u00e9jour d'une dur\u00e9e de six mois renouvelable portant la mention \"\u00e9tranger admis au s\u00e9jour au titre de l'asile\";",
        "7\u00b0 Autorisation: provisoire de s\u00e9jour d'une validit\u00e9 sup\u00e9rieure \u00e0 trois mois;",
        "8\u00b0 Passeport mon\u00e9gasque rev\u00eatu d'une mention du consul g\u00e9n\u00e9ral de France \u00e0 [Localit\u00e9 1] valant autorisation de s\u00e9jour ;",
        "9\u00b0 Livret sp\u00e9cial, livret ou carnet de circulation;",
        "10\u00b0 R\u00e9c\u00e9piss\u00e9 de demande de titre de s\u00e9jour valant autorisation de s\u00e9jour d'une dur\u00e9e de validit\u00e9 de trois mois renouvelable d\u00e9livr\u00e9 dans le cadre de l'octroi de la protection subsidiaire, accompagn\u00e9 de la d\u00e9cision de l'Office fran\u00e7ais de protection des r\u00e9fugi\u00e9s et apatrides ou de la Commission des recours des r\u00e9fugi\u00e9s accordant cette protection ;",
        "que l'article D.512-2 du m\u00eame code dispose quant \u00e0 lui :",
        "La r\u00e9gularit\u00e9 de, l'entr\u00e9e et du s\u00e9jour des enfants \u00e9trangers que le b\u00e9n\u00e9ficiaire a \u00e0 charge et au titre desquels il demande des prestations familiales est justifi\u00e9e par la production de l'un des documents suivants:",
        "1\u00b0 Extrait d'acte de naissance en France;",
        "2\u00b0 Certificat de contr\u00f4le m\u00e9dical de l'enfant, d\u00e9livr\u00e9 par l'Office fran\u00e7ais de l'immigration et de l'int\u00e9gration \u00e0 l'issue de la proc\u00e9dure d'introduction ou d'admission au s\u00e9jour au titre du regroupement familial;",
        "3\u00b0 Livret de famille d\u00e9livr\u00e9 par l'Office fran\u00e7ais de protection des r\u00e9fugi\u00e9s et apatrides: ou, \u00e0 d\u00e9faut, un acte de naissance \u00e9tabli, le cas \u00e9ch\u00e9ant, par cet office, lorsque l'enfant est membre de famille d'un r\u00e9fugi\u00e9, d'un apatride ou d'un b\u00e9n\u00e9ficiaire de la protection subsidiaire. Lorsque l'enfant n'est pas l'enfant du r\u00e9fugi\u00e9, de l'apatride ou du b\u00e9n\u00e9ficiaire de la protection subsidiaire, cet acte de naissance est accompagn\u00e9 d'un jugement confiant la tutelle de cet enfant \u00e0 l'\u00e9tranger qui' demande \u00e0 b\u00e9n\u00e9ficier des prestations familiales;",
        "4\u00b0 Visa d\u00e9livr\u00e9 par l'autorit\u00e9 consulaire et comportant le nom de l'enfant d'un \u00e9tranger titulaire de la carte de s\u00e9jour mentionn\u00e9e \u00e0 l'article L. 313-8 ou au 5\u00b0 de l'article L. 313-11 du code de l'entr\u00e9e et du s\u00e9jour d\u00e9s \u00e9trangers et du droit d'asile ;",
        "5\u00b0Attestation d\u00e9livr\u00e9e par l'autorit\u00e9 pr\u00e9fectorale, pr\u00e9cisant que l'enfant est entr\u00e9 en France au plus tard en m\u00eame temps que l'un de ses parents admis au s\u00e9jour sur le fondement du 7\u00b0 de l'article L. 313-11 du code de l'entr\u00e9e .et du s\u00e9jour des \u00e9trangers et du droit d'asile ou du 5\u00b0 de l'article 6 de l'accord franco-alg\u00e9rien du 27 d\u00e9cembre 1968 modifi\u00e9;",
        "6\u00b0 Titre de s\u00e9jour d\u00e9livr\u00e9 \u00e0 l'\u00e9tranger \u00e2g\u00e9 de seize \u00e0 dix-huit ans dans les conditions fix\u00e9es par l'article L. 313-11 du code de l'entr\u00e9e et du s\u00e9jour des \u00e9trangers et du droit d'asile.",
        "Elle est \u00e9galement justifi\u00e9e, pour les enfants majeurs ouvrant droit aux prestations familiales, par l'un des titres mentionn\u00e9s \u00e0 l'article D.512-1 ;",
        "que l'article L. 313-11 du code de l'entr\u00e9e et du s\u00e9jour des \u00e9trangers et du droit d'asile (CESEDA) se lit :",
        "Sauf si sa pr\u00e9sence constitue une menace pour l'ordre public, la carte.de s\u00e9jour temporaire, portant la mention\" vie priv\u00e9e et familiale\" est d\u00e9livr\u00e9e de plein droit :",
        "1\u00b0\u00b7A l'\u00e9tranger dans l'ann\u00e9e qui suit son dix-huiti\u00e8me anniversaire ou entrant dans les pr\u00e9visions de l'article L. 311-3, dont l'un des, parents au 'moins est titulaire de la carte de s\u00e9jour temporaire ou de la carte de r\u00e9sident, ainsi qu'\u00e0 -l'\u00e9tranger entr\u00e9 en France r\u00e9guli\u00e8rement dont le conjoint est titulaire de l'une ou de l'autre de ces cartes, s'ils ont \u00e9t\u00e9 autoris\u00e9s \u00e0 s\u00e9journer en France au titre du regroupement familial dans les conditions pr\u00e9vues au livre IV ;",
        "2\u00b0 A l'\u00e9tranger dans l'ann\u00e9e qui suit son dix-huiti\u00e8me anniversaire ou entrant dans les pr\u00e9visions de l'article L 311-3, qui justifie par tout moyen avoir r\u00e9sid\u00e9 habituellement en France avec au moins un de ses parents l\u00e9gitimes, naturels ou adoptifs depuis qu'il a atteint au plus l'\u00e2ge de treize ans ou, \u00e0 Mayotte, depuis qu'il a atteint au plus l'\u00e2ge d\u00e9 treize ans, avec au moins un de ses parents l\u00e9gitimes, naturels ou adoptifs, titulaire de la carte de s\u00e9jour temporaire ou de la carte de r\u00e9sident, la filiation \u00e9tant \u00e9tablie dans les conditions pr\u00e9vues \u00e0 l'article L. 314-11; la condition pr\u00e9vue \u00e0 l'article L. 311-7 n'est pas exig\u00e9e;",
        "2\u00b0 bis A l'\u00e9tranger dans l'ann\u00e9e qui suit son dix-huiti\u00e8me anniversaire ou entrant dans les pr\u00e9visions de l'article L. 311-3, qui a \u00e9t\u00e9 confi\u00e9, depuis qu'il a atteint au plus l'\u00e2ge de seize ans, au service de l'aide sociale \u00e0 l'enfance et sous r\u00e9serve du caract\u00e8re r\u00e9el et s\u00e9rieux du suivi de la formation, de la nature de ses liens avec la famille rest\u00e9e dans le pays d'origine et de l'avis de la structure d'accueil sur l'insertion de cet \u00e9tranger dans la soci\u00e9t\u00e9 fran\u00e7aise. La condition pr\u00e9vue \u00e0 l'article L. 311-7 n'est pas exig\u00e9e ;",
        "3\u00b0 A l'\u00e9tranger dans l'ann\u00e9e qui suit son dix-huiti\u00e8me anniversaire ou entrant dans les pr\u00e9visions de l'article L. 311-3, dont l'un des parents est titulaire de la carte de s\u00e9jour \"comp\u00e9tences et talents \", de la carte de s\u00e9jour temporaire portant la mention \"salari\u00e9 en mission\" ou \" carte bleue europ\u00e9enne \", ainsi qu'\u00e0 l'\u00e9tranger dont le conjoint est titulaire de l'une de ces cartes. Le titulaire de la carte de s\u00e9jour temporaire portant la mention \"salari\u00e9 en mission\" doit r\u00e9sider en France dans les conditions d\u00e9finies au dernier alin\u00e9a du 5\u00b0 de l'article L. 313-10 ;",
        "La carte de s\u00e9jour temporaire portant la mention \"vie priv\u00e9e et familiale\" d\u00e9livr\u00e9e dans les conditions pr\u00e9vues \u00e0 l'alin\u00e9a pr\u00e9c\u00e9dent a une dur\u00e9e de validit\u00e9 identique \u00e0 la dur\u00e9e de la carte de s\u00e9jour du parent ou du conjoint titulaire d'une carte de s\u00e9jour portant la mention \"carte bleue europ\u00e9enne \", \"comp\u00e9tences et talents\" ou \"salari\u00e9 en mission \". La carte de s\u00e9jour est renouvel\u00e9e d\u00e8s lors que son titulaire continue \u00e0 remplir les conditions d\u00e9finies par le pr\u00e9sent code ;",
        "4\u00b0 A l'\u00e9tranger ne vivant pas en \u00e9tat de polygamie, mari\u00e9 avec un ressortissant de nationalit\u00e9 fran\u00e7aise, \u00e0 condition que la communaut\u00e9 de vie n'ait pas cess\u00e9 depuis le mariage, que le conjoint ait conserv\u00e9 la nationalit\u00e9 fran\u00e7aise et, lorsque le mariage a \u00e9t\u00e9 c\u00e9l\u00e9br\u00e9 \u00e0 l'\u00e9tranger, qu'il ait \u00e9t\u00e9 transcrit pr\u00e9alablement sut les registres de l'\u00e9tat civil fran\u00e7ais;",
        "5\u00b0 (alin\u00e9a abrog\u00e9)",
        "6\u00b0 A l'\u00e9tranger ne vivant pas en \u00e9tat de polygamie, qui est p\u00e8re ou m\u00e8re d'un enfant fran\u00e7ais mineur r\u00e9sidant en France, \u00e0 la condition qu'il \u00e9tablisse contribuer effectivement \u00e0 l'entretien et \u00e0 l'\u00e9ducation de l'enfant dans les conditions pr\u00e9vues par l'article 371-2 du code civil depuis la naissance de celui-ci ou depuis au moins deux ans, sans que la condition pr\u00e9vue \u00e0 l'article L. 311-7 soit exig\u00e9e;",
        "7\u00b0 A l'\u00e9tranger ne vivant pas en \u00e9tat de polygamie, qui n'entre pas dans les cat\u00e9gories pr\u00e9c\u00e9dentes ou dans celles qui ouvrent droit au regroupement familial, dont les liens personnels et familiaux en France, appr\u00e9ci\u00e9s notamment au regard de leur intensit\u00e9, de leur anciennet\u00e9 et de leur stabilit\u00e9, des conditions d'existence de l'int\u00e9ress\u00e9, de son insertion dans la soci\u00e9t\u00e9 fran\u00e7aise ainsi que de la nature de ses liens avec la famille rest\u00e9e dans le pays d'origine, sont tels que le refus d'autoriser son s\u00e9jour porterait \u00e0 son droit au respect de sa vie priv\u00e9e et familiale une atteinte disproportionn\u00e9e au regard des motifs du refus, sans que la condition pr\u00e9vue \u00e0 l'article L. 311-7 soit exig\u00e9e. L'insertion de l'\u00e9tranger dans la soci\u00e9t\u00e9 fran\u00e7aise est \u00e9valu\u00e9e en tenant compte notamment de sa connaissance des valeurs de la R\u00e9publique;",
        "8\u00b0 A l'\u00e9tranger n\u00e9 en France qui justifie par tout moyen y avoir r\u00e9sid\u00e9 pendant au moins huit arts de fa\u00e7on continue et suivi, apr\u00e8s l'\u00e2ge de dix ans, une scolarit\u00e9 d'au moins cinq ans dans un \u00e9tablissement scolaire fran\u00e7ais, \u00e0 la condition qu'il fasse sa demande entre l'\u00e2ge de seize ans et l'\u00e2ge de vingt et un ans, sans que la condition pr\u00e9vue \u00e0 l'article L. 311-7 soit exig\u00e9e;",
        "9\u00b0A l'\u00e9tranger titulaire d'une rente d'accident du travail ou de maladie professionnelle servie par un organisme fran\u00e7ais et dont le taux d'incapacit\u00e9 permanente est \u00e9gal ou sup\u00e9rieur \u00e0 20 %, sans que la condition pr\u00e9vue \u00e0 l'article L. 311-7 soit exig\u00e9e ;",
        "10\u00b0 A l'\u00e9tranger qui obtenu le statut d'apatride en application du livre VII du pr\u00e9sent code, ainsi qu'\u00e0 son conjoint et \u00e0 ses enfants dans l'ann\u00e9e qui suit leur dix-huiti\u00e8me anniversaire ou entrant dans les pr\u00e9visions de l'article L. 311-3, lorsque le mariage est ant\u00e9rieur \u00e0 la date de cette obtention ou, \u00e0 d\u00e9faut, lorsqu'il a \u00e9t\u00e9 c\u00e9l\u00e9br\u00e9 depuis au moins un an, sous r\u00e9serve d'une communaut\u00e9 de vie effective entre les \u00e9poux, sans que la condition pr\u00e9vue \u00e0 l'article L. 311-7 soit exig\u00e9e;",
        "11\u00b0 A l'\u00e9tranger r\u00e9sidant habituellement en France dont l'\u00e9tat de sant\u00e9 n\u00e9cessite une prise en charge m\u00e9dicale dont le d\u00e9faut pourrait entrainer pour lui des cons\u00e9quences d'une exceptionnelle gravit\u00e9, sous r\u00e9serve de l'absence d'un traitement appropri\u00e9 dans le pays dont il est originaire, sauf circonstance humanitaire exceptionnelle appr\u00e9ci\u00e9e par l'autorit\u00e9 administrative apr\u00e8s avis du g\u00e9n\u00e9ral de l'agence r\u00e9gionale de sant\u00e9, sans que la condition pr\u00e9vue \u00e0 l'article L. 311-7 soit exig\u00e9e. La d\u00e9cision de d\u00e9livrer la carte de s\u00e9jour est prise par l'autorit\u00e9 administrative, apr\u00e8s avis du m\u00e9decin de l'agence r\u00e9gionale de sant\u00e9 de la r\u00e9gion de r\u00e9sidence de l'int\u00e9ress\u00e9 d\u00e9sign\u00e9 par le directeur g\u00e9n\u00e9ral de l'agence, ou, \u00e0 [Localit\u00e9 2], du m\u00e9decin, chef du service m\u00e9dical de la pr\u00e9fecture de police. Le m\u00e9decin de l'agence r\u00e9gionale de sant\u00e9 ou, \u00e0 [Localit\u00e9 2], le chef au service m\u00e9dical de la pr\u00e9fecture de police peut convoquer le demandeur pour une consultation m\u00e9dicale devant une commission m\u00e9dicale r\u00e9gionale dont la composition est fix\u00e9e par d\u00e9cret en Conseil d'Etat ;",
        "qu'il r\u00e9sulte de la lecture des dispositions qui pr\u00e9c\u00e8dent que, de fait, la situation des enfants [B] n'est envisag\u00e9e par aucune disposition l\u00e9gislative ou r\u00e9glementaire : en tant qu'enfants entr\u00e9s r\u00e9guli\u00e8rement sur le territoire national avec leur m\u00e8re et alors que leurs deux patents sont titulaires de la \u00ab carte bleue europ\u00e9enne \u00bb, ils n'ont pas fait, et ne pouvaient pas faire l'objet du certificat m\u00e9dical, d\u00e9livr\u00e9 par l'OFII, pr\u00e9vu \u00e0 l'article D. 512-22\u00b0 du code de la s\u00e9curit\u00e9 sociale ; que la CAF n'est donc pas fond\u00e9e \u00e0 opposer un refus de verser des prestations familiales \u00e0 Mme [B] au motif que ses enfants ne-disposent pas de ce certificat ; que dans le cas d'esp\u00e8ce, il est par ailleurs constant que les parents [B] se trouvent en situation non seulement r\u00e9guli\u00e8re sur le territoire national mais que M. [B] b\u00e9n\u00e9ficie d'une carte bleue europ\u00e9enne et que Mme [B] en b\u00e9n\u00e9ficie \u00e9galement; avec la mention \u00ab vie priv\u00e9e et familiale \u00bb ; qu'il n'est pas contest\u00e9 que les enfants [E] et [F] sont entr\u00e9s et s\u00e9journent en toute r\u00e9gularit\u00e9 sur le territoire national, qu'ils sont scolaris\u00e9s ; que les membres de la famille d'une personne titulaire de la carte bleue europ\u00e9enne sont dispens\u00e9s de la proc\u00e9dure de regroupement familial ; qu'en tant qu'enfants d'une personne titulaire d'une catie bleue europ\u00e9enne, [E] et [F] [B] sont dispens\u00e9s de passer une visite m\u00e9dicale ; qu'en d'autres termes, s'il est constant que ces enfants sont entr\u00e9s sur le territoire national, avec leur m\u00e8re, en toute r\u00e9gularit\u00e9, ils n'ont pour autant pas suivi la proc\u00e9dure de regroupement familial mais devraient \u00eatre dispens\u00e9s de cette proc\u00e9dure puisque leurs deux parents sont titulaires d'une carte bleue europ\u00e9enne, portant la mention \u00ab vie priv\u00e9e et familiale \u00bb et n'ont au demeurant pas fait l'objet d'un certificat m\u00e9dical d\u00e9livr\u00e9 par l'OFII puisqu'ils ne relevaient pas des dispositions .pertinentes ; que la cour consid\u00e8re qu'il ne fait aucun sens, en refusant d'accorder le versement de prestations familiales, de traiter ainsi plus s\u00e9v\u00e8rement des enfants au seul motif que leurs parents sont, pr\u00e9cis\u00e9ment, titulaires d'un titre de s\u00e9jour octroyant, en principe, pins de droits qu'un titre de s\u00e9jour ordinaire ; qu'il est constant que les prestations familiales sont d\u00e9livr\u00e9es non pas dans l'int\u00e9r\u00eat des parents mais dans celui des enfants ; que toute discrimination \u00e0 cet \u00e9gard qui ne serait pas rendue strictement n\u00e9cessaire par le droit de l'Etat de contr\u00f4ler les conditions d'entr\u00e9e, d'accueil et de s\u00e9jour des enfants sur le territoire national constitue une violation des dispositions pertinentes des engagements internationaux de la France et, en particulier, la convention internationale des droits de l'enfant ainsi que la convention europ\u00e9enne de sauvegarde des droits de l'homme ; que compte tenu de ce qui pr\u00e9c\u00e8de, la cour confirmera la d\u00e9cision entreprise, sauf \u00e0 pr\u00e9ciser que le versement des prestations ne saurait \u00eatre subordonn\u00e9 \u00e0 la production d'une quelconque attestation pr\u00e9fectorale et que les sommes dues porteront int\u00e9r\u00eat au taux l\u00e9gal \u00e0 compter du premier de chaque mois pour lequel elles auraient d\u00fb \u00eatre vers\u00e9es ;",
        "ALORS QUE les articles L 512-2 et D 512-2 du code de la s\u00e9curit\u00e9 sociale, dans leur r\u00e9daction alors en vigueur issue respectivement de la loi n\u00b0 2005-1579 du 19 d\u00e9cembre 2005 et du d\u00e9cret n\u00b0 5006-234 du 27 f\u00e9vrier 2009, subordonnent le versement des prestations familiales \u00e0 la production d'un document attestant d'une entr\u00e9e r\u00e9guli\u00e8re des enfants \u00e9trangers en France qui doit \u00eatre justifi\u00e9e, notamment, par la production d'un certificat de contr\u00f4le m\u00e9dical d\u00e9livr\u00e9 dans le cadre de la proc\u00e9dure de regroupement familial ; que les \u00e9trangers peuvent toutefois \u00eatre dispens\u00e9s de la proc\u00e9dure de regroupement familial, et donc de la justification d'un certificat de contr\u00f4le m\u00e9dical, \u00e0 la condition de d\u00e9tenir une carte bleue europ\u00e9enne lors de l'entr\u00e9e des enfants sur le territoire fran\u00e7ais ; qu'en l'esp\u00e8ce, il est constant que les enfants de Mme [B] sont entr\u00e9s sur le territoire fran\u00e7ais le 27 juin 2010, \u00e0 une date o\u00f9 Mme [B] n'\u00e9tait pas encore d\u00e9tentrice d'une carte bleue europ\u00e9enne, pr\u00e9vue par une loi n\u00b0 2011-672 du 16 juin 2011 relative \u00e0 l'immigration, \u00e0 l'int\u00e9gration et \u00e0 la nationalit\u00e9 ; qu'il lui appartenait donc de justifier d'un certificat de contr\u00f4le m\u00e9dical pour pr\u00e9tendre aux prestations familiales sollicit\u00e9es le 30 d\u00e9cembre 2010 ; qu'en affirmant cependant, pour faire droit \u00e0 la demande en paiement des prestations familiales litigieuses, que la d\u00e9tention par les parents [B] d'une carte bleue europ\u00e9enne, n\u00e9cessairement \u00e9mise post\u00e9rieurement \u00e0 l'entr\u00e9e des enfants sur le territoire fran\u00e7ais, les dispensait de la proc\u00e9dure de regroupement familial, et donc de la production du certificat de contr\u00f4le m\u00e9dical, la Cour d'appel a viol\u00e9 les articles L 512-2 et D 512-2 du Code de la s\u00e9curit\u00e9 sociale, ensemble la loi n\u00b0 2011-672 du 16 juin 2011."
    ]
}