{
    "decision-0": [
        "CIV. 2",
        "LM",
        "COUR DE CASSATION",
        "______________________",
        "Audience publique du 11 f\u00e9vrier 2016",
        "Rejet",
        "Mme FLISE, pr\u00e9sident",
        "Arr\u00eat n\u00b0 198 F-D",
        "Pourvoi n\u00b0 J 15-13.891",
        "Aide juridictionnelle totale en demande",
        "au profit de Mme [Q] [D].",
        "Admission du bureau d'aide juridictionnelle",
        "pr\u00e8s la Cour de cassation",
        "en date du 22 janvier 2015.",
        "R \u00c9 P U B L I Q U E F R A N \u00c7 A I S E",
        "_________________________",
        "AU NOM DU PEUPLE FRAN\u00c7AIS",
        "_________________________",
        "LA COUR DE CASSATION, DEUXI\u00c8ME CHAMBRE CIVILE, a rendu l'arr\u00eat suivant :",
        "Statuant sur le pourvoi form\u00e9 par Mme [Q] [D], domicili\u00e9e [Adresse 1],",
        "contre l'arr\u00eat rendu le 27 juin 2014 par la cour d'appel de Caen (2e chambre sociale), dans le litige l'opposant :",
        "1\u00b0/ \u00e0 la caisse d'allocations familiales du Calvados, dont le si\u00e8ge est [Adresse 2],",
        "2\u00b0/ au ministre charg\u00e9 de la s\u00e9curit\u00e9 sociale, domicili\u00e9 [Adresse 3],",
        "d\u00e9fendeurs \u00e0 la cassation ;",
        "La demanderesse invoque, \u00e0 l'appui de son pourvoi, le moyen unique de cassation annex\u00e9 au pr\u00e9sent arr\u00eat ;",
        "Vu la communication faite au procureur g\u00e9n\u00e9ral ;",
        "LA COUR, en l'audience publique du 13 janvier 2016, o\u00f9 \u00e9taient pr\u00e9sents : Mme Flise, pr\u00e9sident, Mme Olivier, conseiller rapporteur, M. Pr\u00e9tot, conseiller doyen, Mme Molle-de H\u00e9douville, greffier de chambre ;",
        "Sur le rapport de Mme Olivier, conseiller, les observations de Me Brouchot, avocat de Mme [D], de la SCP Gatineau et Fattaccini, avocat de la caisse d'allocations familiales du Calvados, et apr\u00e8s en avoir d\u00e9lib\u00e9r\u00e9 conform\u00e9ment \u00e0 la loi ;"
    ],
    "decision-1": [
        "Sur le moyen unique :"
    ],
    "decision-2": [
        "Attendu, selon l'arr\u00eat attaqu\u00e9 (Caen, 27 juin 2014), que Mme [D], de nationalit\u00e9 s\u00e9n\u00e9galaise, entr\u00e9e en France le 13 juin 2008, a demand\u00e9, le 1er d\u00e9cembre 2009, le b\u00e9n\u00e9fice des prestations familiales pour ses trois enfants, [Z], n\u00e9e le [Date naissance 3] 1993 au S\u00e9n\u00e9gal, [L] et [W], n\u00e9s respectivement le [Date naissance 1] 1998 et le [Date naissance 2] 2001 en Italie et entr\u00e9s en France le 15 ao\u00fbt 2009 ; que la caisse d'allocations familiales du Calvados lui ayant oppos\u00e9 un refus, Mme [D] a saisi d'un recours une juridiction de s\u00e9curit\u00e9 sociale ;"
    ],
    "decision-3": [
        "Attendu que Mme [D] fait grief \u00e0 l'arr\u00eat de rejeter sa demande pour la p\u00e9riode du 1er d\u00e9cembre 2009 au 1er f\u00e9vrier 2013, alors, selon le moyen, que l'accord de s\u00e9curit\u00e9 sociale entre la France et le S\u00e9n\u00e9gal du 29 mars 1974 a \u00e9t\u00e9 accompagn\u00e9 d'un \u00e9change de lettres de la m\u00eame date ; que cet \u00e9change de lettres est libell\u00e9 de la mani\u00e8re suivante : \u00ab Monsieur le Ministre, Lors des n\u00e9gociations qui ont abouti \u00e0 la conclusion de la Convention d'\u00e9tablissement en date de ce jour, nous sommes convenus que les nationaux de chacune des Parties contractantes b\u00e9n\u00e9ficieraient sur le territoire de l'autre Partie de la l\u00e9gislation du travail, des lois sociales et de la s\u00e9curit\u00e9 sociale dans les m\u00eames conditions que les nationaux de cette Partie. J'ai l'honneur de vous proposer que la pr\u00e9sente lettre et la r\u00e9ponse de votre Excellence constituent l'Accord entre les deux Gouvernements sur cette disposition qui fera partie int\u00e9grante de la Convention pr\u00e9cit\u00e9e \u00bb et encore \u00ab Monsieur le Ministre, Par lettre en date de ce jour, vous avez bien voulu me faire part de ce qui suit : \"Lors des n\u00e9gociations qui ont abouti \u00e0 la conclusion de la Convention d'\u00e9tablissement en date de ce jour, nous sommes convenus que les nationaux de chacune des Parties contractantes b\u00e9n\u00e9ficieraient sur le territoire de l'autre Partie de la l\u00e9gislation du travail, des lois sociales et de la s\u00e9curit\u00e9 sociale dans les m\u00eames conditions que les nationaux de cette Partie. J'ai l'honneur de vous proposer que la pr\u00e9sente lettre et la r\u00e9ponse de votre Excellence constituent l'Accord entre les deux Gouvernements sur cette disposition qui fera partie int\u00e9grante de la Convention pr\u00e9cit\u00e9e\". J'ai l'honneur de vous confirmer l'accord de mon gouvernement sur ce qui pr\u00e9c\u00e8de \u00bb ; qu'en s'abstenant de rechercher si l'\u00e9change de lettres ne caract\u00e9risait pas la volont\u00e9 de soumettre les ressortissants s\u00e9n\u00e9galais aux m\u00eames conditions que les ressortissants fran\u00e7ais, les juges du fond ont priv\u00e9 leur d\u00e9cision de base l\u00e9gale au regard de l'article 55 de la Constitution du 4 octobre 1958 ainsi qu'au regard des articles 1 et 2 des accords de s\u00e9curit\u00e9 sociale entre la France et le S\u00e9n\u00e9gal du 29 mars 1974 ;"
    ],
    "decision-4": [
        "Mais attendu qu'il r\u00e9sulte des articles 1, 4 et 17 de la convention conclue entre le gouvernement de la R\u00e9publique fran\u00e7aise et celui de la R\u00e9publique du S\u00e9n\u00e9gal, le 29 mars 1974, sur la s\u00e9curit\u00e9 sociale, publi\u00e9e par le d\u00e9cret n\u00b0 76-1072 du 17 novembre 1976, seuls applicables, que les ressortissants s\u00e9n\u00e9galais r\u00e9sidant r\u00e9guli\u00e8rement en France n'ouvrent droit aux prestations familiales pour leurs enfants r\u00e9sidant r\u00e9guli\u00e8rement en France que s'ils exercent une activit\u00e9 salari\u00e9e ou assimil\u00e9e ;",
        "Et attendu qu'ayant constat\u00e9 que Mme [D] justifiait occuper un emploi d'assistante aupr\u00e8s de la soci\u00e9t\u00e9 AD Sisto depuis le 2 f\u00e9vrier 2013, la cour d'appel, qui n'\u00e9tait pas tenue d'effectuer une recherche qui ne lui \u00e9tait pas demand\u00e9e, a exactement d\u00e9cid\u00e9 que l'int\u00e9ress\u00e9e ne pouvait b\u00e9n\u00e9ficier des dispositions de l'accord pr\u00e9cit\u00e9 qu'\u00e0 compter de cette date ;",
        "D'o\u00f9 il suit que le moyen n'est pas fond\u00e9 ;"
    ],
    "decision-5": [
        "PAR CES MOTIFS :",
        "REJETTE le pourvoi ;",
        "Condamne Mme [D] aux d\u00e9pens ;",
        "Vu l'article 700 du code de proc\u00e9dure civile, rejette la demande de la caisse d'allocations familiales du Calvados ;",
        "Ainsi fait et jug\u00e9 par la Cour de cassation, deuxi\u00e8me chambre civile, et prononc\u00e9 par le pr\u00e9sident en son audience publique du onze f\u00e9vrier deux mille seize."
    ],
    "decision-6": [
        "MOYEN ANNEXE au pr\u00e9sent arr\u00eat",
        "Moyen produit par Me Brouchot, avocat aux Conseils, pour Mme [D]",
        "Il est fait grief \u00e0 l'arr\u00eat attaqu\u00e9 d'AVOIR rejet\u00e9 la demande de Mme [Q] [D] pour la p\u00e9riode du 1er d\u00e9cembre 2009 au 1er f\u00e9vrier 2013 ;",
        "AUX MOTIFS QU'il est constant que Mme [Q] [D] est arriv\u00e9e en France le 13 juin 2008 ; que ses trois enfants, [Z] [S] n\u00e9e le [Date naissance 3] 1993 \u00e0 [Localit\u00e9 2] (S\u00e9n\u00e9gal), [L] [E] [O] [N] n\u00e9e le [Date naissance 1] 1998 \u00e0 [Localit\u00e9 1] (Italie) et [W] [N] n\u00e9 le [Date naissance 2] 2001 \u00e0 [Localit\u00e9 3] (Italie) l'ont rejointe le 15 ao\u00fbt 2009 hors proc\u00e9dure de regroupement familial ; que Mme [Q] [D] invoque les accords de s\u00e9curit\u00e9 sociale entre la France et le S\u00e9n\u00e9gal sign\u00e9s le 29 mars 1974 en application desquels les nationaux de chacune des parties contractantes b\u00e9n\u00e9ficieraient sur le territoire de l'autre partie, de la l\u00e9gislation du travail, des lois sociales et de la s\u00e9curit\u00e9 sociale dans les m\u00eames conditions que les nationaux de cette partie ; que l'article premier pr\u00e9voit que les ressortissants s\u00e9n\u00e9galais exer\u00e7ant en France une activit\u00e9 salari\u00e9e ou assimil\u00e9e sont soumis aux l\u00e9gislations de s\u00e9curit\u00e9 sociale \u00e9num\u00e9r\u00e9es \u00e0 l'article 2 applicables en France et en b\u00e9n\u00e9ficient, ainsi que leurs ayants droit r\u00e9sidant en France, dans les m\u00eames conditions que les ressortissants fran\u00e7ais, l'article 2 \u00e9num\u00e9rant la l\u00e9gislation relative aux prestations familiales parmi son champ d'application ; qu'il est justifi\u00e9 de l'entr\u00e9e en vigueur de cet accord puisque la loi n\u00b0 75-1184 du 19 d\u00e9cembre 1975 a autoris\u00e9 l'approbation de la convention sign\u00e9e le 29 mars 1974 et que celui-ci a \u00e9t\u00e9 publi\u00e9 par d\u00e9cret n\u00b0 76-1072 du 17 novembre 1976 ; que l'avenant n\u00b0 1 de cette convention sign\u00e9 \u00e0 [Localit\u00e9 2] le 21 d\u00e9cembre 1992 a \u00e9galement \u00e9t\u00e9 publi\u00e9 ; qu'au regard de ces textes, les droits aux prestations familiales sont ouverts au ressortissant s\u00e9n\u00e9galais exer\u00e7ant une activit\u00e9 salari\u00e9e ou assimil\u00e9e ; qu'en l'esp\u00e8ce, Mme [Q] [D] justifie occuper un emploi d'assistante aupr\u00e8s de la SARL AD Sisto depuis le 2 f\u00e9vrier 2013 ; que d\u00e8s lors, elle ne peut b\u00e9n\u00e9ficier des dispositions de l'accord pr\u00e9cit\u00e9 qu'\u00e0 compter de cette date ; que pour la p\u00e9riode ant\u00e9rieure, elle est soumise aux conditions d\u00e9finies par le code de la s\u00e9curit\u00e9 sociale ; que selon l'article L. 512-2, alin\u00e9a 3, deuxi\u00e8me tiret, du code de la s\u00e9curit\u00e9 sociale, les \u00e9trangers non ressortissants d'un Etat membre de l'Union europ\u00e9enne, d'un autre Etat partie \u00e0 l'accord sur l'Espace \u00e9conomique europ\u00e9en ou de la Conf\u00e9d\u00e9ration helv\u00e9tique, titulaires d'un titre exig\u00e9 d'eux en vertu soit de dispositions l\u00e9gislatives ou r\u00e9glementaires, soit de trait\u00e9s ou accords internationaux pour r\u00e9sider r\u00e9guli\u00e8rement en France b\u00e9n\u00e9ficient des prestations familiales sous r\u00e9serve qu'il soit justifi\u00e9 pour leurs enfants qui sont \u00e0 leur charge et au titre desquels les prestations familiales sont demand\u00e9es, de leur entr\u00e9e r\u00e9guli\u00e8re dans le cadre de la proc\u00e9dure du regroupement familial vis\u00e9e au livre IV du code de l'entr\u00e9e et du s\u00e9jour des \u00e9trangers et du droit d'asile ou de leur qualit\u00e9 d'enfant \u00e9tranger titulaire d'une carte de s\u00e9jour ; que l'article D. 512-2 du m\u00eame code, dispose que la r\u00e9gularit\u00e9 de l'entr\u00e9e et du s\u00e9jour de l'enfant est justifi\u00e9e dans ce cas par la production du certificat de contr\u00f4le m\u00e9dical de l'enfant d\u00e9livr\u00e9 par l'Office fran\u00e7ais de l'immigration et de l'int\u00e9gration \u00e0 l'issue de la proc\u00e9dure d'introduction ou d'admission au s\u00e9jour au titre du regroupement familial ; que l'exigence du certificat susmentionn\u00e9 pour l'ouverture des droits \u00e0 prestations familiales, de par leur caract\u00e8re objectif justifi\u00e9 par la n\u00e9cessit\u00e9 dans un Etat d\u00e9mocratique d'exercer un contr\u00f4le des conditions d'accueil des enfants ne porte pas une atteinte disproportionn\u00e9e au droit \u00e0 la vie familiale garanti par les articles 8 et 14 de la CEDH ; qu'or, en l'esp\u00e8ce, Mme [Q] [D] n'a pas communiqu\u00e9 le certificat exig\u00e9 pour chacun de ses enfants et, par cons\u00e9quent, elle ne r\u00e9unit pas les conditions lui permettant d'obtenir les prestations familiales sollicit\u00e9es pour la p\u00e9riode ant\u00e9rieure au 2 f\u00e9vrier 2013 ; que, dans ces conditions, la cour confirme pour partie le jugement entrepris en ce qu'il a rejet\u00e9 le recours pour la p\u00e9riode allant du 1er d\u00e9cembre 2009 au 1er f\u00e9vrier 2013 et l'infirme pour le surplus, les droits aux prestations familiales \u00e9tant ouverts \u00e0 compter du 2 f\u00e9vrier 2013 ;",
        "ET AUX MOTIFS EVENTUELLEMENT ADOPTES QUE l'article L. 512-2 alin\u00e9a 3 du code de la s\u00e9curit\u00e9 sociale, dans sa r\u00e9daction applicable au litige, pr\u00e9voit que les \u00e9trangers non ressortissants d'un Etat membre de la communaut\u00e9 europ\u00e9enne ou de l'espace \u00e9conomique europ\u00e9en, ce qui est le cas de Mme [D], b\u00e9n\u00e9ficient de plein droit des prestations familiales pour les enfants \u00e0 leur charge selon sept situations limitativement \u00e9num\u00e9r\u00e9es, en particulier celle visant une entr\u00e9e au plus tard en m\u00eame temps que l'un de leurs parents titulaires de la carte de s\u00e9jour temporaire portant la mention \u00ab vie priv\u00e9e et familiale \u00bb vis\u00e9e \u00e0 l'article L. 313-11 du code de l'entr\u00e9e et du s\u00e9jour des \u00e9trangers et du droit d'asile ; que, quant \u00e0 l'article D. 512-2 du code de la s\u00e9curit\u00e9 sociale, dans sa r\u00e9daction applicable au litige, il d\u00e9finit la liste des documents devant \u00eatre produits pour la mise en oeuvre des dispositions de l'article L. 512-2 pr\u00e9cit\u00e9, en particulier un certificat de contr\u00f4le m\u00e9dical de l'enfant (2\u00b0), d\u00e9livr\u00e9 par l'agence nationale de l'accueil des \u00e9trangers et des migrations \u00e0 l'issue de la proc\u00e9dure d'introduction ou d'admission au s\u00e9jour au titre du regroupement familial ; qu'aucune des situations envisag\u00e9es \u00e0 l'article L. 512-2 avec les pi\u00e8ces pr\u00e9vues \u00e0 l'article D. 512- 2 du code de la s\u00e9curit\u00e9 sociale ne correspond \u00e0 celle de Mme [D] et de ses trois enfants, en particulier dans la mesure o\u00f9 elle ne dispose pas du certificat de contr\u00f4le m\u00e9dical de l'enfant d\u00e9livr\u00e9 par l'agence nationale de l'accueil des \u00e9trangers et des migrations ; qu'en application de ces dispositions le refus de la CAF du Calvados de lui attribuer des prestations familiales appara\u00eet fond\u00e9 ; que s'agissant de l'application de ces textes qui serait contraire aux stipulations internationales invoqu\u00e9es par la demanderesse (articles 8 et 14 de la CEDH et 3-1 de la CIDE), il y a lieu de consid\u00e9rer qu'elle rev\u00eat un caract\u00e8re objectif justifi\u00e9 par la n\u00e9cessit\u00e9 dans un Etat d\u00e9mocratique d'exercer un contr\u00f4le des conditions d'accueil des enfants (absence de discrimination au titre de l'article 14 de la CEDH) et qu'elle ne porte pas une atteinte disproportionn\u00e9e au droit \u00e0 la vie familiale (respect de la vie familiale de l'article 8 de la CEDH), ni ne m\u00e9conna\u00eet les dispositions de l'article 3-1 de la CIDE ;",
        "ALORS QUE l'accord de s\u00e9curit\u00e9 sociale entre la France et le S\u00e9n\u00e9gal du 29 mars 1974 a \u00e9t\u00e9 accompagn\u00e9 d'un \u00e9change de lettres de la m\u00eame date ; que cet \u00e9change de lettres est libell\u00e9 de la mani\u00e8re suivante : \u00ab Monsieur le Ministre, Lors des n\u00e9gociations qui ont abouti \u00e0 la conclusion de la Convention d'\u00e9tablissement en date de ce jour, nous sommes convenus que les nationaux de chacune des Parties contractantes b\u00e9n\u00e9ficieraient sur le territoire de l'autre Partie de la l\u00e9gislation du travail, des lois sociales et de la s\u00e9curit\u00e9 sociale dans les m\u00eames conditions que les nationaux de cette Partie. J'ai l'honneur de vous proposer que la pr\u00e9sente lettre et la r\u00e9ponse de votre Excellence constituent l'Accord entre les deux Gouvernements sur cette disposition qui fera partie int\u00e9grante de la Convention pr\u00e9cit\u00e9e \u00bb et encore \u00ab Monsieur le Ministre, Par lettre en date de ce jour, vous avez bien voulu me faire part de ce qui suit : \"Lors des n\u00e9gociations qui ont abouti \u00e0 la conclusion de la Convention d'\u00e9tablissement en date de ce jour, nous sommes convenus que les nationaux de chacune des Parties contractantes b\u00e9n\u00e9ficieraient sur le territoire de l'autre Partie de la l\u00e9gislation du travail, des lois sociales et de la s\u00e9curit\u00e9 sociale dans les m\u00eames conditions que les nationaux de cette Partie. J'ai l'honneur de vous proposer que la pr\u00e9sente lettre et la r\u00e9ponse de votre Excellence constituent l'Accord entre les deux Gouvernements sur cette disposition qui fera partie int\u00e9grante de la Convention pr\u00e9cit\u00e9e\". J'ai l'honneur de vous confirmer l'accord de mon gouvernement sur ce qui pr\u00e9c\u00e8de \u00bb ; qu'en s'abstenant de rechercher si l'\u00e9change de lettres ne caract\u00e9risait pas la volont\u00e9 de soumettre les ressortissants s\u00e9n\u00e9galais aux m\u00eames conditions que les ressortissants fran\u00e7ais, les juges du fond ont priv\u00e9 leur d\u00e9cision de base l\u00e9gale au regard de l'article 55 de la Constitution du 4 octobre 1958 ainsi qu'au regard des articles 1 et 2 des accords de s\u00e9curit\u00e9 sociale entre la France et le S\u00e9n\u00e9gal du 29 mars 1974."
    ]
}