{
    "decision-0": [
        "CIV. 1",
        "LM",
        "COUR DE CASSATION",
        "______________________",
        "Audience publique du 9 novembre 2016",
        "Rejet",
        "Mme BATUT, pr\u00e9sident",
        "Arr\u00eat n\u00b0 1271 F-D",
        "Pourvoi n\u00b0 H 15-28.793",
        "R \u00c9 P U B L I Q U E F R A N \u00c7 A I S E",
        "_________________________",
        "AU NOM DU PEUPLE FRAN\u00c7AIS",
        "_________________________",
        "LA COUR DE CASSATION, PREMI\u00c8RE CHAMBRE CIVILE, a rendu l'arr\u00eat suivant :",
        "Statuant sur le pourvoi form\u00e9 par le pr\u00e9fet du Haut-Rhin, domicili\u00e9 [Adresse 2],",
        "contre l'ordonnance rendue le 23 octobre 2015 par le premier pr\u00e9sident de la cour d'appel de Metz, dans le litige l'opposant \u00e0 M. [B] [L], domicili\u00e9 chez Dom'asile, [Adresse 1],",
        "d\u00e9fendeur \u00e0 la cassation ;",
        "Le demandeur invoque, \u00e0 l'appui de son pourvoi, le moyen unique de cassation annex\u00e9 au pr\u00e9sent arr\u00eat ;",
        "Vu la communication faite au procureur g\u00e9n\u00e9ral ;",
        "LA COUR, en l'audience publique du 5 octobre 2016, o\u00f9 \u00e9taient pr\u00e9sents : Mme Batut, pr\u00e9sident, Mme Gargoullaud, conseiller r\u00e9f\u00e9rendaire rapporteur, M. Matet, conseiller doyen, Mme Pecquenard, greffier de chambre ;",
        "Sur le rapport de Mme Gargoullaud, conseiller r\u00e9f\u00e9rendaire, les observations de la SCP Odent et Poulet, avocat du pr\u00e9fet du Haut-Rhin, et apr\u00e8s en avoir d\u00e9lib\u00e9r\u00e9 conform\u00e9ment \u00e0 la loi ;"
    ],
    "decision-1": [
        "Sur le moyen unique, ci-apr\u00e8s annex\u00e9 :"
    ],
    "decision-2": [
        "Attendu, selon l'ordonnance attaqu\u00e9e (Metz, 23 octobre 2015), rendue par un premier pr\u00e9sident, et les pi\u00e8ces de la proc\u00e9dure, que, le 16 octobre 2015, M. [L], de nationalit\u00e9 g\u00e9orgienne, en situation irr\u00e9guli\u00e8re en France, a \u00e9t\u00e9 plac\u00e9 en garde \u00e0 vue pour des faits de vol en r\u00e9union, puis, le lendemain, en r\u00e9tention administrative ; que, par un courriel du 19 octobre 2015, le pr\u00e9fet a sollicit\u00e9 le service administratif central afin d'obtenir la pr\u00e9sentation aux autorit\u00e9s \u00e9trang\u00e8res d'une demande de laisser-passer consulaire pour l'int\u00e9ress\u00e9 ;"
    ],
    "decision-3": [
        "Attendu que le pr\u00e9fet fait grief \u00e0 l'ordonnance de rejeter sa demande de prolongation de la mesure ;"
    ],
    "decision-4": [
        "Attendu qu'apr\u00e8s avoir exactement retenu qu'il r\u00e9sulte de l'article L. 554-1 du code de l'entr\u00e9e et du s\u00e9jour des \u00e9trangers et du droit d'asile qu'un \u00e9tranger ne peut \u00eatre maintenu en r\u00e9tention que pour le temps strictement n\u00e9cessaire \u00e0 son d\u00e9part, l'administration \u00e9tant tenue d'exercer toutes diligences \u00e0 cet effet, le premier pr\u00e9sident, qui a relev\u00e9 que la premi\u00e8re diligence en vue d'obtenir l'\u00e9loignement de la personne n'avait \u00e9t\u00e9 accomplie que plusieurs jours apr\u00e8s son placement en r\u00e9tention, sans justification de circonstances impr\u00e9visibles, insurmontables et ext\u00e9rieures l'emp\u00eachant d'agir, a pu en d\u00e9duire que l'atteinte ainsi port\u00e9e aux droits de l'\u00e9tranger justifiait la mainlev\u00e9e de la mesure ; que le moyen n'est pas fond\u00e9 ;"
    ],
    "decision-5": [
        "PAR CES MOTIFS :",
        "REJETTE le pourvoi ;",
        "Ainsi fait et jug\u00e9 par la Cour de cassation, premi\u00e8re chambre civile, et prononc\u00e9 par le pr\u00e9sident en son audience publique du neuf novembre deux mille seize."
    ],
    "decision-6": [
        "MOYEN ANNEXE au pr\u00e9sent arr\u00eat",
        "Moyen produit par la SCP Odent et Poulet, avocat aux Conseils, pour le pr\u00e9fet du Haut-Rhin",
        "Il est fait grief \u00e0 l'ordonnance attaqu\u00e9e d'avoir rejet\u00e9 la requ\u00eate d'un pr\u00e9fet (le pr\u00e9fet du Haut-Rhin), en prolongation de la r\u00e9tention administrative d'un \u00e9tranger (M. [L]) ;",
        "AUX MOTIFS QU'aux termes de l'article L. 554-1 du code de l'entr\u00e9e et du s\u00e9jour des \u00e9trangers et du droit d'asile, un \u00e9tranger ne peut \u00eatre plac\u00e9 ou maintenu en r\u00e9tention que pour le temps strictement n\u00e9cessaire \u00e0 son d\u00e9part ; que l'administration doit exercer toute diligence \u00e0 cet effet ; que les d\u00e9marches n\u00e9cessaires \u00e0 la mise en oeuvre de la mesure d'\u00e9loignement doivent \u00eatre prises d\u00e8s le placement en r\u00e9tention ; qu'aucun texte n'autorise l'administration \u00e0 diff\u00e9rer ses d\u00e9marches en raison du moment o\u00f9 la mesure de placement en r\u00e9tention est prise et en particulier lorsqu'elle intervient en fin de semaine ou un jour f\u00e9ri\u00e9 ; que les d\u00e9marches de l'administration ne peuvent s'analyser en des actes de proc\u00e9dure b\u00e9n\u00e9ficiant du d\u00e9lai de prorogation pr\u00e9vu \u00e0 l'article 642 du code de proc\u00e9dure civile, lequel \u00e9tait inapplicable en l'esp\u00e8ce ; que M. [L] avait \u00e9t\u00e9 plac\u00e9 en r\u00e9tention administrative le 17 octobre 2015 \u00e0 18 h 15 ; que ce n'\u00e9tait que par courriel envoy\u00e9 le 19 octobre 2015 \u00e0 11 h 32 que les services de la pr\u00e9fecture du Haut-Rhin avaient sollicit\u00e9 le service administratif central, afin d'en obtenir la pr\u00e9sentation aux autorit\u00e9s \u00e9trang\u00e8res d'une demande de laissez-passer consulaire pour M. [L] ; qu'il n'\u00e9tait pas justifi\u00e9 de la date de pr\u00e9sentation effective de la demande de laissez-passer aux autorit\u00e9s \u00e9trang\u00e8res ; que la premi\u00e8re diligence en vue d'obtenir l'\u00e9loignement de l'\u00e9tranger n'avait \u00e9t\u00e9 accomplie que le deuxi\u00e8me jour qui avait suivi le placement en r\u00e9tention de M. [L] ; que la privation de libert\u00e9 de M. [L] durant la p\u00e9riode o\u00f9 les d\u00e9marches administratives avaient \u00e9t\u00e9 mises en attente, n'\u00e9tait pas justifi\u00e9e, en l'absence de d\u00e9monstration, par le pr\u00e9fet du Haut-Rhin, de circonstances impr\u00e9visibles, insurmontables et ext\u00e9rieures \u00e0 ses services l'emp\u00eachant d'accomplir ces d\u00e9marches d\u00e8s le placement en r\u00e9tention de l'\u00e9tranger ; que la r\u00e9alisation de ces d\u00e9marches \u00e9tait l'unique justification l\u00e9gale de la privation de libert\u00e9 de la personne retenue, de sorte que cette mesure attentatoire aux libert\u00e9s individuelles ne s'imposait pas durant la p\u00e9riode o\u00f9 aucune demande visant \u00e0 obtenir le d\u00e9part de M. [L] n'\u00e9tait en cours ; qu'eu \u00e9gard \u00e0 l'atteinte injustifi\u00e9e port\u00e9e aux libert\u00e9s individuelles de M. [L] par son placement en r\u00e9tention administrative, il y avait lieu d'ordonner la remise en libert\u00e9 de l'int\u00e9ress\u00e9 ;",
        "1\u00b0) ALORS QUE les d\u00e9marches accomplies par l'administration, d\u00e8s le lundi matin, en vue de l'\u00e9loignement d'un \u00e9tranger plac\u00e9 en r\u00e9tention administrative le samedi pr\u00e9c\u00e9dent \u00e0 18 h sont suffisamment diligentes, d\u00e8s lors que cet \u00e9tranger \u00e9tait d\u00e9pourvu de document de voyage et d'identit\u00e9 ; qu'en ayant jug\u00e9 que l'administration n'avait pas \u00e9t\u00e9 suffisamment diligente en saisissant l'unit\u00e9 centrale d'identification d\u00e8s le lundi matin 19 octobre 2015, alors que M. [L] avait \u00e9t\u00e9 plac\u00e9 en r\u00e9tention administrative le samedi 17 octobre \u00e0 18 h 15, \u00e0 l'issue de sa garde \u00e0 vue, le conseiller d\u00e9l\u00e9gu\u00e9 a viol\u00e9 l'article L. 554-1 du code de l'entr\u00e9e et du s\u00e9jour des \u00e9trangers et du droit d'asile ;",
        "2\u00b0) ALORS QUE la fermeture les samedi et dimanche de l'unit\u00e9 centrale d'identification, qui est l'interlocuteur unique des autorit\u00e9s consulaires g\u00e9orgiennes dans l'hypoth\u00e8se d'\u00e9loignement d'un \u00e9tranger pour lequel il est n\u00e9cessaire d'obtenir des documents de voyage, constitue une circonstance insurmontable emp\u00eachant l'administration d'accomplir, avant le premier jour ouvr\u00e9 suivant le placement en r\u00e9tention de l'\u00e9tranger, les diligences n\u00e9cessaires \u00e0 l'\u00e9loignement de celui-ci ; qu'en jugeant que le pr\u00e9fet du Haut-Rhin n'avait rencontr\u00e9 aucun obstacle insurmontable l'emp\u00eachant d'accomplir, d\u00e8s le dimanche 18 octobre, les d\u00e9marches n\u00e9cessaires \u00e0 l'\u00e9loignement de M. [L], le conseiller d\u00e9l\u00e9gu\u00e9 a viol\u00e9 l'article L. 554-1 du code de l'entr\u00e9e et du s\u00e9jour des \u00e9trangers et du droit d'asile."
    ]
}