{
    "decision-0": [
        "CIV. 1",
        "CM",
        "COUR DE CASSATION",
        "______________________",
        "Audience publique du 23 novembre 2016",
        "Cassation sans renvoi",
        "Mme BATUT, pr\u00e9sident",
        "Arr\u00eat n\u00b0 1329 F-D",
        "Pourvoi n\u00b0 C 15-26.282",
        "Aide juridictionnelle totale en demande",
        "au profit de M. [X].",
        "Admission du bureau d'aide juridictionnelle",
        "pr\u00e8s la Cour de cassation",
        "en date du 30 juin 2015.",
        "R \u00c9 P U B L I Q U E F R A N \u00c7 A I S E",
        "_________________________",
        "AU NOM DU PEUPLE FRAN\u00c7AIS",
        "_________________________",
        "LA COUR DE CASSATION, PREMI\u00c8RE CHAMBRE CIVILE, a rendu l'arr\u00eat suivant :",
        "Statuant sur le pourvoi form\u00e9 par M. [S] [X], domicili\u00e9 chez M. [U] [K], [Adresse 3],",
        "contre l'ordonnance rendue le 22 janvier 2015 par le premier pr\u00e9sident de la cour d'appel de Paris, dans le litige l'opposant :",
        "1\u00b0/ au pr\u00e9fet de Police, domicili\u00e9 [Adresse 4],",
        "2\u00b0/ au procureur g\u00e9n\u00e9ral pr\u00e8s la cour d'appel de Paris, domicili\u00e9 en son parquet g\u00e9n\u00e9ral [Adresse 2],",
        "d\u00e9fendeurs \u00e0 la cassation ;",
        "Le demandeur invoque, \u00e0 l'appui de son pourvoi, le moyen unique de cassation annex\u00e9 au pr\u00e9sent arr\u00eat ;",
        "Vu la communication faite au procureur g\u00e9n\u00e9ral ;",
        "LA COUR, en l'audience publique du 18 octobre 2016, o\u00f9 \u00e9taient pr\u00e9sents : Mme Batut, pr\u00e9sident, Mme Gargoullaud, conseiller r\u00e9f\u00e9rendaire rapporteur, M. Matet, conseiller doyen, Mme Pecquenard, greffier de chambre ;",
        "Sur le rapport de Mme Gargoullaud, conseiller r\u00e9f\u00e9rendaire, les observations de la SCP Gatineau et Fattaccini, avocat de M. [X], l'avis de Mme Vald\u00e8s Boulouque, avocat g\u00e9n\u00e9ral, et apr\u00e8s en avoir d\u00e9lib\u00e9r\u00e9 conform\u00e9ment \u00e0 la loi ;"
    ],
    "decision-1": [
        "Sur le moyen unique, pris en sa deuxi\u00e8me branche :"
    ],
    "decision-2": [
        "Attendu, selon l'ordonnance attaqu\u00e9e, rendue par un premier pr\u00e9sident, et les pi\u00e8ces de la proc\u00e9dure, que M. [X], de nationalit\u00e9 marocaine, en situation irr\u00e9guli\u00e8re en France, a \u00e9t\u00e9 plac\u00e9 en garde \u00e0 vue, le 14 janvier 2016, puis, le lendemain, en r\u00e9tention administrative ;",
        "Attendu que, pour prolonger cette mesure, l'ordonnance retient que l'encha\u00eenement des faits permet de consid\u00e9rer que le d\u00e9lai de notification des droits de la garde \u00e0 vue, intervenue \u00e0 15 heures, n'a pas \u00e9t\u00e9 excessif, d\u00e8s lors qu'il a d\u00fb \u00eatre diff\u00e9r\u00e9, depuis 13 heures 15, le temps d'aviser le procureur de la R\u00e9publique, de requ\u00e9rir l'interpr\u00e8te, puis de contacter la victime ;",
        "Qu'en se d\u00e9terminant ainsi, par des motifs impropres \u00e0 caract\u00e9riser une circonstance insurmontable de nature \u00e0 justifier le retard dans la notification des droits, le premier pr\u00e9sident a priv\u00e9 sa d\u00e9cision de base l\u00e9gale ;"
    ],
    "decision-3": [
        "Vu les articles L. 411-3 du code de l'organisation judiciaire et 1015 du code de proc\u00e9dure civile ;"
    ],
    "decision-4": [
        "PAR CES MOTIFS, et sans qu'il y ait lieu de statuer sur les autres branches du moyen :",
        "CASSE ET ANNULE, en toutes ses dispositions, l'ordonnance rendue le 22 janvier 2015 par le premier pr\u00e9sident de la cour d'appel de Paris ;",
        "DIT n'y avoir lieu \u00e0 renvoi ;",
        "Vu l'article 700 du code de proc\u00e9dure civile, rejette la demande ;",
        "Dit que sur les diligences du procureur g\u00e9n\u00e9ral pr\u00e8s la Cour de cassation, le pr\u00e9sent arr\u00eat sera transmis pour \u00eatre transcrit en marge ou \u00e0 la suite de l'ordonnance cass\u00e9e ;",
        "Ainsi fait et jug\u00e9 par la Cour de cassation, premi\u00e8re chambre civile, et prononc\u00e9 par le pr\u00e9sident en son audience publique du vingt-trois novembre deux mille seize."
    ],
    "decision-5": [
        "MOYEN ANNEXE au pr\u00e9sent arr\u00eat",
        "Moyen produit par la SCP Gatineau et Fattaccini, avocat aux Conseils, pour M. [X]",
        "Il est fait grief \u00e0 l'ordonnance confirmative attaqu\u00e9e d'AVOIR rejet\u00e9 les exceptions de nullit\u00e9 soulev\u00e9es par M. [X] et ordonn\u00e9 la prolongation du maintien de M. [X] dans les locaux ne relevant pas de l'administration p\u00e9nitentiaire pour une dur\u00e9e maximale de 20 jours, soit jusqu'au 9 f\u00e9vrier 2015 \u00e0 11 h 35 ;",
        "AUX MOTIFS PROPRES QUE \u00ab la cour consid\u00e8re que c'est par une analyse circonstanci\u00e9e et des motifs particuli\u00e8rement pertinents qu'il convient d'adopter que le premier juge a statu\u00e9 sur les moyens de nullit\u00e9 et de fond soulev\u00e9s devant lui et repris devant la cour sans qu'il soit n\u00e9cessaire d'apporter une quelconque observation ; il convient en cons\u00e9quence de confirmer l'ordonnance querell\u00e9e \u00bb ;",
        "ET AUX MOTIFS ADOPTES QU' \u00ab aux termes de l'article L. 552-13 du code de l'entr\u00e9e et du s\u00e9jour des \u00e9trangers et du droit d'asile en cas de violation des formes prescrites par la loi \u00e0 peine de nullit\u00e9 ou d'inobservation des formalit\u00e9s substantielles, toute juridiction, saisie d'une demande d'annulation ne peut prononcer la mainlev\u00e9e de la mesure que lorsque celle-ci a eu pour effet de porter atteinte aux droits de l'\u00e9tranger ; sur le premier moyen tir\u00e9 de la tardivet\u00e9 de la notification de la garde \u00e0 vue et des droits en garde \u00e0 vue : l'article 63-1 du code de proc\u00e9dure p\u00e9nale pr\u00e9voit que le gard\u00e9 \u00e0 vue est imm\u00e9diatement inform\u00e9 par un officier de police judiciaire de son placement en garde \u00e0 vue et des droits dont il dispose ; le conseil de l'int\u00e9ress\u00e9 fait valoir que l'interpr\u00e8te a \u00e9t\u00e9 requis 1 heure apr\u00e8s la connaissance acquise par les policiers de ce qu'il ne ma\u00eetrisait pas le fran\u00e7ais, ce qui a retard\u00e9 d'autant la notification de ses droits, et qu'il n'a \u00e9t\u00e9 proc\u00e9d\u00e9 \u00e0 cette derni\u00e8re qu'\u00e0 15 h 00 alors que l'interpr\u00e8te avait pr\u00eat\u00e9 serment \u00e0 14 h 00 ; M. [S] [X] a \u00e9t\u00e9 interpell\u00e9 dans le 18e arrondissement \u00e0 12 h 40 (ce qui correspond en cons\u00e9quence \u00e0 l'heure de son placement en garde \u00e0 vue le 14 janvier 2015) ; il a \u00e9t\u00e9 transf\u00e9r\u00e9 au commissariat du [Adresse 1] ; \u00e0 13 h 15, la notification de ses droits \u00e9tait diff\u00e9r\u00e9e dans l'attente de l'arriv\u00e9e d'un interpr\u00e8te qui \u00e9tait requis \u00e0 13 h 43 ; entre temps, un avis \u00e0 parquet \u00e9tait adress\u00e9 \u00e0 13 h 29 ; \u00e0 14 h 00 arrivait l'interpr\u00e8te ; \u00e0 14 h 50, les policiers prenaient attache de la victime ; \u00e0 15 h 00 avait lieu la notification des droits en garde \u00e0 vue ; cet encha\u00eenement des faits permet de consid\u00e9rer que le d\u00e9lai n'a pas \u00e9t\u00e9 excessif ; le moyen sera rejet\u00e9 ; Sur le deuxi\u00e8me moyen : l'article 63-1 du code de proc\u00e9dure p\u00e9nale pr\u00e9voit que le gard\u00e9 \u00e0 vue est imm\u00e9diatement inform\u00e9 par un officier de police judiciaire de son placement en garde \u00e0 vue et des droits dont il dispose ; si la personne ne comprend pas le fran\u00e7ais, ses droits doivent lui \u00eatre notifi\u00e9s par un interpr\u00e8te, le cas \u00e9ch\u00e9ant au moyen d'un formulaire qui lui est remis pour son information imm\u00e9diate. Mention de l'information donn\u00e9e en application du pr\u00e9sent article est port\u00e9e au proc\u00e8s-verbal de d\u00e9roulement de la garde \u00e0 vue et \u00e9marg\u00e9 par la personne gard\u00e9e \u00e0 vue. En cas de refus d'\u00e9margement, il est fait mention. En application de l'article 803-6, un document \u00e9non\u00e7ant ces droits est remis \u00e0 la personne lors de la notification de sa garde \u00e0 vue ; la notification du d\u00e9but de garde \u00e0 vue a eu lieu selon le proc\u00e8s-verbal \u00e9tabli le 14 janvier 2015 \u00e0 15h00 en langue arabe qu'il comprend, et en pr\u00e9sence de l'interpr\u00e8te en langue arabe, M. [V] [B], dont la signature figure en bas de l'acte, de m\u00eame que celle de l'int\u00e9ress\u00e9 ; il est exact que le formulaire sus-vis\u00e9 ne figure pas au dossier, alors qu'il est simplement indiqu\u00e9 dans le proc\u00e8s-verbal \u00e9marg\u00e9 qu'un document \u00e9non\u00e7ant ses droits est remis au garde \u00e0 vue, sans que soit pr\u00e9cis\u00e9e la langue ; cependant, dans la mesure o\u00f9 l'interpr\u00e8te est pr\u00e9sent et o\u00f9 il est indiqu\u00e9 de mani\u00e8re circonstanci\u00e9e que l'int\u00e9ress\u00e9 n'a pas souhait\u00e9 exercer ses droits, et o\u00f9 il a par ailleurs \u00e9t\u00e9 entendu et a r\u00e9pondu de mani\u00e8re circonstanci\u00e9e aux questions qui lui ont \u00e9t\u00e9 pos\u00e9es, \u00e0 15h15, en pr\u00e9sence de l'interpr\u00e8te comme il r\u00e9sulte du proc\u00e8s-verbal \u00e9tabli \u00e0 15h15 et sign\u00e9 \u00e0 la fois par l'interpr\u00e8te et par l'int\u00e9ress\u00e9, il n'en r\u00e9sulte aucun grief ; le moyen sera rejet\u00e9 ; Sur le troisi\u00e8me moyen tir\u00e9 de la lev\u00e9e tardive de la garde \u00e0 vue : le conseil de l'int\u00e9ress\u00e9 fait valoir que la garde \u00e0 vue n'a \u00e9t\u00e9 lev\u00e9e qu'\u00e0 11h35 le 15 janvier 2015, apr\u00e8s une nuit pass\u00e9e en garde \u00e0 vue, soit une heure apr\u00e8s que le p\u00f4le ait inform\u00e9 le parquet du classement sans suite du point de vue p\u00e9nal de ce dossier ; les droits du gard\u00e9 \u00e0 vue ont \u00e9t\u00e9 notifi\u00e9s \u00e0 l'int\u00e9ress\u00e9 le 14 janvier 2015 \u00e0 15h00 ; le Parquet, avis\u00e9 de cette garde \u00e0 vue \u00e0 13h29, a sollicit\u00e9 que la proc\u00e9dure soit soumise au p\u00f4le de comp\u00e9tence, et a demand\u00e9, le 14 janvier 2015, \u00e0 18h33, \u00e0 \u00eatre tenu inform\u00e9 de leur d\u00e9cision le 15 janvier 2015 en fin de matin\u00e9e ; le 15 janvier 2015, \u00e0 10h02, le Parquet a \u00e9t\u00e9 avis\u00e9 de la d\u00e9cision du Pr\u00e9fet de Police de rendre un arr\u00eat\u00e9 de placement en r\u00e9tention administrative de l'int\u00e9ress\u00e9 ; le Parquet a \u00e9t\u00e9 avis\u00e9 le 15 janvier 2015 \u00e0 10h20 de la d\u00e9cision du p\u00f4le de mettre fin \u00e0 la proc\u00e9dure de garde \u00e0 vue et de faire transf\u00e9rer le mis en cause au Centre de r\u00e9tention administrative de [Localit\u00e9 1] ; cet encha\u00eenement fait appara\u00eetre qu'aucun d\u00e9lai excessif entre ce moment et la lev\u00e9e de la garde \u00e0 vue \u00e0 11h35 n'a \u00e9t\u00e9 mis en oeuvre du fait de la n\u00e9cessaire pr\u00e9paration des actes administratifs \u00bb ;",
        "1\u00b0) ALORS QUE le ressortissant d'un pays tiers, en s\u00e9jour irr\u00e9gulier en France, n'encourt pas l'emprisonnement \u00e0 ce seul titre et ne peut d\u00e8s lors, sauf circonstances particuli\u00e8res, \u00eatre plac\u00e9 en garde \u00e0 vue ; qu'en validant en l'esp\u00e8ce une proc\u00e9dure ayant consist\u00e9 dans un premier temps \u00e0 placer en garde \u00e0 vue M. [X], tenu d'une obligation de quitter le territoire fran\u00e7ais depuis le 19 juillet 2014, puis seulement ensuite \u00e0 le transf\u00e9rer dans un centre de r\u00e9tention administrative sans constater que M. [X] avait commis un d\u00e9lit passible d'emprisonnement ni n'avait reconnu, lors de son interpellation, \u00eatre en situation irr\u00e9guli\u00e8re, la cour d'appel a priv\u00e9 sa d\u00e9cision de base l\u00e9gale au regard des articles 8 et 15 de la directive n\u00b0 2008/115/CE du Parlement et du Conseil, du 16 d\u00e9cembre 2008, relative aux normes et proc\u00e9dures communes applicables dans les Etats membres au retour des ressortissants de pays tiers en s\u00e9jour irr\u00e9gulier, ensemble les articles 63 et 67 du code de proc\u00e9dure p\u00e9nale, L. 611-1-1 et L. 552-1 du code de l'entr\u00e9e et du s\u00e9jour des \u00e9trangers et du droit d'asile ;",
        "2\u00b0) ALORS QUE, sauf obstacle insurmontable toute personne plac\u00e9e en garde \u00e0 vue doit se voir imm\u00e9diatement notifier ses droits ; qu'en l'esp\u00e8ce, le juge a constat\u00e9 que la garde \u00e0 vue de M. [X] avait d\u00e9but\u00e9 \u00e0 12 h 40, qu'\u00e0 13 h 15 \u00e9tait constat\u00e9e la n\u00e9cessit\u00e9 de faire appel \u00e0 un interpr\u00e8te, que l'appel \u00e0 celui-ci n'avait \u00e9t\u00e9 fait qu'\u00e0 13 h 43, et que la notification n'avait eu lieu qu'\u00e0 15 h tandis m\u00eame que l'interpr\u00e8te \u00e9tait arriv\u00e9 dans les locaux d\u00e8s 14 h ; qu'en consid\u00e9rant que cette notification survenue seulement 2 h 20 apr\u00e8s le placement n'\u00e9tait pas tardive par cela seul qu'entre temps, un avis \u00e0 parquet avait \u00e9t\u00e9 adress\u00e9 \u00e0 13 h 29 et que, tandis que l'interpr\u00e8te \u00e9tait arriv\u00e9 depuis 14 h, les policiers, \u00e0 14 h 50 avaient pris l'attache de la victime, la cour d'appel, qui n'a pas ainsi constat\u00e9 des obstacles insurmontables ayant emp\u00each\u00e9 une notification plus rapide, a priv\u00e9 sa d\u00e9cision de base l\u00e9gale au regard de l'article 63-1 du code de proc\u00e9dure p\u00e9nale ;",
        "3\u00b0) ALORS QUE, si la remise d'un formulaire d'information imm\u00e9diate des droits de la personne gard\u00e9e \u00e0 vue, dans une langue qu'elle comprend, ne vaut pas notification de ceux-ci, cette remise n'est pas optionnelle et doit \u00eatre effectu\u00e9e d\u00e8s lors que l'interpr\u00e8te n'est pas disponible dans le meilleur d\u00e9lai ; qu'en tout \u00e9tat de cause, s'il est possible d'informer oralement la personne de ses droits faute de disponibilit\u00e9 du formulaire dans une langue comprise par celle-ci, et si l'information ainsi oralement donn\u00e9e est mentionn\u00e9e sur un proc\u00e8s-verbal, une version du document dans une langue qu'elle comprend doit ensuite \u00eatre remise \u00e0 la personne sans retard ; que le d\u00e9faut de remise d'un tel formulaire cause n\u00e9cessairement un pr\u00e9judice au gard\u00e9 \u00e0 vue peu important qu'ayant re\u00e7u notification verbale il ait d\u00e9cid\u00e9 de ne pas exercer ses droits ; qu'en l'esp\u00e8ce, la cour a constat\u00e9 que le formulaire ne figurait pas au dossier et qu'il \u00e9tait seulement indiqu\u00e9 dans le proc\u00e8s-verbal \u00e9marg\u00e9 qu'un document \u00e9non\u00e7ant ses droits avait \u00e9t\u00e9 remis au gard\u00e9 \u00e0 vue sans que soit pr\u00e9cis\u00e9e la langue ; qu'en consid\u00e9rant cependant que, dans la mesure o\u00f9 l'interpr\u00e8te \u00e9tait pr\u00e9sent et o\u00f9 il \u00e9tait indiqu\u00e9 que M. [X] n'avait pas souhait\u00e9 exercer ses droits et o\u00f9 il avait par ailleurs \u00e9t\u00e9 entendu et avait r\u00e9pondu de mani\u00e8re circonstanci\u00e9e aux questions qui lui \u00e9tait pos\u00e9es, \u00e0 15 h 15, en pr\u00e9sence de l'interpr\u00e8te, la proc\u00e9dure \u00e9tait r\u00e9guli\u00e8re, ces manquements n'ayant pas fait grief \u00e0 M. [X], la cour d'appel a viol\u00e9 les articles 63-1 et 803-6 du code de proc\u00e9dure p\u00e9nale."
    ]
}