{
    "decision-0": [
        "CIV. 1",
        "LG",
        "COUR DE CASSATION",
        "______________________",
        "Audience publique du 8 juin 2016",
        "Cassation partielle sans renvoi",
        "Mme BATUT, pr\u00e9sident",
        "Arr\u00eat n\u00b0 662 F-D",
        "Pourvoi n\u00b0 V 15-25.148",
        "Aide juridictionnelle totale en demande",
        "au profit de M. H....",
        "Admission du bureau d'aide juridictionnelle",
        "pr\u00e8s la Cour de cassation",
        "en date du 30 juin 2015.",
        "R \u00c9 P U B L I Q U E F R A N \u00c7 A I S E",
        "_________________________",
        "AU NOM DU PEUPLE FRAN\u00c7AIS",
        "_________________________",
        "LA COUR DE CASSATION, PREMI\u00c8RE CHAMBRE CIVILE, a rendu l'arr\u00eat suivant :",
        "Statuant sur le pourvoi form\u00e9 par M. M... H..., domicili\u00e9 [...] ,",
        "contre l'ordonnance rendue le 27 janvier 2015 par le premier pr\u00e9sident de la cour d'appel de Toulouse, dans le litige l'opposant au pr\u00e9fet du d\u00e9partement du Tarn, domicili\u00e9 [...] ,",
        "d\u00e9fendeur \u00e0 la cassation ;",
        "Le demandeur invoque, \u00e0 l'appui de son pourvoi, le moyen unique de cassation annex\u00e9 au pr\u00e9sent arr\u00eat ;",
        "Vu la communication faite au procureur g\u00e9n\u00e9ral ;",
        "LA COUR, en l'audience publique du 10 mai 2016, o\u00f9 \u00e9taient pr\u00e9sentes : Mme Batut, pr\u00e9sident, Mme Gargoullaud, conseiller r\u00e9f\u00e9rendaire rapporteur, Mme Bignon, conseiller doyen, Mme Nguyen, greffier de chambre ;",
        "Sur le rapport de Mme Gargoullaud, conseiller r\u00e9f\u00e9rendaire, les observations de Me Delamarre, avocat de M. H..., l'avis de M. Bernard de La Gatinais, premier avocat g\u00e9n\u00e9ral, et apr\u00e8s en avoir d\u00e9lib\u00e9r\u00e9 conform\u00e9ment \u00e0 la loi ;"
    ],
    "decision-1": [
        "Attendu, selon l'ordonnance attaqu\u00e9e, rendue par un premier pr\u00e9sident, et les pi\u00e8ces de la proc\u00e9dure, que les services de police ont contr\u00f4l\u00e9 l'identit\u00e9 de M. H..., de nationalit\u00e9 g\u00e9orgienne, en situation irr\u00e9guli\u00e8re en France, puis l'ont plac\u00e9 en retenue, en application de l'article L. 611-1-1 du code de l'entr\u00e9e et du s\u00e9jour des \u00e9trangers et du droit d'asile ; que le pr\u00e9fet du Tarn a pris, \u00e0 son encontre, une d\u00e9cision de placement en r\u00e9tention administrative ;"
    ],
    "decision-2": [
        "Sur le moyen unique, pris en sa premi\u00e8re branche, ci-apr\u00e8s annex\u00e9 :",
        "Attendu que M. H... fait grief \u00e0 l'ordonnance de confirmer la prolongation de cette mesure ;"
    ],
    "decision-3": [
        "Attendu que le premier pr\u00e9sident a exactement retenu que constituait, au sens de l'article 74, alin\u00e9a 1er, du code de proc\u00e9dure civile, une exception de proc\u00e9dure devant, \u00e0 peine d'irrecevabilit\u00e9, \u00eatre soulev\u00e9e avant toute d\u00e9fense au fond, l'exception de nullit\u00e9 prise de l'irr\u00e9gularit\u00e9 du contr\u00f4le d'identit\u00e9 pr\u00e9alable au placement en r\u00e9tention ; qu'en sa premi\u00e8re branche, le moyen n'est pas fond\u00e9 ;"
    ],
    "decision-4": [
        "Mais sur la seconde branche du moyen :"
    ],
    "decision-5": [
        "Vu l'article L. 552-4-1 du code de l'entr\u00e9e et du s\u00e9jour des \u00e9trangers et du droit d'asile ;",
        "Attendu qu'il r\u00e9sulte de ce texte qu'\u00e0 titre exceptionnel, le juge peut ordonner l'assignation \u00e0 r\u00e9sidence avec surveillance \u00e9lectronique d'un \u00e9tranger, p\u00e8re ou m\u00e8re d'un enfant mineur r\u00e9sidant en France dont il contribue effectivement \u00e0 l'entretien et \u00e0 l'\u00e9ducation dans les conditions pr\u00e9vues \u00e0 l'article 371-2 du code civil depuis la naissance ou depuis au moins deux ans, et qui ne peut pas \u00eatre assign\u00e9 \u00e0 r\u00e9sidence en application de l'article L. 561-2 du m\u00eame code ;",
        "Attendu que, pour rejeter la demande d'assignation \u00e0 r\u00e9sidence avec surveillance \u00e9lectronique, l'ordonnance \u00e9nonce que M. H... ne dispose pas d'un document d'identit\u00e9 en cours de validit\u00e9 et ne peut, en cons\u00e9quence, b\u00e9n\u00e9ficier d'une telle mesure ;",
        "Qu'en statuant ainsi, par un motif impropre \u00e0 motiver le rejet de la demande d'assignation \u00e0 r\u00e9sidence avec surveillance \u00e9lectronique, le premier pr\u00e9sident a viol\u00e9, par fausse application, le texte susvis\u00e9 ;",
        "Vu les articles L. 411-3 du code de l'organisation judiciaire et 1015 du code de proc\u00e9dure civile ;"
    ],
    "decision-6": [
        "PAR CES MOTIFS :",
        "CASSE ET ANNULE, sauf en ce qu'elle d\u00e9clare l'appel recevable, l'ordonnance rendue le 27 janvier 2015, entre les parties, par le premier pr\u00e9sident de la cour d'appel de Toulouse ;",
        "DIT n'y avoir lieu \u00e0 renvoi ;",
        "Vu l'article 700 du code de proc\u00e9dure civile, rejette la demande ;",
        "Dit que sur les diligences du procureur g\u00e9n\u00e9ral pr\u00e8s la Cour de cassation, le pr\u00e9sent arr\u00eat sera transmis pour \u00eatre transcrit en marge ou \u00e0 la suite de l'ordonnance partiellement cass\u00e9e ;",
        "Ainsi fait et jug\u00e9 par la Cour de cassation, premi\u00e8re chambre civile, et prononc\u00e9 par le pr\u00e9sident en son audience publique du huit juin deux mille seize."
    ],
    "decision-7": [
        "MOYEN ANNEXE au pr\u00e9sent arr\u00eat",
        "Moyen produit par Me Delamarre, avocat aux Conseils, pour M. H...",
        "Le moyen reproche \u00e0 l'ordonnance confirmative attaqu\u00e9e d'avoir d\u00e9bout\u00e9 Monsieur H... de toutes ses demandes ;",
        "AUX MOTIFS PROPRES QUE",
        "\u00ab Sur les exceptions de proc\u00e9dure",
        "Sur le contr\u00f4le d'identit\u00e9 :",
        "Pour \u00eatre recevable en appel, les exceptions de nullit\u00e9 du contr\u00f4le d 'identit\u00e9, de la garde \u00e0 vue et de la proc\u00e9dure pr\u00e9c\u00e9dant imm\u00e9diatement le placement en r\u00e9tention doivent avoir \u00e9t\u00e9 soulev\u00e9es in limine litis en premi\u00e8re instance.",
        "En l'esp\u00e8ce, la nullit\u00e9 du contr\u00f4le d 'identit\u00e9 n'a pas \u00e9t\u00e9 soulev\u00e9e en premi\u00e8re instance, elle est en cons\u00e9quence irrecevable en cause d'appel.",
        "Sur les autres exceptions de proc\u00e9dure :",
        "En application de l'article L 552-13 du code de l'entr\u00e9e et du s\u00e9jour des \u00e9trangers et du droit d 'asile, en cas de violation des formes prescrites par la loi \u00e0 peine de nullit\u00e9 ou d'inobservation des formalit\u00e9s substantielles, toute juridiction qui est saisie d'une demande d'annulation ne peut prononcer la mainlev\u00e9e de la mesure du placement en r\u00e9tention que lorsque celle-ci a eu pour effet de porter atteinte aux droits de l'\u00e9tranger.",
        "Sur l'absence du proc\u00e8s-verbal du d\u00e9roulement de la mesure de retenue :",
        "L '\u00e9tranger au cours de la proc\u00e9dure de retenue b\u00e9n\u00e9ficie, en application de l'article L 611-1-1 du CESEDA, d'un certain nombre de droits.",
        "A cette fin, il est \u00e9tabli un proc\u00e8s-verbal sign\u00e9 par la personne retenue qui permet de s'assurer de l'effectivit\u00e9 des droits de la personne retenue.",
        "En l 'esp\u00e8ce, ce proc\u00e8s-verbal n'a pas \u00e9t\u00e9 \u00e9tabli.",
        "Le conseil de Monsieur M... H... soutient que son absence ne permet pas de s'assurer qu'il a pu b\u00e9n\u00e9ficier d 'un placement d'une cellule diff\u00e9rente des personnes gard\u00e9es \u00e0 vue, d'un acc\u00e8s \u00e0 un m\u00e9decin, d'un temps de repos et d'alimentation.",
        "N\u00e9anmoins, il ressort de la proc\u00e9dure que M. H... a \u00e9t\u00e9 inform\u00e9 des droits dont il pouvait b\u00e9n\u00e9ficier.",
        "Il n'a pas souhait\u00e9 \u00eatre examin\u00e9 par un m\u00e9decin.",
        "Il a pu b\u00e9n\u00e9ficier d 'un temps de repos dont il n 'est pas rapport\u00e9 la preuve que celui-ci s'est d\u00e9roul\u00e9 dans des locaux de garde \u00e0 vue.",
        "Il ne s'est certes pas aliment\u00e9, mais il n'appara\u00eet pas que cette possibilit\u00e9 lui ait \u00e9t\u00e9 refus\u00e9e.",
        "En cons\u00e9quence, il n'appara\u00cet pas que les droits de Monsieur H... n'ont pas \u00e9t\u00e9 respect\u00e9s.",
        "En cons\u00e9quence, l'absence de proc\u00e8s-verbal ne lui fait pas grief",
        "Sur la nature du maintien dans les locaux de police :",
        "Lors du contr\u00f4le effectu\u00e9 dans le garage AV Auto \u00e0 St Benoist de Carmaux deux personnes, dont M... H..., prenaient la fuite. Interpell\u00e9 sur le motif de sa fuite, Monsieur H... indiquait qu'il \u00e9tait en situation irr\u00e9guli\u00e8re sur le territoire fran\u00e7ais. Les officiers de police judiciaire, qui constataient qu'il ne pouvait pas justifier de son droit au s\u00e9jour sur le territoire fran\u00e7ais, et faisait l'objet d'une fiche de recherche, le conduisaient imm\u00e9diatement au commissariat de police de Carmaux o\u00f9 son placement en r\u00e9tention lui \u00e9tait imm\u00e9diatement notifi\u00e9.",
        "Si, certes, les officiers de police ont vis\u00e9 dans les proc\u00e8s-verbaux les textes relatifs \u00e0 l'enqu\u00eate de flagrance, la proc\u00e9dure utilis\u00e9e a \u00e9t\u00e9 celle de la r\u00e9tention. La mention des textes de la garde \u00e0 vue est une simple erreur mat\u00e9rielle, qui ne fait pas grief \u00e0 Monsieur H....",
        "La proc\u00e9dure est en cons\u00e9quence r\u00e9guli\u00e8re.",
        "Sur la comp\u00e9tence de l'interpr\u00e8te :",
        "La notification des droits au cours de la proc\u00e9dure de retenue doit \u00eatre faite dans une langue comprise par la personne retenue.",
        "Aucun texte n'impose le recours \u00e0 un interpr\u00e8te agr\u00e9\u00e9 ou asserment\u00e9.",
        "En l'esp\u00e8ce, M... H... a indiqu\u00e9 qu'il parlait l'arm\u00e9nien.",
        "Il a \u00e9t\u00e9 assist\u00e9 tout au long de la proc\u00e9dure de retenue par une personne sachant parler le fran\u00e7ais et l'arm\u00e9nien, langue qu'il avait indiqu\u00e9 comme \u00e9tant celle qu'il parlait. L'interpr\u00e8te a pr\u00eat\u00e9 serment.",
        "M. M... H... n'a, \u00e0 aucun moment de la proc\u00e9dure de retenue, invoqu\u00e9 l'incomp\u00e9tence de l'interpr\u00e8te d\u00e9sign\u00e9 au cours de la proc\u00e9dure de retenue.",
        "Il ne rapporte, en cons\u00e9quence, pas la preuve d'un grief.",
        "Au fond",
        "En application des articles L 552-1 et L 552-4 du code de l'entr\u00e9e et du s\u00e9jour des \u00e9trangers et du droit d'asile, le juge des libert\u00e9s et de la d\u00e9tention, saisi par le pr\u00e9fet aux fins de la prolongation de la r\u00e9tention, statue sur l'une des deux mesures suivantes :",
        "la prolongation du maintien dans les locaux ne relevant pas de l'administration p\u00e9nitentiaire.",
        "lorsque l'\u00e9tranger dispose de garanties de repr\u00e9sentation effectives, l'assignation \u00e0 r\u00e9sidence, apr\u00e8s la remise \u00e0 un service de police ou de gendarmerie du passeport ou de tout document justificatif de l'identit\u00e9.",
        "En l'esp\u00e8ce, M... H... ne dispose pas d'un document d'identit\u00e9 en cours de validit\u00e9. Il ne peut, en cons\u00e9quence, b\u00e9n\u00e9ficier d'une mesure d'assignation \u00e0 r\u00e9sidence.",
        "La d\u00e9cision du juge des libert\u00e9s et de la d\u00e9tention sera, dans ces conditions, confirm\u00e9e \u00bb,",
        "ET AUX MOTIFS ADOPTES QUE",
        "\u00ab Sur la proc\u00e9dure :",
        "Le conseil soul\u00e8ve la nullit\u00e9 de la proc\u00e9dure \u00e9tablie par le commissariat de Carmaux en ce que l'int\u00e9ress\u00e9 a b\u00e9n\u00e9fici\u00e9 d'un interpr\u00e8te en langue arm\u00e9nienne alors qu'il est de nationalit\u00e9 g\u00e9orgienne. A ce titre, il convient de relever que, lors d'une pr\u00e9c\u00e9dente proc\u00e9dure jointe, il avait b\u00e9n\u00e9fici\u00e9 d'un interpr\u00e8te en russe, qu'il a refus\u00e9 de signifier la notification du d\u00e9but de la r\u00e9tention pendant laquelle il \u00e9tait assist\u00e9 de l'interpr\u00e8te en arm\u00e9nien ; il a \u00e9t\u00e9 entendu le 20 janvier 2015 \u00e0 14 h 10 et, \u00e0 cette occasion, il a d\u00e9clar\u00e9 qu'il comprenait, parlait et lisait, la langue arm\u00e9nienne. Dans ces conditions, le moyen n'est pas fond\u00e9.",
        "Sur le fond :",
        "L'int\u00e9ress\u00e9 demande \u00e0 b\u00e9n\u00e9ficier d'une assignation \u00e0 r\u00e9sidence avec surveillance \u00e9lectronique, dans les conditions pr\u00e9vues par l'article L 552-4-1 du CESEDA. Il s'agit donc d'une forme particuli\u00e8re d'assignation \u00e0 r\u00e9sidence qui ne d\u00e9roge pas \u00e0 l'exigence de pr\u00e9senter pr\u00e9alablement un passeport en cours de validit\u00e9. Cette demande n 'est donc pas recevable.",
        "Il est, d\u00e8s lors, n\u00e9cessaire d'ordonner la prolongation de la r\u00e9tention administrative de cette derni\u00e8re \u00bb,",
        "ALORS, D'UNE PART, QUE",
        "Le moyen relatif \u00e0 l'exercice effectif, par un \u00e9tranger, de ses droits, dont le juge doit n\u00e9cessairement s'assurer, ne constitue pas une exception de proc\u00e9dure ; qu'il peut d\u00e8s lors \u00eatre pr\u00e9sent\u00e9 pour la premi\u00e8re fois en cause d'appel ; qu'en d\u00e9clarant irrecevable le moyen invoqu\u00e9 par Monsieur H... et tir\u00e9 de la nullit\u00e9 du contr\u00f4le d'identit\u00e9 au motif qu'il n' avait pas \u00e9t\u00e9 soulev\u00e9 en premi\u00e8re instance, le juge d'appel a viol\u00e9 l'articles 74 du Code de proc\u00e9dure civile;",
        "ALORS, D'AUTRE PART, QU'",
        "A titre exceptionnel, le juge peut ordonner l'assignation \u00e0 r\u00e9sidence d'un \u00e9tranger avec surveillance \u00e9lectronique dans les conditions pr\u00e9vues aux articles L. 562-1 \u00e0 L. 562-3 du Code du s\u00e9jour des \u00e9trangers et du droit d'asile, lorsque celui-ci est parent d'un enfant mineur r\u00e9sidant en France, s'il contribue effectivement \u00e0 l'entretien et \u00e0 l'\u00e9ducation dans les conditions pr\u00e9vues \u00e0 l'article 371-2 du code civil depuis la naissance de celui-ci ou depuis au moins deux ans, et s'il ne peut \u00eatre assign\u00e9 \u00e0 r\u00e9sidence en application de l'article L. 561-2 du m\u00eame code ; qu'en rejetant la demande d'assignation \u00e0 r\u00e9sidence pr\u00e9sent\u00e9e par Monsieur H..., au seul motif inop\u00e9rant que celui-ci ne disposait pas d'un document d'identit\u00e9 en cours de validit\u00e9, le juge d'appel a viol\u00e9 l'article L. 552-4-1 du Code du s\u00e9jour des \u00e9trangers et du droit d'asile."
    ]
}