{
    "decision-0": [
        "N\u00b0 G 15-87.214 FS-P+B",
        "N\u00b0 1227",
        "FAR",
        "7 JUIN 2017",
        "CASSATION",
        "M. GU\u00c9RIN pr\u00e9sident,",
        "R \u00c9 P U B L I Q U E F R A N \u00c7 A I S E",
        "________________________________________",
        "AU NOM DU PEUPLE FRAN\u00c7AIS",
        "_________________________",
        "LA COUR DE CASSATION, CHAMBRE CRIMINELLE, en son audience publique tenue au Palais de Justice \u00e0 PARIS, a rendu l'arr\u00eat suivant :",
        "Statuant sur le pourvoi form\u00e9 par :",
        "-",
        "La soci\u00e9t\u00e9 Yvroud europ\u00e9enne des fluides,",
        "contre l'arr\u00eat de la cour d'appel de CHAMBERY, chambre correctionnelle, en date du 12 novembre 2015, qui, pour emploi d'\u00e9trangers non munis d'une autorisation de travail, aide \u00e0 l'entr\u00e9e, \u00e0 la circulation ou au s\u00e9jour irr\u00e9guliers d'\u00e9trangers en France et travail dissimul\u00e9, l'a condamn\u00e9e \u00e0 six amendes de 5 000 euros ;",
        "La COUR, statuant apr\u00e8s d\u00e9bats en l'audience publique du 25 avril 2017 o\u00f9 \u00e9taient pr\u00e9sents : M. Gu\u00e9rin, pr\u00e9sident, M. X..., conseiller rapporteur, M. Straehli, Mme Durin-Karsenty, MM. Larmanjat, Parlos, Bonnal, Mme M\u00e9notti, conseillers de la chambre, MM. Barbier, Talabardon, Ascensi, conseillers r\u00e9f\u00e9rendaires ;",
        "Avocat g\u00e9n\u00e9ral : M. Y... ;",
        "Greffier de chambre : Mme Herv\u00e9 ;",
        "Sur le rapport de M. le conseiller X..., les observations de la soci\u00e9t\u00e9 civile professionnelle THOUIN-PALAT et BOUCARD, avocat en la Cour, et les conclusions de M. le premier avocat g\u00e9n\u00e9ral Y... ;"
    ],
    "decision-1": [
        "Vu le m\u00e9moire produit ;"
    ],
    "decision-2": [
        "Attendu qu'il r\u00e9sulte de l'arr\u00eat attaqu\u00e9 et des pi\u00e8ces de proc\u00e9dure qu'un premier contr\u00f4le, r\u00e9alis\u00e9 le 21 avril 2009, sur le chantier de construction d'une clinique \u00e0 La Ravoire (Savoie), a r\u00e9v\u00e9l\u00e9 l'emploi par la soci\u00e9t\u00e9 Yvroud europ\u00e9enne des fluides (la soci\u00e9t\u00e9 Yvroud) de treize ressortissants roumains, d\u00e9munis pour certains de titre de s\u00e9jour et d'autorisation de travail, alors qu'ils avaient \u00e9t\u00e9 recrut\u00e9s par la soci\u00e9t\u00e9 Yvroud en Roumanie par le truchement d'une soci\u00e9t\u00e9 de droit roumain, ICG International Group (la soci\u00e9t\u00e9 ICG) ; que lors d'un second contr\u00f4le de ce chantier, effectu\u00e9 le 11 mai 2009, la pr\u00e9sence de vingt salari\u00e9s de nationalit\u00e9 roumaine, employ\u00e9s dans des conditions similaires, \u00e9tait constat\u00e9e ; que la poursuite des investigations men\u00e9es par le service de police, ainsi que par l'inspection du travail a \u00e9tabli que ces travailleurs avaient \u00e9t\u00e9 embauch\u00e9s par la soci\u00e9t\u00e9 ICG, succ\u00e9dant \u00e0 une pr\u00e9c\u00e9dente soci\u00e9t\u00e9 de droit roumain, la soci\u00e9t\u00e9 SC Allodia Impexcom SRL, en qualit\u00e9 d'int\u00e9rimaires, avant d'\u00eatre envoy\u00e9s en France, pour une dur\u00e9e ind\u00e9termin\u00e9e, entre mai 2008 et janvier 2009, puis mis \u00e0 la disposition, notamment, de la soci\u00e9t\u00e9 Yvroud, cette derni\u00e8re les employant sur ledit chantier et assurant leur h\u00e9bergement \u00e0 ce titre ; que, selon les auditions r\u00e9alis\u00e9es, l'\u00e9tude des documents saisis et le rapport de l'inspection du travail, les salaires indiqu\u00e9s et le nombre d'heures de travail effectu\u00e9es par ces travailleurs tels que mentionn\u00e9s sur les contrats de mise \u00e0 disposition \u00e9taient inexacts ; que, selon les \u00e9l\u00e9ments transmis par l'administration du travail roumaine, les soci\u00e9t\u00e9s Allodia et ICG ne b\u00e9n\u00e9ficiaient pas du statut d'entreprise de travail temporaire et aucun contrat de mise \u00e0 disposition \u00e9tabli par ces soci\u00e9t\u00e9 pour treize des salari\u00e9s ayant oeuvr\u00e9 pour le compte de la soci\u00e9t\u00e9 Yvroud n'avait \u00e9t\u00e9 \u00e9tabli, situation dont il \u00e9tait d\u00e9duit l'existence de faits de travail dissimul\u00e9 ; que, saisi des poursuites engag\u00e9es contre ladite soci\u00e9t\u00e9, le tribunal a rejet\u00e9 l'exception d'irr\u00e9gularit\u00e9 de la proc\u00e9dure soulev\u00e9e et a d\u00e9clar\u00e9 la soci\u00e9t\u00e9 Yvroud coupable des chefs de travail dissimul\u00e9, d'emploi d'\u00e9trangers non munis d'une autorisation de travail et d'aide \u00e0 l'entr\u00e9e, \u00e0 la circulation ou au s\u00e9jour irr\u00e9guliers d'\u00e9trangers en France ; que le pr\u00e9venu et le procureur de la R\u00e9publique ont relev\u00e9 appel de cette d\u00e9cision ;"
    ],
    "decision-3": [
        "En cet \u00e9tat :"
    ],
    "decision-4": [
        "Sur le premier moyen de cassation, pris de la violation des articles pr\u00e9liminaire, 509, 512, 463, 592, 593, 648 \u00e0 651 du code de proc\u00e9dure p\u00e9nale, 6, \u00a7 1, de la Convention europ\u00e9enne des droits de l'homme, ensemble violation des droits de la d\u00e9fense, d\u00e9faut de motifs et manque de base l\u00e9gale ;",
        "\"en ce que l'arr\u00eat attaqu\u00e9 a refus\u00e9 de faire droit \u00e0 l'exception de nullit\u00e9 de la proc\u00e9dure soulev\u00e9e par la soci\u00e9t\u00e9 Yvroud ;",
        "\" aux motifs que l'avocat de la soci\u00e9t\u00e9 Yvroud fait \u00e9tat de ce qu'il avait sollicit\u00e9 l'acc\u00e8s aux scell\u00e9s faits par les services de police et qu'il lui avait \u00e9t\u00e9 indiqu\u00e9, apr\u00e8s recherches, que l'int\u00e9gralit\u00e9 des scell\u00e9s avait disparu ; qu'il en tirait argument pour soulever une irr\u00e9gularit\u00e9 de la proc\u00e9dure en faisant \u00e9tat d'une jurisprudence de la chambre criminelle de la Cour de cassation du 6 janvier 2010, W 09-83-897, venant affirmer, selon lui, la n\u00e9cessit\u00e9 de pouvoir v\u00e9rifier et discuter l'existence et la teneur de pi\u00e8ces de la proc\u00e9dure si elles constituaient un document substantiel pour le respect des droits de la d\u00e9fense, et devant entra\u00eener la nullit\u00e9 de la d\u00e9cision ; qu'il rappelait le titre annonc\u00e9 des huit scell\u00e9s et d'une annexe non communiqu\u00e9s, annexe en fait pr\u00e9sente au dossier ; qu'il consid\u00e9rait que l'exploitation de ces scell\u00e9s avait \u00e9t\u00e9 utilis\u00e9e principalement lors d'une audition de l'enqu\u00eate, celle de M. Z..., responsable roumain de la soci\u00e9t\u00e9 utilis\u00e9e, ce qui, selon lui, devait entra\u00eener l'impossibilit\u00e9 de retenir cette audition. Il indiquait, d'autre part, que l'annexe au rapport de la DDPAF, intitul\u00e9e \"Tableau synoptique d\u00e9taillant les identit\u00e9s des quarante ouvriers roumains employ\u00e9s par les soci\u00e9t\u00e9s Ravoire et Yvroud avec les p\u00e9riodes d'emploi et le temps de travail comptabilis\u00e9 par mois\" ne pouvait \u00eatre prise en compte, puisque r\u00e9sultant de l'exploitation des documents plac\u00e9s sous scell\u00e9s disparus. Il indiquait enfin que le rapport \u00e9tabli par la ODPAF ne pouvait pas \u00eatre pris en consid\u00e9ration puisque se fondant principalement sur les scell\u00e9s disparus, ce qui devait entra\u00eener de ce fait la mise \u00e0 l'\u00e9cart de l'avis de la direction du travail du 5 ao\u00fbt 2011 s'appuyant pr\u00e9cis\u00e9ment sur ce rapport de police, comportant au demeurant des noms diff\u00e9rents. Il concluait en cons\u00e9quence \u00e0 l'annulation du jugement et \u00e0 la relaxe de la pr\u00e9venue ; que le tribunal a r\u00e9pondu \u00e0 cette argumentation en indiquant : \"s'il est constant que la disjonction des deux proc\u00e9dures entre Chamb\u00e9ry et Albertville a engendr\u00e9 des difficult\u00e9s quant \u00e0 la r\u00e9partition des pi\u00e8ces, le tribunal a sollicit\u00e9 l'int\u00e9gralit\u00e9 du dossier transmis \u00e0 Chamb\u00e9ry, justifiant les renvois ; que le tribunal appr\u00e9ciera en cons\u00e9quence les faits reproch\u00e9s \u00e0 la soci\u00e9t\u00e9 Yvroud sur la base des pi\u00e8ces soumises \u00e0 son appr\u00e9ciation et sur aucune autre, il convient en cons\u00e9quence de rejeter le moyen.\" L'examen de la jurisprudence indiqu\u00e9e concerne en fait le seul probl\u00e8me de la d\u00e9livrance des copies des pi\u00e8ces du dossier au pr\u00e9venu, n\u00e9cessitant de rechercher si celui-ci avait pu ou non obtenir la copie de l'int\u00e9gralit\u00e9 des pi\u00e8ces du dossier soumis \u00e0 la juridiction. Elle ne permet donc pas de d\u00e9duire le corpus d\u00e9clin\u00e9 dans les conclusions avec les cons\u00e9quences indiqu\u00e9es, qui, au demeurant, seraient de peu d'efficacit\u00e9 au vu des dispositions de l'articles 520 du code de proc\u00e9dure p\u00e9nale permettant \u00e0 la Cour d'\u00e9voquer alors et de statuer sur le fond, d'autant que l'argumentation soulev\u00e9e rel\u00e8ve davantage du fond que d'un probl\u00e8me de nullit\u00e9 ; qu'en l'esp\u00e8ce, l'argumentation sera rejet\u00e9e, car la disparition des pi\u00e8ces ne saurait entra\u00eener ipso facto la nullit\u00e9 du jugement ; qu'il est vrai que ces documents, saisis principalement chez M. Z..., ont donn\u00e9 lieu \u00e0 une exploitation par les services de la police aux fronti\u00e8res, qui en ont alors extrait un certain nombre d'\u00e9l\u00e9ments utilis\u00e9s dans leurs questions pos\u00e9es enti\u00e8rement retranscrites, \u00e9l\u00e9ments utilis\u00e9s alors dans le cadre de l'interrogatoire de M, Z..., \u00e9l\u00e9ment cl\u00e9 des soci\u00e9t\u00e9s Allodia Impexcom et ICG, en ce sens qu'il \u00e9tait en charge de la totalit\u00e9 des salari\u00e9s roumains adress\u00e9s depuis la Roumanie par M. A..., g\u00e9rant des deux soci\u00e9t\u00e9s, en France, M. Z... reconnaissant lui-m\u00eame que son \"r\u00f4le \u00e9tait d'encadrer tous les salari\u00e9s roumains de ICG en France, de servir d'interm\u00e9diaire entre les roumains et les fran\u00e7ais, d'ob\u00e9ir aux ordres des clients fran\u00e7ais et de transmettre les demandes des fran\u00e7ais aux roumains\" ; que, toutefois, ces \u00e9l\u00e9ments \u00e9taient d\u00e9j\u00e0 connus en fait des services de police suite aux auditions des nombreux salari\u00e9s d\u00e9couverts sur le chantier le 10 mai 2009, d'autre part, M. Z..., au vu des questions pos\u00e9es, avait une libert\u00e9 totale de r\u00e9ponse par rapports aux questions et a pu alors fournir les r\u00e9ponses qu'il entendait vouloir donner ; qu'il s'av\u00e8re que les r\u00e9ponses donn\u00e9es sont en fait venues conforter les \u00e9l\u00e9ments exploit\u00e9s d\u00e9j\u00e0 connus en fait des services de police \u00e0 la suite des auditions des salari\u00e9s ; que ces \u00e9l\u00e9ments de r\u00e9ponse ne peuvent en aucun cas \u00eatre ray\u00e9s d'un trait de plume, s'agissant d'une audition intervenue dans le cadre d'une enqu\u00eate de police, d'une personne tiers, sur laquelle la pr\u00e9venue ne saurait avoir un droit de contr\u00f4le sur le contenu ; qu'en outre, la soci\u00e9t\u00e9 pr\u00e9venue ne d\u00e9montre en rien en quoi la non communication desdits scell\u00e9s lui ferait grief, s'agissant de documents saisis chez les soci\u00e9t\u00e9s roumaines, alors m\u00eame que le probl\u00e8me de sa qualit\u00e9 pour agir \u00e0 ce titre se pose s\u00e9rieusement, et qu'en outre, \u00e0 supposer que ces documents pouvaient contenir des informations totalement diff\u00e9rentes des siennes, la soci\u00e9t\u00e9 Yvroud \u00e9tait toujours \u00e0 m\u00eame de pouvoir apporter la contradiction par la production de ses propres documents en cas de contestation, ayant eu acc\u00e8s et ayant pu se faire communiquer les pi\u00e8ces d'interrogatoires concern\u00e9es relatant les propos tenus dans les proc\u00e8s-verbaux dress\u00e9s par les services de police ; qu'enfin, les huit scell\u00e9s sont ainsi d\u00e9taill\u00e9s : scell\u00e9 n\u00b01 : un facturier ICG pour 2009 concernant notamment la soci\u00e9t\u00e9 Yvroud, scell\u00e9 n\u00b02 : des factures impay\u00e9es du centre hospitalier de Chamb\u00e9ry, scell\u00e9 n\u00b03 : des tableaux des salari\u00e9s ICG travaillant pour la soci\u00e9t\u00e9 Ravoire, Scell\u00e9 n\u00b04 : un tableau des salari\u00e9s ICG travaillant pour la soci\u00e9t\u00e9 Yvroud de janvier 2008 \u00e0 avril 2009, scell\u00e9 n\u00b05 : factures fax\u00e9es par Yvroud dat\u00e9es de novembre 2008 \u00e0 avril 2009, avec situation de travaux, scell\u00e9 n\u00b06 : facture Rh\u00f4ne Alpes Echafaudage \u00e0 Allodia Impexcom pour la location de main d'oeuvre, scell\u00e9 n\u00b07 : courrier du maire de la Ravoire pour la SAS Yvroud, scell\u00e9 n\u00b08 : contrats de mise \u00e0 disposition de personnel entre ICG ou Allodia Impexcom et la SAS Yvroud ou la SAS Ravoire pour 2008 et 2009 ; que sur ces scell\u00e9s, seuls les num\u00e9ros 1, 4, 5, 7 et 8 concernent la SAS Yvroud, \u00e9tant pr\u00e9cis\u00e9 que les scell\u00e9s 5 et 7 ont \u00e9t\u00e9 fournis par la SAS Yvroud, que l'indication du contenu du scell\u00e9 4 est proche de l'annexe dress\u00e9e par les services de police figurant au dossier, que le scell\u00e9 1 est connu de la soci\u00e9t\u00e9 Yvroud qui a re\u00e7u les factures des soci\u00e9t\u00e9s roumaines, et qu'enfin les contrats de mise \u00e0 disposition se trouvent en copies dans le dossier ; que la soci\u00e9t\u00e9 Yvroud met en cause \u00e9galement le rapport de synth\u00e8se de la police aux fronti\u00e8res, le tableau produit en annexe, tableau reprenant l'emploi de 40 ressortissants roumains sur le chantier de la clinique entre avril 2008 et mai 2009, proche en fait du scell\u00e9 n\u00b04, avec leur nombre d'heures travaill\u00e9es, et enfin l'avis de la direction du travail ; que, toutefois, le rapport de synth\u00e8se de la police aux fronti\u00e8res reprend le travail d'enqu\u00eate effectu\u00e9 par ses services, les \u00e9l\u00e9ments de r\u00e9ponse v\u00e9rifi\u00e9s quant \u00e0 la r\u00e9gularit\u00e9 de la pr\u00e9sence des salari\u00e9s roumains sur le chantier, les \u00e9l\u00e9ments fournis sur proc\u00e8s-verbal par des membres du personnel de la soci\u00e9t\u00e9 Yvroud et par M. Z..., les contradictions constat\u00e9es entre les \u00e9l\u00e9ments d\u00e9couverts chez M, Z... et ceux produits par la soci\u00e9t\u00e9 Yvroud ; qu'il est fait \u00e9tat des scell\u00e9s 3 et 6 qui n'ont strictement rien \u00e0 voir avec la soci\u00e9t\u00e9 Yvroud, et du scell\u00e9 N\u00b04, dont on sait qu'il est repris en partie dans le tableau annexe joint au proc\u00e8s-verbal ; qu'en outre, l'existence ou non des scell\u00e9s n'apporte aucun \u00e9l\u00e9ment sur l'appr\u00e9ciation des deux premi\u00e8res infractions reproch\u00e9es \u00e0 la pr\u00e9venue au niveau de l'emploi d'\u00e9trangers ou de s\u00e9jours irr\u00e9guliers d'\u00e9trangers, d\u00e8s lors, la demande en nullit\u00e9 de pi\u00e8ces de proc\u00e9dure sollicit\u00e9e sera rejet\u00e9e, la Cour entendant ne prendre sa d\u00e9cision, comme le tribunal correctionnel l'a fait, qu'au vu des pi\u00e8ces soumises \u00e0 son appr\u00e9ciation et sur aucune autre ;",
        "\"alors que doit \u00eatre annul\u00e9e la d\u00e9cision rendue sur le fondement de pi\u00e8ces disparues, lorsque ces pi\u00e8ces sont essentielles \u00e0 la proc\u00e9dure, de sorte que leur existence et leur teneur doivent pouvoir \u00eatre v\u00e9rifi\u00e9es afin que soient respect\u00e9s les droits de la d\u00e9fense ; que la soci\u00e9t\u00e9 Yvroud faisait express\u00e9ment valoir dans ses \u00e9critures d'appel que l'ensemble des pi\u00e8ces correspondant aux huit scell\u00e9s de la proc\u00e9dure ainsi qu'\u00e0 l'annexe au proc\u00e8s-verbal du 14 mai 2009 qui avaient \u00e9t\u00e9 \u00e9gar\u00e9s et ne lui avaient pas \u00e9t\u00e9 communiqu\u00e9s, pr\u00e9sentaient un caract\u00e8re substantiel puisque que le rapport de la police aux fronti\u00e8res du 14 mai 2009 et l'avis donn\u00e9 par la DIRECCTE le 5 ao\u00fbt 2011 s'\u00e9taient exclusivement fond\u00e9s sur ces pi\u00e8ces, contenant le nom de salari\u00e9s roumains non vis\u00e9s dans la proc\u00e9dure initiale, pour initier les poursuites p\u00e9nales \u00e0 son encontre ; qu'en affirmant n\u00e9anmoins en l'esp\u00e8ce que les documents litigieux avaient \u00e9t\u00e9 exploit\u00e9s par les services de la police aux fronti\u00e8res pour les utiliser au soutien de leurs interrogatoires mais que ces \u00e9l\u00e9ments \u00ab \u00e9taient d\u00e9j\u00e0 connus des service de police suite aux auditions des nombreux salari\u00e9s d\u00e9couverts sur le chantier \u00bb sans r\u00e9pondre au chef p\u00e9remptoire des \u00e9critures de la demanderesse qui faisait valoir que l'identit\u00e9 de certains des salari\u00e9s roumains pour lesquels le tribunal \u00e9tait entr\u00e9 en voie de condamnation \u00e0 son encontre r\u00e9sultait exclusivement de l'exploitation de ces documents disparus et non port\u00e9s \u00e0 la connaissance de la d\u00e9fense, la cour d'appel a priv\u00e9 sa d\u00e9cision de motifs en violation des textes susvis\u00e9s\" ;"
    ],
    "decision-5": [
        "Attendu que le demandeur ne saurait se faire un grief de ce que l'arr\u00eat a refus\u00e9 d'annuler le jugement en raison de la disparition de scell\u00e9s d\u00e8s lors qu'il r\u00e9sulte des \u00e9nonciations dudit jugement que le tribunal n'a pas fond\u00e9 sa d\u00e9cision sur ces seuls \u00e9l\u00e9ments de preuve ;",
        "D'o\u00f9 il suit que le moyen ne peut \u00eatre accueilli ;"
    ],
    "decision-6": [
        "Sur le deuxi\u00e8me moyen de cassation, pris de la violation du principe de la r\u00e9troactivit\u00e9 in mitius, des articles 8 de la D\u00e9claration des droits de l'homme et du citoyen du 26 ao\u00fbt 1789, 6 et 7 de la Convention europ\u00e9enne des droits de l'homme, 15 du Pacte international relatif aux droits civils et politiques, 49 de la Charte des droits fondamentaux de l'Union europ\u00e9enne, 21 du Trait\u00e9 sur le fonctionnement de l'Union europ\u00e9enne, de l'acte d'adh\u00e9sion de la Roumanie et de le Bulgarie \u00e0 l'Union europ\u00e9enne du 25 avril 2005, L. 8256-2, L. 8256-7, L. 5221-1, L. 5221-2, code du travail, 112-1, L. 121-2, 131-38 du code p\u00e9nal, 591 et 593 du code de proc\u00e9dure p\u00e9nale, d\u00e9faut de motifs et manque de base l\u00e9gale ;",
        "\"en ce que l'arr\u00eat attaqu\u00e9 a d\u00e9clar\u00e9 la soci\u00e9t\u00e9 Yvroud coupable du d\u00e9lit d'emploi par personne morale d'\u00e9trangers non munis d'une autorisation de travail salari\u00e9 ;",
        "\"aux motifs qu'il est reproch\u00e9 \u00e0 la soci\u00e9t\u00e9 Yvroud d'avoir \u00e0 la Ravoire, entre le 1er mars 2008 et le 11 mai 2009, en tout cas sur le territoire national et depuis temps non couvert par la prescription, directement ou par personne interpos\u00e9e, engag\u00e9, conserv\u00e9 \u00e0 son service ou employ\u00e9 pour quelque dur\u00e9e que ce soit, les nomm\u00e9s Maricel Nicu B..., Vasile Daniele B..., Marius C..., Petrea C..., Remus Gheorghita Cafes, Damian D..., Vasile E..., Vasile N... K... , Vasile O... L... , Laurentiu F..., lonel Cristian G..., Andrei George H..., Rica I..., Bogdan lonut J..., loan Pruteanu, lulian Valeanu, seize \u00e9trangers non munis d'un titre les autorisant \u00e0 exercer une activit\u00e9 salari\u00e9e en France, faits pr\u00e9vus par les articles L. 8256-7, al. 1, L. 8256-2, al 1, L. 5221-8, L. 5221-2, R. 5221-1, R. 5221-3 du code du travail, 121-2 du code p\u00e9nal et r\u00e9prim\u00e9s par art. L. 8256-7, art. L. 8256-2 du code du travail, art. 131-38, art. 131-39 1\u00b0, 2\u00b0, 3\u00b0, 4\u00b0, 5\u00b0, 8\u00b0, 9\u00b0, code p\u00e9nal ; que la soci\u00e9t\u00e9 Yvroud conteste l'infraction reproch\u00e9e en consid\u00e9rant que :",
        "- sur les seize salari\u00e9s, onze se trouvaient en situation r\u00e9guli\u00e8re, l'infraction n'existant que lorsque les salari\u00e9s ex\u00e9cutent une mission sup\u00e9rieure \u00e0 trois mois,",
        "- l'infraction fond\u00e9e sur l'article L. 8256-2 du code du travail ne lui \u00e9tait pas applicable, Il n'est pas contestable que la force de travail des salari\u00e9s vis\u00e9s, d\u00e9couverts sur le chantier au moment du contr\u00f4le COLTI du 11 mai 2009, \u00e9taient utilis\u00e9s par la soci\u00e9t\u00e9 Yvroud via un organisme soi-disant int\u00e9rimaire ; que l'infraction reproch\u00e9e, consistant \u00e0 disposer d'une autorisation sp\u00e9ciale de travail, ne peut \u00eatre constitu\u00e9e qu'\u00e0 partir du moment o\u00f9 la mission des salari\u00e9s dure plus de trois mois cons\u00e9cutifs ; qu'en proc\u00e9dant d'une part, \u00e0 l'exploitation des auditions des int\u00e9ress\u00e9s faisant \u00e9tat de leur pr\u00e9sence sur le chantier de la clinique \u00e0 la Ravoire, et d'autre part, \u00e0 l'exploitation des contrats de mise \u00e0 disposition \u00e9manant de ICG, mentionnant les dates des missions, il appara\u00eet que les salari\u00e9s suivants peuvent \u00eatre retenus comme ayant travaill\u00e9 plus de trois mois sans avoir b\u00e9n\u00e9fici\u00e9 de l'autorisation sp\u00e9cifique autorisant une activit\u00e9 salari\u00e9e :",
        "- Petrea- C.... travaillant du 13 janvier 2009 au 11 mai 2009,",
        "- Damian D..., travaillant depuis le 10 janvier 2009 au 11 mai 2009,",
        "- Daniele B... travaillant depuis le 13 janvier 2009 au 11 mai 2009,",
        "- Vasile E..., ayant travaill\u00e9 depuis janvier 2008 sur la clinique, avec retour pour la Roumanie tous les trois mois pour quinze jours, dernier retour le 27 avril 2009,",
        "- Laurentiu F..., travaillant \u00e0 compter du 12 janvier 2009, avec retour pour les f\u00eates de p\u00e2ques, puis retour le 27 avril 2009,",
        "- Remus Cafes, travaillant depuis le 1er septembre 2008, soit six au total ; que d'autre part, il appara\u00eet que les salari\u00e9s suivants doivent \u00eatre \u00e9cart\u00e9s de la pr\u00e9vention comme ayant \u00e9t\u00e9 employ\u00e9s moins de trois mois :",
        "- Bogdan J..., ayant travaill\u00e9 \u00e0 compter du 11 mars 2009,",
        "- Vasile K..., ayant travaill\u00e9 \u00e0 compter du 11 mars 2009,",
        "- Andrei H..., ayant travaill\u00e9 \u00e0 compter du 28 avril 2009,",
        "- loan Pruteanu, ayant travaill\u00e9 \u00e0 compter du 23 f\u00e9vrier 2009,",
        "- Vasile L..., ayant travaill\u00e9 du 13 janvier \u00e0 mi-avril 2009, puis \u00e0 compter du 27 avril 2009,",
        "- C... Marius, ayant travaill\u00e9 \u00e0 compter du 25 f\u00e9vrier 2009,",
        "-Ionel G..., ayant commenc\u00e9 \u00e0 travailler \u00e0 partir du 28 avril 2009,",
        "- Maricel B... ayant travaill\u00e9 \u00e0 compter du 13 mars 2009,",
        "- lulan Valeanu, ayant travaill\u00e9 \u00e0 compter du 1er mars 2009, soit 9 au total, aucun \u00e9l\u00e9ment n'existant concernant le salari\u00e9 Rica I..., qui sera donc exclu de la pr\u00e9vention, il sera donc retenu au final que six salari\u00e9s au titre de cette pr\u00e9vention ; que sur le reproche fait \u00e0 la soci\u00e9t\u00e9 Yvroud d'\u00eatre coupable desdits faits par application des dispositions de l'article L .8256-2 du code du travail, il est all\u00e9gu\u00e9 par la soci\u00e9t\u00e9 Yvroud que le changement de version des articles L. 8256-2 du code du travail et L. 8251-1 du code du travail \u00e0 la date du 18 juin 2011 emp\u00eacherait les poursuites de la soci\u00e9t\u00e9 Yvroud ; que la comparaison entre les deux textes L. 8256-2 permet de constater que l'embauche de tout \u00e9tranger non muni du titre l'autorisant \u00e0 exercer une activit\u00e9 salari\u00e9e, par toute personne, \"directement ou par personne interpos\u00e9e\" est r\u00e9prim\u00e9e par la loi dans les m\u00eames termes, quelle que soit la version ; qu'il est all\u00e9gu\u00e9 que la mention figurant dans les deux versions de l'article L. 8256-2, faisant r\u00e9f\u00e9rence \u00e0 la \"m\u00e9connaissance des dispositions du premier alin\u00e9a de l'article L. 8251-1\" emp\u00eacherait la poursuite de la soci\u00e9t\u00e9 Yvroud, au motif que celle-ci devrait avoir embauch\u00e9 \"directement\" l'\u00e9tranger, ce qui est erron\u00e9, puisque le texte, quelle que soit la version, pr\u00e9voit toujours une mention alternative, soit \"directement ou par personne interpos\u00e9e\" pour la premi\u00e8re, soit une mention \"directement ou indirectement\" pour le seconde version apr\u00e8s 2011. Le texte de r\u00e9pression pr\u00e9voyant que l'amende est appliqu\u00e9e autant de fois qu'il y a d'\u00e9trangers concern\u00e9s, c'est donc, avec raison que les premiers juges ont fait application de ces dispositions au nombre de salari\u00e9s concern\u00e9s selon eux ; qu'il sera donc prononc\u00e9 autant de peines d'amendes de 5 000 euros que de salari\u00e9s en situation non conforme \u00e0 l'encontre de la soci\u00e9t\u00e9 Yvroud, soit six amendes ;",
        "\"1\u00b0) alors que les dispositions nouvelles s'appliquent aux infractions commises avant leur entr\u00e9e en vigueur et n'ayant pas donn\u00e9 lieu \u00e0 une condamnation pass\u00e9e en force de chose jug\u00e9e lorsqu'elles sont moins s\u00e9v\u00e8res que les dispositions anciennes ; que la Roumanie \u00e9tant devenue membre de l'Union europ\u00e9enne le 1er janvier 2007, la totalit\u00e9 des restrictions \u00e0 l'acc\u00e8s au march\u00e9 du travail a \u00e9t\u00e9 lev\u00e9e \u00e0 compter du 1er janvier 2014 pour les ressortissants de cet Etat, lesquels ont \u00e9t\u00e9, \u00e0 compter de cette date, assimil\u00e9s aux ressortissants fran\u00e7ais sur le march\u00e9 du travail ; qu'il s'en d\u00e9duit que l'article 8256-2 du code du travail, support l\u00e9gal des incriminations relatives \u00e0 l'emploi irr\u00e9gulier d'\u00e9trangers en France, ne pouvait plus \u00eatre appliqu\u00e9 \u00e0 compter de cette date aux employeurs ayant leur si\u00e8ge en France, employant des travailleurs roumains, y compris pour des faits commis ant\u00e9rieurement \u00e0 la lev\u00e9e de ces restrictions ; qu'en entrant n\u00e9anmoins en voie de condamnation \u00e0 l'encontre de la soci\u00e9t\u00e9 Yvroud pour avoir employ\u00e9 des travailleurs roumains non munis d'une autorisation de travail salari\u00e9 en France, la cour d'appel a viol\u00e9 le principe et les textes susvis\u00e9s ;",
        "\"2\u00b0) alors qu'en tout etat de cause il r\u00e9sulte de l'article 121-2 du code p\u00e9nal que les personnes morales ne peuvent \u00eatre d\u00e9clar\u00e9es p\u00e9nalement responsables que s'il est \u00e9tabli qu'une infraction a \u00e9t\u00e9 commise, pour leur compte, par leurs organes ou repr\u00e9sentants, c'est-\u00e0-dire par les personnes physiques ayant le pouvoir de direction desdites personnes morales, quand bien m\u00eame la faute commise serait une faute d'abstention ; qu'en retenant en l'esp\u00e8ce que la soci\u00e9t\u00e9 Yvroud avait commis l'infraction d'emploi par personne morale d'\u00e9trangers non munis d'une autorisation de travail salari\u00e9 sans indiquer la personne physique, investie du pouvoir de direction, par l'interm\u00e9diaire de laquelle l'infraction reproch\u00e9e aurait \u00e9t\u00e9 commise, ni constater qu'elle l'aurait \u00e9t\u00e9 pour le compte de cette soci\u00e9t\u00e9, la cour d'appel a m\u00e9connu les textes susvis\u00e9s\" ;",
        "Sur le troisi\u00e8me moyen de cassation, pris de la violation des articles 121-2, du code p\u00e9nal, L. 622-1, L. 622-3 du code de l'entr\u00e9e et du s\u00e9jour des \u00e9trangers et du droit d'asile, 591 et 593 du code de proc\u00e9dure p\u00e9nale, cassation par voie de cons\u00e9quence, d\u00e9faut de motifs et manque de base l\u00e9gale ;",
        "\"en ce que l'arr\u00eat attaqu\u00e9 a d\u00e9clar\u00e9 la soci\u00e9t\u00e9 Yvroud coupable du d\u00e9lit d'aide \u00e0 s\u00e9jour irr\u00e9gulier d'\u00e9trangers en France ;",
        "\"aux motifs qu'il est reproch\u00e9 \u00e0 la soci\u00e9t\u00e9 Yvroud d'avoir \u00e0 la Ravoire, entre le 1er mars 2008 et le 11 mai 2009, en tout cas sur le territoire national et depuis temps non couvert par la prescription, par aide directe ou indirecte, en l'esp\u00e8ce en h\u00e9bergeant dans des locaux mis \u00e0 disposition par la soci\u00e9t\u00e9 Yvroud sans qu'aucune d\u00e9claration d'h\u00e9bergement collectif n'ait \u00e9t\u00e9 effectu\u00e9e, facilit\u00e9 ou tent\u00e9 de faciliter l'entr\u00e9e, la circulation ou le s\u00e9jour irr\u00e9gulier en France de Maricel Nicu B..., Vasile Danielle B..., Marius C..., Petrea C..., Remus Gheorghita Cafes, Damian D..., Vasile E..., Vasile N... K... , Vasile O... L... , Laurentiu F..., lonel Cristian G..., Andrei George H..., Rica I..., Bogdan P... J... , loan Pruteanu, lulian Valeanu, repr\u00e9sentant seize \u00e9trangers, faits pr\u00e9vus par art. L. 622-1, al 1, al. 2 c, \u00e9trangers, et r\u00e9prim\u00e9s par art. L. 622-1 AU, art. L. 622-3 c. \u00e9trangers. La soci\u00e9t\u00e9 Yvroud sollicite la relaxe sur cette pr\u00e9vention pour tenir compte de la r\u00e9alit\u00e9 des situations irr\u00e9guli\u00e8res et pour absence d'acte positif et volontaire dans le cadre d'un s\u00e9jour irr\u00e9gulier ; qu'il est constant que ce type d'infractions ne pourra \u00eatre en d\u00e9finitif retenu qu'\u00e0 l'encontre des six salari\u00e9s vis\u00e9s pr\u00e9c\u00e9demment. Contrairement \u00e0 ses affirmations, la SAS Yvroud, destinataire par principe des contrats de mise \u00e0 disposition, s'agissant d'une obligation l\u00e9gale, par les organismes \u00e9trangers, lui permettant, en cas de contr\u00f4le, de justifier de la r\u00e9gularit\u00e9 des personnes employ\u00e9es, ne pouvait pas ne pas s'apercevoir au vu des dur\u00e9es d'emploi pr\u00e9vues, d\u00e9marrant soit en janvier, soit en mars 2009 pour aller, toutes jusqu'en d\u00e9cembre 2009, que la dur\u00e9e de travail \u00e9tait alors sup\u00e9rieure \u00e0 trois mois, et qu'il \u00e9tait donc n\u00e9cessaire de pr\u00e9voir des mises en conformit\u00e9 de la situation des salari\u00e9s, et, ce d'autant que le man\u00e8ge durait en fait depuis 2008 et qu'un simple contr\u00f4le visuel permettait de constater que les noms des personnes utilis\u00e9es revenaient singuli\u00e8rement. Il importe peu que la soci\u00e9t\u00e9 Yvroud fournisse une base de vie aux salari\u00e9s financ\u00e9e par elle, rendant selon elle visible les salari\u00e9s, ce qui n'est qu'\u00e0 moiti\u00e9 vrai au vu de l'absence de d\u00e9claration ad\u00e9quate desdits logements \u00e0 l'autorit\u00e9 comp\u00e9tente dans le cadre de la notion d'h\u00e9bergement collectif, en l'esp\u00e8ce une d\u00e9claration d'h\u00e9bergement collectif en pr\u00e9fecture. Cela est fait en r\u00e9alit\u00e9 pour permettre d'avoir sous la main les salari\u00e9s qui, contrairement aux salari\u00e9s fran\u00e7ais travaillent six jours sur sept et d\u00e9passent largement le nombre d'heures l\u00e9gales travaill\u00e9es, pour des salaires de mis\u00e8re au vu des heures travaill\u00e9es. En ne r\u00e9clamant pas plus d'\u00e9l\u00e9ments sur la r\u00e9gularit\u00e9 des situations existantes, la soci\u00e9t\u00e9 Yvroud a donc en toute connaissance de cause engag\u00e9 sa responsabilit\u00e9 sur ce chef de pr\u00e9vention, Sa culpabilit\u00e9 sera donc retenue sur ce chef pour les six salari\u00e9s retenus plus haut ;",
        "\"1\u00b0) alors que pour retenir la soci\u00e9t\u00e9 Yvroud dans les liens de la pr\u00e9vention du chef d'aide au s\u00e9jour irr\u00e9gulier d'\u00e9trangers en France, la cour d'appel a jug\u00e9 que celle-ci aurait d\u00fb pr\u00e9voir la mise en conformit\u00e9 de la situation des salari\u00e9s roumains qu'elle employait et dont la dur\u00e9e de travail \u00e9tait sup\u00e9rieure \u00e0 trois mois ; que la cassation \u00e0 intervenir sur le second moyen, tir\u00e9 de la r\u00e9troactivit\u00e9 in mitius ayant fait perdre leur caract\u00e8re punissable aux faits poursuivis sous la qualification d'emploi par personne morale d'\u00e9trangers non munis d'une autorisation de travail salari\u00e9, entra\u00eenera par voie de cons\u00e9quence la cassation du pr\u00e9sent chef de la d\u00e9cision ;",
        "\"2\u00b0) alors que pour constituer un fait p\u00e9nalement r\u00e9pr\u00e9hensible, l'aide \u00e0 s\u00e9jour irr\u00e9gulier d'\u00e9trangers en France suppose la commission d'actes positifs ; qu'en estimant en l'esp\u00e8ce que l'infraction reproch\u00e9e \u00e0 la soci\u00e9t\u00e9 Yvroud aurait \u00e9t\u00e9 constitu\u00e9e par le fait que cette soci\u00e9t\u00e9 n'aurait \u00ab pas r\u00e9clam\u00e9 plus d'\u00e9l\u00e9ments sur la r\u00e9gularit\u00e9 des situations existantes \u00bb, simple omission ne pouvant constituer un acte positif d'aide \u00e0 s\u00e9jour irr\u00e9gulier d'\u00e9trangers en France, la cour a m\u00e9connu les textes susvis\u00e9s ;",
        "\"3\u00b0) alors qu'en tout \u00e9tat de cause il r\u00e9sulte de l'article 121-2 du code p\u00e9nal que les personnes morales ne peuvent \u00eatre d\u00e9clar\u00e9es p\u00e9nalement responsables que s'il est \u00e9tabli qu'une infraction a \u00e9t\u00e9 commise, pour leur compte, par leurs organes ou repr\u00e9sentants, c'est-\u00e0-dire par les personnes physiques ayant le pouvoir de direction desdites personnes morales ; qu'en retenant en l'esp\u00e8ce que la soci\u00e9t\u00e9 Yvroud avait commis l'infraction d'aide \u00e0 s\u00e9jour irr\u00e9gulier d'\u00e9trangers en France sans indiquer la personne physique, investie du pouvoir de direction, par l'interm\u00e9diaire de laquelle l'infraction reproch\u00e9e aurait \u00e9t\u00e9 commise, ni constater qu'elle l'aurait \u00e9t\u00e9 pour le compte de cette soci\u00e9t\u00e9, la cour d'appel a m\u00e9connu les textes susvis\u00e9s\" ;",
        "Sur le quatri\u00e8me moyen de cassation, pris de la violation des articles 121-2, du code p\u00e9nal, L. 8221-1, L. 8221-3, L. 8221-4, L. 8221-5, L. 8224-1, L. 8224-5, 388, 591 et 593 du code de proc\u00e9dure p\u00e9nale, d\u00e9faut de motifs et manque de base l\u00e9gale ;",
        "\"en ce que l'arr\u00eat attaqu\u00e9 a d\u00e9clar\u00e9 la soci\u00e9t\u00e9 Yvroud coupable du d\u00e9lit de travail dissimul\u00e9 par dissimulation de salari\u00e9s ;",
        "\"aux motifs qu'il est reproch\u00e9 \u00e0 la soci\u00e9t\u00e9 Yvroud d'avoir \u00e0 la Ravoire, entre le 1er mars 2008 et le 11 mai 2009, en tout cas sur le territoire national et depuis temps non couvert par la prescription, directement ou par personne interpos\u00e9e, eu recours sciemment aux services de Allo Dia M... com, employeur dissimulant l'emploi de ses salari\u00e9s, faits. pr\u00e9vus par art. L. 8224-5, art. L. 8224-1, art. L. 8221-1 AU 3, art. L. 8221-3, art. L. 8221-4, art. L. 8221-5 c travail, art. 121-2 c. p\u00e9nal et r\u00e9prim\u00e9s par art. L. 8224-5, art. L. 8224-1 c.travail art. 131-38, art. 131-39 1\u00b0, 2\u00b0, 3\u00b0,4\u00b0, 5\u00b0, 8\u00b0, 9\u00b0 c. p\u00e9nal. La requalification op\u00e9r\u00e9e par le tribunal correctionnel concernant le d\u00e9lit initial de recours par personne morale aux services d'une personne exer\u00e7ant un travail dissimul\u00e9 en ex\u00e9cution d'un travail dissimul\u00e9 par personne morale par dissimulation de salari\u00e9s, sera enti\u00e8rement confirm\u00e9e, comme \u00e9tant parfaitement conforme \u00e0 la jurisprudence pr\u00e9voyant que l'employeur de personnes salari\u00e9es en provenance de l'\u00e9tranger peut se voir reprocher lui-m\u00eame l'exercice de travail dissimul\u00e9. En outre, elle n'est pas discut\u00e9e par la soci\u00e9t\u00e9 Yvroud, La soci\u00e9t\u00e9 Yvroud conteste le d\u00e9lit reproch\u00e9 en consid\u00e9rant que la saisine concernant ce d\u00e9lit ne porte que sur la soci\u00e9t\u00e9 Allodia Impexcom, alors que la presque totalit\u00e9 des salari\u00e9s roumains sont employ\u00e9s par la soci\u00e9t\u00e9 ICG, International group, entit\u00e9 distincte de la premi\u00e8re, s'il est vrai que les salari\u00e9s entendus font \u00e9tat du changement intervenu au niveau de la structure juridique les employant, pass\u00e9e de Allodia Ipexcom \u00e0 ICG International group, il convient de noter que, d'une part, les informations d\u00e9livr\u00e9es \u00e0 ce sujet par l'Inspection du travail roumaine ne sont pas tr\u00e8s compl\u00e8tes et ne permettent pas d'avoir beaucoup d'\u00e9l\u00e9ments sur la nature juridique des deux structures et les motifs du changement de soci\u00e9t\u00e9 en cours de route, d'autre part, le dossier fait appara\u00eetre, avec la copie des contrats de mise \u00e0 disposition de salari\u00e9s roumains \u00e0 la soci\u00e9t\u00e9 Yvroud, d\u00e9couverts le 11 mai 2009, que la totalit\u00e9 desdits salari\u00e9s, concern\u00e9s par l'ann\u00e9e 2009, sont en lien juridique avec la soci\u00e9t\u00e9 ICG, \u00e0 l'exception du nomm\u00e9 Maricel B..., en lien lui avec Allodia, sans que l'on connaisse les motifs de cette diff\u00e9rence de traitement par ailleurs, M, Z... a fourni une explication concernant ce changement de d\u00e9nomination, faisant \u00e9tat de l'existence dans la structure de Allodia Impexcom de partenaires en lien avec M. A..., lequel aurait voulu poursuivre seul ses activit\u00e9s dans le cadre d'une nouvelle structure ICG International group, la citation ne faisant r\u00e9f\u00e9rence qu'\u00e0 la seule soci\u00e9t\u00e9 Allodia Impexcom, il appara\u00eet difficile de pouvoir estimer que les poursuites visent \u00e9galement la soci\u00e9t\u00e9 ICG, sans que cet \u00e9l\u00e9ment n'ait \u00e9t\u00e9 mis dans les d\u00e9bats, d\u00e8s lors, les salari\u00e9s d\u00e9couverts le 11 mai 2009, travaillant sous l'\u00e9tiquette ICG ne sauraient donner lieu \u00e0 engagement de poursuites \u00e0 l'encontre de la soci\u00e9t\u00e9 Yvroud du fait de leur existence en l'absence de pr\u00e9cisions explicites dans la citation de renvoi, En l'esp\u00e8ce, seul donc un des salari\u00e9s pourra donc donner lieu \u00e0 des poursuites pour la SA, concernant les salari\u00e9s restant sous l'\u00e9tiquette Allodia Impexcom, il semble que l'emploi de salari\u00e9s dans le cadre de cette structure est intervenu davantage au cours de l'ann\u00e9e 2008, la p\u00e9riode de pr\u00e9vention visant du 1er mars 2008 au 11 mai 2009 ; qu'il est vrai que le tableau annex\u00e9 au proc\u00e8s-verbal de synth\u00e8se de la police aux fronti\u00e8res d\u00e9taille les nombreux salari\u00e9s intervenus apparemment au cours de l'ann\u00e9e 2008, sans pour autant fournir cependant plus d'\u00e9l\u00e9ments sur le lien \u00e9ventuel de ces salari\u00e9s ; que les auditions faites par la police aux fronti\u00e8res font appara\u00eetre certains salari\u00e9s, cinq au total, comme ayant indiqu\u00e9 avoir travaill\u00e9 au cours de l'ann\u00e9e 2008 sur le chantier, notamment les nomm\u00e9s :",
        "- Petrea C..., du 28 juin au 19 d\u00e9cembre 2008,",
        "- Bogdan J..., de septembre 2008 \u00e0 d\u00e9cembre 2008,",
        "- Vasile K..., du 13 octobre 2008 au 10 novembre 2008,",
        "- Remus Cafes, du 1er septembre 2008 \u00e0 d\u00e9cembre 2008,",
        "- Vasile E..., de janvier 2008 \u00e0 fin 2008 ; que la soci\u00e9t\u00e9 Yvroud conteste l'existence d'une d\u00e9monstration du d\u00e9lit de travail dissimul\u00e9 en indiquant que :",
        "- le reproche fait au titre d'un d\u00e9passement du nombre d'heures sup\u00e9rieur au maximum l\u00e9gal n'\u00e9tait pas \u00e9tabli par suite des contradictions existant entre les documents d\u00e9couverts chez M. Z..., non conformes, ceux fournis par ICG et ceux fournis par Yvroud,",
        "- il n'existe pas de lien de subordination entre les salari\u00e9s \u00e9trangers et la soci\u00e9t\u00e9 Yvroud, puisqu'il existe une relation de travail temporaire entre eux ; que les auditions des salari\u00e9s d\u00e9couverts sur le chantier, puis celles de M. Z... et de responsables de travaux de la soci\u00e9t\u00e9 Yvroud permettent de faire appara\u00eetre un certain nombre d'\u00e9l\u00e9ments allant dans le sens de l'existence de travail dissimul\u00e9 :",
        "- signature d'un contrat de travail roumain sans remise de copie,",
        "- envoi en France pour une dur\u00e9e ind\u00e9termin\u00e9e, \u00e0 leurs frais, pour le plus ancien depuis d\u00e9but mai 2008 et pour d'autres depuis le 25 janvier 2009,",
        "- mise \u00e0 disposition de chantiers en France, notamment pour la soci\u00e9t\u00e9 Yvroud,",
        "- signature de documents en fran\u00e7ais, dont ils n'avaient pas compris le sens, en l'absence de traduction, probablement le contrat de mise \u00e0 disposition, conserv\u00e9 par le chef de chantier,",
        "- horaires de travail d\u00e9passant les normes en vigueur en [...]\u00a0\u00a0 \u00a0\u00a0 heures par semaine, avec 10 heures de travail par jour pendant cinq jours puis 8 heures de travail le samedi,",
        "- salaire pay\u00e9 oscillant entre 1 200 et 1 300 euros par mois, contrairement aux indications port\u00e9es sur le bulletin de salaire roumain non conformes \u00e0 la v\u00e9rit\u00e9, qui faisait mention d'un salaire de 200 euros, outre une indemnit\u00e9 compl\u00e9mentaire de 403 euros par mois vers\u00e9e en liquide par M. Z... pour les frais de nourriture,",
        "- versement des salaires mensuels en esp\u00e8ces \u00e0 leurs familles en Roumanie, apparemment sans remise de bulletins de paie, mais juste un re\u00e7u,",
        "- logement gratuit dans des bungalows derri\u00e8re le chantier pay\u00e9 par la soci\u00e9t\u00e9 Yvroud,",
        "- retour tous les trois \u00e0 quatre mois quinze jours en Roumanie ; que,",
        "d'autre part, l'\u00e9tude du relev\u00e9 \u00e9tabli par M. Z... pour le mois de mars 2009 sur les chantiers Yvroud fait apparaitre des horaires de travail \u00e9gales ou sup\u00e9rieures \u00e0 220 heures par mois, soit 50 heures par semaine et donc bien sup\u00e9rieures aux 35 heures l\u00e9gales, soit 151,66 heures par mois, et m\u00eame il a \u00e9t\u00e9 constat\u00e9 des dur\u00e9es de travail hebdomadaires variant entre 50 heures et 58 heures ; qu'il a \u00e9galement \u00e9t\u00e9 appris par les services de l'Inspection du travail roumaine qui a contr\u00f4l\u00e9 l'entreprise Allodia Impexcom que celle-ci n'avait pas le statut d'entreprise de travail temporaire, l'activit\u00e9 principale d\u00e9clar\u00e9e \u00e9tant de \"autres travaux sp\u00e9ciaux de construction\" ; que, par ailleurs, les auditions de M. Z... permettaient aussi d'\u00e9tablir les \u00e9l\u00e9ments suivants :",
        "- son r\u00f4le \u00e9tait d'encadrer tous les salari\u00e9s roumains de ICG en France, de servir d'interm\u00e9diaire entre les roumains et les fran\u00e7ais, d'ob\u00e9ir aux ordres des clients fran\u00e7ais et de transmettre les demandes des fran\u00e7ais aux roumains, caract\u00e9risant ainsi bien son importance dans le lien de subordination ressortant entre la soci\u00e9t\u00e9 Yvroud et la soci\u00e9t\u00e9 Impexcom,",
        "- il \u00e9tablissait les contrats de mise \u00e0 disposition, dont le mod\u00e8le avait \u00e9t\u00e9 fourni par la soci\u00e9t\u00e9 Yvroud deux ans auparavant, pour les salari\u00e9s du chantier, lui-m\u00eame ayant conserv\u00e9 ce mod\u00e8le de contrat sur cl\u00e9 USB,",
        "- les salaires indiqu\u00e9s et le nombre d'heures figurant sur ces contrats de mise \u00e0 disposition ne correspondaient pas en fait \u00e0 la r\u00e9alit\u00e9, il transmettait en Roumanie les feuilles d'heures. qui donnaient alors lieu \u00e0 r\u00e8glement des salaires par le g\u00e9rant sur la base de 5,16 euros de l'heure pour un volume horaire variant entre 55 et 58 heures r\u00e9parties sur six jours par semaine,",
        "- il \u00e9tait proc\u00e9d\u00e9 il un double comptage des heures faites, l'un par lui et la soci\u00e9t\u00e9 Yvroud et l'autre par son employeur, qui avait \u00e9t\u00e9 adress\u00e9 aux enqu\u00eateurs, le seul document sinc\u00e8re \u00e9tant celui tenu par ses soins,",
        "- au retour des salari\u00e9s en Roumanie, ils ne percevaient aucun salaire, - les salari\u00e9s ne disposaient d'aucune couverture sociale, ce qui fait qu'en cas d'hospitalisation, les frais n'\u00e9taient pas \u00e9t\u00e9 pay\u00e9s, enfin, le rapport de la direction du travail retient des flux financiers entre la soci\u00e9t\u00e9 Allodia et la soci\u00e9t\u00e9 Yvroud survenus entre mai et juin 2009, celle-ci ayant r\u00e9gl\u00e9 des factures pour un montant total arrondi de 57,000 euros, retenant dans un tableau r\u00e9capitulatif cinq salari\u00e9s utilis\u00e9s qui auraient \u00e9t\u00e9 employ\u00e9s alors depuis janvier ou mars 2009 jusqu'\u00e0 la date des paiements, les nomm\u00e9s Petrea C..., Remus Cafes et Damian D..., depuis janvier 2009, et Vasile K... et Bogdan J..., depuis mars 2009, l'ensemble des \u00e9l\u00e9ments relev\u00e9s ci-dessus \u00e9tablit en cons\u00e9quence les \u00e9l\u00e9ments incontournables de l'existence de faits de travail dissimul\u00e9 r\u00e9sultant du lien existant entre Impexcom et la soci\u00e9t\u00e9 Yvroud, qui utilise le recours \u00e0 cette soci\u00e9t\u00e9 pour disposer de la main d'oeuvre qualifi\u00e9e qui ferait d\u00e9faut en France apparemment, et ce en quantit\u00e9 suffisante pour faire face aux imp\u00e9ratifs de livraison du chantier, mais en fait et surtout pour r\u00e9duire les co\u00fbts de main d'oeuvre en ne payant pas les charges sociales habituelles et en disposant d'une force de travail importante au vu du nombre d'heures r\u00e9elles effectu\u00e9es, 58 heures par semaine, et sous pay\u00e9e, dans le cas d'un rapport des salaires au nombre d'heures r\u00e9ellement faites, l'incrimination de la soci\u00e9t\u00e9 Yvroud r\u00e9sulte de la stricte application des textes, puisque la soci\u00e9t\u00e9 Yvroud est directement la b\u00e9n\u00e9ficiaire de ces faits de travail dissimul\u00e9 en baissant les co\u00fbts de revient, en disposant d'une force de travail importante permettant de remporter les march\u00e9s et d'en assurer la livraison dans les d\u00e9lais, sans parler de la jurisprudence existante, d\u00e8s lors, la culpabilit\u00e9 de la pr\u00e9venue sur ce chef sera retenue, sur la peine, il sera pris en compte la dur\u00e9e dans le temps de la pratique engag\u00e9e, d'avril 2008 il mai 2009, le nombre de salari\u00e9s constat\u00e9s, le montage mis en place pour permettre la r\u00e9alisation des travaux dans les d\u00e9lais avec une diminution des co\u00fbts de revient par non-paiement de charges sociales et des heures suppl\u00e9mentaires, Il sera donc prononc\u00e9 six peines d'amendes de 5,000 euros \u00e0 l'encontre de la soci\u00e9t\u00e9 Yvroud ;",
        "\"1\u00b0) alors que s'il appartient aux juges r\u00e9pressifs de restituer aux faits dont ils sont saisis leur v\u00e9ritable qualification, c'est \u00e0 la condition de ne rien ajouter ou modifier aux faits tels qu'ils sont \u00e9nonc\u00e9s \u00e0 la pr\u00e9vention ; qu'en l'esp\u00e8ce, la soci\u00e9t\u00e9 Yvroud faisait express\u00e9ment valoir que les salari\u00e9s pour lesquels elle avait \u00e9t\u00e9 condamn\u00e9e pour travail dissimul\u00e9 par les premiers juges \u00e9taient exclusivement employ\u00e9s par la soci\u00e9t\u00e9 ICG International group, qui n'\u00e9tait pas cit\u00e9e \u00e0 la pr\u00e9vention, celle-ci faisant seulement r\u00e9f\u00e9rence \u00e0 la soci\u00e9t\u00e9 Allodia Impexcom ; qu'en se bornant en l'esp\u00e8ce \u00e0 d\u00e9clarer la pr\u00e9venue coupable pour cinq salari\u00e9s ayant indiqu\u00e9 avoir travaill\u00e9 au cours de l'ann\u00e9e 2008 sur le chantier sans \u00e9tablir que ces salari\u00e9s \u00e9taient bien employ\u00e9s par la soci\u00e9t\u00e9 Allodia Impexcom, ce qui \u00e9tait pr\u00e9cis\u00e9ment contest\u00e9 par la soci\u00e9t\u00e9 Yvroud qui soutenait qu'ils l'\u00e9taient par la soci\u00e9t\u00e9 ICG International, la cour d'appel n'a pas mis la Cour de cassation en mesure d'exercer son contr\u00f4le sur la l\u00e9galit\u00e9 de la requalification op\u00e9r\u00e9e et a expos\u00e9 sa d\u00e9cision \u00e0 la censure ;",
        "\"2\u00b0) alors que la dissimulation d'emploi salari\u00e9 ne peut se manifester que par une soustraction intentionnelle de l'employeur \u00e0 la remise d'un bulletin de paie, \u00e0 la d\u00e9claration pr\u00e9alable \u00e0 l'embauche ou par une mention intentionnelle sur le bulletin de paie d'un nombre d'heures inf\u00e9rieur \u00e0 celui r\u00e9ellement effectu\u00e9 ; qu'en condamnant en l'esp\u00e8ce la soci\u00e9t\u00e9 Yvroud pour avoir eu sciemment recours au services de la soci\u00e9t\u00e9 Allodia Impexcom, employeur dissimulant l'emploi de ses salari\u00e9s, sans relever \u00e0 l'encontre de cette derni\u00e8re soci\u00e9t\u00e9 aucun fait concret et positif \u00e9tablissant que celle-ci aurait mentionn\u00e9 sur les bulletins de paie de ses salari\u00e9s, qui ne sont pas m\u00eame identifi\u00e9s, un nombre d'heures de travail inf\u00e9rieur \u00e0 celui r\u00e9ellement effectu\u00e9, se serait soustraite \u00e0 la remise de bulletins de paie ou \u00e0 la d\u00e9claration pr\u00e9alable \u00e0 l'embauche, la cour d'appel n'a pas mis la Cour de cassation en mesure d'exercer son contr\u00f4le sur la mat\u00e9rialit\u00e9 du d\u00e9lit reproch\u00e9 \u00e0 la soci\u00e9t\u00e9 Yvroud et a expos\u00e9 sa d\u00e9cision \u00e0 la censure ;",
        "\"3\u00b0) alors qu'en tout etat de cause il r\u00e9sulte de l'article 121-2 du code p\u00e9nal que les personnes morales ne peuvent \u00eatre d\u00e9clar\u00e9es p\u00e9nalement responsables que s'il est \u00e9tabli qu'une infraction a \u00e9t\u00e9 commise, pour leur compte, par leurs organes ou repr\u00e9sentants, c'est-\u00e0-dire par les personnes physiques ayant le pouvoir de direction desdites personnes morales, qu'en retenant en l'esp\u00e8ce que la soci\u00e9t\u00e9 Yvroud s'\u00e9tait rendue coupable de travail dissimul\u00e9 par dissimulation de salari\u00e9 sans indiquer la personne physique, investie du pouvoir de direction, par l'interm\u00e9diaire de laquelle l'infraction reproch\u00e9e avait \u00e9t\u00e9 commise, ni constater qu'elle l'aurait \u00e9t\u00e9 pour le compte de cette soci\u00e9t\u00e9, la cour d'appel a m\u00e9connu les textes susvis\u00e9s ;",
        "\"4\u00b0) alors qu'en toute hypoth\u00e8se, la cour d'appel ayant prononc\u00e9 indistinctement six peines d'amende pour les trois chefs d'infractions dont elle a d\u00e9clar\u00e9 la soci\u00e9t\u00e9 Yvroud coupable, la cassation \u00e0 intervenir sur l'un ou l'autre des pr\u00e9c\u00e9dents moyens entra\u00eenera, par voie de cons\u00e9quence, celle du pr\u00e9sent chef de sa d\u00e9cision en raison de leur indivisibilit\u00e9\" ;",
        "Les moyens \u00e9tant r\u00e9unis ;",
        "Sur le deuxi\u00e8me moyen, pris en sa premi\u00e8re branche et sur le troisi\u00e8me moyen, pris en sa premi\u00e8re branche ;"
    ],
    "decision-7": [
        "Attendu que, d'une part, il ne r\u00e9sulte d'aucun texte ou principe g\u00e9n\u00e9ral du droit de l'Union europ\u00e9enne, ni d'une jurisprudence bien \u00e9tablie de la Cour de justice de l'Union europ\u00e9enne, que le principe de l'application r\u00e9troactive de la peine plus l\u00e9g\u00e8re fait obstacle \u00e0 ce que soient poursuivis et sanctionn\u00e9s les d\u00e9lits susvis\u00e9s commis \u00e0 l'\u00e9gard de ressortissants roumains et dont tous les \u00e9l\u00e9ments constitutifs ont \u00e9t\u00e9 r\u00e9unis ant\u00e9rieurement au 1er janvier 2014, date de la lev\u00e9e de la totalit\u00e9 des restrictions \u00e0 l'acc\u00e8s au march\u00e9 du travail pour les ressortissants de la Roumanie, laquelle constitue une situation de fait, \u00e9trang\u00e8re auxdits \u00e9l\u00e9ments constitutifs de ces infractions ;",
        "Que, d'autre part, toute autre interpr\u00e9tation de ces principes et de ces dispositions, d\u00e8s lors qu'elle aurait pour cons\u00e9quence d'encourager le trafic de main d'oeuvre en fraude aux droits des ressortissants d'un Etat ayant engag\u00e9 le processus d'adh\u00e9sion \u00e0 l'Union serait contraire aux objectifs recherch\u00e9s par le droit de l'Union, tel qu'interpr\u00e9t\u00e9 d\u00e9sormais par la Cour de justice dans son arr\u00eat C-218/15 du 6 octobre 2016 ;",
        "D'o\u00f9 il suit que le grief n'est pas fond\u00e9 ;"
    ],
    "decision-8": [
        "Mais sur le deuxi\u00e8me moyen, pris en son autre branche, sur le troisi\u00e8me moyen, pris en ses autres branches et sur le quatri\u00e8me moyen;"
    ],
    "decision-9": [
        "Vu les articles 121-2 du code p\u00e9nal et 593 du code de proc\u00e9dure p\u00e9nale ;",
        "Attendu que, d'une part, les personnes morales, \u00e0 l'exception de l'Etat, ne sont responsables p\u00e9nalement que des infractions commises, pour leur compte, par leurs organes ou repr\u00e9sentants ;",
        "Attendu que, d'autre part, tout jugement ou arr\u00eat doit comporter les motifs propres \u00e0 justifier la d\u00e9cision ; que l'insuffisance ou la contradiction des motifs \u00e9quivaut \u00e0 leur absence ;",
        "Attendu que, pour confirmer le jugement et dire la soci\u00e9t\u00e9 Yvroud appelante, coupable de travail dissimul\u00e9, d'emploi de ressortissants roumains non munis d'une autorisation de travail et d'aide \u00e0 l'entr\u00e9e ou au s\u00e9jour d'\u00e9trangers en France, l'arr\u00eat prononce par les motifs repris au moyen ;",
        "Mais attendu qu'en se d\u00e9terminant ainsi, sans rechercher si les",
        "agissements relev\u00e9s r\u00e9sultaient de l'action de l'un des organes ou repr\u00e9sentants de la soci\u00e9t\u00e9 pr\u00e9venue, la cour d'appel n'a pas justifi\u00e9 sa d\u00e9cision au regard de l'article 121-2 du code p\u00e9nal ;",
        "D'o\u00f9 il suit que la cassation est encourue ;"
    ],
    "decision-10": [
        "Par ces motifs :",
        "CASSE et ANNULE, en toutes ses dispositions, l'arr\u00eat susvis\u00e9 de la cour d'appel de Chamb\u00e9ry, en date du 12 novembre 2015 ; et pour qu'il soit \u00e0 nouveau jug\u00e9, conform\u00e9ment \u00e0 la loi,",
        "RENVOIE la cause et les parties devant la cour d'appel de Chamb\u00e9ry, autrement compos\u00e9e, \u00e0 ce d\u00e9sign\u00e9e par d\u00e9lib\u00e9ration sp\u00e9ciale prise en chambre du conseil ;",
        "ORDONNE l'impression du pr\u00e9sent arr\u00eat, sa transcription sur les registres du greffe de la cour d'appel de Chamb\u00e9ry et sa mention en marge ou \u00e0 la suite de l'arr\u00eat annul\u00e9 ;",
        "Ainsi fait et jug\u00e9 par la Cour de cassation, chambre criminelle, et prononc\u00e9 par le pr\u00e9sident le sept juin deux mille dix-sept ;",
        "En foi de quoi le pr\u00e9sent arr\u00eat a \u00e9t\u00e9 sign\u00e9 par le pr\u00e9sident, le rapporteur et le greffier de chambre."
    ]
}