{
    "decision-0": [
        "CIV. 1",
        "MF",
        "COUR DE CASSATION",
        "______________________",
        "Audience publique du 23 novembre 2016",
        "Rejet",
        "Mme BATUT, pr\u00e9sident",
        "Arr\u00eat n\u00b0 1314 FS-P+B",
        "Pourvoi n\u00b0 C 15-28.375",
        "R \u00c9 P U B L I Q U E F R A N \u00c7 A I S E",
        "_________________________",
        "AU NOM DU PEUPLE FRAN\u00c7AIS",
        "_________________________",
        "LA COUR DE CASSATION, PREMI\u00c8RE CHAMBRE CIVILE, a rendu l'arr\u00eat suivant :",
        "Statuant sur le pourvoi form\u00e9 par le pr\u00e9fet du Pas-de-Calais, domicili\u00e9 [Adresse 2],",
        "contre l'ordonnance rendue le 13 octobre 2015 par le premier pr\u00e9sident de la cour d'appel de Douai, dans le litige l'opposant :",
        "1\u00b0/ \u00e0 M. [L] [V], domicili\u00e9 [Adresse 1],",
        "2\u00b0/ au procureur de la R\u00e9publique pr\u00e8s le tribunal de grande instance de Boulogne-sur-Mer, domicili\u00e9 en son parquet, place de la R\u00e9sistance, 62322 Boulogne-sur-Mer cedex,",
        "d\u00e9fendeurs \u00e0 la cassation ;",
        "Le demandeur invoque, \u00e0 l'appui de son pourvoi, le moyen unique de cassation annex\u00e9 au pr\u00e9sent arr\u00eat ;",
        "Vu la communication faite au procureur g\u00e9n\u00e9ral ;",
        "LA COUR, compos\u00e9e conform\u00e9ment \u00e0 l'article R. 431-5 du code de l'organisation judiciaire, en l'audience publique du 18 octobre 2016, o\u00f9 \u00e9taient pr\u00e9sents : Mme Batut, pr\u00e9sident, Mme Gargoullaud, conseiller r\u00e9f\u00e9rendaire rapporteur, M. Matet, conseiller doyen, MM. Hascher, Reynis, Mme Reygner, M. Vigneau, Mme Bozzi, M. Acquaviva, conseillers, Mme Guyon-Renard, MM. Mansion, Roth, Mmes Mouty-Tardieu, Le Cotty, Azar, conseillers r\u00e9f\u00e9rendaires, Mme Vald\u00e8s Boulouque, avocat g\u00e9n\u00e9ral, Mme Pecquenard, greffier de chambre ;",
        "Sur le rapport de Mme Gargoullaud, conseiller r\u00e9f\u00e9rendaire, les observations de la SCP Odent et Poulet, avocat du pr\u00e9fet du Pas-de-Calais, l'avis de Mme Vald\u00e8s Boulouque, avocat g\u00e9n\u00e9ral, et apr\u00e8s en avoir d\u00e9lib\u00e9r\u00e9 conform\u00e9ment \u00e0 la loi ;"
    ],
    "decision-1": [
        "Sur le moyen unique :"
    ],
    "decision-2": [
        "Attendu, selon l'ordonnance attaqu\u00e9e, rendue par un premier pr\u00e9sident (Douai, 13 octobre 2015), et les pi\u00e8ces de la proc\u00e9dure, que, le 6 octobre 2015, M. [V], de nationalit\u00e9 soudanaise, en situation irr\u00e9guli\u00e8re sur le territoire national, a \u00e9t\u00e9 plac\u00e9 en retenue pour v\u00e9rification de son droit de circulation et de s\u00e9jour ; que, le m\u00eame jour, le pr\u00e9fet a pris \u00e0 son encontre des d\u00e9cisions portant obligation de quitter le territoire national sans d\u00e9lai, fixant le pays de retour, et le pla\u00e7ant en r\u00e9tention administrative ; que, le 8 octobre, le tribunal administratif a annul\u00e9 la d\u00e9cision fixant le pays de retour ; que le juge des libert\u00e9s et de la d\u00e9tention a rejet\u00e9 la demande de prolongation de la r\u00e9tention administrative pr\u00e9sent\u00e9e, le 11 octobre, par le pr\u00e9fet ;"
    ],
    "decision-3": [
        "Attendu que le pr\u00e9fet fait grief \u00e0 l'ordonnance de rejeter la demande de prolongation de cette mesure alors, selon le moyen :",
        "1\u00b0/ que, si le juge judiciaire doit v\u00e9rifier les diligences accomplies par l'administration en vue du retour d'un \u00e9tranger plac\u00e9 en r\u00e9tention administrative, il ne lui appartient pas de les appr\u00e9cier en fonction du choix de pays de renvoi op\u00e9r\u00e9 par l'administration ; qu'en ayant rejet\u00e9 la demande de prolongation de la r\u00e9tention administrative de M. [V], au motif que la pr\u00e9f\u00e8te du Pas-de-Calais ne pouvait justifier de diligences \u00ab utiles \u00bb, soit de diligences accomplies pour reconduire l'\u00e9tranger dans un pays autre que le Soudan, le conseiller d\u00e9l\u00e9gu\u00e9 a viol\u00e9 le principe de la s\u00e9paration des pouvoirs, la loi des 16-24 ao\u00fbt 1790, ensemble le d\u00e9cret du 16 fructidor an III ;",
        "2\u00b0/ que l'administration doit justifier des diligences qu'elle a accomplies en vue du retour d'un \u00e9tranger plac\u00e9 en r\u00e9tention administrative ; qu'en \u00e9non\u00e7ant que la pr\u00e9f\u00e8te du Pas-de-Calais n'avait pas justifi\u00e9 des diligences \u00ab utiles \u00bb accomplies par l'administration, en vue du retour de M. [V], apr\u00e8s avoir constat\u00e9 que rendez-vous avait \u00e9t\u00e9 pris avec les autorit\u00e9s consulaires soudanaises pour le 14 octobre, le conseiller d\u00e9l\u00e9gu\u00e9 a omis de tirer les cons\u00e9quences l\u00e9gales de ses constatations au regard de l'article L. 554-1 du code de l'entr\u00e9e et du s\u00e9jour des \u00e9trangers et du droit d'asile ;"
    ],
    "decision-4": [
        "Mais attendu qu'il r\u00e9sulte de l'article L. 554-1 du code de l'entr\u00e9e et du s\u00e9jour des \u00e9trangers et du droit d'asile qu'un \u00e9tranger ne peut \u00eatre maintenu en r\u00e9tention que pour le temps strictement n\u00e9cessaire \u00e0 son d\u00e9part, l'administration \u00e9tant tenue d'accomplir toutes diligences \u00e0 cet effet ;",
        "Et attendu qu'apr\u00e8s avoir exactement retenu qu'il n'appartient pas au juge judiciaire de se prononcer sur la l\u00e9galit\u00e9 de la d\u00e9cision fixant le pays de retour, mais qu'il lui incombe d'appr\u00e9cier les diligences mises en oeuvre pour reconduire l'int\u00e9ress\u00e9 dans son pays ou tout autre pays, le premier pr\u00e9sident a pu en d\u00e9duire qu'en l'absence de justification, par le pr\u00e9fet, de diligences utiles depuis l'annulation de l'arr\u00eat\u00e9 fixant le pays de destination, la demande de prolongation de la mesure ne pouvait \u00eatre accueillie ; que le moyen n'est pas fond\u00e9 ;"
    ],
    "decision-5": [
        "PAR CES MOTIFS :",
        "REJETTE le pourvoi ;",
        "Ainsi fait et jug\u00e9 par la Cour de cassation, premi\u00e8re chambre civile, et prononc\u00e9 par le pr\u00e9sident en son audience publique du vingt-trois novembre deux mille seize."
    ],
    "decision-6": [
        "MOYEN ANNEXE au pr\u00e9sent arr\u00eat",
        "Moyen produit par la SCP Odent et Poulet, avocat aux Conseils, pour le pr\u00e9fet du Pas-de-Calais.",
        "Il est fait grief \u00e0 l'ordonnance attaqu\u00e9e d'avoir confirm\u00e9 la d\u00e9cision du juge des libert\u00e9s et de la d\u00e9tention ayant rejet\u00e9 la requ\u00eate d'un pr\u00e9fet (la pr\u00e9f\u00e8te du Pas-de-Calais) en prolongation de la r\u00e9tention administrative d'un \u00e9tranger (M. [V]) ;",
        "AUX MOTIFS QU'en vertu de l'article L. 554-1 du code de l'entr\u00e9e et du s\u00e9jour des \u00e9trangers et du droit d'asile, un \u00e9tranger ne peut \u00eatre plac\u00e9 ou maintenu en r\u00e9tention que pour le temps strictement n\u00e9cessaire \u00e0 son d\u00e9part. L'administration doit exercer toute diligence \u00e0 cet effet ; qu'en l'esp\u00e8ce, alors que M. [V] avait \u00e9t\u00e9 plac\u00e9 en r\u00e9tention administrative le 6 octobre 2015 \u00e0 15 h 40, le m\u00eame jour l'administration avait sollicit\u00e9 aupr\u00e8s de l'ambassade du Soudan une audition en vue de la d\u00e9livrance d'un laissez-passer ; que le tribunal administratif avait annul\u00e9 le 8 octobre 2015 l'arr\u00eat\u00e9 du pr\u00e9fet, en ce qu'il avait fix\u00e9 le pays de destination, celui dont il revendiquait la nationalit\u00e9 soudanaise ou tout autre pays o\u00f9 il \u00e9tablirait \u00eatre l\u00e9galement admissible ; que si l'article 66 de la Constitution donne comp\u00e9tence au juge judiciaire d'\u00eatre le garant des libert\u00e9s individuelles, pour autant cette comp\u00e9tence ne peut trouver \u00e0 s'appliquer que dans le cadre des lois et r\u00e8glements qui r\u00e9gissent sa comp\u00e9tence ; qu'en application du principe de la s\u00e9paration des pouvoirs, le juge judiciaire n'est pas comp\u00e9tent pour d\u00e9terminer le pays vers lequel l'\u00e9tranger doit \u00eatre renvoy\u00e9 ; que cette d\u00e9cision rel\u00e8ve de l'administration, sous le contr\u00f4le du juge administratif, de sorte que le juge judiciaire ne saurait appr\u00e9cier vers quel pays l'administration doit effectuer des diligences ; que, n\u00e9anmoins, le juge des libert\u00e9s et de la d\u00e9tention reste comp\u00e9tent pour appr\u00e9cier les diligences mises en oeuvre par l'administration pour reconduire un \u00e9tranger en situation irr\u00e9guli\u00e8re dans son pays ou tout autre pays l'acceptant ; qu'en l'esp\u00e8ce, le juge des libert\u00e9s et de la d\u00e9tention avait justement appr\u00e9ci\u00e9 que, depuis l'annulation de l'arr\u00eat\u00e9 mentionnant le Soudan comme pays de destination le 8 octobre 2015, la pr\u00e9fecture du Pas-de-Calais n'\u00e9tait pas en capacit\u00e9 de justifier de ses diligences envers un autre pays ; qu'en l'absence de d\u00e9marches utiles depuis le 8 octobre 2015, la demande de prolongation de la r\u00e9tention administrative form\u00e9e le 11 octobre 2015 ne pouvait \u00eatre accueillie et c'\u00e9tait \u00e0 bon droit que le premier juge avait rejet\u00e9 cette demande ;",
        "ET AUX MOTIFS EVENTUELLEMENT ADOPTES QUE si, depuis le placement en r\u00e9tention administrative de l'\u00e9tranger, l'administration avait mis en oeuvre toutes ses diligences pour reconduire M. [V] au Soudan, depuis la d\u00e9cision du tribunal administratif en date du 8 octobre 2015, aucune nouvelle d\u00e9marche n'avait \u00e9t\u00e9 entreprise pour assurer son d\u00e9part vers un autre pays dans les plus brefs d\u00e9lais ; qu'en effet, alors que l'administration \u00e9tait avertie, depuis le 8 octobre 2015, qu'elle ne pouvait continuer \u00e0 faire ses d\u00e9marches en direction du Soudan, il n'\u00e9tait joint \u00e0 la requ\u00eate du 11 octobre 2015 aucun \u00e9l\u00e9ment pouvant justifier qu'elle aurait effectu\u00e9 de nouvelles diligences ; que, bien au contraire, il semblerait qu'elle poursuive ses d\u00e9marches pour ex\u00e9cuter la mesure d'\u00e9loignement vers le Soudan, puisqu'elle pr\u00e9cisait qu'un rendez-vous aupr\u00e8s des autorit\u00e9s soudanaises \u00e9tait fix\u00e9 au 14 octobre 2015 ; que cette situation portait une atteinte substantielle aux droits de la personne concern\u00e9e ; qu'il y avait lieu de rejeter la demande de prolongation pr\u00e9sent\u00e9e par la pr\u00e9f\u00e8te du Pas-de-Calais ;",
        "1\u00b0) ALORS QUE si le juge judiciaire doit v\u00e9rifier les diligences accomplies par l'administration en vue du retour d'un \u00e9tranger plac\u00e9 en r\u00e9tention administrative, il ne lui appartient pas de les appr\u00e9cier en fonction du choix de pays de renvoi op\u00e9r\u00e9 par l'administration ; qu'en ayant rejet\u00e9 la demande de prolongation de la r\u00e9tention administrative de M. [V], au motif que la pr\u00e9f\u00e8te du Pas-de-Calais ne pouvait justifier de diligences \u00ab utiles \u00bb, soit de diligences accomplies pour reconduire l'\u00e9tranger dans un pays autre que le Soudan, le conseiller d\u00e9l\u00e9gu\u00e9 a viol\u00e9 le principe de la s\u00e9paration des pouvoirs, la loi des 16 et 24 ao\u00fbt 1790, ensemble le d\u00e9cret du 16 fructidor an III ;",
        "2\u00b0) ALORS QUE l'administration doit justifier des diligences qu'elle a accomplies en vue du retour d'un \u00e9tranger plac\u00e9 en r\u00e9tention administrative ;",
        "qu'en \u00e9non\u00e7ant que la pr\u00e9f\u00e8te du Pas-de-Calais n'avait pas justifi\u00e9 des diligences \u00ab utiles \u00bb accomplies par l'administration, en vue du retour de M. [V], apr\u00e8s avoir constat\u00e9 que rendez-vous avait \u00e9t\u00e9 pris avec les autorit\u00e9s consulaires soudanaises pour le 14 octobre, le conseiller d\u00e9l\u00e9gu\u00e9 a omis de tirer les cons\u00e9quences l\u00e9gales de ses constatations au regard de l'article L. 554-1 du code de l'entr\u00e9e et du s\u00e9jour des \u00e9trangers et du droit d'asile."
    ]
}