{
    "decision-0": [
        "CIV. 1",
        "FB",
        "COUR DE CASSATION",
        "______________________",
        "Audience publique du 4 janvier 2017",
        "Rejet",
        "Mme BATUT, pr\u00e9sident",
        "Arr\u00eat n\u00b0 19 F-D",
        "Pourvoi n\u00b0 K 16-11.412",
        "Aide juridictionnelle totale en demande",
        "au profit de M. [W].",
        "Admission du bureau d'aide juridictionnelle",
        "pr\u00e8s la Cour de cassation",
        "en date du 1er d\u00e9cembre 2015.",
        "R \u00c9 P U B L I Q U E F R A N \u00c7 A I S E",
        "_________________________",
        "AU NOM DU PEUPLE FRAN\u00c7AIS",
        "_________________________",
        "LA COUR DE CASSATION, PREMI\u00c8RE CHAMBRE CIVILE, a rendu l'arr\u00eat suivant :",
        "Statuant sur le pourvoi form\u00e9 par M. [H] [W], domicili\u00e9 chez M. [K] [Y], [Adresse 1],",
        "contre l'ordonnance rendue le 5 mars 2015 par le premier pr\u00e9sident de la cour d'appel de Douai (chambre des libert\u00e9s), dans le litige l'opposant :",
        "1\u00b0/ au pr\u00e9fet de l'Oise, domicili\u00e9 [Adresse 2],",
        "2\u00b0/ au procureur g\u00e9n\u00e9ral pr\u00e8s la cour d'appel de Douai, domicili\u00e9 [Adresse 3],",
        "3\u00b0/ au pr\u00e9fet du Nord, domicili\u00e9 [Adresse 4],",
        "d\u00e9fendeurs \u00e0 la cassation ;",
        "Le demandeur invoque, \u00e0 l'appui de son pourvoi, le moyen unique de cassation annex\u00e9 au pr\u00e9sent arr\u00eat ;",
        "Vu la communication faite au procureur g\u00e9n\u00e9ral ;",
        "LA COUR, en l'audience publique du 22 novembre 2016, o\u00f9 \u00e9taient pr\u00e9sents : Mme Batut, pr\u00e9sident, Mme Gargoullaud, conseiller r\u00e9f\u00e9rendaire rapporteur, M. Matet, conseiller doyen, Mme Pecquenard, greffier de chambre ;",
        "Sur le rapport de Mme Gargoullaud, conseiller r\u00e9f\u00e9rendaire, les observations de la SCP Gatineau et Fattaccini, avocat de M. [W], et apr\u00e8s en avoir d\u00e9lib\u00e9r\u00e9 conform\u00e9ment \u00e0 la loi ;"
    ],
    "decision-1": [
        "Sur le moyen unique, ci-apr\u00e8s annex\u00e9 :"
    ],
    "decision-2": [
        "Attendu, selon l'ordonnance attaqu\u00e9e, rendue par le premier pr\u00e9sident d'une cour d'appel (Douai, 5 mars 2015), et les pi\u00e8ces de la proc\u00e9dure, que M. [W], de nationalit\u00e9 \u00e9gyptienne, en situation irr\u00e9guli\u00e8re en France, a \u00e9t\u00e9 interpell\u00e9, \u00e0 l'occasion d'un contr\u00f4le d'identit\u00e9, en gare [\u00c9tablissement 1], plac\u00e9 en retenue pour v\u00e9rification des titres de s\u00e9jour, puis en r\u00e9tention administrative ;"
    ],
    "decision-3": [
        "Attendu que M. [W] fait grief \u00e0 l'ordonnance de prolonger cette mesure ;"
    ],
    "decision-4": [
        "Attendu, d'abord, qu'en ce qu'elle retient, par motifs adopt\u00e9s, au visa de la pi\u00e8ce n\u00b0 14 vers\u00e9e aux d\u00e9bats, que l'officier de police judiciaire a proc\u00e9d\u00e9 \u00e0 un relev\u00e9 d'empreintes apr\u00e8s en avoir inform\u00e9 le procureur de la R\u00e9publique, l'ordonnance n'encourt pas le grief de la troisi\u00e8me branche du moyen ;",
        "Attendu, ensuite, que les griefs des autres branches ne sont manifestement pas de nature \u00e0 entra\u00eener la cassation ;",
        "D'o\u00f9 il suit que le moyen ne peut \u00eatre accueilli ;"
    ],
    "decision-5": [
        "PAR CES MOTIFS :",
        "REJETTE le pourvoi ;",
        "Vu l'article 700 du code de proc\u00e9dure civile, rejette la demande ;",
        "Ainsi fait et jug\u00e9 par la Cour de cassation, premi\u00e8re chambre civile, et prononc\u00e9 par le pr\u00e9sident en son audience publique du quatre janvier deux mille dix-sept."
    ],
    "decision-6": [
        "MOYEN ANNEXE au pr\u00e9sent arr\u00eat",
        "Moyen produit par la SCP Gatineau et Fattaccini, avocat aux Conseils, pour M. [W].",
        "Il est fait grief \u00e0 l'ordonnance confirmative attaqu\u00e9e d'AVOIR ordonn\u00e9 la prolongation du maintien de M. [H] [W] dans des locaux ne relevant pas de l'administration p\u00e9nitentiaire pour une dur\u00e9e maximale de 20 jours, \u00e0 compter du 3 mars 2015 \u00e0 18 h 55 ;",
        "AUX MOTIFS PROPRES QUE \u00ab l'appelant ne fait que reprendre devant la cour les moyens de premi\u00e8re instance. L'ordonnance dont appel repose sur des motifs exacts et pertinents que la cour adopte ; en l'absence de moyens nouveaux, et de nouvelles preuves, le jugement d\u00e9f\u00e9r\u00e9 sera confirm\u00e9 \u00bb ;",
        "ET AUX MOTIFS ADOPTES QU' \u00ab M. [W] soul\u00e8ve neuf moyens au soutien de la demande de rejet de la requ\u00eate du pr\u00e9fet : 1- Sur la r\u00e9gularit\u00e9 du contr\u00f4le d'identit\u00e9 Il soutient que les d\u00e9lais mentionn\u00e9s sont incompatibles avec une telle proc\u00e9dure ; en l'esp\u00e8ce, les actes de proc\u00e9dure ont \u00e9t\u00e9 effectu\u00e9s \u00e0 la gare de [Localit\u00e9 1], soit sur le lieu de l'interpellation et o\u00f9 se trouvait l'officier de police judiciaire ; ainsi, d\u00e8s l'interpellation de l'int\u00e9ress\u00e9, ce dernier a \u00e9t\u00e9 imm\u00e9diatement pr\u00e9sent\u00e9 \u00e0 l'officier de police judiciaire \u00ab pr\u00e9sent \u00e0 la gare de [Localit\u00e9 1] \u00bb ; il a ainsi \u00e9t\u00e9 interpell\u00e9 \u00e0 8 heure 25 et pr\u00e9sent\u00e9 \u00e0 l'OPJ \u00e0 8 h 31 et imm\u00e9diatement plac\u00e9 en garde \u00e0 vue ; au surplus, aucun texte n'impose que ces actes soient effectu\u00e9s dans les locaux de police ; ce moyen sera d\u00e8s lors rejet\u00e9 ; 2- Sur l'information du Procureur de la R\u00e9publique du placement en retenue et le relev\u00e9 d'empreintes En l'esp\u00e8ce, M. [W] a \u00e9t\u00e9 interpell\u00e9 \u00e0 [Localit\u00e9 1] ; il ressort de la pi\u00e8ce num\u00e9ro 5 que M. Tetier, \u00ab substitut du procureur de la R\u00e9publique \u00bb (pi\u00e8ce 14), a bien \u00e9t\u00e9 inform\u00e9 de la retenue ; par ailleurs, il est \u00e9tabli que le magistrat territorialement comp\u00e9tent au moment du contr\u00f4le a \u00e9t\u00e9 inform\u00e9 du relev\u00e9 d'empreintes ; la proc\u00e9dure \u00e9tant r\u00e9guli\u00e8re, ce moyen sera rejet\u00e9 ; 3- Sur l'absence d'information du procureur de la R\u00e9publique territorialement comp\u00e9tent lors du transfert Sur ce point, il ressort de la pi\u00e8ce num\u00e9ro 5 que le magistrat de permanence au tribunal de grande instance territorialement comp\u00e9tent a \u00e9t\u00e9 inform\u00e9 du transfert de l'int\u00e9ress\u00e9 dans les locaux des policiers, leur service se trouvant dans le ressort de cette juridiction ; il ne saurait donc soutenir que cette d\u00e9marche n'a pas \u00e9t\u00e9 effectu\u00e9e et peu importe que le nom du magistrat inform\u00e9 ne figure pas sur le document ; ce moyen sera \u00e9galement rejet\u00e9 ; 4- Sur la violation de l'article L. 611-1 4\u00e8me alin\u00e9a Tout d'abord, contrairement \u00e0 ce qui est soutenu, il r\u00e9sulte de la pi\u00e8ce num\u00e9ro 8 que M. [W] a \u00e9t\u00e9 inform\u00e9 de cette disposition ; ce dernier a indiqu\u00e9 \u00eatre mari\u00e9 et avoir un enfant de 5 ans (pi\u00e8ce 11) ; il pr\u00e9cisait que le couple disposait d'un logement situ\u00e9 \u00e0 [Localit\u00e9 2] ; il a pu avoir un contact t\u00e9l\u00e9phonique avec son \u00e9pouse (pi\u00e8ce 14) ; l'enfant \u00e9tait ainsi pris en charge par la m\u00e8re ; d\u00e8s lors, les dispositions mentionn\u00e9es ci-dessus ont \u00e9t\u00e9 strictement respect\u00e9es ; il n'y avait donc aucune circonstance particuli\u00e8re pour que l'officier de police judiciaire informe le procureur de la R\u00e9publique, l'enfant n'\u00e9tant ni en danger ni seul ; ce moyen sera \u00e9cart\u00e9 ; 5- Sur la consultation du fichier automatis\u00e9 des empreintes digitales (FAED) par les policiers En l'esp\u00e8ce, l'officier de police judiciaire a proc\u00e9d\u00e9 \u00e0 un relev\u00e9 d'empreintes apr\u00e8s en avoir inform\u00e9 le procureur de la R\u00e9publique (pi\u00e8ce n\u00b0 14) ; d'ailleurs, le r\u00e9sultat s'est av\u00e9r\u00e9 n\u00e9gatif ; il ne saurait donc \u00e0 pr\u00e9sent soutenir que ce relev\u00e9 a \u00e9t\u00e9 effectu\u00e9 en violation des dispositions du CESEDA ; au surplus, il ne justifie d'aucun grief, le r\u00e9sultat s'av\u00e9rant n\u00e9gatif ; ce moyen sera \u00e9cart\u00e9 ; Sur la dur\u00e9e excessive de la retenue En l'esp\u00e8ce, la dur\u00e9e du maintien en retenue, du moment qu'elle n'exc\u00e8de pas le d\u00e9lai de 16 heures pr\u00e9vu par l'article L. 611-1 du CESEDA, ne fait pas l'objet d'un contr\u00f4le par le juge judiciaire ; d\u00e8s lors, ce moyen doit \u00eatre rejet\u00e9 ; 7- Sur l'absence d'envoi du proc\u00e8s verbal de retenue au procureur de la R\u00e9publique comp\u00e9tent Il soutient que la proc\u00e9dure aurait d\u00fb \u00eatre envoy\u00e9e au procureur de la R\u00e9publique de Beauvais. En l'esp\u00e8ce, si la proc\u00e9dure a \u00e9t\u00e9 initi\u00e9e dans le ressort du tribunal de grande instance de Beauvais, il n'en demeure pas moins qu'elle s'est poursuivie dans le ressort de Senlis (60) ; d\u00e8s lors, la proc\u00e9dure doit \u00eatre adress\u00e9e au magistrat territorialement comp\u00e9tent en l'esp\u00e8ce Senlis, ce qui a \u00e9t\u00e9 fait (pi\u00e8ce 14) ; Ce moyen sera rejet\u00e9 ; 8- Sur l'absence de certaines mentions familiales sur la fiche envoy\u00e9e au bureau de liaison (BUREL) Il expose que la fiche ne mentionne pas qu'il est mari\u00e9 et a un enfant ; en l'esp\u00e8ce, la proc\u00e9dure concerne M. [W] et aucune disposition du CESEDA n'impose une telle mention sur ce document ; ce moyen sera rejet\u00e9 ; 9- Sur les diligences de l'administration A l'audience, M. [W] a remis \u00e0 la fin des d\u00e9bats un document intitul\u00e9 \u00ab acte de mariage \u00bb ; toutefois, celui-ci n'ayant pas \u00e9t\u00e9 communiqu\u00e9 pr\u00e9alablement au repr\u00e9sentant de la pr\u00e9fecture, il convient de le rejeter, le principe du contradictoire n'ayant pas \u00e9t\u00e9 respect\u00e9 ; ainsi, il affirme que l'autorit\u00e9 administrative n'a pas fait les diligences n\u00e9cessaires \u00e0 la mise en oeuvre de la mesure ; en l'esp\u00e8ce, aucun \u00e9l\u00e9ment du dossier ne mentionne l'existence d'un document d'\u00e9tat civil ; par ailleurs, le pr\u00e9fet a adress\u00e9 le 26 f\u00e9vrier 2015 au consul d'Egypte une demande visant \u00e0 entendre l'int\u00e9ress\u00e9 et d\u00e9livrer un laisser-passez consulaire, l'int\u00e9ress\u00e9 n'ayant pas de passeport ; par ailleurs, un vol commercial en direction du Caire a \u00e9t\u00e9 r\u00e9serv\u00e9 pour un \u00e9loignement \u00e0 pr\u00e9voir entre le 11 mars 2015 et le 13 mars 2015 avec une date pr\u00e9f\u00e9rentielle au 12 mars 2015 ; au surplus, le pr\u00e9fet ne pouvait remettre un document qu'il ne d\u00e9tenait pas \u00e0 la date de la sollicitation de la repr\u00e9sentation consulaire ; il ne saurait donc soutenir que les diligences n\u00e9cessaires \u00e0 l'ex\u00e9cution de la mesure n'ont pas \u00e9t\u00e9 faites ; la proc\u00e9dure \u00e9tant r\u00e9guli\u00e8re, il convient de faire droit \u00e0 la demande \u00bb ;",
        "1\u00b0) ALORS QUE, tenu de motiver sa d\u00e9cision, le juge d'appel ne peut se borner \u00e0 adopter les motifs du jugement qu'il confirme sans r\u00e9pondre aux moyens nouveaux lui \u00e9tant soumis ou sans r\u00e9pondre lui-m\u00eame aux moyens auxquels le premier juge n'a pas r\u00e9pondu ; qu'en l'esp\u00e8ce, M. [W], au soutien de son appel, avait tout \u00e0 la fois repris des moyens auxquels le 1er juge n'avait pas r\u00e9pondu et produit de nouveaux moyens aff\u00e9rents \u00e0 la computation des d\u00e9lais, aux informations \u00e0 communiquer au Procureur de la R\u00e9publique, \u00e0 la prise d'empreintes et au d\u00e9roulement de la proc\u00e9dure de retenue ; qu'en affirmant que M. [W] ne faisait que reprendre devant la cour les moyens de 1\u00e8re instance, et en se bornant pour cette raison \u00e0 adopter les motifs de l'ordonnance entreprise, la cour d'appel a viol\u00e9 les articles 455 et 458 du code de proc\u00e9dure civile ;",
        "2\u00b0) ALORS de m\u00eame QUE le premier pr\u00e9sident saisi de l'appel d'une ordonnance de maintien en r\u00e9tention doit se prononcer sur l'absence au dossier des pi\u00e8ces dont la production lui a pourtant \u00e9t\u00e9 r\u00e9guli\u00e8rement annonc\u00e9e ; qu'en l'esp\u00e8ce, \u00e9tait vers\u00e9 aux d\u00e9bats un fax adress\u00e9 le 5 mars 2015 \u00e0 10h17 par le conseil de M. [W] au cabinet du premier pr\u00e9sident de la cour d'appel de Douai et dans lequel \u00e9taient annonc\u00e9es des pi\u00e8ces compl\u00e9mentaires jointes \u00e0 cet envoi ; qu'en affirmant que M. [W] n'avait pas produit de nouvelles preuves, sans se prononcer sur cette pi\u00e8ce et cette circonstance, la cour d'appel a viol\u00e9 l'article 455 du code de proc\u00e9dure civile ;",
        "3\u00b0) ALORS QUE, tenu de motiver sa d\u00e9cision, le juge ne peut se borner \u00e0 affirmer un fait sans viser le moindre \u00e9l\u00e9ment le lui permettant ; qu'en se bornant \u00e0 affirmer qu' \u00ab il est \u00e9tabli \u00bb que le magistrat territorialement comp\u00e9tent au moment au contr\u00f4le a \u00e9t\u00e9 inform\u00e9 du relev\u00e9 d'empreintes, sans pr\u00e9ciser les \u00e9l\u00e9ments du dossier \u00e9tablissant ce fait, la cour d'appel a viol\u00e9 l'article 455 du code de proc\u00e9dure civile ;",
        "4\u00b0) ALORS QUE le seul fait que le r\u00e9sultat de la prise d'empreintes et de la consultation du fichier informatis\u00e9 des empreintes digitales se soit av\u00e9r\u00e9 n\u00e9gatif ne suffit pas en soi \u00e0 exclure le grief proc\u00e9dant de l'irr\u00e9gularit\u00e9 de la proc\u00e9dure de prise d'empreintes ; qu'en retenant que M. [W] ne pouvait soutenir que la prise de ses empreintes avait \u00e9t\u00e9 effectu\u00e9e en violation des r\u00e8gles applicables du code de l'entr\u00e9e et du s\u00e9jour des \u00e9trangers et du droit d'asile par cela seul que le r\u00e9sultat s'\u00e9tait av\u00e9r\u00e9 n\u00e9gatif et qu'ainsi la mesure ne lui avait pas fait grief, la cour d'appel a viol\u00e9 les articles L. 552-13 et L. 611-1-1 du code de l'entr\u00e9e et du s\u00e9jour des \u00e9trangers et du droit d'asile ;",
        "5\u00b0) ALORS QUE M. [W] exposait que, si le contr\u00f4le d'identit\u00e9 avait commenc\u00e9 en gare de [Localit\u00e9 1] \u00e0 8h25, ce contr\u00f4le n'avait port\u00e9 sur sa personne qu'\u00e0 8h30, ainsi que cela ressortait du proc\u00e8s-verbal ; qu'il en concluait que l'horodatage des faits \u00e9tait d\u00e9pourvu de toute vraisemblance en ce qu'il ne pouvait avoir \u00e9t\u00e9 pr\u00e9sent\u00e9 \u00e0 l'Officier de police judiciaire d\u00e8s 8h30, soit au moment m\u00eame de son interpellation, apr\u00e8s que ses papiers lui aient \u00e9t\u00e9 demand\u00e9s par les agents et que ceux-ci aient interrog\u00e9 deux fichiers ; qu'en retenant faussement, par des motifs adopt\u00e9s, que M. [W] avait \u00e9t\u00e9 interpell\u00e9 \u00e0 8h25 et pr\u00e9sent\u00e9 \u00e0 l'OPJ \u00e0 8h31 et en se bornant \u00e0 affirmer qu'aucun texte n'impose que les actes soient effectu\u00e9s dans les locaux de police, sans r\u00e9pondre \u00e0 ce moyen d\u00e9terminant, la cour d'appel a viol\u00e9 l'article 455 du code de proc\u00e9dure civile ;",
        "6\u00b0 ALORS de m\u00eame QUE M. [W] faisait pertinemment valoir, en 1\u00e8re instance et en appel, que la notification des trois pages de l'arr\u00eat\u00e9 pr\u00e9fectoral ainsi que celle de ses droits au cours de la retenue avait \u00e9t\u00e9 faite, par l'interm\u00e9diaire du traducteur, dans un d\u00e9lai extr\u00eamement court (moins d'une minute), ce qui \u00e9tait mat\u00e9riellement impossible et rendait illusoire une telle notification ; qu'en laissant ce moyen sans r\u00e9ponse, le juge du fond a viol\u00e9 l'article 455 du code de proc\u00e9dure civile."
    ]
}