{
    "decision-0": [
        "CIV. 2",
        "FB",
        "COUR DE CASSATION",
        "______________________",
        "Audience publique du 4 mai 2016",
        "Cassation partielle",
        "Mme FLISE, pr\u00e9sident",
        "Arr\u00eat n\u00b0 689 F-D",
        "Pourvoi n\u00b0 N 15-16.194",
        "Aide juridictionnelle totale en d\u00e9fense",
        "au profit de Mme [P] [T].",
        "Admission du bureau d'aide juridictionnelle",
        "pr\u00e8s la Cour de cassation",
        "en date du 7 juillet 2015.",
        "R \u00c9 P U B L I Q U E F R A N \u00c7 A I S E",
        "_________________________",
        "AU NOM DU PEUPLE FRAN\u00c7AIS",
        "_________________________",
        "LA COUR DE CASSATION, DEUXI\u00c8ME CHAMBRE CIVILE, a rendu l'arr\u00eat suivant :",
        "Statuant sur le pourvoi form\u00e9 par la caisse d'allocations familiales de l'Aube, dont le si\u00e8ge est [Adresse 1],",
        "contre l'arr\u00eat rendu le 4 f\u00e9vrier 2015 par la cour d'appel de Reims (chambre sociale), dans le litige l'opposant \u00e0 Mme [P] [T], domicili\u00e9e [Adresse 2],",
        "d\u00e9fenderesse \u00e0 la cassation ;",
        "La demanderesse invoque, \u00e0 l'appui de son pourvoi, le moyen unique de cassation annex\u00e9 au pr\u00e9sent arr\u00eat ;",
        "Vu la communication faite au procureur g\u00e9n\u00e9ral ;",
        "LA COUR, en l'audience publique du 23 mars 2016, o\u00f9 \u00e9taient pr\u00e9sents : Mme Flise, pr\u00e9sident, M. H\u00e9non, conseiller r\u00e9f\u00e9rendaire rapporteur, M. Pr\u00e9tot, conseiller doyen, Mme Szirek, greffier de chambre ;",
        "Sur le rapport de M. H\u00e9non, conseiller r\u00e9f\u00e9rendaire, les observations de la SCP Garreau, Bauer-Violas et Feschotte-Desbois, avocat de la caisse d'allocations familiales de l'Aube, de la SCP Lyon-Caen et Thiriez, avocat de Mme [T], l'avis de M. de Monteynard, avocat g\u00e9n\u00e9ral, et apr\u00e8s en avoir d\u00e9lib\u00e9r\u00e9 conform\u00e9ment \u00e0 la loi ;"
    ],
    "decision-1": [
        "Sur le moyen relev\u00e9 d'office, apr\u00e8s avis donn\u00e9 aux parties en application de l'article 1015 du code de proc\u00e9dure civile :"
    ],
    "decision-2": [
        "Vu la Convention g\u00e9n\u00e9rale entre le gouvernement de la R\u00e9publique fran\u00e7aise et le gouvernement de la R\u00e9publique populaire du Congo sur la s\u00e9curit\u00e9 sociale et ses trois protocoles, sign\u00e9s \u00e0 Paris, le 11 f\u00e9vrier 1987, publi\u00e9s par d\u00e9cret n\u00b0 88-757 du 9 juin 1988, ensemble les articles L. 512-2, D. 512-1 et D. 512-2 du code de la s\u00e9curit\u00e9 sociale ;"
    ],
    "decision-3": [
        "Attendu, selon l'arr\u00eat attaqu\u00e9, que ressortissante de la R\u00e9publique d\u00e9mocratique du Congo, et entr\u00e9e en France, le 29 janvier 2009, Mme [T] a obtenu, le 2 mai 2012, une carte de s\u00e9jour temporaire mention vie priv\u00e9e et familiale ; que la caisse d'allocations familiales de l'Aube lui ayant refus\u00e9 le b\u00e9n\u00e9fice des prestations familiales du chef de son enfant [S], n\u00e9e le [Date naissance 1] 2005 \u00e0 [Localit\u00e9 1], au motif qu'elle ne produisait pas le certificat m\u00e9dical d\u00e9livr\u00e9 par l'Office fran\u00e7ais de l'immigration et de l'int\u00e9gration, l'int\u00e9ress\u00e9e a saisi d'un recours une juridiction de s\u00e9curit\u00e9 sociale ;",
        "Attendu que pour dire que Mme [T] doit percevoir les prestations familiales \u00e0 compter du 2 mai 2012, l'arr\u00eat \u00e9nonce qu'il ressort de l'article 1, paragraphe 1, de la Convention g\u00e9n\u00e9rale sur la s\u00e9curit\u00e9 sociale franco-congolaise du 11 f\u00e9vrier 1987, que les ressortissants congolais exer\u00e7ant en France une activit\u00e9 salari\u00e9e ou assimil\u00e9e b\u00e9n\u00e9ficient, ainsi que leurs ayants droit r\u00e9sidant en France, de la l\u00e9gislation sur les prestations familiales dans les m\u00eames conditions que les ressortissants fran\u00e7ais ; qu'il retient que l'absence de discrimination sur le fondement de la nationalit\u00e9 dans le domaine d'application de l'accord implique qu'un ressortissant congolais r\u00e9sidant l\u00e9galement en France soit trait\u00e9 de la m\u00eame mani\u00e8re que les nationaux ; que selon les articles L. 512-2, D. 512-1 et D. 512-2 du code de la s\u00e9curit\u00e9 sociale, le b\u00e9n\u00e9fice des allocations familiales est soumis \u00e0 la production d'un certificat m\u00e9dical d\u00e9livr\u00e9 par l'Office fran\u00e7ais de l'immigration et de l'int\u00e9gration ; que ces articles instituent ainsi une discrimination directement fond\u00e9e sur la nationalit\u00e9 qui doit \u00eatre \u00e9cart\u00e9e en l'esp\u00e8ce pour accueillir la demande de prestations familiales en vertu de la convention g\u00e9n\u00e9rale conclue entre la France et le Congo le 11 f\u00e9vrier 1987 ;"
    ],
    "decision-4": [
        "Qu'en statuant ainsi, alors qu'il r\u00e9sultait de ses constatations que Mme [T], n\u00e9e \u00e0 [Localit\u00e9 1] en R\u00e9publique d\u00e9mocratique du Congo, n'\u00e9tait pas ressortissante de la R\u00e9publique populaire du Congo, de sorte que la Convention g\u00e9n\u00e9rale sur la s\u00e9curit\u00e9 sociale sign\u00e9e le 11 f\u00e9vrier 1987 ne trouvait pas \u00e0 s'appliquer au litige, la cour d'appel a viol\u00e9 les textes susvis\u00e9s ;"
    ],
    "decision-5": [
        "PAR CES MOTIFS :",
        "CASSE ET ANNULE, sauf en ce qu'il d\u00e9boute Mme [T] de sa demande en paiement de dommages-int\u00e9r\u00eats, l'arr\u00eat rendu, le 4 f\u00e9vrier 2015, entre les parties, par la cour d'appel de Reims ; remet, en cons\u00e9quence, sur les autres points, la cause et les parties dans l'\u00e9tat o\u00f9 elles se trouvaient avant ledit arr\u00eat et, pour \u00eatre fait droit, les renvoie devant la cour d'appel de Nancy ;",
        "Condamne Mme [T] aux d\u00e9pens ;",
        "Vu l'article 700 du code de proc\u00e9dure civile, rejette les demandes ;",
        "Dit que sur les diligences du procureur g\u00e9n\u00e9ral pr\u00e8s la Cour de cassation, le pr\u00e9sent arr\u00eat sera transmis pour \u00eatre transcrit en marge ou \u00e0 la suite de l'arr\u00eat partiellement cass\u00e9 ;",
        "Ainsi fait et jug\u00e9 par la Cour de cassation, deuxi\u00e8me chambre civile, et prononc\u00e9 par le pr\u00e9sident en son audience publique du quatre mai deux mille seize."
    ],
    "decision-6": [
        "MOYEN ANNEXE au pr\u00e9sent arr\u00eat",
        "Moyen produit par la SCP Garreau, Bauer-Violas et Feschotte-Desbois, avocat aux Conseils, pour la caisse d'allocations familiales de l'Aube.",
        "Il est fait grief \u00e0 l'attaqu\u00e9 confirmatif d'avoir infirm\u00e9 la d\u00e9cision de la commission de recours amiable de la CAF de l'Aube du 4 juin 2012 et dit que Madame [P] [T] doit percevoir les allocations familiales pour sa fille [S] [T] \u00e0 compter du 2 mai 2012 avec int\u00e9r\u00eats de retard au taux l\u00e9gal,",
        "AUX MOTIFS QUE",
        "les conditions d'obtention des prestations familiales au b\u00e9n\u00e9fice d'enfants \u00e9trangers sont r\u00e9gies par applications combin\u00e9es du code de la s\u00e9curit\u00e9 sociale et du CESEDA ; que l'article L.512-2 du code de la s\u00e9curit\u00e9 sociale pr\u00e9voit :",
        "\"B\u00e9n\u00e9ficient de plein droit des prestations familiales dans les conditions fix\u00e9es par le pr\u00e9sent livre les \u00e9trangers titulaires d'un titre exig\u00e9 d'eux en vertu soit de dispositions l\u00e9gislatives ou r\u00e9glementaires, soit de trait\u00e9s ou accords internationaux pour r\u00e9sider r\u00e9guli\u00e8rement en France. Ces \u00e9trangers b\u00e9n\u00e9ficient des prestations familiales sous r\u00e9serve qu'il soit justifi\u00e9, pour les enfants qui sont \u00e0 leur charge et au titre desquels les prestations familiales sont demand\u00e9es, de l'une des situations suivantes : - leur naissance en France, - leur entr\u00e9e r\u00e9guli\u00e8re dans le cadre de la proc\u00e9dure de regroupement familial vis\u00e9e au livre IV du CESEDA, - leur qualit\u00e9 de membre de famille de r\u00e9fugi\u00e9, - leur qualit\u00e9 d'enfant \u00e9tranger titulaire de la carte de s\u00e9jour mentionn\u00e9e au 10\u00b0) de l'article L.313-11 du CESEDA, - leur qualit\u00e9 d'enfant \u00e9tranger titulaire de la carte de s\u00e9jour mentionn\u00e9e \u00e0 l'article L.313-13 du m\u00eame code, - leur qualit\u00e9 d'enfant \u00e9tranger titulaire de la carte de s\u00e9jour mentionn\u00e9e \u00e0 l'article L.313-8 ou 5\u00b0) de l'article L.313-11 du m\u00eame code, - leur qualit\u00e9 d'enfant \u00e9tranger titulaire de la carte de s\u00e9jour mentionn\u00e9e au 7\u00b0) de l'article L.313-11 du m\u00eame code \u00e0 la condition que le ou les enfants en cause soient entr\u00e9s en France au plus tard en m\u00eame temps que l'un de leurs parents titulaires de la carte susmentionn\u00e9e. Un d\u00e9cret fixe la liste des titres et justifications attestant la r\u00e9gularit\u00e9 de l'entr\u00e9e et du s\u00e9jour des b\u00e9n\u00e9ficiaires \u00e9trangers. Il d\u00e9termine \u00e9galement la nature des documents exig\u00e9s pour justifier que les enfants de ces \u00e9trangers ont \u00e0 charge et au titre desquels des prestations familiales sont demand\u00e9es remplissent les conditions pr\u00e9vues aux alin\u00e9as pr\u00e9c\u00e9dents ; que l'article D.512-1 du code de la s\u00e9curit\u00e9 sociale pr\u00e9voit : \"L'\u00e9tranger qui demande \u00e0 b\u00e9n\u00e9ficier de prestations familiales justifie de la r\u00e9gularit\u00e9 de son s\u00e9jour par la production d'un des titres de s\u00e9jour ou documents suivants en cour de validit\u00e9 : 1\u00b0) Carte de r\u00e9sident, 2\u00b0) Carte de s\u00e9jour temporaire, 3\u00b0) Certificat de r\u00e9sidence de ressortissant alg\u00e9rien, 4\u00b0) R\u00e9c\u00e9piss\u00e9 de demande de renouvellement de l'un des titres ci-dessus, 5\u00b0) R\u00e9c\u00e9piss\u00e9 de demande de titre de s\u00e9jour valant autorisation de s\u00e9jour d'une dur\u00e9e de trois mois renouvelable portant la mention \"reconnu r\u00e9fugi\u00e9\", 6\u00b0) R\u00e9c\u00e9piss\u00e9 de demande de s\u00e9jour d'une dur\u00e9e de six mois renouvelable portant la mention \"\u00e9tranger admis au s\u00e9jour au titre de l'asile\", 7\u00b0) Autorisation provisoire de s\u00e9jour d'une validit\u00e9 sup\u00e9rieure \u00e0 trois mois, 8\u00b0) Passeport mon\u00e9gasque rev\u00eatu d'une mention du consul g\u00e9n\u00e9ral de France \u00e0 Monaco valant autorisation de s\u00e9jour, 9\u00b0) Livret sp\u00e9cial, livret ou carnet de circulation, 10\u00b0) R\u00e9c\u00e9piss\u00e9 de demande de titre de s\u00e9jour valant autorisation de s\u00e9jour d'une dur\u00e9e de validit\u00e9 de trois mois renouvelable d\u00e9livr\u00e9 dans le cadre de l'octroi de la protection subsidiaire, accompagn\u00e9 de la d\u00e9cision de l'OFPRA ou de la Commission de recours des r\u00e9fugi\u00e9s accordant cette protection\" ; que l'article D.512-2 du code de la s\u00e9curit\u00e9 sociale pr\u00e9voit : \"La r\u00e9gularit\u00e9 de l'entr\u00e9e et du s\u00e9jour des enfants \u00e9trangers que le b\u00e9n\u00e9ficiaire a \u00e0 charge et au titre desquels il demande des prestations familiales est justifi\u00e9e par la production de l'un des documents suivants : 1\u00b0) Extrait d'acte de naissance en France, 2\u00b0) Certificat de contr\u00f4le m\u00e9dical de l'enfant d\u00e9livr\u00e9 par l'Office Fran\u00e7ais de l'Immigration et de l'Int\u00e9gration (OFll) \u00e0 l'issue de la proc\u00e9dure d'introduction ou d'admission au s\u00e9jour au titre du regroupement familial, 3\u00b0) inapplicable \u00e0 l'esp\u00e8ce, 4\u00b0) visa d\u00e9livr\u00e9 par l'autorit\u00e9 consulaire et comportant le nom de l'enfant d'un \u00e9tranger titulaire de la carte de s\u00e9jour mentionn\u00e9e \u00e0 l'article L.313-8 ou au 5\u00b0) de l'article L.313-11 du CESEDA, 5\u00b0) Attestation d\u00e9livr\u00e9e par l'autorit\u00e9 pr\u00e9fectorale, pr\u00e9cisant que l'enfant est entr\u00e9 en France au plus tard en m\u00eame temps que l'un de ses parents admis au s\u00e9jour sur le fondement de l'article 7\u00b0 de l'article L.313-11 du CESEDA ou du 5\u00b0) de l'article 6 de l'accord franco-alg\u00e9rien du 27 d\u00e9cembre 1968 modifi\u00e9, 6\u00b0) Titre de s\u00e9jour d\u00e9livr\u00e9 \u00e0 l'\u00e9tranger \u00e2g\u00e9 de seize \u00e0 dix-huit ans dans les conditions fix\u00e9es par l'article L.311-3 du CESEDA. Elle est \u00e9galement justifi\u00e9e, pour les enfants majeurs ouvrant droit aux prestations familiales, par l'un des titres mentionn\u00e9s \u00e0 l'article D .512-1.\" ; qu'il est acquis aux d\u00e9bats que Madame [P] [T] de nationalit\u00e9 congolaise est arriv\u00e9e en France le 29 janvier 2009, qu'elle est titulaire d'une carte de s\u00e9jour temporaire \u00ab vie priv\u00e9e et familiale \u00bb sign\u00e9e au titre du 11\u00b0 de l'article L. 313-11 du code de s\u00e9jour et de l'entr\u00e9e des apatrides, c'est-\u00e0-dire pour une prise en charge m\u00e9dicale, et valable du 2 mai 2012 au 1er mai 2013 ; que le titre dont est titulaire Madame [P] [T] ne figure pas dans la liste de l'article L. 512-2 du code de la s\u00e9curit\u00e9 sociale et elle doit donc fournir un document prouvant la r\u00e9gularit\u00e9 de l'entr\u00e9e et du s\u00e9jour de sa fille doit donc pr\u00e9senter le certificat de contr\u00f4le m\u00e9dical d\u00e9livr\u00e9 par l'OFII exig\u00e9 par l'article D.512-2 du code pr\u00e9cit\u00e9 ; que contrairement \u00e0 ce que soutient l'intim\u00e9e, les dispositions l\u00e9gales r\u00e9gissant les conditions d'obtention des prestations familiales au b\u00e9n\u00e9fice de mineurs \u00e9trangers ne peuvent \u00eatre consid\u00e9r\u00e9es comme discriminatoires et contraires \u00e0 la convention de sauvegarde des droits de l'Homme et des Libert\u00e9s fondamentales, ni aux dispositions de l'article 3-1 de la Convention internationale des droits de l'enfant ; qu'en effet d'une part par d\u00e9cision en date du 15 d\u00e9cembre 2005 le Conseil Constitutionnel a d\u00e9clar\u00e9 que l'article 89 de la loi 2005-1579 du 19 d\u00e9cembre 2005 dont sont issus les textes susvis\u00e9s est conforme \u00e0 la Constitution ; que d'autre part la Cour de Cassation a confirm\u00e9 par arr\u00eats rendus en Assembl\u00e9e pl\u00e9ni\u00e8re le 3 juin 2011 et confirm\u00e9s ensuite que \"les dispositions l\u00e9gislatives et r\u00e9glementaires qui rev\u00eatent un caract\u00e8re objectif justifi\u00e9 par la n\u00e9cessit\u00e9 pour un \u00e9tat d\u00e9mocratique d'exercer un contr\u00f4le des conditions d'accueil des enfants ne portent pas une atteinte disproportionn\u00e9e au droit \u00e0 la vie de famille garanti par les articles 8 et 14 de la Convention de sauvegarde des droits de 1 'Homme et des Libert\u00e9s fondamentales, ni ne m\u00e9connaissent les dispositions de l'article 3-1 de la Convention internationale des droits de l'enfant.\" ; que toutefois, il convient de v\u00e9rifier si les conditions l\u00e9gales et r\u00e9glementaires fran\u00e7aises d'octroi des prestations familiales sont conformes aux dispositions des conventions franco-congolaises express\u00e9ment invoqu\u00e9es ; que la Convention entre le Gouvernement de la R\u00e9publique Fran\u00e7aise et le Gouvernement de la R\u00e9publique du Congo sign\u00e9e \u00e0 Brazzaville en juillet 1993 porte sur la circulation des personnes et non sur les prestations sociales ; qu'elle dispose elle-m\u00eame dans son article final \u00ab La pr\u00e9sente Convention abroge et remplace la Convention franco-congolaise du 1er janvier 1974 sur la circulation des personnes ainsi que son avenant du 17 juin 1978 et l'\u00e9change de lettres des 5-19 mars 1979 ; qu'elle ne porte donc nullement l'abrogation de la convention g\u00e9n\u00e9rale du 11 f\u00e9vrier 1987 ni de l'arrangement administratif du 11 mars 1988 sign\u00e9 entre la France et la R\u00e9publique populaire du Congo qui demeure en vigueur, contrairement \u00e0 ce que soutient \u00e0 tort la caisse primaire d'assurance maladie et qui am\u00e9nage une coop\u00e9ration dans le domaine social entre les deux pays et \u00e9tablit le principe de l'\u00e9galit\u00e9 de traitement des ressortissants des deux \u00c9tats au visa de la l\u00e9gislation sociale ; qu'il ressort de l'article 1 paragraphe 1 de la Convention g\u00e9n\u00e9rale sur la s\u00e9curit\u00e9 sociale franco-congolaise du 11 f\u00e9vrier 1987 que : \u00ab Les ressortissants congolais exer\u00e7ant en France une activit\u00e9 salari\u00e9e, ou assimil\u00e9e sont soumis aux l\u00e9gislations de s\u00e9curit\u00e9 sociale \u00e9num\u00e9r\u00e9e \u00e0 l'article trois applicable en France et b\u00e9n\u00e9ficient ainsi que leurs ayants droits r\u00e9sidant en France, dans les m\u00eames conditions que les ressortissants fran\u00e7ais ; que l'article 3 paragraphe 1 de la convention pr\u00e9cise : les l\u00e9gislations auxquelles elles s'appliquent : \u2026 d) la l\u00e9gislation relative aux prestations familiales ; qu'il se d\u00e9duit de ce texte au vu de la jurisprudence de la Cour de Cassation dans son arr\u00eat en Assembl\u00e9e pl\u00e9ni\u00e8re du 21 avril 2013 par r\u00e9f\u00e9rence \u00e0 la jurisprudence de la Cour de justice de l'union europ\u00e9enne, que l'absence de discrimination sur le fondement de la nationalit\u00e9 dans le domaine d'application de l'accord implique qu'un ressortissant congolais r\u00e9sidant l\u00e9galement en France soit trait\u00e9 de la m\u00eame mani\u00e8re que les nationaux ; qu'il en r\u00e9sulte que la l\u00e9gislation fran\u00e7aise ne saurait soumettre l'octroi de prestations familiales \u00e0 des conditions suppl\u00e9mentaires ou plus rigoureuses par rapport \u00e0 celles applicables \u00e0 ses propres ressortissants ; que toutefois, selon les articles suscit\u00e9s du code de la s\u00e9curit\u00e9 sociale, le b\u00e9n\u00e9fice des allocations familiales est soumis \u00e0 la production d'un certificat m\u00e9dical d\u00e9livr\u00e9 par l'Office fran\u00e7ais de l'int\u00e9gration et de l'immigration \u00e0 l'issue de la proc\u00e9dure de regroupement familial ; que ces articles instituent ainsi une discrimination directement fond\u00e9e sur la nationalit\u00e9 qui doit \u00eatre \u00e9cart\u00e9e en l'esp\u00e8ce pour accueillir la demande de prestations familiales en vertu de la convention g\u00e9n\u00e9rale de s\u00e9curit\u00e9 sociale conclue entre la France et le Congo le 11 f\u00e9vrier 1987 ; que c'est donc \u00e0 bon droit que le tribunal aux affaires de s\u00e9curit\u00e9 sociale a dit que Madame [P] [T] pouvait b\u00e9n\u00e9ficier des prestations familiales pour sa fille \u00e0 partir du jour o\u00f9 elle justifie de la r\u00e9gularit\u00e9 de son s\u00e9jour soit \u00e0 compter du 2 mai 2012, outre les int\u00e9r\u00eats au taux l\u00e9gal \u00e0 compter du jugement,",
        "ET AUX MOTIFS ADOPT\u00c9 QU'",
        "il r\u00e9sulte de l'application combin\u00e9e de la Convention G\u00e9n\u00e9rale du 11 f\u00e9vrier 1987 et de l'Arrangement Administratif du 11 mars 1988 que la France et le gouvernement de la R\u00e9publique Populaire du Congo ont \u00e9tabli une coop\u00e9ration dans le domaine social en r\u00e9affirmant le respect par les deux pays parties \u00e0 la pr\u00e9sente Convention G\u00e9n\u00e9rale et Arrangement Administratif le principe d'\u00e9galit\u00e9 de traitement des ressortissants des deux \u00c9tats au visa de la l\u00e9gislation sociale, notamment en mati\u00e8re de prestations familiales de chacun des pays ; que le Livre V intitul\u00e9 \"prestations familiales et prestations assimil\u00e9es\", Titre 1er et chapitre II \"Champ d'application\" du Code de la S\u00e9curit\u00e9 Sociale souligne que le versement des prestations familiales est subordonn\u00e9 au respect des conditions de r\u00e9gularit\u00e9s d'entr\u00e9e et du s\u00e9jour des parents et de l'enfant en France ; qu'il ressort de l'application des dispositions des article L.512-1 et L.512\u00b72 du m\u00eame Code que les \u00e9trangers r\u00e9sidant r\u00e9guli\u00e8rement en France avec leurs enfants mineurs b\u00e9n\u00e9ficient de plein droit des prestations familiales; que l'article D.51l-1 du code pr\u00e9cit\u00e9, \u00e9num\u00e8re les titres de s\u00e9jour ou documents en cours de validit\u00e9 permettant \u00e0 l'\u00e9tranger de justifier la r\u00e9gularit\u00e9 de son s\u00e9jour en France ; que cependant, les dispositions des articles 14 et 1er du Protocole n\u00b01 de la Convention Europ\u00e9enne de Sauvegarde des Droits de l'homme et des Libert\u00e9s Fondamentales d\u00e9finissent les principes de non-discrimination pour le b\u00e9n\u00e9fice des prestations sociales et de l'\u00e9galit\u00e9 de traitement; qu'en son article 8, la Convention reconna\u00eet le droit de mener une vie priv\u00e9e et familiale normale y compris dans son aspect patrimonial ; que d\u00e8s lors, aucune distinction ne peut \u00eatre op\u00e9r\u00e9e en tenant compte de l'origine nationale des enfant, ni de la r\u00e9gularit\u00e9 de leur s\u00e9jour; qu'en l'esp\u00e8ce, il n'est pas contest\u00e9 par les parties que Madame [P] [T] est entr\u00e9e en France le 29 janvier 2009, accompagn\u00e9e de sa fille ; qu'une carte de s\u00e9jour temporaire portant mention \"vie priv\u00e9e et familiale\" lui a \u00e9t\u00e9 d\u00e9livr\u00e9e par les services de la Pr\u00e9fecture de l'Aube en application de l'article L.313-11-11\u00b0 du Code de l'Entr\u00e9e et du S\u00e9jour des \u00c9trangers et du droit d'Asile, valable du 2 mai 2012 au 1er mai 2013 ; que d\u00e8s lors, elle justifie de la r\u00e9gularit\u00e9 d'un titre de s\u00e9jour ; que Madame [P] [T] s'est tourn\u00e9e vers les services de la Caisse d'Allocations Familiales de l'Aube pour faire valoir ses droits aux prestations familiales pour sa fille selon la l\u00e9gislation en vigueur du pays d'emploi, avant de se voir notifier des d\u00e9cisions de rejet ; que la Caisse d'Allocations Familiales de l'Aube ne rapporte pas la preuve de la violation du formalisme administratif ; qu'il s'ensuit que le refus d'octroyer le b\u00e9n\u00e9fice des prestations familiales au motif de l'absence de la pr\u00e9sentation d'un certificat m\u00e9dical d\u00e9livr\u00e9 par l'OFII, porte atteinte de mani\u00e8re intol\u00e9rable \u00e0 leur droit \u00e0 une vie familiale normale ; que le droit au b\u00e9n\u00e9fice des prestations pr\u00e9cit\u00e9es pour sa fille sera d\u00e9clar\u00e9 ouvert \u00e0 compter du 2 mai 2012, date de la r\u00e9gularisation du s\u00e9jour de Madame [P] [T] et ce, avec int\u00e9r\u00eats de retard au taux l\u00e9gal,",
        "ALORS, D'UNE PART, QUE si l'absence de toute discrimination fond\u00e9e sur la nationalit\u00e9 implique que les ressortissants \u00e9trangers r\u00e9sidant l\u00e9galement en France soient trait\u00e9s de la m\u00eame mani\u00e8re que les nationaux, c'est \u00e0 la condition qu'un accord bilat\u00e9ral ou multilat\u00e9ral ait accord\u00e9 sans r\u00e9serve \u00e0 ces ressortissants \u00e9trangers les m\u00eames droits qu'auxdits nationaux ; qu'en l'occurrence, la convention g\u00e9n\u00e9rale sur la s\u00e9curit\u00e9 sociale franco-congolaise du 11 f\u00e9vrier 1987 accordant aux ressortissants congolais et \u00e0 leurs ayants droit r\u00e9sidant en France les m\u00eames droits au b\u00e9n\u00e9fice de la l\u00e9gislation de s\u00e9curit\u00e9 sociale que les ressortissants fran\u00e7ais n'a pas entendu d\u00e9roger aux conditions de r\u00e9sidence r\u00e9guli\u00e8re sur le territoire fran\u00e7ais pos\u00e9es par les articles L 512-2 et D 512-2 du code de la s\u00e9curit\u00e9 sociale et adapt\u00e9es sp\u00e9cialement aux ressortissants congolais par la convention entre le Gouvernement de la R\u00e9publique fran\u00e7aise et le Gouvernement de la R\u00e9publique du Congo relative \u00e0 la circulation et au s\u00e9jour des personnes du 31 juillet 1993 ; qu'en fondant sa d\u00e9cision sur les seules dispositions de la convention g\u00e9n\u00e9rale susvis\u00e9e du 11 f\u00e9vrier 1987 au motif inop\u00e9rant que la convention du 31 juillet 1993 n'aurait pas abrog\u00e9 ces dispositions ainsi que celles de l'arrangement administratif du 11 mars 1988 sign\u00e9 entre les m\u00eames parties, la cour d'appel a viol\u00e9 par refus d'application ladite convention entre le Gouvernement de la R\u00e9publique fran\u00e7aise et le Gouvernement de la R\u00e9publique du Congo relative \u00e0 la circulation et au s\u00e9jour des personnes du 31 juillet 1993, ensemble les articles L 512-2, D 512-2 du code de la s\u00e9curit\u00e9 sociale et L 131-11 du code de s\u00e9jour et de l'entr\u00e9e des apatrides,",
        "ALORS, D'AUTRE PART, QUE les dispositions sp\u00e9ciales des accords internationaux pr\u00e9valent sur les dispositions g\u00e9n\u00e9rales du code de la s\u00e9curit\u00e9 sociale, notamment pour le b\u00e9n\u00e9fice des allocations familiales ; que la cour d'appel, qui a express\u00e9ment admis que les dispositions l\u00e9gales r\u00e9gissant les conditions d'obtention des prestations familiales au b\u00e9n\u00e9fice de mineurs \u00e9trangers ne peuvent \u00eatre consid\u00e9r\u00e9es comme discriminatoires et contraires \u00e0 la convention de sauvegarde des droits de l'Homme et des Libert\u00e9s fondamentales, ni aux dispositions de l'article 3-1 de la Convention internationale des droits de l'enfant, ne pouvait se borner \u00e0 retenir, pour justifier sa d\u00e9cision, que la convention g\u00e9n\u00e9rale de s\u00e9curit\u00e9 sociale franco-congolaise du 11 f\u00e9vrier 1987 soumet les ressortissants congolais exer\u00e7ant en France aux l\u00e9gislations de s\u00e9curit\u00e9 sociale dans les m\u00eames conditions que les ressortissants fran\u00e7ais et que les articles L 512-2 et D 521-2 du code de la s\u00e9curit\u00e9 sociale instituent une discrimination directement fond\u00e9e sur la nationalit\u00e9, sans rechercher si les dispositions combin\u00e9es de cette convention g\u00e9n\u00e9rale de s\u00e9curit\u00e9 sociale franco-congolaise du 11 f\u00e9vrier 1987 et de la convention conclue entre la France et le Congo le 31 juillet 1993 n'imposaient pas aux ressortissants congolais, pour \u00eatre l\u00e9galement admis sur le territoire fran\u00e7ais et y jouir des droits reconnus par ladite convention, d'\u00eatre munis d'un visa de long s\u00e9jour, d'un certificat de contr\u00f4le m\u00e9dical et d'un contrat de travail, ce qui renvoyait aux dispositions g\u00e9n\u00e9rales des articles L 512-1, D 512-1 et D 512-2 du code de la s\u00e9curit\u00e9 sociale ainsi que de l'article L 131-11 du code de s\u00e9jour et de l'entr\u00e9e des apatrides, la cour d'appel a priv\u00e9 sa d\u00e9cision de base l\u00e9gale au regard des textes et conventions bilat\u00e9rales susvis\u00e9es,",
        "ALORS, ENFIN, QU'en statuant ainsi, tout en constatant que Madame [T] ne justifiait pas, m\u00eame \u00e0 compter du 2 mai 2012, du titre de s\u00e9jour r\u00e9gulier ni du certificat m\u00e9dical permettant d'obtenir des prestations familiales au b\u00e9n\u00e9fice de mineurs \u00e9trangers, ce dont il r\u00e9sultait n\u00e9cessairement que cette ressortissante congolaise ne pouvait b\u00e9n\u00e9ficier des prestations familiales pour sa fille \u00e0 compter de cette date, la cour d'appel n'a pas tir\u00e9 les cons\u00e9quences l\u00e9gales de ses propres constatations au regard des dispositions combin\u00e9es de la convention g\u00e9n\u00e9rale de s\u00e9curit\u00e9 sociale franco-congolaise du 11 f\u00e9vrier 1987, de la convention conclue entre la France et le Congo le 31 juillet 1993 et des articles L 512-1, D 512-1, D 512-2 du code de la s\u00e9curit\u00e9 sociale et L 131-11 du code de s\u00e9jour et de l'entr\u00e9e des apatrides, qu'elle a donc viol\u00e9es."
    ]
}