{
    "decision-0": [
        "CIV. 1",
        "LM",
        "COUR DE CASSATION",
        "______________________",
        "Audience publique du 9 novembre 2016",
        "Cassation sans renvoi",
        "Mme BATUT, pr\u00e9sident",
        "Arr\u00eat n\u00b0 1315 FS-P+B+I",
        "Pourvoi n\u00b0 W 15-27.357",
        "Aide juridictionnelle totale en demande",
        "au profit de M. [S].",
        "Admission du bureau d'aide juridictionnelle",
        "pr\u00e8s la Cour de cassation",
        "en date du 22 septembre 2015.",
        "R \u00c9 P U B L I Q U E F R A N \u00c7 A I S E",
        "_________________________",
        "AU NOM DU PEUPLE FRAN\u00c7AIS",
        "_________________________",
        "LA COUR DE CASSATION, PREMI\u00c8RE CHAMBRE CIVILE, a rendu l'arr\u00eat suivant :",
        "Statuant sur le pourvoi form\u00e9 par M. [U] [S], domicili\u00e9 chez Mme [W], [Adresse 2],",
        "contre l'ordonnance rendue le 19 mars 2015 par le premier pr\u00e9sident de la cour d'appel de Paris, dans le litige l'opposant :",
        "1\u00b0/ au pr\u00e9fet de la Seine-Saint-Denis, domicili\u00e9 [Adresse 1],",
        "2\u00b0/ au procureur g\u00e9n\u00e9ral pr\u00e8s la cour d'appel de Paris, domicili\u00e9 en son [Adresse 3],",
        "d\u00e9fendeurs \u00e0 la cassation ;",
        "Le demandeur invoque, \u00e0 l'appui de son pourvoi, le moyen unique de cassation annex\u00e9 au pr\u00e9sent arr\u00eat ;",
        "Vu la communication faite au procureur g\u00e9n\u00e9ral ;",
        "LA COUR, compos\u00e9e conform\u00e9ment \u00e0 l'article R. 431-5 du code de l'organisation judiciaire, en l'audience publique du 18 octobre 2016, o\u00f9 \u00e9taient pr\u00e9sents : Mme Batut, pr\u00e9sident, Mme Gargoullaud, conseiller r\u00e9f\u00e9rendaire rapporteur, M. Matet, conseiller doyen, MM. Hascher, Reynis, Mme Reygner, M. Vigneau, Mme Bozzi, M. Acquaviva, conseillers, Mme Guyon-Renard, MM. Mansion, Roth, Mmes Mouty-Tardieu, Le Cotty, Azar, conseillers r\u00e9f\u00e9rendaires, Mme Vald\u00e8s-Boulouque, avocat g\u00e9n\u00e9ral, Mme Pecquenard, greffier de chambre ;",
        "Sur le rapport de Mme Gargoullaud, conseiller r\u00e9f\u00e9rendaire, les observations de la SCP Rocheteau et Uzan-Sarano, avocat de M. [S], l'avis de Mme Vald\u00e8s-Boulouque, avocat g\u00e9n\u00e9ral, et apr\u00e8s en avoir d\u00e9lib\u00e9r\u00e9 conform\u00e9ment \u00e0 la loi ;"
    ],
    "decision-1": [
        "Sur le moyen unique :"
    ],
    "decision-2": [
        "Vu l'article 88-1 de la Constitution et le principe d'effectivit\u00e9 issu des dispositions du Trait\u00e9 sur l'Union europ\u00e9enne et du Trait\u00e9 sur le fonctionnement de l'Union europ\u00e9enne, ensemble les articles L. 552-1 et L. 554-1 du code de l'entr\u00e9e et du s\u00e9jour des \u00e9trangers et du droit d'asile ;"
    ],
    "decision-3": [
        "Attendu, selon l'ordonnance attaqu\u00e9e, rendue par un premier pr\u00e9sident, et les pi\u00e8ces de la proc\u00e9dure, que M. [S], de nationalit\u00e9 bulgare, en situation irr\u00e9guli\u00e8re en France, a \u00e9t\u00e9 plac\u00e9 en r\u00e9tention administrative au visa d'une obligation de quitter le territoire fran\u00e7ais ;",
        "Attendu que, pour prolonger cette mesure, l'ordonnance retient, par motifs adopt\u00e9s, qu'il appartient au juge administratif d'appr\u00e9cier la l\u00e9galit\u00e9 et l'opportunit\u00e9 ou la n\u00e9cessit\u00e9 pour l'administration d'\u00e9loigner de France un \u00e9tranger, y compris lorsque celui-ci invoque une situation personnelle ou familiale pr\u00e9sent\u00e9e comme incompatible avec son d\u00e9part au regard des dispositions de la Convention de sauvegarde des droits de l'homme et des libert\u00e9s fondamentales ou contraire aux dispositions de la directive n\u00b0 2004/38 du 29 avril 2004 relative aux droits des citoyens de l'Union et des membres de leurs familles de circuler et de s\u00e9journer librement sur le territoire des Etats membres ;",
        "Qu'en statuant ainsi, alors qu'il incombe au juge des libert\u00e9s et de la d\u00e9tention, saisi en application des articles L. 552-1 et suivants du code de l'entr\u00e9e et du s\u00e9jour des \u00e9trangers et du droit d'asile, de mettre fin, \u00e0 tout moment, \u00e0 la r\u00e9tention administrative, lorsque des circonstances de droit ou de fait le justifient, r\u00e9sultant, notamment, de la recherche de la conformit\u00e9 au droit de l'Union de la mesure de r\u00e9tention, le premier pr\u00e9sident a viol\u00e9 les textes susvis\u00e9s ;"
    ],
    "decision-4": [
        "Vu les articles L. 411-3 du code de l'organisation judiciaire et 1015 du code de proc\u00e9dure civile ;"
    ],
    "decision-5": [
        "PAR CES MOTIFS :",
        "CASSE ET ANNULE, en toutes ses dispositions, l'ordonnance rendue le 19 mars 2015, entre les parties, par le premier pr\u00e9sident de la cour d'appel de Paris ;",
        "DIT n'y avoir lieu \u00e0 renvoi ;",
        "Vu l'article 700 du code de proc\u00e9dure civile, rejette la demande ;",
        "Dit que sur les diligences du procureur g\u00e9n\u00e9ral pr\u00e8s la Cour de cassation, le pr\u00e9sent arr\u00eat sera transmis pour \u00eatre transcrit en marge ou \u00e0 la suite de l'ordonnance cass\u00e9e ;",
        "Ainsi fait et jug\u00e9 par la Cour de cassation, premi\u00e8re chambre civile, et prononc\u00e9 par le pr\u00e9sident en son audience publique du neuf novembre deux mille seize."
    ],
    "decision-6": [
        "MOYEN ANNEXE au pr\u00e9sent arr\u00eat",
        "Moyen produit par la SCP Rocheteau et Uzan-Sarano, avocat aux Conseils, pour M. [S]",
        "Il est fait grief \u00e0 l'ordonnance attaqu\u00e9e d'AVOIR confirm\u00e9 la d\u00e9cision du juge de la libert\u00e9 et de la d\u00e9tention disant \u00eatre mat\u00e9riellement incomp\u00e9tent pour saisir la Cour de justice de l'Union europ\u00e9enne de la question pr\u00e9judicielle \u00e9voqu\u00e9e par M. [S] dans ses conclusions, et en cons\u00e9quence d'AVOIR ordonn\u00e9 la prolongation de la d\u00e9tention de M. [S] et de l'avoir d\u00e9bout\u00e9 de sa demande reconventionnelle en paiement de 1 500 euros au titre de l'article 700 du code de proc\u00e9dure civile ;",
        "AUX MOTIFS PROPRES QUE la cour consid\u00e8re que c'est par une analyse circonstanci\u00e9e et des motifs tr\u00e8s pertinents qu'il convient d'adopter que le premier juge a statu\u00e9 ;",
        "ET AUX MOTIFS ADOPTES QU'en vertu du principe de s\u00e9paration des pouvoirs c'est au juge administratif qu'il convient d'appr\u00e9cier la l\u00e9galit\u00e9 et l'opportunit\u00e9 ou la n\u00e9cessit\u00e9 pour l'administration d'\u00e9loigner de France un \u00e9tranger, y compris lorsque celui-ci invoque une situation personnelle ou familiale pr\u00e9sent\u00e9e comme incompatible avec son d\u00e9part en regard des dispositions de la convention europ\u00e9enne des droits de l'homme et des libert\u00e9s fondamentales ou avec sa privation de libert\u00e9 eu \u00e9gard aux dispositions de la directive n\u00b0 2004/38 du 29 avril 2004 relative aux droits des citoyens de l'Union et des membres de leurs familles de circuler et de s\u00e9journer librement sur le territoire des \u00e9tats membres ; que le juge des libert\u00e9s et de la d\u00e9tention saisi en application des articles L. 552-1 et suivants du Code de l'entr\u00e9e et du s\u00e9jour des \u00e9trangers et du droit d'asile ne saurait, sans exc\u00e9der ses pouvoirs, saisir la Cour de justice de l'Union Europ\u00e9enne d'une question pr\u00e9judicielle portant sur la r\u00e9gularit\u00e9 du placement en r\u00e9tention de M. [S] et de la privation, par l'effet de la mesure d'\u00e9loignement, de son droit, comme citoyen d'un Etat membre, de libre circulation et de s\u00e9jour sur le territoire des autres Etats membres ;",
        "ALORS QUE s'agissant du cas particulier du droit de l'Union europ\u00e9enne, dont le respect constitue une obligation, tant en vertu du trait\u00e9 sur l'Union europ\u00e9enne et du trait\u00e9 sur le fonctionnement de l'Union europ\u00e9enne qu'en application de l'article 88-1 de la Constitution, il r\u00e9sulte du principe d'effectivit\u00e9 issu des dispositions de ces trait\u00e9s, telles qu'elles ont \u00e9t\u00e9 interpr\u00e9t\u00e9es par la Cour de justice de l'Union europ\u00e9enne, que le juge national charg\u00e9 d'appliquer les dispositions du droit de l'Union a l'obligation d'en assurer le plein effet en laissant au besoin inappliqu\u00e9e, de sa propre autorit\u00e9, toute disposition contraire ; qu'\u00e0 cet effet, il doit pouvoir, en cas de difficult\u00e9 d'interpr\u00e9tation de ces normes, en saisir lui-m\u00eame la Cour de justice \u00e0 titre pr\u00e9judiciel ou, lorsqu'il s'estime en \u00e9tat de le faire, appliquer le droit de l'Union, sans \u00eatre tenu de saisir au pr\u00e9alable la juridiction administrative d'une question pr\u00e9judicielle, dans le cas o\u00f9 serait en cause devant lui, \u00e0 titre incident, la conformit\u00e9 d'un acte administratif au droit de l'Union europ\u00e9enne ; que partant, le juge des libert\u00e9s et de la d\u00e9tention, charg\u00e9 d'appliquer les dispositions du droit de l'Union europ\u00e9enne, a l'obligation d'en assurer le plein effet en laissant au besoin inappliqu\u00e9e, de sa propre autorit\u00e9, toute disposition contraire du droit national, et doit pouvoir, \u00e0 cet effet, appr\u00e9cier lui-m\u00eame s'il s'estime en mesure de le faire la conformit\u00e9 de la d\u00e9cision de placement en r\u00e9tention au droit de l'Union europ\u00e9enne, ou \u00e0 tout le moins, en cas de difficult\u00e9 s\u00e9rieuse, saisir lui-m\u00eame la Cour de Justice d'une question pr\u00e9judicielle ; qu'en l'esp\u00e8ce, M. [S], soutenait que sa r\u00e9tention, en sa qualit\u00e9 de citoyen de l'Union europ\u00e9enne, violait le droit de l'Union europ\u00e9enne, en particulier le principe de libre circulation des personnes, si bien que l'application de l'article du CESEDA l'ayant fond\u00e9e devait \u00eatre \u00e9cart\u00e9e (cf. prod. n\u00b0 1 : conclusions de M. [S] p. 5 et suivantes) ; que pour prolonger la mesure de r\u00e9tention administrative, l'ordonnance attaqu\u00e9e a toutefois estim\u00e9 que, en vertu du principe de s\u00e9paration des pouvoirs, le juge de la libert\u00e9 et de la d\u00e9tention ne pouvait, sans exc\u00e9der sa comp\u00e9tence, appr\u00e9cier la validit\u00e9 de la d\u00e9cision de placement en r\u00e9tention, ni m\u00eame saisir la Cour de justice de l'Union europ\u00e9enne d'une question pr\u00e9judicielle quant \u00e0 la conformit\u00e9 de cette d\u00e9cision de placement en r\u00e9tention au droit de l'Union europ\u00e9enne ; qu'en statuant ainsi, quand il lui incombait au contraire de donner leur plein effet aux dispositions du droit de l'Union, notamment en donnant plein effet au principe de libre circulation consacr\u00e9 par l'article 21 du TFUE et \u00e0 la directive n\u00b0 2004/38/CE n'autorisant pas le placement en r\u00e9tention de ressortissant de l'Union, ou \u00e0 tout le moins en posant une question pr\u00e9judicielle, le premier pr\u00e9sident de la cour d'appel a entach\u00e9 sa d\u00e9cision d'un exc\u00e8s de pouvoir n\u00e9gatif, et a viol\u00e9 ensemble le principe de s\u00e9paration des pouvoirs, l'article 88-1 de la Constitution et le principe d'effectivit\u00e9 issu des dispositions du Trait\u00e9 sur l'Union europ\u00e9enne et du Trait\u00e9 sur le fonctionnement de l'Union europ\u00e9enne, outre l'article 21 du TFUE sur la libert\u00e9 de circulation et la directive n\u00b0 2004/38/CE du Parlement europ\u00e9en et du Conseil du 29 avril 2004 relative aux droits des citoyens de l'Union et des membres de leurs familles de circuler et de s\u00e9journer librement sur le territoire des \u00e9tats membres."
    ]
}