{
    "decision-0": [
        "CIV. 2",
        "LM",
        "COUR DE CASSATION",
        "______________________",
        "Audience publique du 30 mars 2017",
        "Cassation sans renvoi",
        "Mme FLISE, pr\u00e9sident",
        "Arr\u00eat n\u00b0 439 F-D",
        "Pourvoi n\u00b0 W 16-10.617",
        "Aide juridictionnelle totale en d\u00e9fense",
        "au profit de M. [L].",
        "Admission du bureau d'aide juridictionnelle",
        "pr\u00e8s la Cour de cassation",
        "en date du 5 juillet 2016.",
        "R \u00c9 P U B L I Q U E F R A N \u00c7 A I S E",
        "_________________________",
        "AU NOM DU PEUPLE FRAN\u00c7AIS",
        "_________________________",
        "LA COUR DE CASSATION, DEUXI\u00c8ME CHAMBRE CIVILE, a rendu l'arr\u00eat suivant :",
        "Statuant sur le pourvoi form\u00e9 par la Caisse des d\u00e9p\u00f4ts et consignations, dont le si\u00e8ge est [Adresse 1],",
        "contre l'arr\u00eat n\u00b0 RG : 14/01578 rendu le 17 novembre 2015 par la cour d'appel d'Agen (chambre sociale), dans le litige l'opposant \u00e0 M. [O] [L], domicili\u00e9 [Adresse 2],",
        "d\u00e9fendeur \u00e0 la cassation ;",
        "La demanderesse invoque, \u00e0 l'appui de son pourvoi, le moyen unique de cassation annex\u00e9 au pr\u00e9sent arr\u00eat ;",
        "Vu la communication faite au procureur g\u00e9n\u00e9ral ;",
        "LA COUR, en l'audience publique du 1er mars 2017, o\u00f9 \u00e9taient pr\u00e9sents : Mme Flise, pr\u00e9sident, Mme Burkel, conseiller rapporteur, M. Pr\u00e9tot, conseiller doyen, Mme Szirek, greffier de chambre ;",
        "Sur le rapport de Mme Burkel, conseiller, les observations de la SCP Odent et Poulet, avocat de la Caisse des d\u00e9p\u00f4ts et consignations, de la SCP Waquet, Farge et Hazan, avocat de M. [L], l'avis de M. de Monteynard, avocat g\u00e9n\u00e9ral, et apr\u00e8s en avoir d\u00e9lib\u00e9r\u00e9 conform\u00e9ment \u00e0 la loi ;"
    ],
    "decision-1": [
        "Attendu, selon l'arr\u00eat attaqu\u00e9, qu'entr\u00e9 en France le 3 janvier 2012 et muni d'un titre de s\u00e9jour \"vie priv\u00e9e et familiale\" l'autorisant \u00e0 travailler, renouvel\u00e9 jusqu'au 2 janvier 2014, M. [L], n\u00e9 le [Date naissance 1] 1939, de nationalit\u00e9 serbe, a demand\u00e9, le 13 novembre 2013, aupr\u00e8s de la Caisse des d\u00e9p\u00f4ts et consignations (la caisse), l'attribution de l'allocation de solidarit\u00e9 aux personnes \u00e2g\u00e9es ; que la caisse ayant rejet\u00e9 sa demande, au motif qu'il n'\u00e9tait pas titulaire depuis au moins dix ans d'un titre de s\u00e9jour autorisant \u00e0 travailler, M. [L] a saisi d'un recours une juridiction de s\u00e9curit\u00e9 sociale ;",
        "Sur la demande de saisine pr\u00e9judicielle de la Cour de justice de l'Union europ\u00e9enne, qui est pr\u00e9alable :",
        "Attendu que M. [L] demande la saisine pr\u00e9judicielle de la Cour de justice de l'Union europ\u00e9enne sur l'interpr\u00e9tation des articles 4 et 11 de la directive 2003/109/CE du Conseil du 25 novembre 2003 ;"
    ],
    "decision-2": [
        "Mais attendu que si l'article 267 du Trait\u00e9 sur le fonctionnement de l'Union europ\u00e9enne rend obligatoire le renvoi pr\u00e9judiciel devant la Cour de justice de l'Union europ\u00e9enne lorsque la question est soulev\u00e9e devant une juridiction dont la d\u00e9cision n'est pas susceptible d'un recours juridictionnel en droit interne, cette obligation dispara\u00eet dans le cas o\u00f9 la r\u00e9ponse \u00e0 la question, quelle qu'elle soit, ne pourrait avoir aucune influence sur la solution du litige ;",
        "Et attendu que la situation de M. [L] ne rentre pas dans les pr\u00e9visions de la directive susmentionn\u00e9e qui concerne les ressortissants de pays tiers qui ont r\u00e9sid\u00e9 de mani\u00e8re l\u00e9gale et ininterrompue sur le territoire des Etats membres de l'Union europ\u00e9enne pendant les cinq ann\u00e9es qui ont imm\u00e9diatement pr\u00e9c\u00e9d\u00e9 l'introduction de la demande en cause ;",
        "D'o\u00f9 il suit qu'il n'y a pas lieu \u00e0 saisine pr\u00e9judicielle de la Cour de justice de l'Union europ\u00e9enne ;"
    ],
    "decision-3": [
        "Sur le moyen unique, pris en sa troisi\u00e8me branche :"
    ],
    "decision-4": [
        "Vu les articles L. 815-1, alin\u00e9a 1, et L. 816-1, 1\u00b0, du code de la s\u00e9curit\u00e9 sociale, ce dernier dans sa r\u00e9daction issue de la loi n\u00b0 2011-1906 du 21 d\u00e9cembre 2011, applicable au litige ;",
        "Attendu, selon le second de ces textes, que les ressortissants de nationalit\u00e9 \u00e9trang\u00e8re, autres que ceux mentionn\u00e9s aux 2\u00b0 et 3\u00b0 du m\u00eame texte, peuvent pr\u00e9tendre au b\u00e9n\u00e9fice de l'allocation de solidarit\u00e9 aux personnes \u00e2g\u00e9es s'ils sont titulaires depuis au moins dix ans d'un titre de s\u00e9jour autorisant \u00e0 travailler ; qu'applicables \u00e0 l'attribution d'une prestation d'aide sociale proc\u00e9dant de la solidarit\u00e9 nationale, laquelle est subordonn\u00e9e par le premier texte, pour l'ensemble des b\u00e9n\u00e9ficiaires, \u00e0 la justification d'une r\u00e9sidence stable et r\u00e9guli\u00e8re sur le territoire m\u00e9tropolitain ou dans un d\u00e9partement mentionn\u00e9 \u00e0 l'article L. 751-1 du code de la s\u00e9curit\u00e9 sociale, ces dispositions ne m\u00e9connaissent pas les exigences de l'article 14 de la Convention de sauvegarde des droits de l'homme et des libert\u00e9s fondamentales et de l'article 1er du premier Protocole additionnel, ni celles des articles 1er et 25 de la Charte des droits fondamentaux de l'Union europ\u00e9enne, ni celles des stipulations combin\u00e9es des articles 2-1 et 26 du Pacte international relatif aux droits civils et politiques, et 10 et 11 du Pacte international relatif aux droits \u00e9conomiques, sociaux et culturels ;",
        "Attendu que pour accueillir le recours de M. [L], l'arr\u00eat retient que la condition d'ant\u00e9riorit\u00e9 de r\u00e9sidence, port\u00e9e de cinq \u00e0 dix ans, prive de nombreux \u00e9trangers non communautaires, compte tenu de l'\u00e2ge requis pour solliciter cette allocation et du caract\u00e8re excessivement long de ce d\u00e9lai, du b\u00e9n\u00e9fice de l'allocation de solidarit\u00e9 aux personnes \u00e2g\u00e9es ; que M. [L] se trouverait priv\u00e9 de tout moyen de subsistance lui permettant de mener une vie digne et ind\u00e9pendante jusqu'\u00e0 l'\u00e2ge de 82 ans ; que cette condition appara\u00eet disproportionn\u00e9e et discriminatoire, d'une part, par rapport aux Fran\u00e7ais qui doivent justifier d'une r\u00e9sidence stable et r\u00e9guli\u00e8re sans exigence d'ant\u00e9riorit\u00e9, d'autre part, par rapport aux \u00e9trangers communautaires, lesquels doivent justifier d'une r\u00e9sidence stable et r\u00e9guli\u00e8re avec une exigence d'ant\u00e9riorit\u00e9 d'au moins trois mois ; que l'application des dispositions de l'article L. 816-1, 1\u00b0 doit \u00eatre \u00e9cart\u00e9e ;",
        "Qu'en statuant ainsi, la cour d'appel a viol\u00e9 les textes susvis\u00e9s ;",
        "Et vu l'article 627 du code de proc\u00e9dure civile, apr\u00e8s avis donn\u00e9 aux parties, en application de l'article 1015 du m\u00eame code ;"
    ],
    "decision-5": [
        "PAR CES MOTIFS, et sans qu'il y ait lieu de statuer sur les autres branches du moyen :",
        "CASSE ET ANNULE, en toutes ses dispositions, l'arr\u00eat rendu le 17 novembre 2015, entre les parties, par la cour d'appel d'Agen ;",
        "DIT n'y avoir lieu \u00e0 renvoi ;",
        "D\u00c9BOUTE M. [L] de sa demande d'allocation de solidarit\u00e9 aux personnes \u00e2g\u00e9es ;",
        "Condamne M. [L] aux d\u00e9pens ;",
        "Vu l'article 700 du code de proc\u00e9dure civile, rejette la demande de la SCP Waquet, Farge et Hazan ;",
        "Dit que sur les diligences du procureur g\u00e9n\u00e9ral pr\u00e8s la Cour de cassation, le pr\u00e9sent arr\u00eat sera transmis pour \u00eatre transcrit en marge ou \u00e0 la suite de l'arr\u00eat cass\u00e9 ;",
        "Ainsi fait et jug\u00e9 par la Cour de cassation, deuxi\u00e8me chambre civile, et prononc\u00e9 par le pr\u00e9sident en son audience publique du trente mars deux mille dix-sept."
    ],
    "decision-6": [
        "MOYEN ANNEXE au pr\u00e9sent arr\u00eat",
        "Moyen produit par la SCP Odent et Poulet, avocat aux Conseils, pour la Caisse des d\u00e9p\u00f4ts et consignations",
        "Il EST FAIT GRIEF \u00e0 l'arr\u00eat attaqu\u00e9 D'AVOIR \u00e9cart\u00e9 l'application des dispositions de l'article L. 816-1 1\u00b0 du code de la s\u00e9curit\u00e9 sociale au cas d'esp\u00e8ce en ce qu'elles ne sont compatibles ni avec celles de l'article 14 de la CESDH, ni avec celles des articles 2-1 et 26 du pacte international relatif aux droits civils et politiques, dit que M. [L] pouvait b\u00e9n\u00e9ficier de l'allocation de solidarit\u00e9 aux personnes \u00e2g\u00e9es \u00e0 compter du d\u00e9p\u00f4t de sa demande et en cons\u00e9quence condamn\u00e9 la CDC \u00e0 verser cette allocation \u00e0 M. [L] ;",
        "AUX MOTIFS QUE, \u00ab sur le fondement des dispositions de l'article L. 815-1 du code de la s\u00e9curit\u00e9 sociale \"toute personne justifiant d'une r\u00e9sidence stable et r\u00e9guli\u00e8re sur le territoire m\u00e9tropolitain, ou dans un d\u00e9partement mentionn\u00e9 \u00e0 l'article L. 751-1, et ayant atteint un \u00e2ge minimum, b\u00e9n\u00e9ficie d'une allocation de solidarit\u00e9 aux personnes \u00e2g\u00e9es, dans les conditions pr\u00e9vues par le pr\u00e9sent chapitre. Cet \u00e2ge minimum est abaiss\u00e9 en cas d'inaptitude au travail\" ; que l'article L. 816-1 du m\u00eame code pr\u00e9voit que les dispositions concernant les allocations aux personnes \u00e2g\u00e9es \"sont applicables aux personnes de nationalit\u00e9 \u00e9trang\u00e8re qui r\u00e9pondent \u00e0 l'une des conditions suivantes :",
        "1\u00b0) \u00eatre titulaire, depuis au moins dix ans, d'un titre de s\u00e9jour autorisant \u00e0 travailler,",
        "2\u00b0) \u00eatre r\u00e9fugi\u00e9, apatride, avoir combattu pour la France dans les conditions pr\u00e9vues aux 4\u00b0, 5\u00b0, 6\u00b0 ou 7\u00b0 de l'article L. 314-11 du code de l'entr\u00e9e et du s\u00e9jour des \u00e9trangers et du droit d'asile, ou b\u00e9n\u00e9ficier de la protection subsidiaire,",
        "3\u00b0) \u00eatre ressortissant d'une Etat membre de l'Union europ\u00e9enne, d'un autre Etat partie \u00e0 l'accord sur l'Espace \u00e9conomique europ\u00e9en ou de la Conf\u00e9d\u00e9ration Suisse, dans les conditions mentionn\u00e9es \u00e0 l'article L. 262-6 du code de l'action sociale et des familles ; qu'en l'esp\u00e8ce, il r\u00e9sulte des pi\u00e8ces produites et des conclusions \u00e9chang\u00e9es que M. [L] est entr\u00e9 en France le 3 janvier 2012 \u00e0 l'\u00e2ge de 72 ans et qu'il a b\u00e9n\u00e9fici\u00e9 d'un titre de s\u00e9jour \"vie priv\u00e9e et familiale\" l'autorisant \u00e0 travailler, valable pour la p\u00e9riode du 3 janvier 2012 au 2 janvier 2013 et pour le moins renouvel\u00e9 jusqu'au 2 janvier 2014 ; que le titre \u00e9tait donc valable au jour du d\u00e9p\u00f4t de la demande, ce qui n'est d'ailleurs pas contest\u00e9 par la Caisse des d\u00e9p\u00f4ts et consignations ; qu'il n'est pas plus contest\u00e9 par la Caisse que M. [L], n\u00e9 en 1939, remplit les conditions d\u00e9finies par le code de la s\u00e9curit\u00e9 sociale pour percevoir cette allocation, soit la condition d'\u00e2ge pr\u00e9vue \u00e0 l'article R. 815-1 comme \u00e9tant \u00e2g\u00e9e de plus de 65 ans au jour de la demande, la condition de r\u00e9sidence en France pr\u00e9vue \u00e0 l'article L. 815-1 et la condition de ressources vis\u00e9e \u00e0 l'article L. 815-9 ; que seule fait d\u00e9faut la condition d'ant\u00e9riorit\u00e9 de la r\u00e9sidence, \u00e0 raison de dix ann\u00e9es, exig\u00e9e des personnes de nationalit\u00e9 \u00e9trang\u00e8re sollicitant cette allocation depuis une r\u00e9forme du 21 d\u00e9cembre 2011 ; qu'il est constant que la Cour de cassation a refus\u00e9, aux termes d'une d\u00e9cision du 12 d\u00e9cembre 2013, de transmettre au Conseil constitutionnel la question de la conformit\u00e9 de l'article L. 816-1 \u00e0 la Constitution, estimant que cette question ne portait pas sur l'interpr\u00e9tation d'une disposition constitutionnelle dont le Conseil constitutionnel n'aurait pas encore eu l'occasion de faire application ; que cette d\u00e9cision ne se prononce toutefois pas sur la compatibilit\u00e9 de cet article aux engagements internationaux et europ\u00e9ens de la France, contr\u00f4le qui rel\u00e8ve de la comp\u00e9tence des juridictions administratives et judiciaires ; qu'il convient de rappeler \u00e0 cet effet que le pacte international relatif aux droits civils et politiques, adopt\u00e9 par l'assembl\u00e9e g\u00e9n\u00e9rale des Nations-Unies le 16 d\u00e9cembre 1966, ratifi\u00e9 par la France le 4 novembre 1980, pr\u00e9cise en son article 2-1 que \"les Etats parties au pr\u00e9sent pacte s'engagent \u00e0 respecter et \u00e0 garantir \u00e0 tous les individus se trouvant sur leur territoire et relevant de leur comp\u00e9tence les droits reconnus dans le pr\u00e9sent pacte, sans distinction aucune, notamment de race, de couleur, de sexe, de langue, de religion, d'opinion politique ou de toute autre opinion, d'origine nationale ou sociale, de fortune, de naissance ou de toute autre situation\" ; qu'\u00e0 cet \u00e9gard, l'article 26 du pacte rappelle aux Etats adh\u00e9rents que \"[",
        "] la loi doit interdire toute discrimination et garantir \u00e0 toutes les personnes une protection \u00e9gale et efficace contre toute discrimination [",
        "]\" ; que par ailleurs, l'article 14 de la Convention europ\u00e9enne de sauvegarde des droits de l'homme et des libert\u00e9s fondamentales, ratifi\u00e9e par la France le 31 d\u00e9cembre 1973, prohibe toute forme de discrimination fond\u00e9e notamment sur l'origine nationale ou sociale, s'agissant de la jouissance des droits et libert\u00e9s reconnues dans ladite convention ; que cette protection s'applique en mati\u00e8re de droit aux prestations sociales, s'agissant d'un droit patrimonial prot\u00e9g\u00e9 par la Convention ; qu'il n'est pas contestable en l'esp\u00e8ce que l'article L. 816-1 du code de la s\u00e9curit\u00e9 sociale op\u00e8re une distinction fond\u00e9e sur l'origine nationale des personnes sollicitant le b\u00e9n\u00e9fice de l'allocation de solidarit\u00e9 aux personnes \u00e2g\u00e9es en exigeant des seuls \u00e9trangers non communautaires une ant\u00e9riorit\u00e9 de r\u00e9sidence de 10 ans ; qu'une telle distinction, pour ne pas \u00eatre consid\u00e9r\u00e9e comme discriminatoire, doit \u00eatre justifi\u00e9e par un motif \"raisonnable et objectif\", c'est-\u00e0-dire poursuivre un \"but l\u00e9gitime\" et mettre en oeuvre des moyens proportionn\u00e9s au but recherch\u00e9 ; que l'allocation de solidarit\u00e9 aux personnes \u00e2g\u00e9es, qui a \u00e9t\u00e9 cr\u00e9\u00e9e par l'ordonnance du 24 juin 2004 et a remplac\u00e9 de mani\u00e8re effective \u00e0 compter du 1er janvier 2007 un certain nombre de prestations dont le \"minimum vieillesse\", est destin\u00e9e \u00e0 couvrir les besoins vitaux des personnes \u00e2g\u00e9es qui se trouvent dans une situation qui ne leur permet pas de pr\u00e9tendre \u00e0 une quelconque pension ou qui per\u00e7oivent des revenus insuffisants pour leur assurer un minimum vital ; que lors de son entr\u00e9e en vigueur, le r\u00e9gime de cette allocation \u00e9tait calqu\u00e9 sur celui du revenu minimum d'insertion : pouvaient en b\u00e9n\u00e9ficier, en application des dispositions de l'article L. 816-1 alors applicables, les personnes de nationalit\u00e9 \u00e9trang\u00e8re sous r\u00e9serve qu'elles justifient d'une carte de r\u00e9sident ou d'un titre de s\u00e9jour temporaire en France, conform\u00e9ment \u00e0 l'article L. 262-9 du code de l'action sociale et des familles renvoyant \u00e0 l'article 12 de l'ordonnance du 2 novembre 1945 ; que ce n'est que par la loi du 1er d\u00e9cembre 2008, entr\u00e9 en vigueur le 1er juin 2009, qu'une condition d'ant\u00e9riorit\u00e9 de r\u00e9sidence a \u00e9t\u00e9 instaur\u00e9e ; que fix\u00e9e alors \u00e0 5 ans, elle a \u00e9t\u00e9 port\u00e9e \u00e0 10 ans par la loi du 21 d\u00e9cembre 2011 ; que cette condition repose certes sur un motif raisonnable et objectif, \u00e0 savoir s'assurer du respect de la stabilit\u00e9 de la r\u00e9sidence sur le territoire fran\u00e7ais exig\u00e9e de toutes personnes sollicitant le b\u00e9n\u00e9fice d'une allocation non contributive ; que pour autant il ne saurait s'agir, comme le soutient la Caisse des d\u00e9p\u00f4ts dans ses conclusions, d'exiger des \u00e9trangers la preuve d'une volont\u00e9 de \"s'ins\u00e9rer\" de \"mani\u00e8re p\u00e9renne\", crit\u00e8res non pr\u00e9vus par les textes applicables ; que la question qui doit \u00eatre alors examin\u00e9e est celle de la proportionnalit\u00e9 des moyens mis en oeuvre pour appr\u00e9cier cette condition de stabilit\u00e9 \u00e0 l'\u00e9gard des seuls \u00e9trangers non communautaires, \u00e0 savoir le crit\u00e8re de l'ant\u00e9riorit\u00e9 de 10 ans de leur r\u00e9sidence ; que dans l'appr\u00e9ciation de la proportionnalit\u00e9 de cette \"distinction\" op\u00e9r\u00e9e par l'article L. 816-1 susvis\u00e9, il convient de prendre en compte les dispositions de l'article 1er de la charte des droits fondamentaux de l'Union europ\u00e9enne rappelant que la dignit\u00e9 humaine est inviolable et doit \u00eatre respect\u00e9e et prot\u00e9g\u00e9e et celles de l'article 25, sp\u00e9cifique aux droits des personnes \u00e2g\u00e9es \u00e0 mener une vie digne et ind\u00e9pendante ; qu'\u00e0 cet effet, il ne peut qu'\u00eatre constat\u00e9 que cette condition \u2013 qui n'existait pas avant 2008 \u2013 prive de fait de nombreux \u00e9trangers non communautaires, compte tenu de l'\u00e2ge requis pour solliciter cette allocation et du caract\u00e8re excessivement long du d\u00e9lai d'ant\u00e9riorit\u00e9 exig\u00e9, du b\u00e9n\u00e9fice de celle-ci alors m\u00eame qu'ils r\u00e9sident pourtant depuis plusieurs ann\u00e9es de mani\u00e8re stable en France, ont fait le choix de s'y installer et ont \u00e9t\u00e9 autoris\u00e9s \u00e0 le faire par les autorit\u00e9s fran\u00e7aises ; que ce faisant, cette condition m\u00e9conna\u00eet l'objectif premier de la loi instaurant le \"minimum vieillesse\", devenu allocation de solidarit\u00e9 pour les personnes \u00e2g\u00e9es, qui \u00e9tait et reste indiscutablement d'assurer aux personnes \u00e2g\u00e9es les plus d\u00e9munies un minimum de ressources leur permettant de faire face \u00e0 leurs besoins primaires ; qu'en effet, si ces personnes sont entr\u00e9es en France post\u00e9rieurement \u00e0 l'\u00e2ge de 55 ans, elles ne pourront pas, compte tenu du d\u00e9lai d'ant\u00e9riorit\u00e9 exig\u00e9, percevoir cette allocation alors qu'elles auront atteint l'\u00e2ge l\u00e9gal de d\u00e9part \u00e0 la retraite quand bien m\u00eame depuis leur entr\u00e9e r\u00e9guli\u00e8re en France, elles travaillent et r\u00e9sident de mani\u00e8re stable sur le territoire ; et qu'\u00e0 supposer qu'elles soient entr\u00e9es en France apr\u00e8s l'\u00e2ge de 60 ans et que post\u00e9rieurement \u00e0 l'\u00e2ge l\u00e9gal de d\u00e9part \u00e0 la retraite, elles soient toujours en capacit\u00e9 de travailler, les dispositions de l'article L. 1237-5 du code du travail les emp\u00eachent de fait, \u00e0 compter de l'\u00e2ge de 70 ans, d'exercer ce choix ; que nombre d'entre elles peuvent ainsi se trouver priv\u00e9es du minimum vital que repr\u00e9sente cette allocation ; qu'en cela la France m\u00e9conna\u00eet \u00e0 leur \u00e9gard ses engagements en termes de respect du droit des personnes \u00e2g\u00e9es \u00e0 mener une vie digne et ind\u00e9pendante ; que telle serait la situation de M. [L], qui, en d\u00e9pit d'une r\u00e9sidence stable et r\u00e9guli\u00e8re en France depuis plus de deux ans au jour de la demande, se trouverait priv\u00e9 de tout moyen de subsistance lui permettant de mener une vie digne et ind\u00e9pendante jusqu'\u00e0 l'\u00e2ge de 82 ans ; que cette exigence disproportionn\u00e9e est ainsi manifestement discriminatoire \u00e0 l'\u00e9gard de l'int\u00e9ress\u00e9, de nationalit\u00e9 serbe, compte tenu des conditions requises pour les Fran\u00e7ais, qui doivent simplement justifier d'une r\u00e9sidence \"stable et r\u00e9guli\u00e8re\" caract\u00e9ris\u00e9e par une pr\u00e9sence effective de 6 mois par an minimum sur le territoire national sans exigence d'ant\u00e9riorit\u00e9 ; que cette distinction est tout autant discriminatoire compte tenu des conditions exig\u00e9es pour les \u00e9trangers communautaires, \u00e0 savoir une r\u00e9sidence \"stable et r\u00e9guli\u00e8re\" caract\u00e9ris\u00e9e par une ant\u00e9riorit\u00e9 de r\u00e9sidence d'au moins trois mois ; qu'il convient d\u00e8s lors d'\u00e9carter l'application des dispositions de l'article L. 816-1 1\u00b0 du code de la s\u00e9curit\u00e9 sociale au cas d'esp\u00e8ce en ce qu'elles ne sont compatibles ni avec celles de l'article 14 de la Convention europ\u00e9enne de sauvegarde des droits de l'homme et des libert\u00e9s fondamentales ni avec celles des articles 2-1 et 26 du Pacte international relatif aux droits civils et politiques ; qu'il y a lieu ainsi d'infirmer la d\u00e9cision d\u00e9f\u00e9r\u00e9e et de dire que M. [L] pourra b\u00e9n\u00e9ficier de l'allocation de solidarit\u00e9 aux personnes \u00e2g\u00e9es, \u00e0 compter du d\u00e9p\u00f4t de sa demande ;",
        "1\u00b0 ALORS QUE la l\u00e9gislation de la s\u00e9curit\u00e9 sociale a un caract\u00e8re d'ordre public et que le juge tranche le litige conform\u00e9ment aux r\u00e8gles de droit qui lui sont applicables ; qu'en application du principe de territorialit\u00e9 de la s\u00e9curit\u00e9 sociale, l'article L. 815-1 du code de la s\u00e9curit\u00e9 sociale subordonne l'attribution de l'allocation de solidarit\u00e9 aux personnes \u00e2g\u00e9es (ASPA) \u00e0 une condition de r\u00e9sidence en France ; que l'article L. 816-1 du m\u00eame code tel qu'issu de la loi n\u00b0 2011-1906 du 21 d\u00e9cembre 2011 accorde cette allocation \u00e0 toute personne de nationalit\u00e9 \u00e9trang\u00e8re si celle-ci est soit titulaire depuis au moins dix ans d'un titre de s\u00e9jour autorisant \u00e0 travailler soit r\u00e9fugi\u00e9, apatride ou a combattu pour la France, soit ressortissant d'un Etat membre de l'Union europ\u00e9enne, d'un autre Etat partie \u00e0 l'accord sur l'Espace \u00e9conomique europ\u00e9en ou de la Conf\u00e9d\u00e9ration suisse ; qu'en jugeant que M. [L] pouvait b\u00e9n\u00e9ficier de l'allocation de solidarit\u00e9 aux personnes \u00e2g\u00e9es \u00e0 compter du d\u00e9p\u00f4t de sa demande tandis qu'elle a relev\u00e9 que faisait d\u00e9faut la condition de l'ant\u00e9riorit\u00e9, \u00e0 raison de dix ann\u00e9es, de la r\u00e9sidence et qu'ainsi M. [L] ne remplissait pas les conditions pour percevoir la dite allocation, la cour d'appel a viol\u00e9, par refus d'application, l'article 816-1 du code de s\u00e9curit\u00e9 sociale et l'article 12 du code de proc\u00e9dure civile ;",
        "2\u00b0 ALORS QUE la garantie \u00e9nonc\u00e9e \u00e0 l'article 14 de la convention europ\u00e9enne de sauvegarde des droits de l'homme n'a pas d'existence ind\u00e9pendante en ce qu'elle se limite \u00e0 interdire toute discrimination pour les droits et libert\u00e9s reconnus dans la pr\u00e9sente convention ; qu'une disposition l\u00e9gale ne peut \u00eatre jug\u00e9e discriminatoire qu'au regard de l'article 14 combin\u00e9 \u00e0 un droit reconnu dans la convention ou ses protocoles additionnels ; qu'en \u00e9cartant l'application des dispositions de l'article L. 816-1 1\u00b0 du code de la s\u00e9curit\u00e9 sociale \u00e0 la situation de M. [L] au motif qu'elles seraient incompatibles avec le seul article 14 de la CESDH, la cour d'appel a viol\u00e9 l'article L. 816-1 1\u00b0 du code de la s\u00e9curit\u00e9 sociale et l'article 14 susvis\u00e9 combin\u00e9 \u00e0 l'article 1er du premier protocole additionnel ;",
        "3\u00b0 ALORS QU'une discrimination consiste en une in\u00e9galit\u00e9 de traitement sans justification objective ou raisonnable ; qu'il est loisible au l\u00e9gislateur, dans la mise en oeuvre de la politique de solidarit\u00e9 nationale, de soumettre les prestations qu'il institue \u00e0 des conditions de r\u00e9sidence ; que l'exigence d'une dur\u00e9e de pr\u00e9sence r\u00e9guli\u00e8re pr\u00e9alable sur le territoire national, en ce qu'elle constitue un crit\u00e8re d'appr\u00e9ciation de la condition de stabilit\u00e9 de la r\u00e9sidence, ne porte pas une atteinte manifestement disproportionn\u00e9e \u00e0 l'objectif poursuivi par la loi de garantir un minimum de ressources, sans contrepartie de cotisations, aux personnes \u00e2g\u00e9es qui justifient d'une r\u00e9sidence stable et r\u00e9guli\u00e8re sur le territoire national ; qu'en jugeant toutefois qu'imposer une dur\u00e9e de r\u00e9sidence de dix ann\u00e9es \u00e0 une personne de nationalit\u00e9 \u00e9trang\u00e8re, dont le s\u00e9jour sur le territoire national a donn\u00e9 lieu \u00e0 d\u00e9livrance d'un titre, peut devenir disproportionn\u00e9 et donc discriminatoire, en ce que les moyens employ\u00e9s sont de nature \u00e0 exclure totalement celle-ci du b\u00e9n\u00e9fice de cette disposition au regard de son \u00e2ge, lors du d\u00e9p\u00f4t de sa demande pour dire que M. [L] pouvait b\u00e9n\u00e9ficier de l'allocation de solidarit\u00e9 aux personnes \u00e2g\u00e9es \u00e0 compter du d\u00e9p\u00f4t de sa demande, la cour d'appel a viol\u00e9 par fausse interpr\u00e9tation les articles L. 816-1 du code de la s\u00e9curit\u00e9 sociale et 14 de la convention europ\u00e9enne de sauvegarde des droits de l'homme combin\u00e9 \u00e0 l'article 1er du premier protocole additionnel ;",
        "4\u00b0 ALORS QUE les dispositions de la charte des droits fondamentaux de l'Union europ\u00e9enne s'adressent aux Etats membres uniquement \u00ab lorsqu'ils mettent en oeuvre le droit de l'Union \u00bb ; que la protection sociale rel\u00e8ve avant tout de la comp\u00e9tence des Etats membres, la comp\u00e9tence de l'Union ne pouvant, \u00e0 titre tr\u00e8s subsidiaire que \u00ab soutenir et compl\u00e9ter l'action des Etats membres \u00bb selon les trait\u00e9s fondateurs de l'Union europ\u00e9enne ; que la l\u00e9gislation relative \u00e0 l'ASPA ne rel\u00e8ve pas du champ d'application du droit de l'Union ; qu'en affirmant qu'il convient, dans l'appr\u00e9ciation de la proportionnalit\u00e9 des moyens mis en oeuvre par la France \u2013 \u00e0 savoir le crit\u00e8re de l'ant\u00e9riorit\u00e9 de r\u00e9sidence de 10 ans de l'article L. 816-1 du code de la s\u00e9curit\u00e9 sociale \u2013 au but l\u00e9gitime poursuivi par la l\u00e9gislation ayant mis en place l'ASPA, de prendre en compte les dispositions de l'article 1er de la charte des droits fondamentaux de l'Union europ\u00e9enne relatives \u00e0 la dignit\u00e9 humaine et celles de l'article 25 sp\u00e9cifique aux droits des personnes \u00e2g\u00e9es et juger que cette condition m\u00e9conna\u00eet l'objectif premier de la loi instaurant l'ASPA tandis que les dispositions de la charte des droits fondamentaux n'\u00e9taient pas applicables au litige, la cour d'appel a viol\u00e9 les articles L. 816-1 du code de la s\u00e9curit\u00e9 sociale et les articles 1er, 25 et 51 de la Charte des droits fondamentaux de l'Union europ\u00e9enne et l'article 153 du TFUE ;",
        "5\u00b0 ALORS QUE si le juge est tenu de trancher le litige conform\u00e9ment aux r\u00e8gles de droit qui lui sont applicables, il ne peut fonder sa d\u00e9cision sur les moyens de droit qu'il a relev\u00e9s d'office sans avoir au pr\u00e9alable invit\u00e9 les parties \u00e0 pr\u00e9senter leurs observations ; que M. [L] exposait dans ses conclusions que \u00ab la condition de r\u00e9sidence pr\u00e9alable oppos\u00e9e \u00e0 la demande d'attribution et pr\u00e9vue par l'article L. 816-1 du code de la s\u00e9curit\u00e9 sociale est constitutive d'une discrimination fond\u00e9e sur la nationalit\u00e9, prohib\u00e9e \u00e0 la fois par la Convention europ\u00e9enne des droits de l'homme, le Pacte international sur les droits civils et politiques et la convention n\u00b0 97 de l'OIT \u00bb ; que sa demande n'\u00e9tait pas fond\u00e9e sur les articles 1er et 25 de la charte des droits fondamentaux relatifs \u00e0 la dignit\u00e9 et aux droits des personnes \u00e2g\u00e9es ; que, pour juger que la condition d'ant\u00e9riorit\u00e9 de r\u00e9sidence de dix ans \u00e9tait disproportionn\u00e9e, la cour a pris en compte les dispositions de l'article 1er de la charte des droits fondamentaux de l'Union europ\u00e9enne et celles de l'article 25 ; qu'en statuant de la sorte sans inviter les parties \u00e0 pr\u00e9senter leurs observations sur l'application des dispositions de la charte des droits fondamentaux dans l'appr\u00e9ciation de la proportionnalit\u00e9 de la condition de r\u00e9sidence pr\u00e9alable, la cour d'appel a viol\u00e9 les articles 4, 12 et 16 du code de proc\u00e9dure civile ;",
        "6\u00b0 ALORS QUE la charte des droits fondamentaux de l'Union europ\u00e9enne proclame des droits et des principes ; que ces derniers, tant qu'ils ne sont pas concr\u00e9tis\u00e9s par le droit d\u00e9riv\u00e9 ou le droit national ne peuvent \u00eatre invoqu\u00e9s ; que l'article 52 \u00a7 5 de la charte \u00e9nonce que l'invocabilit\u00e9 des principes ne peut se faire qu'\u00e0 l'\u00e9gard des mesures de mise en oeuvre ; qu'en s'appuyant sur l'article 1er de la charte selon lequel la dignit\u00e9 humaine est inviolable et sur l'article 25, sp\u00e9cifique aux droits des personnes \u00e2g\u00e9es qui stipule que l'Union reconna\u00eet et respecte le droit des personnes \u00e2g\u00e9es \u00e0 mener une vie digne et ind\u00e9pendante, pour juger qu'opposer \u00e0 M. [L] la n\u00e9cessit\u00e9 d'une r\u00e9sidence avec titre de s\u00e9jour de dix ann\u00e9es sur le territoire fran\u00e7ais, conduit \u00e0 le priver de tout minimum vital avant l'\u00e2ge de 82 ans, et ainsi \u00e0 ne pas lui permettre de mener une vie digne et ind\u00e9pendante, comme exig\u00e9 par les dispositions de la charte des droits fondamentaux de l'Union europ\u00e9enne tandis que ce principe ne pouvait \u00eatre invoqu\u00e9 faute de concr\u00e9tisation par un texte, la cour a viol\u00e9 les articles 25 et 52 de la charte pr\u00e9cit\u00e9e et l'article 12 du code de proc\u00e9dure civile."
    ]
}