{
    "decision-0": [
        "CIV. 2",
        "JT",
        "COUR DE CASSATION",
        "______________________",
        "Audience publique du 15 septembre 2016",
        "Rejet",
        "Mme FLISE, pr\u00e9sident",
        "Arr\u00eat n\u00b0 1326 F-D",
        "Pourvoi n\u00b0 Y 15-21.931",
        "Aide juridictionnelle totale en demande",
        "au profit de Mme O....",
        "Admission du bureau d'aide juridictionnelle",
        "pr\u00e8s la Cour de cassation",
        "en date du 21 mai 2015.",
        "R \u00c9 P U B L I Q U E F R A N \u00c7 A I S E",
        "_________________________",
        "AU NOM DU PEUPLE FRAN\u00c7AIS",
        "_________________________",
        "LA COUR DE CASSATION, DEUXI\u00c8ME CHAMBRE CIVILE, a rendu l'arr\u00eat suivant :",
        "Statuant sur le pourvoi form\u00e9 par Mme K... O..., domicili\u00e9e [...] ,",
        "contre l'arr\u00eat rendu le 9 octobre 2014 par la cour d'appel de Paris (p\u00f4le 6, chambre 12), dans le litige l'opposant :",
        "1\u00b0/ \u00e0 la caisse d'allocations familiales de Paris, dont le si\u00e8ge est [...] ,",
        "2\u00b0/ au ministre charg\u00e9 de la s\u00e9curit\u00e9 sociale, dont le si\u00e8ge est [...] ,",
        "d\u00e9fendeurs \u00e0 la cassation ;",
        "La demanderesse invoque, \u00e0 l'appui de son pourvoi, le moyen unique de cassation annex\u00e9 au pr\u00e9sent arr\u00eat ;",
        "Vu la communication faite au procureur g\u00e9n\u00e9ral ;",
        "LA COUR, en l'audience publique du 29 juin 2016, o\u00f9 \u00e9taient pr\u00e9sents : Mme Flise, pr\u00e9sident, Mme Olivier, conseiller rapporteur, M. Pr\u00e9tot, conseiller doyen, Mme Szirek, greffier de chambre ;",
        "Sur le rapport de Mme Olivier, conseiller, les observations de la SCP Sevaux et Mathonnet, avocat de Mme O..., l'avis de M. de Monteynard, avocat g\u00e9n\u00e9ral, et apr\u00e8s en avoir d\u00e9lib\u00e9r\u00e9 conform\u00e9ment \u00e0 la loi ;"
    ],
    "decision-1": [
        "Sur le moyen unique :"
    ],
    "decision-2": [
        "Attendu, selon l'arr\u00eat attaqu\u00e9 (Paris, 9 octobre 2014), que Mme O..., de nationalit\u00e9 camerounaise, entr\u00e9e en France le 10 septembre 2008 et titulaire d'une carte de s\u00e9jour temporaire depuis le 7 janvier 2009, a sollicit\u00e9, le 24 octobre 2009, de la caisse d'allocations familiales de Paris (la caisse) le b\u00e9n\u00e9fice des prestations familiales pour ses enfants, Q... et P..., n\u00e9s respectivement en 2001 et 2004 au Cameroun et entr\u00e9s en France en juillet 2009 ; que la caisse lui ayant oppos\u00e9 un refus, elle a saisi d'un recours une juridiction de s\u00e9curit\u00e9 sociale ;"
    ],
    "decision-3": [
        "Attendu que Mme O... fait grief \u00e0 l'arr\u00eat de la d\u00e9bouter de celui-ci, alors, selon le moyen :",
        "1\u00b0/ qu'il r\u00e9sulte des articles 1er, 3 et 9 de la Convention g\u00e9n\u00e9rale du 5 novembre 1990 conclue entre la France et le Cameroun sur la s\u00e9curit\u00e9 sociale et publi\u00e9e par le d\u00e9cret n\u00b0 92-223 du 10 mars 1992 que les ressortissants fran\u00e7ais ou camerounais r\u00e9sidant en France ou au Cameroun sont soumis respectivement aux l\u00e9gislations concernant les prestations familiales, applicables en France ou au Cameroun, et qu'ils en b\u00e9n\u00e9ficient dans les m\u00eames conditions que les ressortissants de chacun de ces pays ; qu'en lui imposant, pour le b\u00e9n\u00e9fice des prestations familiales au profit de ses deux enfants mineurs Q... et P... et en particulier pour le b\u00e9n\u00e9fice de l'allocation d'\u00e9ducation pour enfant handicap\u00e9, qu'elle justifie relever de l'une des situations \u00e9num\u00e9r\u00e9es par l'article L. 512-2 du code de la s\u00e9curit\u00e9 sociale et produise le certificat de contr\u00f4le m\u00e9dical de ses enfants",
        "pr\u00e9vu par l'article D. 512-2 du m\u00eame code, la cour d'appel a appliqu\u00e9 des conditions plus rigoureuses par rapport \u00e0 celles applicables aux ressortissants fran\u00e7ais et, en cons\u00e9quence, a viol\u00e9 les stipulations susvis\u00e9es de la Convention du 5 novembre 1990 et les dispositions des articles L. 512-2 et D. 512-2 du code de la s\u00e9curit\u00e9 sociale, ensemble l'article 3-1 de la Convention internationale sur les droits de l'enfant ;",
        "2\u00b0/ qu'en soumettant l'allocation des prestations familiales \u00e0 la condition de la production, par la requ\u00e9rante, d'un certificat de contr\u00f4le m\u00e9dical pour ses enfants mineurs, la cour d'appel a m\u00e9connu les articles 8 et 14 de la Convention europ\u00e9enne de sauvegarde des droits de l'homme et des libert\u00e9s fondamentales, ensemble l'article 1er du premier protocole additionnel \u00e0 cette Convention et l'article 3-1 de la Convention internationale sur les droits de l'enfant ;"
    ],
    "decision-4": [
        "Mais attendu qu'il ne r\u00e9sulte ni de l'arr\u00eat, ni des pi\u00e8ces de la proc\u00e9dure que Mme O... avait invoqu\u00e9 devant la cour d'appel les stipulations de la convention g\u00e9n\u00e9rale de s\u00e9curit\u00e9 sociale entre la France et le Cameroun ;",
        "Et attendu que l'arr\u00eat retient essentiellement que Mme O... n'a pas obtenu son admission en France sur le fondement du 7\u00b0 de l'article L. 313-11 du code de l'entr\u00e9e et du s\u00e9jour des \u00e9trangers et du droit d'asile et que ses fils Q... et P..., entr\u00e9s en France en dehors de la proc\u00e9dure de regroupement familial, ne disposaient pas du certificat de contr\u00f4le m\u00e9dical requis ; que l'exigence de ce certificat de contr\u00f4le m\u00e9dical r\u00e9pond tant \u00e0 l'int\u00e9r\u00eat de la sant\u00e9 publique qu'\u00e0 l'int\u00e9r\u00eat de la sant\u00e9 de l'enfant ; que les dispositions des articles L. 512-2 et D. 512-2 sont objectivement et raisonnablement justifi\u00e9es par la n\u00e9cessit\u00e9 dans un Etat d\u00e9mocratique d'exercer un contr\u00f4le des conditions d'accueil des enfants ; que l'obligation de fournir des documents sp\u00e9cifiques d\u00e9livr\u00e9s \u00e0 l'issue de la proc\u00e9dure de regroupement familial ne porte pas une atteinte disproportionn\u00e9e au droit au respect de la vie priv\u00e9e et familiale garanti par l'article 8 de la Convention de sauvegarde des droits de l'homme et des libert\u00e9s fondamentales et ne constitue pas une discrimination prohib\u00e9e par l'article 14 de la m\u00eame Convention ; que ces dispositions ne m\u00e9connaissent pas non plus l'article 3-l de la Convention internationale des droits de l'enfant ;",
        "Que de ces constatations et \u00e9nonciations proc\u00e9dant de son appr\u00e9ciation souveraine des \u00e9l\u00e9ments de fait et de preuve qui lui \u00e9taient soumis, la cour d'appel a exactement d\u00e9cid\u00e9 que Mme O... ne pouvait pr\u00e9tendre aux prestations familiales au titre de ses enfants Q... et P... ;",
        "D'o\u00f9 il suit que, nouveau, m\u00e9lang\u00e9 de fait et de droit, et comme tel irrecevable en sa premi\u00e8re branche, le moyen n'est pas fond\u00e9 pour le surplus ;"
    ],
    "decision-5": [
        "PAR CES MOTIFS :",
        "REJETTE le pourvoi ;",
        "Condamne Mme O... aux d\u00e9pens ;",
        "Vu l'article 700 du code de proc\u00e9dure civile, rejette la demande de Mme O... et de la SCP Anne Sevaux et N... I... ;",
        "Ainsi fait et jug\u00e9 par la Cour de cassation, deuxi\u00e8me chambre civile, et prononc\u00e9 par le pr\u00e9sident en son audience publique du quinze septembre deux mille seize."
    ],
    "decision-6": [
        "MOYEN ANNEXE au pr\u00e9sent arr\u00eat",
        "Moyen produit par la SCP Sevaux et Mathonnet, avocat aux Conseils, pour Mme O...",
        "Il est fait grief \u00e0 l'arr\u00eat attaqu\u00e9 d'avoir infirm\u00e9 le jugement entrepris, et d\u00e9bout\u00e9 madame O... de sa demande de prestations familiales ;",
        "Aux motifs qu'il r\u00e9sulte de l'article L. 512-2 du code de la s\u00e9curit\u00e9 sociale, modifi\u00e9 par l'article 89 de la loi du 19 d\u00e9cembre 2005, que les \u00e9trangers non ressortissants d'un Etat membre de la Communaut\u00e9 europ\u00e9enne, d'un Etat partie \u00e0 l'accord sur l'espace \u00e9conomique europ\u00e9en ou de la conf\u00e9d\u00e9ration suisse et s\u00e9journant r\u00e9guli\u00e8rement en France b\u00e9n\u00e9ficient des prestations familiales pour les enfants qui sont \u00e0 leur charge, sous r\u00e9serve qu'il soit justifi\u00e9 de la r\u00e9gularit\u00e9 du s\u00e9jour de ces enfants en France ; que l'article D. 512-2 du code de la s\u00e9curit\u00e9 sociale dispose que la r\u00e9gularit\u00e9 de l'entr\u00e9e et du s\u00e9jour des enfants \u00e9trangers non n\u00e9s en France, au titre desquels, celui les ayant \u00e0 sa charge demande des prestations familiales, est justifi\u00e9e notamment par la production, soit du certificat du contr\u00f4le m\u00e9dical de l'enfant d\u00e9livr\u00e9 \u00e0 l'issue de la proc\u00e9dure d'introduction ou d'admission au s\u00e9jour au titre du regroupement familial, soit de l'attestation d\u00e9livr\u00e9e par l'autorit\u00e9 pr\u00e9fectorale pr\u00e9cisant que l'enfant est entr\u00e9 en France au plus tard en m\u00eame temps que l'un de ses parents admis au s\u00e9jour sur le fondement du 7\u00b0 de l'article L. 3 13-11 du code de l'entr\u00e9e et du s\u00e9jour des \u00e9trangers et du droit d'asile (Ceseda) ou du 5\u00b0 de l'article 6 de l'accord franco-alg\u00e9rien du 27 d\u00e9cembre 1962 modifi\u00e9 ; qu'en l'esp\u00e8ce Mme K... O... n'a pas obtenu son admission en France sur le fondement du 7\u00b0 de l'article 3 13-11 du Ceseda et ses fils Q... et P... sont entr\u00e9s en France en dehors de la proc\u00e9dure de regroupement familial, ne disposaient pas du certificat de contr\u00f4le m\u00e9dical requis alors que depuis le 1er janvier 2006, date d'entr\u00e9e en vigueur de la loi n\u00b0 2005-1579 du 19 d\u00e9cembre 2005, le versement des prestations familiales est subordonn\u00e9 \u00e0 la production d'un document de s\u00e9jour personnel \u00e0 l'enfant, clairement d\u00e9fini ; que l'exigence de ce certificat de contr\u00f4le m\u00e9dical r\u00e9pond tant \u00e0 l'int\u00e9r\u00eat de la sante publique qu'\u00e0 l'int\u00e9r\u00eat de la sante de l'enfant, qu'un tel certificat permet en effet, de v\u00e9rifier que l'enfant disposera en France des conditions d'existence lui garantissant de mener une vie familiale normale et d'assurer sa protection ; que les dispositions des articles L. 512-2 et D. 512-2 sont objectivement et raisonnablement justifi\u00e9es par la n\u00e9cessit\u00e9 dans un Etat d\u00e9mocratique d'exercer un contr\u00f4le des conditions d'accueil des enfants ; que l'obligation de fournir des documents sp\u00e9cifiques d\u00e9livr\u00e9s \u00e0 l'issue de la proc\u00e9dure de regroupement familial ne porte pas une atteinte disproportionn\u00e9e au droit au respect de la vie priv\u00e9e et familiale garanti par l'article 8 de la Convention europ\u00e9enne de sauvegarde des droits de l'homme et des libert\u00e9s fondamentales et ne constitue pas une discrimination prohib\u00e9e par l'article 14 de la m\u00eame Convention ; que ces dispositions ne m\u00e9connaissent pas non plus l'article 3-l de la Convention internationale des droits de l'enfant ; que dans ces conditions, que c'est \u00e0 tort que les premiers juges ont reconnu \u00e0 Mme K... O... des droits aux prestations familiales \u00e0 compter de novembre 2009 au titre des enfants Q... et P... n\u00e9s les 27 mai 2001 et 6 juin 2004 au Cameroun ; qu'il convient d'infirmer la d\u00e9cision entreprise ;",
        "Alors, d'une part, qu'il r\u00e9sulte des articles 1er, 3 et 9 de la Convention g\u00e9n\u00e9rale du 5 novembre 1990 conclue entre la France et le Cameroun sur la s\u00e9curit\u00e9 sociale et publi\u00e9e par le d\u00e9cret n\u00b0 92-223 du 10 mars 1992 que les ressortissants fran\u00e7ais ou camerounais r\u00e9sidant en France ou au Carneroun sont soumis respectivement aux l\u00e9gislations concernant les prestations familiales, applicables en France ou au Cameroun, et qu'ils en b\u00e9n\u00e9ficient dans les m\u00eames conditions que les ressortissants de chacun de ces pays; qu'en imposant \u00e0 madame O..., pour le b\u00e9n\u00e9fice des prestations familiales au profit de ses deux enfants mineurs Q... et P... et en particulier pour le b\u00e9n\u00e9fice de l'allocation d'\u00e9ducation pour enfant handicap\u00e9, que cette derni\u00e8re justifie relever de l'une des situations \u00e9num\u00e9r\u00e9es par l'article L. 512-2 du code de la s\u00e9curit\u00e9 sociale et produise le certificat de contr\u00f4le m\u00e9dical de ses enfants pr\u00e9vu par l'article D. 512-2 du m\u00eame code, la cour d'appel a appliqu\u00e9 des conditions plus rigoureuses par rapport \u00e0 celles applicables aux ressortissants fran\u00e7ais et, en cons\u00e9quence, a viol\u00e9 les stipulations susvis\u00e9es de la Convention du 5 novembre 1990 et les dispositions des articles L. 512-2 et D. 512-2 du code de la s\u00e9curit\u00e9 sociales, ensemble l'article 3-1 de la Convention internationale sur les droits de l'enfant ;",
        "Alors, d'autre part, qu'en soumettant l'allocation des prestations familiales \u00e0 la condition de la production, par la requ\u00e9rante, d'un certificat de contr\u00f4le m\u00e9dical pour ses enfants mineurs, la cour d'appel a m\u00e9connu les articles 8 et 14 de la Convention europ\u00e9enne de sauvegarde des droits de l'homme et des libert\u00e9s fondamentales, ensemble l'article 1er du premier protocole additionnel \u00e0 cette Convention et l'article 3-1 de la Convention internationale sur les droits de l'enfant."
    ]
}