{
    "decision-0": [
        "CIV. 1",
        "MF",
        "COUR DE CASSATION",
        "______________________",
        "Audience publique du 13 juillet 2016",
        "Cassation sans renvoi",
        "Mme BATUT, pr\u00e9sident",
        "Arr\u00eat n\u00b0 918 F-D",
        "Pourvoi n\u00b0 J 15-28.795",
        "R \u00c9 P U B L I Q U E F R A N \u00c7 A I S E",
        "_________________________",
        "AU NOM DU PEUPLE FRAN\u00c7AIS",
        "_________________________",
        "LA COUR DE CASSATION, PREMI\u00c8RE CHAMBRE CIVILE, a rendu l'arr\u00eat suivant :",
        "Statuant sur le pourvoi form\u00e9 par le pr\u00e9fet de Loire-Atlantique, domicili\u00e9 [...] ,",
        "contre l'ordonnance rendue le 21 octobre 2015 par le premier pr\u00e9sident de la cour d'appel de Rennes, dans le litige l'opposant \u00e0 M. T... M..., dit K... I..., domicili\u00e9 [...] ,",
        "d\u00e9fendeur \u00e0 la cassation ;",
        "Le demandeur invoque, \u00e0 l'appui de son pourvoi, le moyen unique de cassation annex\u00e9 au pr\u00e9sent arr\u00eat ;",
        "Vu la communication faite au procureur g\u00e9n\u00e9ral ;",
        "LA COUR, en l'audience publique du 21 juin 2016, o\u00f9 \u00e9taient pr\u00e9sents : Mme Batut, pr\u00e9sident, M. Mansion, conseiller r\u00e9f\u00e9rendaire rapporteur, Mme Bignon, conseiller doyen, Mme Nguyen, greffier de chambre ;",
        "Sur le rapport de M. Mansion, conseiller r\u00e9f\u00e9rendaire, les observations de la SCP Odent et Poulet, avocat du pr\u00e9fet de Loire-Atlantique, et apr\u00e8s en avoir d\u00e9lib\u00e9r\u00e9 conform\u00e9ment \u00e0 la loi ;"
    ],
    "decision-1": [
        "Sur le moyen unique :"
    ],
    "decision-2": [
        "Vu les articles R. 552-13 et R. 552-15, alin\u00e9a 2, du code de l'entr\u00e9e et du s\u00e9jour des \u00e9trangers et du droit d'asile ;",
        "Attendu qu'il r\u00e9sulte du premier de ces textes que le premier pr\u00e9sident de la cour d'appel est saisi par d\u00e9claration motiv\u00e9e et, du second, que la comparution des parties est facultative ;"
    ],
    "decision-3": [
        "Attendu, selon l'ordonnance attaqu\u00e9e, rendue par un premier pr\u00e9sident, et les pi\u00e8ces de la proc\u00e9dure, que le pr\u00e9fet de la Loire-Atlantique a pris \u00e0 l'encontre de M. M..., de nationalit\u00e9 alg\u00e9rienne, en situation irr\u00e9guli\u00e8re sur le territoire national, un arr\u00eat\u00e9 portant obligation de quitter le territoire sans d\u00e9lai, assortie d'une interdiction de retour pour une dur\u00e9e de trois ans ; qu'apr\u00e8s ex\u00e9cution de plusieurs condamnations p\u00e9nales et devant le refus de l'int\u00e9ress\u00e9 d'embarquer \u00e0 bord d'un avion devant le ramener en Alg\u00e9rie, le pr\u00e9fet a plac\u00e9 l'\u00e9tranger en r\u00e9tention administrative ; que, par une d\u00e9claration motiv\u00e9e, il a interjet\u00e9 appel de la d\u00e9cision du juge des libert\u00e9s et de la d\u00e9tention mettant fin \u00e0 cette mesure ;",
        "Attendu que, pour confirmer cette d\u00e9cision, l'ordonnance, apr\u00e8s avoir relev\u00e9 qu'\u00e0 l'appui de son recours le pr\u00e9fet invoquait un moyen d'appel, retient que n'\u00e9tant ni comparant ni repr\u00e9sent\u00e9 \u00e0 l'audience, son appel doit \u00eatre d\u00e9clar\u00e9 non soutenu ;"
    ],
    "decision-4": [
        "Qu'en statuant ainsi, alors qu'il lui incombait, m\u00eame en l'absence du pr\u00e9fet et de son repr\u00e9sentant, de r\u00e9pondre aux moyens qui figuraient dans la d\u00e9claration d'appel, le premier pr\u00e9sident a viol\u00e9 les textes susvis\u00e9s ;",
        "Et vu les articles L. 411-3 du code de l'organisation judiciaire et 1015 du code de proc\u00e9dure civile ;"
    ],
    "decision-5": [
        "PAR CES MOTIFS :",
        "CASSE ET ANNULE, en toutes ses dispositions, l'ordonnance rendue le 21 octobre 2015, entre les parties, par le premier pr\u00e9sident de la cour d'appel de Rennes ;",
        "DIT n'y avoir lieu \u00e0 renvoi ;",
        "Dit que sur les diligences du procureur g\u00e9n\u00e9ral pr\u00e8s la Cour de cassation, le pr\u00e9sent arr\u00eat sera transmis pour \u00eatre transcrit en marge ou \u00e0 la suite de l'ordonnance cass\u00e9e ;",
        "Ainsi fait et jug\u00e9 par la Cour de cassation, premi\u00e8re chambre civile, et prononc\u00e9 par le pr\u00e9sident en son audience publique du treize juillet deux mille seize."
    ],
    "decision-6": [
        "MOYEN ANNEXE au pr\u00e9sent arr\u00eat",
        "Moyen produit par la SCP Odent et Poulet, avocat aux Conseils, pour le pr\u00e9fet de Loire-Atlantique.",
        "II est fait grief \u00e0 l'ordonnance attaqu\u00e9e d'avoir, ayant constat\u00e9 que l'appel n'\u00e9tait pas soutenu, confirm\u00e9 l'ordonnance du juge des libert\u00e9s et de la d\u00e9tention entreprise, ayant dit, sur la requ\u00eate d'un pr\u00e9fet (le pr\u00e9fet de la Loire-Atlantique), n'y avoir lieu \u00e0 prolongation de la r\u00e9tention administrative d'un \u00e9tranger (M. T... M...) ;",
        "AUX MOTIFS QUE le contentieux de la r\u00e9tention administrative des \u00e9trangers en situation irr\u00e9guli\u00e8re rel\u00e8ve, sur le plan processuel, des dispositions du code de proc\u00e9dure civile relatives \u00e0 la proc\u00e9dure d'appel sans repr\u00e9sentation obligatoire ; qu'il appartient, en cons\u00e9quence, aux parties, lorsqu'elles se d\u00e9fendent elles-m\u00eames, d'\u00eatre pr\u00e9sentes \u00e0 l'audience de la cour, faute de quoi leurs demandes ne peuvent \u00eatre examin\u00e9es ; qu'en l'esp\u00e8ce, le pr\u00e9fet du d\u00e9partement de la Loire-Atlantique, appelant, n'avait pas comparu et ne s'\u00e9tait pas fait repr\u00e9senter ; que, d\u00e8s lors, son appel devait \u00eatre consid\u00e9r\u00e9 comme non avenu ; que l'ordonnance attaqu\u00e9e devait donc \u00eatre confirm\u00e9e ;",
        "ALORS QUE le premier pr\u00e9sident de la cour d'appel ou son d\u00e9l\u00e9gu\u00e9 est saisi en appel d'une ordonnance du juge des libert\u00e9s ayant statu\u00e9 en mati\u00e8re de r\u00e9tention, par une d\u00e9claration d'appel motiv\u00e9 et doit statuer m\u00eame en l'absence de comparution des parties ; qu'en ayant confirm\u00e9 l'ordonnance du juge des libert\u00e9s entreprise, apr\u00e8s avoir constat\u00e9 que le pr\u00e9fet de la Loire-",
        "Atlantique n'avait pas comparu et ne s'\u00e9tait pas fait repr\u00e9senter \u00e0 l'audience, le conseiller d\u00e9l\u00e9gu\u00e9 a viol\u00e9 les articles L. 552-9, R. 552-12, R. 552-15, R. 552-20, R. 552-21 et R. 552-23 du code de l'entr\u00e9e et du s\u00e9jour des \u00e9trangers et du droit d'asile."
    ]
}