{
    "decision-0": [
        "CIV. 1",
        "LG",
        "COUR DE CASSATION",
        "______________________",
        "Audience publique du 23 novembre 2016",
        "Cassation partielle sans renvoi",
        "Mme BATUT, pr\u00e9sident",
        "Arr\u00eat n\u00b0 1327 F-P+B",
        "Pourvoi n\u00b0 B 15-28.374",
        "R \u00c9 P U B L I Q U E F R A N \u00c7 A I S E",
        "_________________________",
        "AU NOM DU PEUPLE FRAN\u00c7AIS",
        "_________________________",
        "LA COUR DE CASSATION, PREMI\u00c8RE CHAMBRE CIVILE, a rendu l'arr\u00eat suivant :",
        "Statuant sur le pourvoi form\u00e9 par le pr\u00e9fet du [Localit\u00e9 1], domicili\u00e9 [Adresse 2],",
        "contre l'ordonnance rendue le 13 octobre 2015 par le premier pr\u00e9sident de la cour d'appel de Douai, dans le litige l'opposant :",
        "1\u00b0/ \u00e0 M. [Q] [O], domicili\u00e9 [Adresse 1],",
        "2\u00b0/ au procureur de la R\u00e9publique pr\u00e8s le tribunal de grande instance de Boulogne-sur-Mer, domicili\u00e9 en son parquet, place de la R\u00e9sistance, 62322 Boulogne-sur-Mer cedex,",
        "d\u00e9fendeurs \u00e0 la cassation ;",
        "Le demandeur invoque, \u00e0 l'appui de son pourvoi, le moyen unique de cassation annex\u00e9 au pr\u00e9sent arr\u00eat ;",
        "Vu la communication faite au procureur g\u00e9n\u00e9ral ;",
        "LA COUR, en l'audience publique du 18 octobre 2016, o\u00f9 \u00e9taient pr\u00e9sents : Mme Batut, pr\u00e9sident, Mme Gargoullaud, conseiller r\u00e9f\u00e9rendaire rapporteur, M. Matet, conseiller doyen, Mme Pecquenard, greffier de chambre ;",
        "Sur le rapport de Mme Gargoullaud, conseiller r\u00e9f\u00e9rendaire, les observations de la SCP Odent et Poulet, avocat du pr\u00e9fet du [Localit\u00e9 1], l'avis de Mme Vald\u00e8s-Boulouque, avocat g\u00e9n\u00e9ral, et apr\u00e8s en avoir d\u00e9lib\u00e9r\u00e9 conform\u00e9ment \u00e0 la loi ;"
    ],
    "decision-1": [
        "Sur le moyen unique, pris en sa premi\u00e8re branche :"
    ],
    "decision-2": [
        "Vu l'article L. 512-1 du code de l'entr\u00e9e et du s\u00e9jour des \u00e9trangers et du droit d'asile ;",
        "Attendu qu'il r\u00e9sulte de ce texte que l'administration n'est tenue d'informer le juge administratif, qui doit alors statuer \u00e0 bref d\u00e9lai, du placement en r\u00e9tention administrative d'un \u00e9tranger, que si cette mesure intervient en cours d'instance d'annulation d'une des d\u00e9cisions \u00e0 l'origine de son \u00e9loignement ;"
    ],
    "decision-3": [
        "Attendu, selon l'ordonnance attaqu\u00e9e, rendue par un premier pr\u00e9sident, et les pi\u00e8ces de la proc\u00e9dure, que, le 6 octobre 2015, M. [O], de nationalit\u00e9 soudanaise, en situation irr\u00e9guli\u00e8re sur le territoire national, a \u00e9t\u00e9 plac\u00e9 en garde \u00e0 vue par les services de la police aux fronti\u00e8res pour infraction \u00e0 la l\u00e9gislation sur les \u00e9trangers et p\u00e9n\u00e9tration et circulation illicites sur une voie ferr\u00e9e et ses d\u00e9pendances interdites \u00e0 la circulation du public ; que, le 7 octobre, le pr\u00e9fet a pris \u00e0 son encontre des d\u00e9cisions portant obligation de quitter le territoire national sans d\u00e9lai, fixant le pays de retour, et le pla\u00e7ant en r\u00e9tention administrative ; que, le lendemain, M. [O] a contest\u00e9 ces d\u00e9cisions devant le tribunal administratif qui a fix\u00e9 au 13 octobre 2015 la date de l'audience sur ces recours ; que le pr\u00e9fet a demand\u00e9 la prolongation de la mesure de r\u00e9tention administrative ;",
        "Attendu que, pour rejeter la demande, l'ordonnance retient que l'administration n'a pas inform\u00e9 le tribunal administratif du placement en r\u00e9tention de l'\u00e9tranger ;",
        "Qu'en statuant ainsi, alors qu'il avait constat\u00e9 que le recours contre le placement en r\u00e9tention du 7 octobre 2015 avait \u00e9t\u00e9 d\u00e9pos\u00e9 le 8 octobre, de sorte que la mesure de r\u00e9tention n'\u00e9tait pas intervenue en cours d'instance, le premier pr\u00e9sident a viol\u00e9 le texte susvis\u00e9 ;"
    ],
    "decision-4": [
        "Vu les articles L. 411-3 du code de l'organisation judiciaire et 1015 du code de proc\u00e9dure civile ;"
    ],
    "decision-5": [
        "PAR CES MOTIFS, et sans qu'il y ait lieu de statuer sur la seconde branche du moyen :",
        "CASSE ET ANNULE, sauf en ce qu'elle d\u00e9clare les appels recevables, l'ordonnance rendue le 13 octobre 2015, entre les parties, par le premier pr\u00e9sident de la cour d'appel de Douai ;",
        "DIT n'y avoir lieu \u00e0 renvoi ;",
        "Dit que sur les diligences du procureur g\u00e9n\u00e9ral pr\u00e8s la Cour de cassation, le pr\u00e9sent arr\u00eat sera transmis pour \u00eatre transcrit en marge ou \u00e0 la suite de l'ordonnance partiellement cass\u00e9e ;",
        "Ainsi fait et jug\u00e9 par la Cour de cassation, premi\u00e8re chambre civile, et prononc\u00e9 par le pr\u00e9sident en son audience publique du vingt-trois novembre deux mille seize."
    ],
    "decision-6": [
        "MOYEN ANNEXE au pr\u00e9sent arr\u00eat",
        "Moyen produit par la SCP Odent et Poulet, avocat aux Conseils, pour le pr\u00e9fet du [Localit\u00e9 1]",
        "II est fait grief \u00e0 l'ordonnance attaqu\u00e9e d'avoir confirm\u00e9 la d\u00e9cision du juge des libert\u00e9s entreprise, en ce qu'elle avait rejet\u00e9 la requ\u00eate d'un pr\u00e9fet (la pr\u00e9f\u00e8te du [Localit\u00e9 1]), en prolongation de la r\u00e9tention administrative d'un \u00e9tranger (M. [O]) ;",
        "AUX MOTIFS OU'en vertu de l'article L. 512-1-II du code de l'entr\u00e9e et du s\u00e9jour des \u00e9trangers et du droit d'asile, l'\u00e9tranger qui fait l'objet d'une obligation de quitter le territoire sans d\u00e9lai peut, dans les 48 heures suivant sa notification par voie administrative, demander au pr\u00e9sident du tribunal administratif l'annulation de cette d\u00e9cision, ainsi que l'annulation de la d\u00e9cision relative au s\u00e9jour, de la d\u00e9cision refusant un d\u00e9lai de d\u00e9part volontaire, de la d\u00e9cision mentionnant le pays de destination et de la d\u00e9cision d'interdiction de retour sur le territoire qui l'accompagnent le cas \u00e9ch\u00e9ant ; qu'il est statu\u00e9 sur ce recours selon la proc\u00e9dure et dans les d\u00e9lais pr\u00e9vus au I ; que, toutefois, si l'\u00e9tranger est plac\u00e9 en r\u00e9tention en application de l'article L. 551-1 ou assign\u00e9 \u00e0 r\u00e9sidence en application de l'article L. 561-2, l'\u00e9tranger peut demander au pr\u00e9sident du tribunal administratif l'annulation de cette d\u00e9cision dans les 48 heures suivant sa notification. Lorsque l'\u00e9tranger a fait l'objet d'une obligation de quitter le territoire fran\u00e7ais, le m\u00eame recours en annulation peut \u00eatre \u00e9galement dirig\u00e9 contre l'obligation de quitter le territoire fran\u00e7ais et contre la d\u00e9cision refusant un d\u00e9lai de d\u00e9part volontaire, la d\u00e9cision mentionnant le pays de destination et la d\u00e9cision d'interdiction de retour sur le territoire fran\u00e7ais qui l'accompagnent le cas \u00e9ch\u00e9ant, lorsque ces d\u00e9cisions sont notifi\u00e9es avec la d\u00e9cision de placement en r\u00e9tention ou d'assignation. Toutefois, si l'\u00e9tranger est assign\u00e9 \u00e0 r\u00e9sidence en application du m\u00eame article L. 561-2, son recours en annulation peut porter directement sur l'obligation de quitter le territoire ainsi que, le cas \u00e9ch\u00e9ant, sur la d\u00e9cision refusant un d\u00e9lai de d\u00e9part volontaire, la d\u00e9cision mentionnant le pays de destination et la d\u00e9cision d'interdiction de retour sur le territoire fran\u00e7ais. Le pr\u00e9sident du tribunal administratif ou le magistrat qu'il d\u00e9signe \u00e0 cette fin (...), statue au plus tard 72 heures \u00e0 compter de sa saisine. Il peut se transporter au si\u00e8ge de la juridiction judiciaire la plus proche du lieu o\u00f9 se trouve l'\u00e9tranger si celui-ci est retenu en application de l'article L. 551-1 du pr\u00e9sent code. Si une salle d'audience est attribu\u00e9e au minist\u00e8re de la justice lui permettant de statuer publiquement a \u00e9t\u00e9 sp\u00e9cialement am\u00e9nag\u00e9e \u00e0 proximit\u00e9 imm\u00e9diate de ce lieu de r\u00e9tention, il peut statuer dans cette salle. L'\u00e9tranger peut demander au pr\u00e9sident du tribunal administratif ou au magistrat d\u00e9sign\u00e9 \u00e0 cette fin le concours d'un interpr\u00e8te et la communication du dossier contenant les pi\u00e8ces sur la base desquelles la d\u00e9cision a \u00e9t\u00e9 prise. L'audience est publique. Elle se d\u00e9roule sans conclusions du rapporteur public, en pr\u00e9sence de l'int\u00e9ress\u00e9, sauf si celui-ci, d\u00fbment convoqu\u00e9, ne se pr\u00e9sente pas. L'\u00e9tranger est assist\u00e9 de son conseil s'il en a un. Il peut demander au pr\u00e9sident du tribunal administratif ou au magistrat d\u00e9sign\u00e9 \u00e0 cette fin qu'il lui en soit d\u00e9sign\u00e9 un d'office. Il est \u00e9galement statu\u00e9 selon la proc\u00e9dure pr\u00e9vue au pr\u00e9sent III sur le recours dirig\u00e9 contre l'obligation de quitter le territoire fran\u00e7ais par un \u00e9tranger qui est l'objet en cours d'instance d'une d\u00e9cision de placement en r\u00e9tention ou d'assignation \u00e0 r\u00e9sidence en application de l'article L. 561-2. Le d\u00e9lai de 72 heures pour statuer court \u00e0 compter de la notification par l'administration au tribunal de la d\u00e9cision de placement en r\u00e9tention ou d'assignation ; qu'en l'esp\u00e8ce, il n'\u00e9tait pas contest\u00e9 que la pr\u00e9fecture n'avait pas transmis cette information au tribunal administratif; qu'ainsi, alors que M. [O] avait \u00e9t\u00e9 plac\u00e9 en r\u00e9tention administrative le 7 octobre 2015 \u00e0 11 h 40, le tribunal administratif ne l'avait convoqu\u00e9 que le 13 octobre 2015, ne pouvant respecter le d\u00e9lai de 72 heures dans lequel le juge administratif doit statuer, lorsqu'un \u00e9tranger en r\u00e9tention administrative introduit un recours devant lui ; qu'ainsi, en privant M. [O] du droit \u00e0 un proc\u00e8s \u00e9quitable et de son droit \u00e0 voir son recours examin\u00e9 au cours d'une proc\u00e9dure rapide, comme ses autres compatriotes, plac\u00e9s au centre de r\u00e9tention concomitamment ou dans un temps tr\u00e8s proche, et pour lesquels le tribunal administratif avait annul\u00e9, pour partie, la d\u00e9cision pr\u00e9fectorale, le pr\u00e9fet n'avait pas laiss\u00e9 \u00e0 M. [O] la possibilit\u00e9 d'exercer son droit \u00e0 un recours utile ; que si le juge des libert\u00e9s et de la d\u00e9tention n'est pas comp\u00e9tent pour appr\u00e9cier la l\u00e9galit\u00e9 des actes administratifs et le respect de la proc\u00e9dure administrative, il lui appartient n\u00e9anmoins de contr\u00f4ler que le justiciable a pu b\u00e9n\u00e9ficier du droit \u00e0 un proc\u00e8s \u00e9quitable, en vertu de l'article 6 de la Convention europ\u00e9enne des droits de l'homme qui rappelle que toute personne a droit \u00e0 ce que sa cause soit entendue \u00e9quitablement, publiquement et dans un d\u00e9lai raisonnable, par un tribunal ind\u00e9pendant et impartial, \u00e9tabli par la loi qui d\u00e9cidera, soit des contestations sur ses droits et obligations de caract\u00e8re civil, soit du bien-fond\u00e9 de toute accusation en mati\u00e8re p\u00e9nale dirig\u00e9e contre elle ; qu'en vertu de l'article 13 de cette m\u00eame convention, toute personne dont les droits et libert\u00e9s reconnus dans la convention ont \u00e9t\u00e9 viol\u00e9s, a droit \u00e0 l'octroi d'un recours effectif devant une instance nationale, alors m\u00eame que la violation aurait \u00e9t\u00e9 commise par des personnes agissant dans l'exercice de leurs fonctions officielles ; qu'ainsi, c'\u00e9tait \u00e0 bon droit que le juge des libert\u00e9s et de la d\u00e9tention n'avait pas fait droit \u00e0 la demande de prolongation du pr\u00e9fet, cette d\u00e9cision devant \u00eatre confirm\u00e9e dans toutes ses dispositions ;",
        "1\u00b0) ALORS QUE l'administration n'est tenue d'informer le juge administratif du placement en r\u00e9tention administrative d'un \u00e9tranger que si cette mesure intervient en cours d'instance d'annulation d'un des actes servant de base \u00e0 son \u00e9loignement ; qu'en ayant refus\u00e9 la demande de prolongation de la r\u00e9tention administrative de M. [O], au motif que l'administration n'avait pas inform\u00e9 le tribunal administratif du placement en r\u00e9tention de l'\u00e9tranger, quand cette mesure \u00e9tait intervenue le 7 octobre 2015, tandis que M. [O] avait attaqu\u00e9 les divers actes fondant son \u00e9loignement et la mise \u00e0 ex\u00e9cution de celui-ci -dont l'arr\u00eat\u00e9 de placement en r\u00e9tention-, le 8 octobre suivant, le conseiller d\u00e9l\u00e9gu\u00e9 a viol\u00e9 l'article L. 512-1 du code de l'entr\u00e9e et du s\u00e9jour des \u00e9trangers et du droit d'asile ;",
        "2\u00b0) ALORS QUE l'omission, par l'administration, de notifier au juge administratif, saisi d'un recours en annulation contre une d\u00e9cision administrative fondant l'\u00e9loignement d'un \u00e9tranger, le placement de celui-ci en r\u00e9tention, ne porte pas atteinte \u00e0 son droit \u00e0 un recours \u00e9quitable et effectif ; qu'en jugeant qu'en omettant d'avertir le juge administratif du placement en r\u00e9tention administrative de M. [O], l'administration avait m\u00e9connu son droit \u00e0 un proc\u00e8s effectif et \u00e9quitable, le conseiller d\u00e9l\u00e9gu\u00e9 a viol\u00e9 l'article L. 512-1 du code de l'entr\u00e9e et du s\u00e9jour des \u00e9trangers et du droit d'asile, ensemble les articles 6 et 13 de la Convention europ\u00e9enne des droits de l'homme."
    ]
}