{
    "decision-0": [
        "N\u00b0 D 19-83.477 F-D",
        "N\u00b0 00039",
        "EB2",
        "13 JANVIER 2021",
        "CASSATION",
        "M. SOULARD pr\u00e9sident,",
        "R \u00c9 P U B L I Q U E F R A N \u00c7 A I S E",
        "________________________________________",
        "AU NOM DU PEUPLE FRAN\u00c7AIS",
        "_________________________",
        "ARR\u00caT DE LA COUR DE CASSATION, CHAMBRE CRIMINELLE,",
        "DU 13 JANVIER 2021",
        "Mme L... P..., \u00e9pouse N..., et M. V... N... ont form\u00e9 des pourvois contre l'arr\u00eat de la cour d'appel de Paris - chambre 5-13, en date du 17 avril 2019, qui, notamment pour aide au s\u00e9jour irr\u00e9gulier d'\u00e9trangers ayant pour effet de les soumettre \u00e0 des conditions de vie et d'h\u00e9bergement incompatibles avec la dignit\u00e9 humaine en r\u00e9cidive, soumission de personnes vuln\u00e9rables \u00e0 des conditions d'h\u00e9bergement indignes en r\u00e9cidive, remise \u00e0 disposition de local vacant insalubre en r\u00e9cidive, blanchiment, a condamn\u00e9, la premi\u00e8re \u00e0 un an d'emprisonnement, le second \u00e0 dix-huit mois d'emprisonnement, a ordonn\u00e9 une mesure d'affichage ainsi qu'une mesure de confiscation et a prononc\u00e9 sur les int\u00e9r\u00eats civils.",
        "Les pourvois sont joints en raison de la connexit\u00e9.",
        "Un m\u00e9moire, commun aux demandeurs, a \u00e9t\u00e9 produit.",
        "Sur le rapport de Mme Issenjou, conseiller, les observations de la SCP Lyon-Caen et Thiriez, avocat de Mme L... P..., \u00e9pouse N..., M. V... N..., et les conclusions de Mme Zientara-Logeay, avocat g\u00e9n\u00e9ral, apr\u00e8s d\u00e9bats en l'audience publique du 18 novembre 2020 o\u00f9 \u00e9taient pr\u00e9sents M. Soulard, pr\u00e9sident, Mme Issenjou, conseiller rapporteur, M. Moreau, conseiller de la chambre, Mme Zientara-Logeay, avocat g\u00e9n\u00e9ral, et Mme Guichard, greffier de chambre,",
        "la chambre criminelle de la Cour de cassation, compos\u00e9e en application de l'article 567-1-1 du code de proc\u00e9dure p\u00e9nale, des pr\u00e9sident et conseillers pr\u00e9cit\u00e9s, apr\u00e8s en avoir d\u00e9lib\u00e9r\u00e9 conform\u00e9ment \u00e0 la loi, a rendu le pr\u00e9sent arr\u00eat."
    ],
    "decision-1": [
        "Faits et proc\u00e9dure",
        "1. Il r\u00e9sulte de l'arr\u00eat attaqu\u00e9 et des pi\u00e8ces de proc\u00e9dure ce qui suit.",
        "2. Au d\u00e9but de l'ann\u00e9e 2016, une enqu\u00eate pr\u00e9liminaire a \u00e9t\u00e9 diligent\u00e9e sur les agissements de M. V... N... et de Mme L... N... qui, selon les informations communiqu\u00e9es au procureur de la R\u00e9publique, mettaient \u00e0 disposition aux fins d'habitation, un pavillon insalubre sis [...] frapp\u00e9 de deux arr\u00eat\u00e9s pr\u00e9fectoraux, le premier du 14 octobre 2013 d\u00e9clarant impropres \u00e0 l'habitation les combles et le sous-sol, le second du 21 janvier 2014 enjoignant, sous d\u00e9lai, la r\u00e9alisation de travaux, des proc\u00e8s-verbaux d'infraction pour non-respect de ces arr\u00eat\u00e9s ayant \u00e9t\u00e9 dress\u00e9s les 10 juillet et 19 octobre 2015.",
        "3. Les investigations ont permis d'\u00e9tablir que le pavillon \u00e9tait occup\u00e9 par treize personnes de nationalit\u00e9 \u00e9trang\u00e8re, certaines \u00e9tant d\u00e9munies de titre de s\u00e9jour, lesquelles ont indiqu\u00e9 verser des loyers \u00e0 M. N... et ont d\u00e9nonc\u00e9 les tr\u00e8s mauvaises conditions d'habitation de leur logement.",
        "4. La poursuite des investigations a \u00e9tabli que M. et Mme N... louaient \u00e9galement \u00e0 d'autres \u00e9trangers le garage et les combles de leur propre habitation sise [...] , qu'ils ne d\u00e9claraient leurs revenus fonciers ni \u00e0 l'administration fiscale ni \u00e0 la caisse d'allocations familiales dont ils percevaient pourtant des prestations soumises \u00e0 condition de ressources et qu'ils avaient d\u00e9j\u00e0 \u00e9t\u00e9 condamn\u00e9s le 16 janvier 2015 pour des faits de soumission de personnes vuln\u00e9rables \u00e0 des conditions d'h\u00e9bergement indignes.",
        "5. A l'issue de l'enqu\u00eate, M et Mme N... ont \u00e9t\u00e9 poursuivis devant le tribunal correctionnel notamment des chefs susvis\u00e9s.",
        "6. Par jugement du 28 mars 2017, le tribunal correctionnel a condamn\u00e9 M. N... \u00e0 dix huit mois d'emprisonnement, Mme N... \u00e0 douze mois d'emprisonnement, a ordonn\u00e9 l'affichage du dispositif du jugement et la confiscation du bien immobilier sis [...] . Il a prononc\u00e9 sur les int\u00e9r\u00eats civils en recevant les constitutions de partie civile de la commune d'[...] et de l'une des victimes et en leur allouant diverses indemnit\u00e9s.",
        "7. M. et Mme N..., le procureur de la R\u00e9publique et la commune d'[...] ont form\u00e9 appel du jugement."
    ],
    "decision-2": [
        "Examen des moyens",
        "Sur le premier moyen, pris en sa troisi\u00e8me branche"
    ],
    "decision-3": [
        "8. Il n'est pas de nature \u00e0 permettre l'admission du pourvoi au sens de l'article 567-1-1 du code de proc\u00e9dure p\u00e9nale."
    ],
    "decision-4": [
        "Sur le premier moyen, pris en ses deux premi\u00e8res branches",
        "Enonc\u00e9 du moyen",
        "9. Le moyen reproche \u00e0 l'arr\u00eat attaqu\u00e9 d'avoir, condamn\u00e9 p\u00e9nalement et civilement les \u00e9poux N... pour aide \u00e0 l'entr\u00e9e, \u00e0 la circulation ou au s\u00e9jour irr\u00e9guliers d'un \u00e9tranger en France ou dans l'espace Schengen ayant pour effet de le soumettre \u00e0 des conditions incompatibles avec la dignit\u00e9 humaine en r\u00e9cidive et soumission de plusieurs personnes vuln\u00e9rables ou d\u00e9pendantes \u00e0 des conditions d'h\u00e9bergement indignes et pour perception de somme ou loyer pour l'occupation d'un local ayant fait l'objet d'une mise en demeure ou d'une injonction pour insalubrit\u00e9, dangerosit\u00e9 ou sur-occupation, en r\u00e9cidive et remise \u00e0 disposition de local vacant insalubre, dangereux ou impropre \u00e0 l'habitation en r\u00e9cidive, et pour refus, sans motif l\u00e9gitime et malgr\u00e9 mise en demeure, d'ex\u00e9cuter les mesures prescrites pour rem\u00e9dier \u00e0 l'insalubrit\u00e9 d'un immeuble, alors :",
        "\u00ab 1\u00b0/ que des faits qui proc\u00e8dent de mani\u00e8re indissociable d'une action unique caract\u00e9ris\u00e9e par une seule intention coupable ne peuvent \u00eatre retenus comme \u00e9l\u00e9ment constitutif d'une infraction et circonstance aggravante d'une autre infraction; qu'en retenant les pr\u00e9venus dans les liens de la pr\u00e9vention pour h\u00e9bergement dans des conditions indignes, dans l'immeuble sis [...] , en tant qu'\u00e9l\u00e9ment constitutif du d\u00e9lit de l'article 225-14 du code p\u00e9nal et comme circonstance aggravante du d\u00e9lit de l'article L. 622-5 du code de l'entr\u00e9e et du s\u00e9jour des \u00e9trangers et du droit d'asile, pendant la m\u00eame p\u00e9riode et \u00e0 l'encontre des m\u00eames personnes, la cour d'appel a m\u00e9connu le principe ne bis in idem garanti par l'article 4 du protocole n\u00b07 \u00e0 la Convention europ\u00e9enne des droits de l'homme ;",
        "2\u00b0/ que les faits qui proc\u00e8dent de mani\u00e8re indissociable d'une action unique caract\u00e9ris\u00e9e par une seule intention coupable ne peuvent donner lieu, contre le m\u00eame pr\u00e9venu, \u00e0 deux d\u00e9clarations de culpabilit\u00e9 de nature p\u00e9nale, fussent-elles concomitantes ; qu'en d\u00e9clarant les pr\u00e9venus coupables tant de perception de loyers malgr\u00e9 deux arr\u00eat\u00e9s constatant d'insalubrit\u00e9 du logement et imposant des travaux, incrimin\u00e9 par l'article L. 521-4 alin\u00e9a 3 du code de la construction, en r\u00e9cidive, et pour la remise \u00e0 disposition du m\u00eame logement, malgr\u00e9 le m\u00eame type d'arr\u00eat\u00e9, incrimin\u00e9 par l'article L. 1337-4 III alin\u00e9a 5 du code de la sant\u00e9 publique, qui \u00e9taient indissociables, en ce qu'ils portaient sur le m\u00eame immeuble et, la p\u00e9riode de pr\u00e9vention de l'une couvrant l'autre, la cour d'appel a encore m\u00e9connu le principe ne bis in idem garanti par l'article 4 du protocole n\u00b07 \u00e0 la Convention europ\u00e9enne de sauvegarde des droits de l'homme. \u00bb"
    ],
    "decision-5": [
        "R\u00e9ponse de la Cour",
        "Vu le principe ne bis in idem :",
        "10. Selon ce principe, les faits qui proc\u00e8dent de mani\u00e8re indissociable d'une action unique caract\u00e9ris\u00e9e par une seule intention coupable ne peuvent donner lieu, contre le m\u00eame pr\u00e9venu, \u00e0 deux d\u00e9clarations de culpabilit\u00e9 de nature p\u00e9nale, fussent-elles concomitantes.",
        "11. Pour dire \u00e9tablis, tout d'abord le d\u00e9lit d'aide \u00e0 l'entr\u00e9e, \u00e0 la circulation ou au s\u00e9jour des nomm\u00e9s A... E..., X... G..., C... M..., O... A... F..., T... M..., M. D..., R... A..., U... M..., H... A..., S... J..., avec cette circonstance que les faits ont eu pour effet de soumettre ces \u00e9trangers \u00e0 des conditions de vie, de transport, de travail ou d'h\u00e9bergement incompatibles avec la dignit\u00e9 de la personne humaine, ainsi que celui de soumission de ces m\u00eames personnes vuln\u00e9rables \u00e0 des conditions d'h\u00e9bergement incompatibles avec la dignit\u00e9 humaine, en r\u00e9cidive, ensuite le d\u00e9lit de perception de somme ou loyer pour l'occupation d'un local ayant fait l'objet d'une mise en demeure ou d'une injonction pour insalubrit\u00e9, dangerosit\u00e9 ou sur-occupation, ainsi que celui de remise \u00e0 disposition de local vacant insalubre, dangereux ou impropre \u00e0 l'habitation, en r\u00e9cidive, l'arr\u00eat attaqu\u00e9 \u00e9nonce que le pavillon sis [...] pr\u00e9sentait un \u00e9tat extr\u00eamement d\u00e9grad\u00e9 ayant justifi\u00e9 l'\u00e9diction de deux arr\u00eat\u00e9s pr\u00e9fectoraux d'insalubrit\u00e9 que les pr\u00e9venus domicili\u00e9s en face de l'immeuble ne pouvaient ignorer.",
        "12. Les juges ajoutent que les pr\u00e9venus savaient que l'un des occupants \u00e9tait en situation irr\u00e9guli\u00e8re, qu'ils se sont abstenus, en d\u00e9pit d'arr\u00eat\u00e9s pr\u00e9fectoraux et d'une pr\u00e9c\u00e9dente condamnation prononc\u00e9e le 16 janvier 2015, d'effectuer les travaux auxquels ils \u00e9taient tenus, tout en continuant \u00e0 percevoir des loyers et \u00e0 loger un nombre sans cesse accru d'occupants, lesquels, pour leur majorit\u00e9 en situation irr\u00e9guli\u00e8re sur le territoire national et de grande vuln\u00e9rabilit\u00e9, d\u00e9ploraient l'insalubrit\u00e9 de leur lieu de vie et la prolif\u00e9ration d'insectes et animaux nuisibles.",
        "13. Ils concluent que les pr\u00e9venus n'ignoraient rien des conditions d'habitat impos\u00e9es \u00e0 leurs locataires, incompatibles avec la dignit\u00e9 humaine et qu'ils ont laiss\u00e9 les arr\u00eat\u00e9s pr\u00e9fectoraux destin\u00e9s \u00e0 y rem\u00e9dier, lettre morte.",
        "14. En pronon\u00e7ant ainsi, alors qu'il r\u00e9sulte de ses propres constatations, que dans le cas d'esp\u00e8ce, d'une part les infractions d'aide au s\u00e9jour irr\u00e9gulier d'\u00e9trangers en fournissant des logements ayant pour effet de les soumettre \u00e0 des conditions de vie et d'h\u00e9bergement incompatibles avec la dignit\u00e9 humaine et de soumission de plusieurs personnes vuln\u00e9rables ou d\u00e9pendantes \u00e0 des conditions d'h\u00e9bergement incompatibles avec la dignit\u00e9 humaine, en r\u00e9cidive, proc\u00e8dent, de mani\u00e8re indissociable, d'une action unique caract\u00e9ris\u00e9e par une m\u00eame intention coupable, d'autre part celles de perception de somme ou loyer pour l'occupation d'un local ayant fait l'objet d'une mise en demeure ou d'une injonction pour insalubrit\u00e9, dangerosit\u00e9 ou sur occupation, et de remise \u00e0 disposition de local vacant insalubre, dangereux ou impropre \u00e0 l'habitation, en r\u00e9cidive, proc\u00e8dent \u00e9galement, de mani\u00e8re indissociable, d'une action unique caract\u00e9ris\u00e9e par une m\u00eame intention coupable, la cour d'appel a m\u00e9connu le principe susvis\u00e9.",
        "15. La cassation est en cons\u00e9quence encourue de ce chef."
    ],
    "decision-6": [
        "Et sur le deuxi\u00e8me moyen",
        "Enonc\u00e9 du moyen",
        "16. Le moyen reproche \u00e0 l'arr\u00eat attaqu\u00e9 d'avoir condamn\u00e9 p\u00e9nalement \u00e9poux N... pour blanchiment, alors \u00ab que d'une part, le blanchiment est d\u00e9fini comme le fait de faciliter, par tout moyen, la justification mensong\u00e8re de l'origine des biens ou des revenus de l'auteur d'un crime ou d'un d\u00e9lit ayant procur\u00e9 \u00e0 celui-ci un profit direct ou indirect ou le fait d'apporter un concours \u00e0 une op\u00e9ration de placement, de dissimulation ou de conversion du produit direct ou indirect d'un crime ou un d\u00e9lit ; que, d'autre part, les juges ne peuvent statuer que sur les faits dont ils sont saisis \u00e0 moins que le pr\u00e9venu n'accepte express\u00e9ment d'\u00eatre jug\u00e9 sur des faits distincts de ceux vis\u00e9s \u00e0 la pr\u00e9vention ; qu'en condamnant les pr\u00e9venus poursuivis pour blanchiment par dissimulation \u00e0 l'administration fiscale des loyers per\u00e7us, aux motifs que les pr\u00e9venus n'avaient ni rempli leurs obligations d\u00e9claratives pour la perception des loyers, ni r\u00e9v\u00e9l\u00e9 l'existence de ces loyers \u00e0 la caisse d'allocation familiale, la cour d'appel qui s'est prononc\u00e9e sur des faits qui n'\u00e9taient pas vis\u00e9s \u00e0 la pr\u00e9vention portant sur une dissimulation par d\u00e9faut de d\u00e9claration des loyers per\u00e7us \u00e0 l'administration fiscale, et qui par ailleurs ne caract\u00e9risent pas la dissimulation, par justification mensong\u00e8re des loyers, a viol\u00e9 ensemble les articles 324-1 du code p\u00e9nal et 388 du code de proc\u00e9dure p\u00e9nale. \u00bb"
    ],
    "decision-7": [
        "R\u00e9ponse de la Cour",
        "Vu l'article 324-1 du code p\u00e9nal :",
        "17 Selon ce texte le blanchiment est d\u00e9fini comme le fait de faciliter, par tout moyen, la justification mensong\u00e8re de l'origine des biens ou des revenus de l'auteur d'un crime ou d'un d\u00e9lit ayant procur\u00e9 \u00e0 celui-ci un profit direct ou indirect ou le fait d'apporter un concours \u00e0 une op\u00e9ration de placement, de dissimulation ou de conversion du produit direct ou indirect d'un crime ou un d\u00e9lit.",
        "18. Le juge r\u00e9pressif ne peut d\u00e9clarer un pr\u00e9venu coupable d'une infraction sans en avoir caract\u00e9ris\u00e9 tous les \u00e9l\u00e9ments constitutifs.",
        "19. Pour dire \u00e9tabli le d\u00e9lit de blanchiment de fraude fiscale, l'arr\u00eat attaqu\u00e9 \u00e9nonce que les pr\u00e9venus n'ont pas satisfait aux obligations d\u00e9claratives auxquelles ils \u00e9taient astreints \u00e0 raison de la perception des loyers.",
        "20. Les juges rel\u00e8vent que leurs d\u00e9clarations ont \u00e9t\u00e9 \u00e9maill\u00e9es d'incoh\u00e9rences quant au montant r\u00e9el de leurs ressources, charges et aux conditions selon lesquelles ils ont financ\u00e9 leur patrimoine immobilier.",
        "21. Ils ajoutent qu'afin de b\u00e9n\u00e9ficier de prestations qu'ils n'\u00e9taient pas en droit de percevoir, les pr\u00e9venus ont omis de d\u00e9clarer \u00e0 la caisse d'allocations familiales leurs revenus fonciers.",
        "22. Les juges concluent que les faits de blanchiment par placement, dissimulation ou conversion du produit direct des infractions par eux commises sont \u00e9tablis.",
        "23. En pronon\u00e7ant ainsi, sans autrement caract\u00e9riser l'op\u00e9ration de placement, de dissimulation ou de conversion du produit direct ou indirect des infractions, et alors que le d\u00e9faut de d\u00e9claration \u00e0 l'administration fiscale des loyers per\u00e7us n'\u00e9tait pas vis\u00e9 par la pr\u00e9vention, la cour d'appel n'a pas justifi\u00e9 sa d\u00e9cision.",
        "24. La cassation est en cons\u00e9quence encourue \u00e9galement de ce chef."
    ],
    "decision-8": [
        "PAR CES MOTIFS, et sans qu'il y ait lieu d'examiner les autres moyens propos\u00e9s, la Cour :",
        "CASSE et ANNULE, en toutes ses dispositions, l'arr\u00eat susvis\u00e9 de la cour d'appel de Paris, en date du 17 avril 2019, et pour qu'il soit \u00e0 nouveau jug\u00e9, conform\u00e9ment \u00e0 la loi ;",
        "RENVOIE la cause et les parties devant la cour d'appel de Paris, autrement compos\u00e9e, \u00e0 ce d\u00e9sign\u00e9e par d\u00e9lib\u00e9ration sp\u00e9ciale prise en chambre du conseil ;",
        "ORDONNE l'impression du pr\u00e9sent arr\u00eat, sa transcription sur les registres du greffe de la cour d'appel de Paris et sa mention en marge ou \u00e0 la suite de l'arr\u00eat annul\u00e9 ;",
        "Ainsi fait et jug\u00e9 par la Cour de cassation, chambre criminelle, et prononc\u00e9 par le pr\u00e9sident le treize janvier deux mille vingt et un."
    ]
}