{
    "decision-0": [
        "CIV. 1",
        "CF",
        "COUR DE CASSATION",
        "______________________",
        "Audience publique du 13 janvier 2021",
        "Cassation sans renvoi",
        "Mme BATUT, pr\u00e9sident",
        "Arr\u00eat n\u00b0 48 F-P+I",
        "Pourvoi n\u00b0 Q 19-22.721",
        "R \u00c9 P U B L I Q U E F R A N \u00c7 A I S E",
        "_________________________",
        "AU NOM DU PEUPLE FRAN\u00c7AIS",
        "_________________________",
        "ARR\u00caT DE LA COUR DE CASSATION, PREMI\u00c8RE CHAMBRE CIVILE, DU 13 JANVIER 2021",
        "Le pr\u00e9fet du Bas-Rhin, domicili\u00e9 pr\u00e9fecture du Bas-Rhin, 5 place de la R\u00e9publique, 67000 Strasbourg, a form\u00e9 le pourvoi n\u00b0 Q 19-22.721 contre l'ordonnance rendue le 16 juillet 2019 par le premier pr\u00e9sident de la cour d'appel de Colmar (chambre 6 \u00e9trangers), dans le litige l'opposant \u00e0 M. E... D..., domicili\u00e9 [...] , d\u00e9fendeur \u00e0 la cassation.",
        "Le demandeur invoque, \u00e0 l'appui de son pourvoi, les trois moyens de cassation annex\u00e9s au pr\u00e9sent arr\u00eat.",
        "Le dossier a \u00e9t\u00e9 communiqu\u00e9 au procureur g\u00e9n\u00e9ral.",
        "Sur le rapport de Mme Feydeau-Thieffry, conseiller r\u00e9f\u00e9rendaire, les observations de la SCP Foussard et Froger, avocat du pr\u00e9fet du Bas-Rhin, et l'avis de M. Sassoust, avocat g\u00e9n\u00e9ral, apr\u00e8s d\u00e9bats en l'audience publique du 17 novembre 2020 o\u00f9 \u00e9taient pr\u00e9sentes Mme Batut, pr\u00e9sident, Mme Feydeau-Thieffry, conseiller r\u00e9f\u00e9rendaire rapporteur, Mme Auroy, conseiller doyen, et Mme Berthomier, greffier de chambre,",
        "la premi\u00e8re chambre civile de la Cour de cassation, compos\u00e9e des pr\u00e9sident et conseillers pr\u00e9cit\u00e9s, apr\u00e8s en avoir d\u00e9lib\u00e9r\u00e9 conform\u00e9ment \u00e0 la loi, a rendu le pr\u00e9sent arr\u00eat ;"
    ],
    "decision-1": [
        "Faits et proc\u00e9dure",
        "1. Selon l'ordonnance attaqu\u00e9e, rendue par le premier pr\u00e9sident d'une cour d'appel (Colmar, 16 juillet 2019), M. D..., de nationalit\u00e9 afghane, entr\u00e9 irr\u00e9guli\u00e8rement en France, a d\u00e9pos\u00e9 une demande d'asile le 14 f\u00e9vrier 2019. La consultation du fichier Eurodac a mis en \u00e9vidence qu'il avait pr\u00e9c\u00e9demment introduit une demande de protection internationale en Allemagne. Apr\u00e8s avoir \u00e9t\u00e9 remis aux autorit\u00e9s allemandes le 23 mai, il est revenu sur le sol fran\u00e7ais et a d\u00e9pos\u00e9 une nouvelle demande d'asile le 13 juin. Le 12 juillet, le pr\u00e9fet a notifi\u00e9 \u00e0 M. D... deux arr\u00eat\u00e9s, l'un portant remise aux autorit\u00e9s allemandes, l'autre placement en r\u00e9tention.",
        "2. Le juge des libert\u00e9s et de la d\u00e9tention a \u00e9t\u00e9 saisi, par l'\u00e9tranger, d'une requ\u00eate en contestation de la r\u00e9gularit\u00e9 de la d\u00e9cision et par le pr\u00e9fet, d'une demande en prolongation de la mesure."
    ],
    "decision-2": [
        "Examen des moyens",
        "Sur le troisi\u00e8me moyen, pris en sa premi\u00e8re branche",
        "Enonc\u00e9 du moyen",
        "3. Le pr\u00e9fet du Bas-Rhin fait grief \u00e0 l'ordonnance d'annuler la d\u00e9cision du 12 juillet 2019 ayant plac\u00e9 M. D... en r\u00e9tention et de d\u00e9cider la remise en libert\u00e9 de celui-ci, alors \u00ab que le risque non n\u00e9gligeable de fuite est caract\u00e9ris\u00e9, aux termes de l'article L. 551-1 du code de l'entr\u00e9e et du s\u00e9jour des \u00e9trangers et du droit d'asile, si l'\u00e9tranger est de nouveau pr\u00e9sent sur le territoire fran\u00e7ais apr\u00e8s l'ex\u00e9cution effective d'une mesure de transfert ; qu'en retenant que M. D..., quand ils constataient que ce dernier, apr\u00e8s avoir \u00e9t\u00e9 remis aux autorit\u00e9s allemandes, \u00e9tait revenu irr\u00e9guli\u00e8rement sur le territoire fran\u00e7ais, le magistrat d\u00e9l\u00e9gataire du premier pr\u00e9sident a viol\u00e9 l'article L. 551-1 du code de l'entr\u00e9e et du s\u00e9jour des \u00e9trangers et du droit d'asile. \u00bb"
    ],
    "decision-3": [
        "R\u00e9ponse de la Cour",
        "Vu l'article L. 551-1, II, du code de l'entr\u00e9e et du s\u00e9jour des \u00e9trangers et du droit d'asile :",
        "4. Selon ce texte, l'\u00e9tranger qui fait l'objet d'une d\u00e9cision de transfert vers un autre Etat, responsable de l'examen de sa demande d'asile, ne peut \u00eatre plac\u00e9 en r\u00e9tention que pour pr\u00e9venir un risque non n\u00e9gligeable de fuite, et uniquement dans la mesure o\u00f9 le placement en r\u00e9tention est proportionn\u00e9 et si les conditions d'une assignation \u00e0 r\u00e9sidence ne sont pas remplies. Le risque non n\u00e9gligeable de fuite peut, sauf circonstance particuli\u00e8re, \u00eatre regard\u00e9 comme \u00e9tabli notamment si l'\u00e9tranger est de nouveau pr\u00e9sent sur le territoire fran\u00e7ais apr\u00e8s l'ex\u00e9cution effective d'une mesure de transfert.",
        "5. Pour annuler la d\u00e9cision du 12 juillet 2019 ayant plac\u00e9 M. D... en r\u00e9tention et ordonner la remise en libert\u00e9 de l'int\u00e9ress\u00e9, l'ordonnance retient que celui-ci n'a jamais fait obstacle \u00e0 une mesure d'\u00e9loignement, qu'une pr\u00e9c\u00e9dente d\u00e9cision de remise aux autorit\u00e9s allemandes a pu \u00eatre ex\u00e9cut\u00e9e et que l'int\u00e9ress\u00e9 a r\u00e9pondu \u00e0 la convocation de la pr\u00e9fecture du Bas-Rhin remise le 13 juin 2019.",
        "6. En statuant ainsi, alors qu'il avait constat\u00e9 que M. D... \u00e9tait de nouveau pr\u00e9sent sur le territoire fran\u00e7ais apr\u00e8s ex\u00e9cution effective d'une mesure de transfert vers l'Allemagne, le premier pr\u00e9sident, qui n'a fait \u00e9tat d'aucune circonstance particuli\u00e8re, a viol\u00e9 le texte susvis\u00e9."
    ],
    "decision-4": [
        "Et sur le troisi\u00e8me moyen, pris en sa troisi\u00e8me branche",
        "Enonc\u00e9 du moyen",
        "7. Le pr\u00e9fet du Bas-Rhin fait le m\u00eame grief \u00e0 l'ordonnance, alors \u00ab que le placement en r\u00e9tention est justifi\u00e9 lorsque les dispositions relatives \u00e0 l'assignation \u00e0 r\u00e9sidence ne peuvent \u00eatre appliqu\u00e9es ; que dans le cadre de son appel, M. D... ne faisait pas \u00e9tat d'une r\u00e9sidence en France ; qu'en s'abstenant de viser l'existence d'une pi\u00e8ce, \u00e9tablissant l'existence de cette r\u00e9sidence et soumise au d\u00e9bat contradictoire, le magistrat d\u00e9l\u00e9gataire du premier pr\u00e9sident a viol\u00e9 l'article 455 du code de proc\u00e9dure civile. \u00bb"
    ],
    "decision-5": [
        "R\u00e9ponse de la Cour",
        "Vu l'article 455 du code de proc\u00e9dure civile :",
        "8. Selon ce texte, tout jugement doit \u00eatre motiv\u00e9.",
        "9. Pour statuer comme elle le fait, l'ordonnance se borne \u00e0 \u00e9noncer que M. D... dispose manifestement d'une adresse en France o\u00f9 il peut \u00eatre joint.",
        "10. En se d\u00e9terminant ainsi, sans mentionner les \u00e9l\u00e9ments de preuve sur lesquels il fondait sa d\u00e9cision, le premier pr\u00e9sident n'a pas satisfait aux exigences du texte susvis\u00e9.",
        "Port\u00e9e et cons\u00e9quences de la cassation",
        "11. Apr\u00e8s avis donn\u00e9 aux parties, conform\u00e9ment \u00e0 l'article 1015 du code de proc\u00e9dure civile, il est fait application des articles L. 411-3, alin\u00e9a 1, du code de l'organisation judiciaire et 627 du code de proc\u00e9dure civile.",
        "12. La cassation prononc\u00e9e n'implique pas, en effet, qu'il soit \u00e0 nouveau statu\u00e9 sur le fond, d\u00e8s lors que, les d\u00e9lais l\u00e9gaux pour statuer sur la mesure \u00e9tant expir\u00e9s, il ne reste plus rien \u00e0 juger."
    ],
    "decision-6": [
        "PAR CES MOTIFS, et sans qu'il y ait lieu de statuer sur les autres griefs, la Cour :",
        "CASSE ET ANNULE, en toutes ses dispositions, l'ordonnance rendue le 16 juillet 2019, entre les parties, par le premier pr\u00e9sident de la cour d'appel de Colmar ;",
        "DIT n'y avoir lieu \u00e0 renvoi ;",
        "En application de l'article 700 du code de proc\u00e9dure civile, rejette la demande ;",
        "Dit que sur les diligences du procureur g\u00e9n\u00e9ral pr\u00e8s la Cour de cassation, le pr\u00e9sent arr\u00eat sera transmis pour \u00eatre transcrit en marge ou \u00e0 la suite de l'ordonnance cass\u00e9e ;",
        "Ainsi fait et jug\u00e9 par la Cour de cassation, premi\u00e8re chambre civile, et prononc\u00e9 par le pr\u00e9sident en son audience publique du treize janvier deux mille vingt et un."
    ],
    "decision-7": [
        "MOYENS ANNEXES au pr\u00e9sent arr\u00eat",
        "Moyens produits par la SCP Foussard et Froger, avocat aux Conseils, pour le pr\u00e9fet du Bas-Rhin",
        "PREMIER MOYEN DE CASSATION",
        "L'ordonnance attaqu\u00e9e encourt la censure ;",
        "EN CE QU'elle a infirm\u00e9 l'ordonnance du 14 juillet 2019, annul\u00e9 la d\u00e9cision du pr\u00e9fet du Bas-Rhin du 12 juillet 2049 ayant plac\u00e9 Monsieur D... en r\u00e9tention et ordonn\u00e9 la remise en libert\u00e9 de l'int\u00e9ress\u00e9 ;",
        "AUX MOTIFS TOUT D'ABORD QU' \u00ab outre le visa des textes applicables, la d\u00e9cision de placement de M. E... D... en r\u00e9tention administrative mentionne express\u00e9ment, en son quatri\u00e8me consid\u00e9rant, qu'elle est prise en application des articles L. 551-1 II, L. 561-21 et L. 551-1 du code de l'entr\u00e9e et du s\u00e9jour des \u00e9trangers et du droit d'asile ; que le troisi\u00e8me consid\u00e9rant de cette d\u00e9cision pr\u00e9cise les circonstances de fait retenus par le pr\u00e9fet pour faire application du 2\u00b0, du 3\u00b0 et du 7\u00b0 de l'article L. 551-1 II de ce code ; que M. E... D... soutient donc \u00e0 tort que la d\u00e9cision de placement en r\u00e9tention ne serait pas suffisamment motiv\u00e9e en droit ; que cependant, selon l'article-L. 55-1 II dont le pr\u00e9fet a fait application, dans le cas pr\u00e9vu au 1\u00b0 bis du I de l'article L.561-2, l'\u00e9tranger ne peut \u00eatre plac\u00e9 en r\u00e9tention que pour pr\u00e9venir un risque non n\u00e9gligeable de fuite et uniquement dans la mesure o\u00f9 le placement en r\u00e9tention est proportionn\u00e9 et si les dispositions, du m\u00eame article L. 561-2 ne peuvent \u00eatre effectivement appliqu\u00e9es ; qu'en l'esp\u00e8ce la d\u00e9cision de placement en. r\u00e9tention administrative explicite les raisons pour lesquelles il existe un risque non n\u00e9gligeable de fuite au sens de l'article L.55-1 II, mais qu'elle ne pr\u00e9cise pas les circonstances de fait particuli\u00e8res \u00e0 l'esp\u00e8ce qui feraient appara\u00eetre que le placement en r\u00e9tention serait proportionn\u00e9 ni celles permettant de consid\u00e9rer que les dispositions de l'article L, 561-2 ne peuvent \u00eatre effectivement appliqu\u00e9es, notamment lorsqu'elle affirme, sans se r\u00e9f\u00e9rer \u00e2 aucun \u00e9l\u00e9ment de fait pr\u00e9cis, que l'int\u00e9ress\u00e9 ne peut plus \u00eatre assign\u00e9 \u00e0 r\u00e9sidence \u00bb ;",
        "ET AUX MOTIFS ENSUITE QUE \u00ab selon l'article L. 551-1 II du code de l'entr\u00e9e et du s\u00e9jour des \u00e9trangers et du droit d'asile, l'\u00e9tranger ne peut \u00eatre plac\u00e9 en r\u00e9tention que pour pr\u00e9venir un risque non n\u00e9gligeable de fuite et uniquement dans la mesure curie placement en r\u00e9tention est proportionn\u00e9 et si les dispositions du m\u00eame article L 561-2 ne peuvent \u00eatre effectivement appliqu\u00e9es ; qu'en l'esp\u00e8ce que M. E... D... n'a jamais fait obstacle \u00e2 une mesure d'\u00e9loignement et qu'une pr\u00e9c\u00e9dente d\u00e9cision de remise aux autorit\u00e9s allemandes avait pu \u00eatre ex\u00e9cut\u00e9e ; que M. E... D... a r\u00e9pondu \u00e0 la convocation qui lui avait \u00e9t\u00e9 remise le 13 juin 2019 ; que le pr\u00e9fet a d\u00e8s lors commis une erreur manifeste d'appr\u00e9ciation eu consid\u00e9rant que les trois conditions cumulatives pos\u00e9es par les dispositions rappel\u00e9es ci-dessus \u00e9taient r\u00e9unies, alors que M, E... D... dispose manifestement d'une adresse en France o\u00f9 il peut \u00eatre joint et qu'il n'a jamais manifest\u00e9 sa volont\u00e9 de se soustraire aux mesures administratives prises \u00e0 son encontre \u00bb ;",
        "ALORS QUE, une d\u00e9cision administrative individuelle d\u00e9favorable est consid\u00e9r\u00e9e comme motiv\u00e9e d\u00e8s lors qu'elle comporte l'\u00e9nonc\u00e9 des consid\u00e9rations de droit et de fait qui en constituent le fondement ; qu'ainsi, il suffit que les \u00e9l\u00e9ments de fait et de droit au vu desquels l'autorit\u00e9 administrative s'est d\u00e9cid\u00e9e soient \u00e9nonc\u00e9s sans qu'il soit besoin que la d\u00e9cision s'explique formellement en fait et en droit sur chacune des conditions pos\u00e9es par les r\u00e8gles pertinentes ; qu'en l'esp\u00e8ce, la d\u00e9cision du 12 septembre 2019 mentionnait les r\u00e8gles au vu desquelles la r\u00e9tention \u00e9tait d\u00e9cid\u00e9e, puis \u00e9non\u00e7ait un certain nombre de circonstances de fait, propres \u00e0 l'esp\u00e8ce, \u00e0 l'effet de justifier en fait la r\u00e9tention ; qu'en d\u00e9cidant dans ces conditions qu'elle devait \u00eatre annul\u00e9e pour d\u00e9faut de motivation, le Magistrat d\u00e9l\u00e9gataire du Premier pr\u00e9sident de la Cour d'appel a viol\u00e9 les articles L. 211-2 et L. 211-5 du Code des relations entre le public et l'administration.",
        "DEUXIEME MOYEN DE CASSATION",
        "L'ordonnance attaqu\u00e9e encourt la censure ;",
        "EN CE QU'elle a infirm\u00e9 l'ordonnance du 14 juillet 2019, annul\u00e9 la d\u00e9cision du pr\u00e9fet du Bas-Rhin du 12 juillet 2049 ayant plac\u00e9 Monsieur D... en r\u00e9tention et ordonn\u00e9 la remise en libert\u00e9 de l'int\u00e9ress\u00e9 ;",
        "AUX MOTIFS TOUT D'ABORD QU' \u00ab outre le visa des textes applicables, la d\u00e9cision de placement de M. E... D... en r\u00e9tention administrative mentionne express\u00e9ment, en son quatri\u00e8me consid\u00e9rant, qu'elle est prise en application des articles L. 551-1 II, L. 561-21 et L. 551-1 du code de l'entr\u00e9e et du s\u00e9jour des \u00e9trangers et du droit d'asile ; que le troisi\u00e8me consid\u00e9rant de cette d\u00e9cision pr\u00e9cise les circonstances de fait retenus par le pr\u00e9fet pour faire application du 2\u00b0, du 3\u00b0 et du 7\u00b0 de l'article L. 551-1 II de ce code ; que M. E... D... soutient donc \u00e0 tort que la d\u00e9cision de placement en r\u00e9tention ne serait pas suffisamment motiv\u00e9e en droit ; que cependant, selon l'article L. 551-1 II dont le pr\u00e9fet a fait application, dans le cas pr\u00e9vu au 1\u00b0 bis du I de l'article L.561-2, l'\u00e9tranger ne peut \u00eatre plac\u00e9 en r\u00e9tention que pour pr\u00e9venir un risque non n\u00e9gligeable de fuite et uniquement dans la mesure o\u00f9 le placement en r\u00e9tention est proportionn\u00e9 et si les dispositions, du m\u00eame article L. 561-2 ne peuvent \u00eatre effectivement appliqu\u00e9es ; qu'en l'esp\u00e8ce la d\u00e9cision de placement en. r\u00e9tention administrative explicite les raisons pour lesquelles il existe un risque non n\u00e9gligeable de fuite au sens de l'article L.55-1 II, mais qu'elle ne pr\u00e9cise pas les circonstances de fait particuli\u00e8res \u00e0 l'esp\u00e8ce qui feraient appara\u00eetre que le placement en r\u00e9tention serait proportionn\u00e9 ni celles permettant de consid\u00e9rer que les dispositions de l'article L, 561-2 ne peuvent \u00eatre effectivement appliqu\u00e9es, notamment lorsqu'elle affirme, sans se r\u00e9f\u00e9rer \u00e2 aucun \u00e9l\u00e9ment de fait pr\u00e9cis, que l'int\u00e9ress\u00e9 ne peut plus \u00eatre assign\u00e9 \u00e0 r\u00e9sidence \u00bb ;",
        "ET AUX MOTIFS ENSUITE QUE \u00ab selon l'article L. 551-1 II du code de l'entr\u00e9e et du s\u00e9jour des \u00e9trangers et du droit d'asile, l'\u00e9tranger ne peut \u00eatre plac\u00e9 en r\u00e9tention que pour pr\u00e9venir un risque non n\u00e9gligeable de fuite et uniquement dans la mesure curie placement en r\u00e9tention est proportionn\u00e9 et si les dispositions du m\u00eame article L 561-2 ne peuvent \u00eatre effectivement appliqu\u00e9es ; qu'en l'esp\u00e8ce que M. E... D... n'a jamais fait obstacle \u00e2 une mesure d'\u00e9loignement et qu'une pr\u00e9c\u00e9dente d\u00e9cision de remise aux autorit\u00e9s allemandes avait pu \u00eatre ex\u00e9cut\u00e9e ; que M. E... D... a r\u00e9pondu \u00e0 la convocation qui lui avait \u00e9t\u00e9 remise le 13 juin 2019 ; que le pr\u00e9fet a d\u00e8s lors commis une erreur manifeste d'appr\u00e9ciation eu consid\u00e9rant que les trois conditions cumulatives pos\u00e9es par les dispositions rappel\u00e9es ci-dessus \u00e9taient r\u00e9unies, alors que M, E... D... dispose manifestement d'une adresse en France o\u00f9 il peut \u00eatre joint et qu'il n'a jamais manifest\u00e9 sa volont\u00e9 de se soustraire aux mesures administratives prises \u00e0 son encontre \u00bb ;",
        "ALORS QUE, PREMIEREMENT, une d\u00e9cision administrative individuelle d\u00e9favorable est consid\u00e9r\u00e9e comme motiv\u00e9e d\u00e8s lors qu'elle comporte l'\u00e9nonc\u00e9 des consid\u00e9rations de droit et de fait qui en constituent le fondement ; qu'en s'abstenant de rechercher si la d\u00e9cision n'\u00e9tait pas motiv\u00e9e, s'agissant du principe de proportion, d\u00e8s lors qu'il \u00e9tait constat\u00e9 que Monsieur D... \u00e9tait de nouveau entr\u00e9 irr\u00e9guli\u00e8rement sur le territoire fran\u00e7ais, apr\u00e8s une premi\u00e8re r\u00e9admission en Allemagne, qu'il s'y \u00e9tait maintenu sans document ou visa exig\u00e9 par les textes en vigueur, que l'autorit\u00e9 allemande a fait conna\u00eetre son accord pour le reprendre en charge et qu'il est c\u00e9libataire et sans charge de famille, le Magistrat d\u00e9l\u00e9gataire du Premier pr\u00e9sident de la Cour d'appel a priv\u00e9 sa d\u00e9cision de base l\u00e9gale au regard des articles L. 211-2 et L. 211-5 du Code des relations entre le public et l'administration ;",
        "ALORS QUE, DEUXIEMEMENT, faute d'avoir recherch\u00e9 si, s'agissant de l'absence de r\u00e9sidence en France, l'administration n'avait pas suffisamment motiv\u00e9 sa d\u00e9cision en \u00e9non\u00e7ant que Monsieur D... ne pouvait se pr\u00e9valoir d'une vie priv\u00e9e en France stable, le Magistrat d\u00e9l\u00e9gataire du Premier pr\u00e9sident de la Cour d'appel a de nouveau priv\u00e9 sa d\u00e9cision de base l\u00e9gale au regard des articles L. 211-2 et L. 211-5 du Code des relations entre le public et l'administration.",
        "TROISIEME MOYEN DE CASSATION",
        "L'ordonnance attaqu\u00e9e encourt la censure ;",
        "EN CE QU'elle a infirm\u00e9 l'ordonnance du 14 juillet 2019, annul\u00e9 la d\u00e9cision du pr\u00e9fet du Bas-Rhin du 12 juillet 2049 ayant plac\u00e9 Monsieur D... en r\u00e9tention et ordonn\u00e9 la remise en libert\u00e9 de l'int\u00e9ress\u00e9 ;",
        "AUX MOTIFS TOUT D'ABORD QUE \u00ab outre le visa des textes applicables, la d\u00e9cision de placement de M. E... D... en r\u00e9tention administrative mentionne express\u00e9ment, en son quatri\u00e8me consid\u00e9rant, qu'elle est prise en application des articles L. 551-1 II, L. 561-21 et L. 551-1 du code de l'entr\u00e9e et du s\u00e9jour des \u00e9trangers et du droit d'asile ; que le troisi\u00e8me consid\u00e9rant de cette d\u00e9cision pr\u00e9cise les circonstances de fait retenus par le pr\u00e9fet pour faire application du 2\u00b0, du 3\u00b0 et du 7\u00b0 de l'article L. 551-1 II de ce code ; que M. E... D... soutient donc \u00e0 tort que la d\u00e9cision de placement en r\u00e9tention ne serait pas suffisamment motiv\u00e9e en droit ; que cependant, selon l'article-L. 55-1 II dont le pr\u00e9fet a fait application, dans le cas pr\u00e9vu au 1\u00b0 bis du I de l'article L.561-2, l'\u00e9tranger ne peut \u00eatre plac\u00e9 en r\u00e9tention que pour pr\u00e9venir un risque non n\u00e9gligeable de fuite et uniquement dans la mesure o\u00f9 le placement en r\u00e9tention est proportionn\u00e9 et si les dispositions, du m\u00eame article L. 561-2 ne peuvent \u00eatre effectivement appliqu\u00e9es ; qu'en l'esp\u00e8ce la d\u00e9cision de placement en. r\u00e9tention administrative explicite les raisons pour lesquelles il existe un risque non n\u00e9gligeable de fuite au sens de l'article L.55-1 II, mais qu'elle ne pr\u00e9cise pas les circonstances de fait particuli\u00e8res \u00e0 l'esp\u00e8ce qui feraient appara\u00eetre que le placement en r\u00e9tention serait proportionn\u00e9 ni celles permettant de consid\u00e9rer que les dispositions de l'article L, 561-2 ne peuvent \u00eatre effectivement appliqu\u00e9es, notamment lorsqu'elle affirme, sans se r\u00e9f\u00e9rer \u00e2 aucun \u00e9l\u00e9ment de fait pr\u00e9cis, que l'int\u00e9ress\u00e9 ne peut plus \u00eatre assign\u00e9 \u00e0 r\u00e9sidence \u00bb ;",
        "ET AUX MOTIFS ENSUITE QUE \u00ab selon l'article L. 551-1 II du code de l'entr\u00e9e et du s\u00e9jour des \u00e9trangers et du droit d'asile, l'\u00e9tranger ne peut \u00eatre plac\u00e9 en r\u00e9tention que pour pr\u00e9venir un risque non n\u00e9gligeable de fuite et uniquement dans la mesure curie placement en r\u00e9tention est proportionn\u00e9 et si les dispositions du m\u00eame article L 561-2 ne peuvent \u00eatre effectivement appliqu\u00e9es ; qu'en l'esp\u00e8ce que M. E... D... n'a jamais fait obstacle \u00e2 une mesure d'\u00e9loignement et qu'une pr\u00e9c\u00e9dente d\u00e9cision de remise aux autorit\u00e9s allemandes avait pu \u00eatre ex\u00e9cut\u00e9e ; que M. E... D... a r\u00e9pondu \u00e0 la convocation qui lui avait \u00e9t\u00e9 remise le 13 juin 2019 ; que le pr\u00e9fet a d\u00e8s lors commis une erreur manifeste d'appr\u00e9ciation eu consid\u00e9rant que les trois conditions cumulatives pos\u00e9es par les dispositions rappel\u00e9es ci-dessus \u00e9taient r\u00e9unies, alors que M, E... D... dispose manifestement d'une adresse en France o\u00f9 il peut \u00eatre joint et qu'il n'a jamais manifest\u00e9 sa volont\u00e9 de se soustraire aux mesures administratives prises \u00e0 son encontre \u00bb ;",
        "ALORS QUE, PREMIEREMENT, le risque non n\u00e9gligeable de fuite est caract\u00e9ris\u00e9, aux termes de l'article L.551-1 du Code de l'entr\u00e9e et du s\u00e9jour des \u00e9trangers et du droit d'asile, si l'\u00e9tranger est de nouveau pr\u00e9sent sur le territoire fran\u00e7ais apr\u00e8s l'ex\u00e9cution effective d'une mesure de transfert ; qu'en retenant que Monsieur D..., quand ils constataient que ce dernier, apr\u00e8s avoir \u00e9t\u00e9 remis aux autorit\u00e9s allemandes, \u00e9tait revenu irr\u00e9guli\u00e8rement sur le territoire fran\u00e7ais, le Magistrat d\u00e9l\u00e9gataire du Premier pr\u00e9sident a viol\u00e9 l'article L.551-1 du Code de l'entr\u00e9e et du s\u00e9jour des \u00e9trangers et du droit d'asile ;",
        "ALORS QUE, DEUXIEMEMENT, le risque non n\u00e9gligeable de fuite, aux termes du texte, est caract\u00e9ris\u00e9, aux termes de l'article L.551-1 du Code de l'entr\u00e9e et du s\u00e9jour des \u00e9trangers et du droit d'asile, dans certains nombres d'hypoth\u00e8ses et notamment si l'\u00e9tranger a \u00e9t\u00e9 d\u00e9bout\u00e9 de sa demande d'asile dans l'Etat membre responsable, si l'\u00e9tranger est de nouveau pr\u00e9sent sur le territoire fran\u00e7ais apr\u00e8s l'ex\u00e9cution effective d'une mesure de transfert, si l'\u00e9tranger a dissimul\u00e9 des \u00e9l\u00e9ments de son identit\u00e9 ou si l'\u00e9tranger a explicitement d\u00e9clar\u00e9 son intention de ne pas se conformer \u00e0 la proc\u00e9dure de d\u00e9termination de l'Etat responsable de l'examen de sa demande d'asile ou \u00e0 la proc\u00e9dure de transfert ; que faute d'avoir recherch\u00e9 si le fait pour Monsieur D..., apr\u00e8s avoir \u00e9t\u00e9 remis aux autorit\u00e9s allemandes, de revenir irr\u00e9guli\u00e8rement sur le territoire fran\u00e7ais, d'avoir \u00e9t\u00e9 d\u00e9bout\u00e9 de sa demande d'asile en Allemagne, d'avoir dissimul\u00e9 des \u00e9l\u00e9ments de son identifi\u00e9 et de manifester sa volont\u00e9 de ne pas retourner en Allemagne ne r\u00e9v\u00e9lait pas un risque non n\u00e9gligeable de fuite, le Magistrat d\u00e9l\u00e9gataire du Premier pr\u00e9sident a priv\u00e9 sa d\u00e9cision de base l\u00e9gale au regard de l'article L.551-1 du Code de l'entr\u00e9e et du s\u00e9jour des \u00e9trangers et du droit d'asile ;",
        "ALORS QUE, TROISIEMEMENT, le placement en r\u00e9tention est justifi\u00e9 lorsque les dispositions relatives \u00e0 l'assignation \u00e0 r\u00e9sidence ne peuvent \u00eatre appliqu\u00e9es ; que dans le cadre de son appel, Monsieur D... ne faisait pas \u00e9tat d'une r\u00e9sidence en France ; qu'en s'abstenant de viser l'existence d'une pi\u00e8ce, \u00e9tablissant l'existence de cette r\u00e9sidence et soumise au d\u00e9bat contradictoire, le Magistrat d\u00e9l\u00e9gataire du Premier pr\u00e9sident a viol\u00e9 l'article 455 du Code de proc\u00e9dure civile ;",
        "ALORS QUE, QUATRIEMEMENT, c'est une chose que de disposer d'une r\u00e9sidence, autrement dit d'un logement o\u00f9 l'on peut vivre, et c'en est une autre que de disposer d'une adresse o\u00f9 l'on peut \u00eatre joint ; qu'en se bornant \u00e0 indiquer que Monsieur D... disposait d'une adresse en France o\u00f9 il pouvait \u00eatre joint, le Magistrat d\u00e9l\u00e9gataire du Premier pr\u00e9sident a priv\u00e9 sa d\u00e9cision de base l\u00e9gale au regard des articles L. 551-1 II et L. 561-2 du Code de l'entr\u00e9e et du s\u00e9jour des \u00e9trangers et du droit d'asile."
    ]
}