{
    "decision-0": [
        "N\u00b0 X 20-81.359 FS-P+B+I",
        "N\u00b0 101",
        "RB5",
        "13 JANVIER 2021",
        "CASSATION SANS RENVOI",
        "M. SOULARD pr\u00e9sident,",
        "R \u00c9 P U B L I Q U E F R A N \u00c7 A I S E",
        "________________________________________",
        "AU NOM DU PEUPLE FRAN\u00c7AIS",
        "_________________________",
        "ARR\u00caT DE LA COUR DE CASSATION, CHAMBRE CRIMINELLE,",
        "DU 13 JANVIER 2021",
        "CASSATION sur le pourvoi form\u00e9 par M. T... M... contre l'arr\u00eat de la chambre de l'instruction de la cour d'appel de Chamb\u00e9ry, en date du 30 janvier 2020, qui, sur la demande d'extradition pr\u00e9sent\u00e9e par le gouvernement albanais, a \u00e9mis un avis favorable.",
        "Un m\u00e9moire a \u00e9t\u00e9 produit.",
        "Sur le rapport de M. Gu\u00e9ry, conseiller, les observations de la SCP Waquet, Farge et Hazan, avocat de M. T... M..., et les conclusions de Mme Mathieu, avocat g\u00e9n\u00e9ral, apr\u00e8s d\u00e9bats en l'audience publique du 16 d\u00e9cembre 2020 o\u00f9 \u00e9taient pr\u00e9sents M. Soulard, pr\u00e9sident, M. Gu\u00e9ry, conseiller rapporteur, M. Moreau, Mme Drai, M. de Larosi\u00e8re de Champfeu, Mme Slove, M. Gu\u00e9ry, Mmes Sudre, Issenjou, M. Turbeaux, conseillers de la chambre, Mmes Carbonaro, Barb\u00e9, M. Mallard, conseillers r\u00e9f\u00e9rendaires, Mme Mathieu, avocat g\u00e9n\u00e9ral, et Mme Boudalia, greffier de chambre,",
        "la chambre criminelle de la Cour de cassation, compos\u00e9e des pr\u00e9sident et conseillers pr\u00e9cit\u00e9s, apr\u00e8s en avoir d\u00e9lib\u00e9r\u00e9 conform\u00e9ment \u00e0 la loi, a rendu le pr\u00e9sent arr\u00eat."
    ],
    "decision-1": [
        "Faits et proc\u00e9dure",
        "1. Il r\u00e9sulte de l'arr\u00eat attaqu\u00e9 et des pi\u00e8ces de la proc\u00e9dure ce qui suit.",
        "2. Le 29 octobre 2019, M. T... M..., ressortissant albanais, a \u00e9t\u00e9 interpell\u00e9 \u00e0 Annecy en ex\u00e9cution d'une fiche de recherches relative \u00e0 une demande d'arrestation provisoire des autorit\u00e9s albanaises aux fins d'ex\u00e9cution d'une peine de quatre ans et huit mois d'emprisonnement avec sursis et mise \u00e0 l'\u00e9preuve prononc\u00e9e par le tribunal de premi\u00e8re Instance de Kukes le 9 novembre 2015 et confirm\u00e9 par arr\u00eat de la cour d'appel de Shkod\u00ebr le 13 mars 2017, pour production et vente de stup\u00e9fiants, faits commis \u00e0 Krume (Albanie) le 3 mai 2015.",
        "3. Le sursis a \u00e9t\u00e9 r\u00e9voqu\u00e9 par jugement du m\u00eame tribunal, du 15 janvier 2018, confirm\u00e9 par arr\u00eat de la cour d'appel de Shkod\u00ebr le 1er novembre 2018.",
        "4. La demande d'arrestation provisoire a \u00e9t\u00e9 notifi\u00e9e \u00e0 l'int\u00e9ress\u00e9 le 30 octobre 2019. M. M... a d\u00e9clar\u00e9 s'opposer \u00e0 son extradition. Il a \u00e9t\u00e9 plac\u00e9 sous contr\u00f4le judiciaire."
    ],
    "decision-2": [
        "Examen des moyens",
        "Sur le premier moyen",
        "Enonc\u00e9 du moyen",
        "5. Le moyen critique l'arr\u00eat attaqu\u00e9 en ce qu'il a constat\u00e9 d'une part que M. M... a comparu \u00ab avec le concours d'un interpr\u00e8te en langue albanaise, Mme P... Q... inscrite sur la liste des experts de la cour d'appel \u00bb (arr\u00eat p. 1), et d'autre part qu'il a \u00e9t\u00e9 entendu en ses explications \u00ab avec le concours de Mme X... W..., interpr\u00e8te \u00bb (arr\u00eat p. 2), alors \u00ab que la chambre de l'instruction, dont les constatations contradictoires ne permettent pas de s'assurer de l'identit\u00e9 de l'interpr\u00e8te ayant assist\u00e9 M. M... \u00e0 l'audience ni ne permettent de s'assurer que celle-ci \u00e9tait inscrite sur la liste des experts ou aurait r\u00e9guli\u00e8rement pr\u00eat\u00e9 serment, a priv\u00e9 sa d\u00e9cision de base l\u00e9gale au regard des articles 6, \u00a7 3, de la Convention europ\u00e9enne des droits de l'homme, pr\u00e9liminaire et 696-13 du code de proc\u00e9dure p\u00e9nale, de sorte que l'arr\u00eat ne r\u00e9unit pas, en la forme, les conditions essentielles de son existence l\u00e9gale. \u00bb"
    ],
    "decision-3": [
        "R\u00e9ponse de la Cour",
        "6. L'arr\u00eat \u00e9nonce tout d'abord que les d\u00e9bats ont \u00e9t\u00e9 tenus avec le concours d'un interpr\u00e8te en langue albanaise, Mme P... Q..., inscrite sur la liste des experts de la cour d'appel.",
        "7. Plus loin, \u00e0 deux reprises, l'arr\u00eat fait mention du concours de Mme X... W..., interpr\u00e8te en langue albanaise.",
        "8. L'arr\u00eat n'encourt n\u00e9anmoins pas la censure, la Cour de cassation \u00e9tant en mesure de s'assurer que les deux interpr\u00e8tes pr\u00e9cit\u00e9es \u00e9taient inscrites sur la liste des experts pr\u00e8s la cour d'appel de Chamb\u00e9ry, \u00e9tablie pour l'ann\u00e9e 2020.",
        "9. D\u00e8s lors, le moyen doit \u00eatre \u00e9cart\u00e9."
    ],
    "decision-4": [
        "Mais sur le troisi\u00e8me moyen",
        "10. Le moyen critique l'arr\u00eat attaqu\u00e9 en ce qu'il a donn\u00e9 un avis favorable \u00e0 l'extradition de M. M... alors :",
        "\u00ab 1\u00b0/ que les principes g\u00e9n\u00e9raux du droit de l'extradition font obstacle \u00e0 ce qu'une personne b\u00e9n\u00e9ficiant de la protection subsidiaire puisse faire l'objet, aussi longtemps qu'il n'a pas \u00e9t\u00e9 mis fin \u00e0 cette protection, d'une extradition vers son pays d'origine ; que la chambre de l'instruction, qui constate que la personne r\u00e9clam\u00e9e a obtenu le b\u00e9n\u00e9fice de la protection subsidiaire et qu'une telle circonstance a pour effet d'interdire sa remise durant le temps de la protection, pour ensuite donner un avis favorable \u00e0 l'extradition, a exc\u00e9d\u00e9 ses pouvoirs et viol\u00e9 les principes pr\u00e9cit\u00e9s et l'article 696-15 du code de proc\u00e9dure p\u00e9nale, privant ainsi son arr\u00eat des conditions essentielles de son existence l\u00e9gale ;",
        "2\u00b0/ que la protection subsidiaire a \u00e9t\u00e9 octroy\u00e9e \u00e0 la personne r\u00e9clam\u00e9e sur le fondement de l'article L. 712-1 b) du code de l'entr\u00e9e et du s\u00e9jour des \u00e9trangers et du droit d'asile en raison de risques av\u00e9r\u00e9s de subir \u00ab la torture ou des peines ou traitements inhumains ou d\u00e9gradants \u00bb, par une d\u00e9cision de la cour nationale du droit d'asile du 16 octobre 2019 ; qu'en s'abstenant de rechercher si l'extradition de M. M... vers son pays d'origine ne l'exposerait pas \u00e0 un risque de torture ou de peine ou traitement inhumain ou d\u00e9gradant au sens de l'article 3 de la Convention europ\u00e9enne des droits de l'homme, la chambre de l'instruction a priv\u00e9 sa d\u00e9cision de base l\u00e9gale au regard de ce dernier texte et ce faisant priv\u00e9 son arr\u00eat des conditions essentielles de son existence l\u00e9gale ; la cassation interviendra sans renvoi. \u00bb"
    ],
    "decision-5": [
        "R\u00e9ponse de la Cour",
        "Vu les articles 3 de la Convention europ\u00e9enne des droits de l'homme, 696-15 du code de proc\u00e9dure p\u00e9nale et L 712-1 du CESEDA :",
        "11. Il r\u00e9sulte de ces textes que la chambre de l'instruction qui constate que la personne r\u00e9clam\u00e9e encourt, en cas d'extradition vers son pays d'origine, le risque d'\u00eatre soumise \u00e0 un traitement inhumain et d\u00e9gradant, doit donner un avis d\u00e9favorable.",
        "12. Un tel risque est av\u00e9r\u00e9 lorsque la personne b\u00e9n\u00e9ficie de la protection subsidiaire aussi longtemps qu'il n'y a pas \u00e9t\u00e9 mis fin.",
        "13. Pour donner un avis favorable \u00e0 la demande d'extradition des autorit\u00e9s albanaises, l'arr\u00eat attaqu\u00e9 retient que l'octroi de la protection subsidiaire, justifi\u00e9e en l'esp\u00e8ce par la production d'une copie du r\u00e9c\u00e9piss\u00e9 n\u00b0 38031 18152, \u00e9tabli au nom de M. M..., a pour effet d'interdire sa remise durant le temps de la protection accord\u00e9e.",
        "14. Ils ajoutent que, cependant, ce statut provisoire protecteur n'affecte pas la r\u00e9gularit\u00e9 de la demande d'extradition.",
        "15. En statuant ainsi, la chambre de l'instruction, qui a viol\u00e9 les articles et principes susvis\u00e9s, n'a pas r\u00e9pondu aux conditions essentielles de son existence l\u00e9gale.",
        "16. La cassation est d\u00e8s lors encourue de ce chef.",
        "Port\u00e9e et cons\u00e9quences de la cassation",
        "17. Il n'y a pas lieu d'examiner les autres moyens. La Cour de cassation \u00e9tant en mesure de dire la r\u00e8gle de droit en application de l'article L411-3 du Code d'organisation judiciaire, il n'y a pas lieu \u00e0 renvoi."
    ],
    "decision-6": [
        "PAR CES MOTIFS, et sans qu'il y ait lieu d'examiner les autres moyens, la Cour :",
        "CASSE et ANNULE, en toutes ses dispositions, l'arr\u00eat susvis\u00e9 de la chambre de l'instruction de la cour d'appel de Chamb\u00e9ry, en date du 30 janvier 2020 ;",
        "DIT n'y avoir lieu \u00e0 renvoi.",
        "EMET un avis d\u00e9favorable \u00e0 la demande d'extradition formul\u00e9e par les autorit\u00e9s albanaises \u00e0 l'encontre de M. M... ;",
        "CONSTATE qu'il est mis fin au contr\u00f4le judiciaire ;",
        "ORDONNE l'impression du pr\u00e9sent arr\u00eat, sa transcription sur les registres du greffe de la chambre de l'instruction de la cour d'appel de Chamb\u00e9ry et sa mention en marge ou \u00e0 la suite de l'arr\u00eat annul\u00e9.",
        "Ainsi fait et jug\u00e9 par la Cour de cassation, chambre criminelle, et prononc\u00e9 par le pr\u00e9sident le treize janvier deux mille vingt et un."
    ]
}