{
    "decision-0": [
        "CIV. 1",
        "MY1",
        "COUR DE CASSATION",
        "______________________",
        "Audience publique du 17 mars 2021",
        "Cassation sans renvoi",
        "Mme BATUT, pr\u00e9sident",
        "Arr\u00eat n\u00b0 231 F-P",
        "Pourvoi n\u00b0 W 19-22.083",
        "Aide juridictionnelle totale en demande",
        "au profit de Mme G....",
        "Admission du bureau d'aide juridictionnelle",
        "pr\u00e8s la Cour de cassation",
        "en date du 2 juillet 2019.",
        "R \u00c9 P U B L I Q U E F R A N \u00c7 A I S E",
        "_________________________",
        "AU NOM DU PEUPLE FRAN\u00c7AIS",
        "_________________________",
        "ARR\u00caT DE LA COUR DE CASSATION, PREMI\u00c8RE CHAMBRE CIVILE, DU 17 MARS 2021",
        "Mme I... G..., domicili\u00e9e [...] , a form\u00e9 le pourvoi n\u00b0 W 19-22.083 contre l'ordonnance rendue le 29 mars 2019 par le premier pr\u00e9sident de la cour d'appel de Lyon, dans le litige l'opposant :",
        "1\u00b0/ au pr\u00e9fet de l'Allier, domicili\u00e9 [...] ,",
        "2\u00b0/ au procureur g\u00e9n\u00e9ral pr\u00e8s la cour d'appel de Lyon, domicili\u00e9 en son parquet g\u00e9n\u00e9ral, [...],",
        "d\u00e9fendeurs \u00e0 la cassation.",
        "La demanderesse invoque, \u00e0 l'appui de son pourvoi, le moyen unique de cassation annex\u00e9 au pr\u00e9sent arr\u00eat.",
        "Le dossier a \u00e9t\u00e9 communiqu\u00e9 au procureur g\u00e9n\u00e9ral.",
        "Sur le rapport de Mme Gargoullaud, conseiller r\u00e9f\u00e9rendaire, les observations de la SCP Cabinet Colin - Stoclet, avocat de Mme G..., et l'avis de M. Sassoust, avocat g\u00e9n\u00e9ral, apr\u00e8s d\u00e9bats en l'audience publique du 26 janvier 2021 o\u00f9 \u00e9taient pr\u00e9sentes Mme Batut, pr\u00e9sident, Mme Gargoullaud, conseiller r\u00e9f\u00e9rendaire rapporteur, Mme Auroy, conseiller doyen, et Mme Berthomier, greffier de chambre,",
        "la premi\u00e8re chambre civile de la Cour de cassation, compos\u00e9e des pr\u00e9sident et conseillers pr\u00e9cit\u00e9s, apr\u00e8s en avoir d\u00e9lib\u00e9r\u00e9 conform\u00e9ment \u00e0 la loi, a rendu le pr\u00e9sent arr\u00eat."
    ],
    "decision-1": [
        "Faits et proc\u00e9dure",
        "1. Selon l'ordonnance attaqu\u00e9e, rendue par le premier pr\u00e9sident d'une cour d'appel (Lyon, 29 mars 2019), et les pi\u00e8ces de la proc\u00e9dure, le 26 mars 2019, Mme G..., de nationalit\u00e9 ivoirienne, en situation irr\u00e9guli\u00e8re en France, a fait l'objet d'une d\u00e9cision de placement en r\u00e9tention administrative.",
        "2. Le 27 mars 2019 le juge des libert\u00e9s et de la d\u00e9tention a \u00e9t\u00e9 saisi, par Mme G..., d'une requ\u00eate en contestation de cette d\u00e9cision et, par le pr\u00e9fet, d'une requ\u00eate en prolongation de la mesure."
    ],
    "decision-2": [
        "Examen du moyen",
        "Sur le moyen relev\u00e9 d'office"
    ],
    "decision-3": [
        "3. Apr\u00e8s avis donn\u00e9 aux parties conform\u00e9ment \u00e0 l'article 1015 du code de proc\u00e9dure civile, il est fait application de l'article 620, alin\u00e9a 2, du m\u00eame code.",
        "Vu les articles L. 551-2, L. 553-3 et L. 552-13 du code de l'entr\u00e9e et du s\u00e9jour des \u00e9trangers et du droit d'asile :",
        "4. Il r\u00e9sulte du premier de ces textes que le procureur de la R\u00e9publique doit \u00eatre imm\u00e9diatement inform\u00e9 de la d\u00e9cision du repr\u00e9sentant de l'Etat dans le d\u00e9partement de placer un \u00e9tranger en r\u00e9tention et du deuxi\u00e8me que, pendant toute la dur\u00e9e de la mesure, il peut se transporter sur les lieux, v\u00e9rifier les conditions de celle-ci et se faire communiquer le registre mentionnant l'\u00e9tat civil des personnes plac\u00e9es ou maintenues en r\u00e9tention ainsi que les conditions de leur placement ou leur maintien.",
        "5. Au regard du r\u00f4le de garant de la libert\u00e9 individuelle conf\u00e9r\u00e9 par ce dernier texte au procureur de la R\u00e9publique, son information imm\u00e9diate sur la d\u00e9cision de placement en r\u00e9tention doit \u00eatre effective.",
        "6. S'il ne r\u00e9sulte pas des pi\u00e8ces du dossier que le procureur de la R\u00e9publique a \u00e9t\u00e9 inform\u00e9 imm\u00e9diatement du placement en r\u00e9tention, la proc\u00e9dure se trouve entach\u00e9e d'une nullit\u00e9 d'ordre public, sans que l'\u00e9tranger qui l'invoque ait \u00e0 d\u00e9montrer l'existence d'une atteinte port\u00e9e \u00e0 ses droits.",
        "7. Pour rejeter le moyen de nullit\u00e9 de la proc\u00e9dure pris de l'absence d'information imm\u00e9diate du procureur de la R\u00e9publique, l'ordonnance rel\u00e8ve que Mme G... ne caract\u00e9rise pas en quoi le retard d'information du parquet, 2 heures 50 apr\u00e8s la d\u00e9cision de placement en r\u00e9tention administrative, a eu une incidence sur sa situation personnelle.",
        "8. En statuant ainsi, le premier pr\u00e9sident a viol\u00e9 les textes susvis\u00e9s.",
        "Port\u00e9e et cons\u00e9quences de la cassation",
        "9. Apr\u00e8s avis donn\u00e9 aux parties, conform\u00e9ment \u00e0 l'article 1015 du code de proc\u00e9dure civile, il est fait application des articles L. 411-3, alin\u00e9a 1, du code de l'organisation judiciaire et 627 du code de proc\u00e9dure civile.",
        "10. La cassation prononc\u00e9e n'implique pas, en effet, qu'il soit \u00e0 nouveau statu\u00e9 sur le fond, d\u00e8s lors que les d\u00e9lais l\u00e9gaux pour statuer sur la mesure \u00e9tant expir\u00e9s, il ne reste plus rien \u00e0 juger."
    ],
    "decision-4": [
        "Port\u00e9e et cons\u00e9quences de la cassation",
        "9. Apr\u00e8s avis donn\u00e9 aux parties, conform\u00e9ment \u00e0 l'article 1015 du code de proc\u00e9dure civile, il est fait application des articles L. 411-3, alin\u00e9a 1, du code de l'organisation judiciaire et 627 du code de proc\u00e9dure civile.",
        "10. La cassation prononc\u00e9e n'implique pas, en effet, qu'il soit \u00e0 nouveau statu\u00e9 sur le fond, d\u00e8s lors que les d\u00e9lais l\u00e9gaux pour statuer sur la mesure \u00e9tant expir\u00e9s, il ne reste plus rien \u00e0 juger."
    ],
    "decision-5": [
        "PAR CES MOTIFS, et sans qu'il y ait lieu de statuer sur le moyen du pourvoi, la Cour :",
        "CASSE ET ANNULE, en toutes ses dispositions, l'ordonnance rendue le 29 mars 2019, entre les parties, par le premier pr\u00e9sident de la cour d'appel de Lyon ;",
        "DIT n'y avoir lieu \u00e0 renvoi ;",
        "En application de l'article 700 du code de proc\u00e9dure civile, rejette la demande ;",
        "Dit que sur les diligences du procureur g\u00e9n\u00e9ral pr\u00e8s la Cour de cassation, le pr\u00e9sent arr\u00eat sera transmis pour \u00eatre transcrit en marge ou \u00e0 la suite de la ordonnance cass\u00e9e ;",
        "Ainsi fait et jug\u00e9 par la Cour de cassation, premi\u00e8re chambre civile, et prononc\u00e9 par le pr\u00e9sident en son audience publique du dix-sept mars deux mille vingt et un. MOYEN ANNEXE au pr\u00e9sent arr\u00eat",
        "Moyen produit par la SCP Cabinet Colin - Stoclet, avocat aux Conseils, pour Mme G....",
        "IL EST FAIT GRIEF \u00e0 l'ordonnance attaqu\u00e9e d'avoir d\u00e9clar\u00e9 r\u00e9guli\u00e8re la d\u00e9cision en date du 26 mai 2019 par laquelle le pr\u00e9fet de Lyon a ordonn\u00e9 le placement de Mme G... en r\u00e9tention, d'avoir ordonn\u00e9 son maintien en r\u00e9tention, d'avoir d\u00e9clar\u00e9 r\u00e9guli\u00e8re la proc\u00e9dure diligent\u00e9e \u00e0 son encontre et d'avoir ordonn\u00e9 la prolongation de cette r\u00e9tention pour une dur\u00e9e de vingt-huit jours ;",
        "AUX MOTIFS QUE l'article L. 552-13 du CESEDA dispose qu'\u00ab en cas de violation des formes prescrites par la loi \u00e0 peine de nullit\u00e9 ou d'inobservation des formalit\u00e9s substantielles, toute juridiction, y compris la Cour de cassation, qui est saisie d'une demande d'annulation ou qui rel\u00e8ve d'office une telle irr\u00e9gularit\u00e9 ne peut prononcer la mainlev\u00e9e de la mesure de placement en r\u00e9tention que lorsque celle-ci a eu pour effet de porter atteinte aux droits de l'\u00e9tranger \u00bb ; que l'atteinte aux droits vis\u00e9es par l'article L. 552-13 du CESEDA doit \u00eatre av\u00e9r\u00e9e et non hypoth\u00e9tique ; que ce n'est pas le risque d'atteinte qui est sanctionn\u00e9, mais l'atteinte constitu\u00e9e, donc d\u00fbment caract\u00e9ris\u00e9e par les circonstances de la cause ; que le conseil de Mme G... soutient que la proc\u00e9dure doit \u00eatre annul\u00e9e en raison de l'absence d'avis au parquet de Cusset \u00e0 la fin de la retenue, soit le 26 mars 2019 \u00e0 19h45, et en raison de la tardivit\u00e9 de l'information du placement en r\u00e9tention faite au parquet de Lyon ce m\u00eame jour \u00e0 22h35, soit trois heures trop tard ; qu'aucun texte n'impose d'informer le parquet de la fin d'une retenue, seule une information \u00e9crite devant \u00eatre transmise au parquet comp\u00e9tent post\u00e9rieurement \u00e0 la fin de la retenue ; qu'en revanche, l'article L. 551-2 alin\u00e9a 1er du CESEDA exige que le procureur de la R\u00e9publique soit imm\u00e9diatement avis\u00e9 d'une mesure de placement en r\u00e9tention ; que cette information est \u00e0 la charge de l'autorit\u00e9 administrative d\u00e8s l'intervention de l'arr\u00eat\u00e9 pr\u00e9fectoral de placement en r\u00e9tention ; que le d\u00e9lai d'acheminement de l'int\u00e9ress\u00e9 est sans incidence sur l'exigence d'imm\u00e9diatet\u00e9 de l'avis au parquet ; qu'il ressort des pi\u00e8ces de la proc\u00e9dure que l'arr\u00eat\u00e9 de placement en r\u00e9tention administrative a \u00e9t\u00e9 notifi\u00e9 \u00e0 Mme G... le 26 mars 2019 \u00e0 19h45 et que l'avis de ce placement a \u00e9t\u00e9 donn\u00e9 au parquet \u00e0 22h35, soit 2h50 apr\u00e8s, ce qui est manifestement trop tardif ; que, cependant, au visa de l'article L. 552-13 du CESEDA, en cas de non-respect de la formalit\u00e9, l'atteinte \u00e9ventuelle aux droits doit \u00eatre circonstanci\u00e9e par des \u00e9l\u00e9ments concrets de la cause ; que Mme G... ne caract\u00e9rise pas en quoi ce retard d'information du parquet de 2h50 le soir de son arriv\u00e9e au centre de r\u00e9tention administrative a eu une incidence sur sa situation personnelle sachant qu'un d\u00e9lai de route a \u00e9t\u00e9 n\u00e9cessaire pour conduire cette personne entre la gendarmerie de Vichy et le centre de r\u00e9tention de Lyon ; qu'il ne ressort pas des pi\u00e8ces du dossier que l'information tardive du procureur de la R\u00e9publique a caus\u00e9 un grief \u00e0 Mme G... ;",
        "1\u00b0) ALORS QUE Mme G... ne soutenait pas devant le premier pr\u00e9sident de la cour d'appel que la proc\u00e9dure devait \u00eatre annul\u00e9e en raison de l'absence d'avis au parquet de la fin de la retenue, mais que la proc\u00e9dure encourait l'annulation \u00e0 raison de l'absence de transmission du proc\u00e8s-verbal de fin de retenue (d\u00e9claration d'appel, p. 1-2) ; qu'en relevant que Mme G... soutenait que le proc\u00e9dure devait \u00eatre annul\u00e9e en raison de l'absence d'avis au parquet de la fin de la retenue et qu'aucun texte n'imposait d'informer le parquet de la fin d'une retenue, le premier pr\u00e9sident de la cour d'appel a d\u00e9natur\u00e9 la d\u00e9claration d'appel de Mme G... et viol\u00e9 l'article 4 du code de proc\u00e9dure civile ;",
        "2\u00b0) ALORS QU'en tout \u00e9tat de cause, le proc\u00e8s-verbal de fin de retenue doit \u00eatre transmis au procureur de la R\u00e9publique ; que Mme G... soutenait que, le proc\u00e8sverbal de fin de retenue n'ayant pas \u00e9t\u00e9 transmis au parquet, la proc\u00e9dure \u00e9tait irr\u00e9guli\u00e8re au regard des exigences de l'article L. 611-1-1 du code de l'entr\u00e9e et du s\u00e9jour des \u00e9trangers et du droit d'asile (d\u00e9claration d'appel, p. 1-2) ; qu'en se bornant \u00e0 relever, pour rejeter ce moyen, qu'aucun texte n'imposait d'informer le parquet de la fin de la retenue, seule une information \u00e9crite devant \u00eatre transmise au parquet comp\u00e9tent post\u00e9rieurement \u00e0 la fin de la retenue, sans rechercher, comme il y \u00e9tait invit\u00e9, si le proc\u00e8s-verbal de fin de retenue avait \u00e9t\u00e9 transmis au parquet, le premier pr\u00e9sident de la cour d'appel a priv\u00e9 sa d\u00e9cision de base l\u00e9gale au regard de l'article L. 611-1-1 du code de l'entr\u00e9e et du s\u00e9jour des \u00e9trangers et du droit d'asile ;",
        "3\u00b0) ALORS QU'en toute hypoth\u00e8se, le proc\u00e8s-verbal de fin de retenue doit \u00eatre transmis au procureur de la R\u00e9publique ; qu'en consid\u00e9rant qu'aucun texte n'imposait d'informer le parquet de la fin d'une retenue, la cour d'appel a viol\u00e9 l'article L. 611-1-1 du code de l'entr\u00e9e et du s\u00e9jour des \u00e9trangers et du droit d'asile ;",
        "4\u00b0) ALORS QU'en cas d'inobservation des formalit\u00e9s substantielles de la proc\u00e9dure de placement en r\u00e9tention administrative, le juge doit prononcer la mainlev\u00e9e de la mesure de placement lorsque l'irr\u00e9gularit\u00e9 a eu pour effet de porter atteinte aux droits de l'\u00e9tranger ; que le procureur de la R\u00e9publique doit \u00eatre imm\u00e9diatement inform\u00e9 de la d\u00e9cision de placement en r\u00e9tention administrative ; que tout retard dans l'information qui lui est donn\u00e9e, non justifi\u00e9 par des circonstances insurmontables, porte n\u00e9cessairement atteinte aux droits de la personne concern\u00e9e ; que le premier pr\u00e9sident de la cour d'appel a constat\u00e9 que l'avis du placement de Mme G... avait \u00e9t\u00e9 donn\u00e9 au parquet 2h50 apr\u00e8s la notification de l'arr\u00eat\u00e9 de placement et a relev\u00e9 que cette information \u00e9tait manifestement trop tardive (ordonnance, p. 2 \u00a7 17) ; qu'en consid\u00e9rant, pour rejeter la demande de mainlev\u00e9e de la mesure de placem"
    ],
    "decision-6": [
        "PAR CES MOTIFS, et sans qu'il y ait lieu de statuer sur le moyen du pourvoi, la Cour :",
        "CASSE ET ANNULE, en toutes ses dispositions, l'ordonnance rendue le 29 mars 2019, entre les parties, par le premier pr\u00e9sident de la cour d'appel de Lyon ;",
        "DIT n'y avoir lieu \u00e0 renvoi ;",
        "En application de l'article 700 du code de proc\u00e9dure civile, rejette la demande ;",
        "Dit que sur les diligences du procureur g\u00e9n\u00e9ral pr\u00e8s la Cour de cassation, le pr\u00e9sent arr\u00eat sera transmis pour \u00eatre transcrit en marge ou \u00e0 la suite de la ordonnance cass\u00e9e ;",
        "Ainsi fait et jug\u00e9 par la Cour de cassation, premi\u00e8re chambre civile, et prononc\u00e9 par le pr\u00e9sident en son audience publique du dix-sept mars deux mille vingt et un."
    ],
    "decision-7": [
        "MOYEN ANNEXE au pr\u00e9sent arr\u00eat",
        "Moyen produit par la SCP Cabinet Colin - Stoclet, avocat aux Conseils, pour Mme G....",
        "IL EST FAIT GRIEF \u00e0 l'ordonnance attaqu\u00e9e d'avoir d\u00e9clar\u00e9 r\u00e9guli\u00e8re la d\u00e9cision en date du 26 mai 2019 par laquelle le pr\u00e9fet de Lyon a ordonn\u00e9 le placement de Mme G... en r\u00e9tention, d'avoir ordonn\u00e9 son maintien en r\u00e9tention, d'avoir d\u00e9clar\u00e9 r\u00e9guli\u00e8re la proc\u00e9dure diligent\u00e9e \u00e0 son encontre et d'avoir ordonn\u00e9 la prolongation de cette r\u00e9tention pour une dur\u00e9e de vingt-huit jours ;",
        "AUX MOTIFS QUE l'article L. 552-13 du CESEDA dispose qu'\u00ab en cas de violation des formes prescrites par la loi \u00e0 peine de nullit\u00e9 ou d'inobservation des formalit\u00e9s substantielles, toute juridiction, y compris la Cour de cassation, qui est saisie d'une demande d'annulation ou qui rel\u00e8ve d'office une telle irr\u00e9gularit\u00e9 ne peut prononcer la mainlev\u00e9e de la mesure de placement en r\u00e9tention que lorsque celle-ci a eu pour effet de porter atteinte aux droits de l'\u00e9tranger \u00bb ; que l'atteinte aux droits vis\u00e9es par l'article L. 552-13 du CESEDA doit \u00eatre av\u00e9r\u00e9e et non hypoth\u00e9tique ; que ce n'est pas le risque d'atteinte qui est sanctionn\u00e9, mais l'atteinte constitu\u00e9e, donc d\u00fbment caract\u00e9ris\u00e9e par les circonstances de la cause ; que le conseil de Mme G... soutient que la proc\u00e9dure doit \u00eatre annul\u00e9e en raison de l'absence d'avis au parquet de Cusset \u00e0 la fin de la retenue, soit le 26 mars 2019 \u00e0 19h45, et en raison de la tardivit\u00e9 de l'information du placement en r\u00e9tention faite au parquet de Lyon ce m\u00eame jour \u00e0 22h35, soit trois heures trop tard ; qu'aucun texte n'impose d'informer le parquet de la fin d'une retenue, seule une information \u00e9crite devant \u00eatre transmise au parquet comp\u00e9tent post\u00e9rieurement \u00e0 la fin de la retenue ; qu'en revanche, l'article L. 551-2 alin\u00e9a 1er du CESEDA exige que le procureur de la R\u00e9publique soit imm\u00e9diatement avis\u00e9 d'une mesure de placement en r\u00e9tention ; que cette information est \u00e0 la charge de l'autorit\u00e9 administrative d\u00e8s l'intervention de l'arr\u00eat\u00e9 pr\u00e9fectoral de placement en r\u00e9tention ; que le d\u00e9lai d'acheminement de l'int\u00e9ress\u00e9 est sans incidence sur l'exigence d'imm\u00e9diatet\u00e9 de l'avis au parquet ; qu'il ressort des pi\u00e8ces de la proc\u00e9dure que l'arr\u00eat\u00e9 de placement en r\u00e9tention administrative a \u00e9t\u00e9 notifi\u00e9 \u00e0 Mme G... le 26 mars 2019 \u00e0 19h45 et que l'avis de ce placement a \u00e9t\u00e9 donn\u00e9 au parquet \u00e0 22h35, soit 2h50 apr\u00e8s, ce qui est manifestement trop tardif ; que, cependant, au visa de l'article L. 552-13 du CESEDA, en cas de non-respect de la formalit\u00e9, l'atteinte \u00e9ventuelle aux droits doit \u00eatre circonstanci\u00e9e par des \u00e9l\u00e9ments concrets de la cause ; que Mme G... ne caract\u00e9rise pas en quoi ce retard d'information du parquet de 2h50 le soir de son arriv\u00e9e au centre de r\u00e9tention administrative a eu une incidence sur sa situation personnelle sachant qu'un d\u00e9lai de route a \u00e9t\u00e9 n\u00e9cessaire pour conduire cette personne entre la gendarmerie de Vichy et le centre de r\u00e9tention de Lyon ; qu'il ne ressort pas des pi\u00e8ces du dossier que l'information tardive du procureur de la R\u00e9publique a caus\u00e9 un grief \u00e0 Mme G... ;",
        "1\u00b0) ALORS QUE Mme G... ne soutenait pas devant le premier pr\u00e9sident de la cour d'appel que la proc\u00e9dure devait \u00eatre annul\u00e9e en raison de l'absence d'avis au parquet de la fin de la retenue, mais que la proc\u00e9dure encourait l'annulation \u00e0 raison de l'absence de transmission du proc\u00e8s-verbal de fin de retenue (d\u00e9claration d'appel, p. 1-2) ; qu'en relevant que Mme G... soutenait que le proc\u00e9dure devait \u00eatre annul\u00e9e en raison de l'absence d'avis au parquet de la fin de la retenue et qu'aucun texte n'imposait d'informer le parquet de la fin d'une retenue, le premier pr\u00e9sident de la cour d'appel a d\u00e9natur\u00e9 la d\u00e9claration d'appel de Mme G... et viol\u00e9 l'article 4 du code de proc\u00e9dure civile ;",
        "2\u00b0) ALORS QU'en tout \u00e9tat de cause, le proc\u00e8s-verbal de fin de retenue doit \u00eatre transmis au procureur de la R\u00e9publique ; que Mme G... soutenait que, le proc\u00e8sverbal de fin de retenue n'ayant pas \u00e9t\u00e9 transmis au parquet, la proc\u00e9dure \u00e9tait irr\u00e9guli\u00e8re au regard des exigences de l'article L. 611-1-1 du code de l'entr\u00e9e et du s\u00e9jour des \u00e9trangers et du droit d'asile (d\u00e9claration d'appel, p. 1-2) ; qu'en se bornant \u00e0 relever, pour rejeter ce moyen, qu'aucun texte n'imposait d'informer le parquet de la fin de la retenue, seule une information \u00e9crite devant \u00eatre transmise au parquet comp\u00e9tent post\u00e9rieurement \u00e0 la fin de la retenue, sans rechercher, comme il y \u00e9tait invit\u00e9, si le proc\u00e8s-verbal de fin de retenue avait \u00e9t\u00e9 transmis au parquet, le premier pr\u00e9sident de la cour d'appel a priv\u00e9 sa d\u00e9cision de base l\u00e9gale au regard de l'article L. 611-1-1 du code de l'entr\u00e9e et du s\u00e9jour des \u00e9trangers et du droit d'asile ;",
        "3\u00b0) ALORS QU'en toute hypoth\u00e8se, le proc\u00e8s-verbal de fin de retenue doit \u00eatre transmis au procureur de la R\u00e9publique ; qu'en consid\u00e9rant qu'aucun texte n'imposait d'informer le parquet de la fin d'une retenue, la cour d'appel a viol\u00e9 l'article L. 611-1-1 du code de l'entr\u00e9e et du s\u00e9jour des \u00e9trangers et du droit d'asile ;",
        "4\u00b0) ALORS QU'en cas d'inobservation des formalit\u00e9s substantielles de la proc\u00e9dure de placement en r\u00e9tention administrative, le juge doit prononcer la mainlev\u00e9e de la mesure de placement lorsque l'irr\u00e9gularit\u00e9 a eu pour effet de porter atteinte aux droits de l'\u00e9tranger ; que le procureur de la R\u00e9publique doit \u00eatre imm\u00e9diatement inform\u00e9 de la d\u00e9cision de placement en r\u00e9tention administrative ; que tout retard dans l'information qui lui est donn\u00e9e, non justifi\u00e9 par des circonstances insurmontables, porte n\u00e9cessairement atteinte aux droits de la personne concern\u00e9e ; que le premier pr\u00e9sident de la cour d'appel a constat\u00e9 que l'avis du placement de Mme G... avait \u00e9t\u00e9 donn\u00e9 au parquet 2h50 apr\u00e8s la notification de l'arr\u00eat\u00e9 de placement et a relev\u00e9 que cette information \u00e9tait manifestement trop tardive (ordonnance, p. 2 \u00a7 17) ; qu'en consid\u00e9rant, pour rejeter la demande de mainlev\u00e9e de la mesure de placement, que Mme G... n'apportait pas la preuve de ce que le retard d'information avait eu une incidence sur sa situation ou qu'il lui avait caus\u00e9 un grief, le premier pr\u00e9sident de la cour d'appel, qui n'a pas constat\u00e9 que ce retard \u00e9tait justifi\u00e9 par des circonstances insurmontables, n'a pas tir\u00e9 les cons\u00e9quences l\u00e9gales de ses propres constatations et a viol\u00e9 les articles L. 511-2 et L. 522-13 du code de l'entr\u00e9e et du s\u00e9jour des \u00e9trangers et du droit d'asile."
    ]
}