{
    "decision-0": [
        "Attendu, selon l'ordonnance attaqu\u00e9e, rendue par le premier pr\u00e9sident d'une cour d'appel, et les pi\u00e8ces du dossier, que Mme X..., de nationalit\u00e9 mauritanienne, a fait l'objet d'une d\u00e9cision de refus d'admission sur le territoire fran\u00e7ais et a \u00e9t\u00e9 plac\u00e9e en zone d'attente d'un a\u00e9roport ; qu'apr\u00e8s avoir rejet\u00e9 les exceptions de nullit\u00e9 de la proc\u00e9dure soulev\u00e9es par l'int\u00e9ress\u00e9e, le juge des libert\u00e9s et de la d\u00e9tention a ordonn\u00e9 la prolongation du maintien dans cette zone en application des dispositions de l'article 35 quater de l'ordonnance du 2 novembre 1945 ;"
    ],
    "decision-1": [
        "Sur le premier moyen :",
        "Attendu que Mme X... fait grief \u00e0 l'ordonnance d'avoir confirm\u00e9 cette d\u00e9cision, alors, selon le moyen, que la requ\u00eate d\u00e9pos\u00e9e au nom du ministre de l'Int\u00e9rieur et adress\u00e9e par t\u00e9l\u00e9copie au greffe du tribunal de grande instance de Cr\u00e9teil le 27 octobre 2004 \u00e0 17 heures 29 n'est pas sign\u00e9e par son auteur ; que la signature de la requ\u00eate par le chef de service de contr\u00f4le aux fronti\u00e8res ou d'un fonctionnaire d\u00e9sign\u00e9 par lui titulaire au moins du grade d'inspecteur est express\u00e9ment pr\u00e9vue par le d\u00e9cret n\u00b0 93-1333 du 15 d\u00e9cembre 1993 ; que cette absence de signature ne permet pas au juge des libert\u00e9s et de la d\u00e9tention qui doit v\u00e9rifier la r\u00e9gularit\u00e9 de sa saisine, de s'assurer de la qualit\u00e9 du signataire de l'acte, ce qui fait grief \u00e0 l'int\u00e9ress\u00e9e ; que l'acte de saisine n'a jamais \u00e9t\u00e9 d\u00e9pos\u00e9 sign\u00e9 au greffe de la juridiction qui n'a donc pas \u00e9t\u00e9 valablement saisie, quand bien m\u00eame l'administration a eu entre les mains une requ\u00eate sign\u00e9e ;"
    ],
    "decision-2": [
        "Mais attendu que l'ordonnance retient, par motifs adopt\u00e9s, que le premier juge avait pu v\u00e9rifier \u00e0 l'audience que la requ\u00eate originale aux fins de prolongation du maintien en zone d'attente comporte la signature de M. Y..., commissaire principal de la police aux fronti\u00e8res, qu'il a \u00e9t\u00e9 donn\u00e9 connaissance de cette requ\u00eate sign\u00e9e au conseil de l'int\u00e9ress\u00e9e, et qu'aucun grief n'ayant \u00e9t\u00e9 fait \u00e0 Mme X..., il y a lieu, dans ces conditions, de d\u00e9clarer la requ\u00eate recevable ; que, par ces constatations et \u00e9nonciations, desquelles il r\u00e9sulte que la nullit\u00e9 avait \u00e9t\u00e9 couverte dans le d\u00e9lai l\u00e9gal de pr\u00e9sentation de la requ\u00eate par la r\u00e9gularisation d\u00e9coulant non pas de la pr\u00e9sence \u00e0 l'audience d'un repr\u00e9sentant de l'administration mais de la production, avant que le juge des libert\u00e9s et de la d\u00e9tention ne statue, de l'acte de saisine d\u00fbment sign\u00e9 par un fonctionnaire habilit\u00e9, le premier pr\u00e9sident a l\u00e9galement justifi\u00e9 sa d\u00e9cision ;"
    ],
    "decision-3": [
        "Mais sur le second moyen :"
    ],
    "decision-4": [
        "Vu l'article 35 sexies, alin\u00e9as 2 et 3, de l'ordonnance du 2 novembre 1945, alors applicable, devenu l'article L. 111-8 du code de l'entr\u00e9e et du s\u00e9jour des \u00e9trangers et du droit d'asile, ensemble l'article 455 du nouveau code de proc\u00e9dure civile ;",
        "Attendu que lorsqu'il est pr\u00e9vu, dans l'ordonnance susvis\u00e9e, qu'une d\u00e9cision ou qu'une information doit \u00eatre communiqu\u00e9e \u00e0 un \u00e9tranger dans une langue qu'il comprend par l'interm\u00e9diaire d'un interpr\u00e8te, cette assistance peut, en cas de n\u00e9cessit\u00e9, se faire par l'interm\u00e9diaire de moyens de t\u00e9l\u00e9communication ; que dans une telle hypoth\u00e8se, il ne peut \u00eatre fait appel qu'\u00e0 un interpr\u00e8te inscrit sur l'une des listes pr\u00e9vues ou \u00e0 un organisme d'interpr\u00e9tariat et de traduction agr\u00e9\u00e9 par l'administration, et que le nom et les coordonn\u00e9es de l'interpr\u00e8te ainsi que le jour et la langue utilis\u00e9e sont indiqu\u00e9s par \u00e9crit \u00e0 l'\u00e9tranger ;",
        "Attendu qu'apr\u00e8s avoir relev\u00e9 qu'il r\u00e9sulte des pi\u00e8ces de la proc\u00e9dure que lors de la notification de la d\u00e9cision de refus d'admission sur le territoire fran\u00e7ais le 24 octobre 2004 \u00e0 17 heures 50 et de la d\u00e9cision de maintien en zone d'attente le m\u00eame jour \u00e0 17 heures 55, il a \u00e9t\u00e9 fait appel \u00e0 un interpr\u00e8te, M. Ibrahima Z..., interpr\u00e8te en langue soninke, agr\u00e9\u00e9 par l'administration, l'ordonnance retient, pour rejeter l'exception de nullit\u00e9 de la notification des droits, que les conditions pr\u00e9vues \u00e0 l'article 35 sexies de l'ordonnance du 2 novembre 1945 apparaissent r\u00e9unies d\u00e8s lors que l'identit\u00e9 pr\u00e9cise de l'interpr\u00e8te est bien mentionn\u00e9e, ainsi que la langue dans laquelle il intervient, et qu'il est pr\u00e9cis\u00e9 qu'il est agr\u00e9\u00e9 par l'administration, sans qu'il soit n\u00e9cessaire de justifier de cet agr\u00e9ment ;",
        "Qu'en statuant ainsi, sans s'assurer, pour r\u00e9pondre aux contestations de Mme X..., qu'il avait \u00e9t\u00e9 fait appel \u00e0 un interpr\u00e8te inscrit sur l'une des listes pr\u00e9vues ou \u00e0 un organisme d'interpr\u00e9tariat et de traduction agr\u00e9\u00e9 par l'administration, ni tirer les cons\u00e9quences du d\u00e9faut d'indication dans le proc\u00e8s-verbal de notification, des coordonn\u00e9es de l'interpr\u00e8te, le premier pr\u00e9sident a viol\u00e9 les textes susvis\u00e9s ;",
        "Vu l'article 627 du nouveau code de proc\u00e9dure civile ;",
        "Et attendu que les d\u00e9lais l\u00e9gaux de maintien en zone d'attente \u00e9tant expir\u00e9s, il ne reste rien \u00e0 juger ;"
    ],
    "decision-5": [
        "PAR CES MOTIFS :",
        "CASSE ET ANNULE, dans toutes ses dispositions, l'ordonnance rendue le 30 octobre 2004, entre les parties, par le premier pr\u00e9sident de la cour d'appel de Paris ;",
        "DIT n'y avoir lieu \u00e0 renvoi ;",
        "Dit que sur les diligences du procureur g\u00e9n\u00e9ral pr\u00e8s la Cour de cassation, le pr\u00e9sent arr\u00eat sera transmis pour \u00eatre transcrit en marge ou \u00e0 la suite de l'ordonnance cass\u00e9e ;",
        "Ainsi fait et jug\u00e9 par la Cour de cassation, premi\u00e8re chambre civile, et prononc\u00e9 par le pr\u00e9sident en son audience publique du trente octobre deux mille six."
    ]
}