{
    "decision-0": [
        "Sur le moyen unique et sur le moyen relev\u00e9 d'office, apr\u00e8s avis donn\u00e9 aux parties conform\u00e9ment aux dispositions de l'article 1015 du nouveau Code de proc\u00e9dure civile, r\u00e9unis :"
    ],
    "decision-1": [
        "Vu le principe de la s\u00e9paration des pouvoirs, ensemble les articles 8-1 et 35 bis de l'ordonnance du 2 novembre 1945, devenus les articles L. 611-2 et L. 551-1 et suivants du Code de l'entr\u00e9e et du s\u00e9jour des \u00e9trangers et du droit d'asile ;"
    ],
    "decision-2": [
        "Attendu, selon l'ordonnance attaqu\u00e9e, rendue par le premier pr\u00e9sident d'une cour d'appel, et les pi\u00e8ces de la proc\u00e9dure, que M. X..., ressortissant moldave en situation irr\u00e9guli\u00e8re sur le territoire fran\u00e7ais, a \u00e9t\u00e9 interpell\u00e9 dans un a\u00e9roport en possession d'un passeport slov\u00e8ne contrefait, \u00e9tabli au nom de M. Y..., puis plac\u00e9 en garde \u00e0 vue dans le cadre d'une enqu\u00eate de flagrance pour usage de document administratif contrefait ; que le pr\u00e9fet de la Seine-Saint-Denis a pris \u00e0 son encontre des arr\u00eat\u00e9s de reconduite \u00e0 la fronti\u00e8re et de maintien en r\u00e9tention dans un local ne relevant pas de l'administration p\u00e9nitentiaire ;",
        "que le juge des libert\u00e9s et de la d\u00e9tention ayant ordonn\u00e9 la prolongation de cette mesure, l'int\u00e9ress\u00e9 a interjet\u00e9 appel ;",
        "Attendu que pour dire n'y avoir lieu de maintenir M. Y... en r\u00e9tention administrative et ordonner au repr\u00e9sentant du pr\u00e9fet \"de police\" la remise du passeport \u00e0 l'int\u00e9ress\u00e9, l'ordonnance retient qu'il appartenait au premier juge, qui avait constat\u00e9 la remise d'un passeport roumain, par la production duquel le ressortissant \u00e9tranger justifie s'appeler M. Y..., de tenir ce passeport comme pr\u00e9sum\u00e9 valide sauf pour l'administration \u00e0 \u00e9tablir son caract\u00e8re falsifi\u00e9, que la d\u00e9tention de ce passeport roumain, qui ne comporte aucun signe de falsification et a \u00e9t\u00e9 pr\u00e9sent\u00e9 officieusement aux services de police, ne permet pas le maintien en r\u00e9tention d'un \u00e9tranger l\u00e9galement autoris\u00e9 \u00e0 entrer et s\u00e9journer pour une dur\u00e9e de trois mois en France, et que l'irr\u00e9gularit\u00e9 de la proc\u00e9dure de r\u00e9tention administrative men\u00e9e dans ces conditions conduit \u00e0 ordonner la remise \u00e0 l'int\u00e9ress\u00e9 de son passeport ;"
    ],
    "decision-3": [
        "Qu'en se d\u00e9terminant par de tels motifs qui pr\u00e9jugent la validit\u00e9 de la mesure d'\u00e9loignement prise \u00e0 l'encontre de M. X..., ayant entra\u00een\u00e9 la mise en r\u00e9tention de cet \u00e9tranger, et en donnant une injonction \u00e0 l'administration, le premier pr\u00e9sident a doublement viol\u00e9 le principe et les textes susvis\u00e9s ;",
        "Et vu l'article 627 du nouveau Code de proc\u00e9dure civile ;",
        "Attendu que les d\u00e9lais l\u00e9gaux de maintien en r\u00e9tention \u00e9tant expir\u00e9s, il ne reste rien \u00e0 juger ;"
    ],
    "decision-4": [
        "PAR CES MOTIFS :",
        "CASSE ET ANNULE, dans toutes ses dispositions, l'ordonnance rendue le 17 ao\u00fbt 2004, entre les parties, par le premier pr\u00e9sident de la cour d'appel de Paris ;",
        "DIT n'y avoir lieu \u00e0 renvoi ;",
        "Dit que sur les diligences du procureur g\u00e9n\u00e9ral pr\u00e8s la Cour de Cassation, le pr\u00e9sent arr\u00eat sera transmis pour \u00eatre transcrit en marge ou \u00e0 la suite de l'ordonnance cass\u00e9e ;",
        "Ainsi fait et jug\u00e9 par la Cour de Cassation, Premi\u00e8re chambre civile, et prononc\u00e9 par le pr\u00e9sident en son audience publique du quatre octobre deux mille cinq."
    ]
}