{
    "decision-0": [
        "Sur le premier et le deuxi\u00e8me moyens r\u00e9unis :"
    ],
    "decision-1": [
        "Vu l'article 562 du nouveau code de proc\u00e9dure civile, ensemble l'article 561 du m\u00eame code ;",
        "Attendu que l'appel ne d\u00e9f\u00e8re \u00e0 la cour que la connaissance des chefs de jugement qu'il critique express\u00e9ment ou implicitement et de ceux qui en d\u00e9pendent, que la d\u00e9volution s'op\u00e8re pour le tout lorsque l'appel n'est pas limit\u00e9 \u00e0 certains chefs, lorsqu'il tend \u00e0 l'annulation du jugement ou si l'objet du litige est indivisible ;"
    ],
    "decision-2": [
        "Attendu, selon l'ordonnance attaqu\u00e9e, rendue par le premier pr\u00e9sident d'une cour d'appel, que M. X..., ressortissant chinois en situation irr\u00e9guli\u00e8re sur le territoire fran\u00e7ais, a \u00e9t\u00e9 interpell\u00e9 par les services de police, puis plac\u00e9 en garde \u00e0 vue dans le cadre d'une enqu\u00eate pour infraction \u00e0 la l\u00e9gislation sur les \u00e9trangers ; que le Pr\u00e9fet de Police de Paris a pris \u00e0 son encontre un arr\u00eat\u00e9 de reconduite \u00e0 la fronti\u00e8re et de maintien en r\u00e9tention dans un local ne relevant pas de l'administration p\u00e9nitentiaire ; que, saisi d'une requ\u00eate tendant \u00e0 la prolongation de cette mesure, le juge des libert\u00e9s et de la d\u00e9tention a annul\u00e9 la proc\u00e9dure en raison du d\u00e9lai \"manifestement excessif et injustifi\u00e9\" \u00e9coul\u00e9 entre le placement en r\u00e9tention de l'\u00e9tranger, \u00e0 17 heures 55, et son arriv\u00e9e au centre de r\u00e9tention administrative \u00e0 22 heures 30, et a dit n'y avoir lieu \u00e0 mesure de surveillance et de contr\u00f4le ; que le procureur de la R\u00e9publique a interjet\u00e9 appel de cette d\u00e9cision ;",
        "Attendu que pour rejeter les demandes d'annulation de la proc\u00e9dure vis\u00e9es dans les conclusions d'appel de l'intim\u00e9 et ordonner la prolongation de la r\u00e9tention de M. X..., l'ordonnance retient que, dans sa d\u00e9claration d'appel, le minist\u00e8re public demande de r\u00e9former l'ordonnance au motif que l'int\u00e9ress\u00e9 n'a subi aucun grief du fait de son arriv\u00e9e \u00e0 22 heures 30 au centre de r\u00e9tention ; que force est de constater que l'appel du minist\u00e8re public est limit\u00e9 ; que l'int\u00e9ress\u00e9, qui reprend en les modifiant les demandes d'annulation de la proc\u00e9dure qu'il avait soulev\u00e9es en premi\u00e8re instance et demande la confirmation de l'ordonnance, n'a pas interjet\u00e9 appel incident et n'est plus dans le d\u00e9lai prescrit par l'article 8 du d\u00e9cret du 12 novembre 1991 ;"
    ],
    "decision-3": [
        "Qu'en statuant ainsi, alors que l'appel interjet\u00e9 par le procureur de la R\u00e9publique \"de l'ordonnance portant refus de prolongation de r\u00e9tention par suite d'annulation de la proc\u00e9dure\" n'\u00e9tait pas limit\u00e9 \u00e0 certains chefs de cette d\u00e9cision et que l'objet du litige, qui impose au juge saisi d'une telle demande de statuer sur l'une des mesures \u00e9num\u00e9r\u00e9es aux articles L. 552-1 et suivants du code de l'entr\u00e9e et du s\u00e9jour des \u00e9trangers et du droit d'asile, est en outre indivisible, de sorte qu'en vertu de l'effet d\u00e9volutif de l'appel, tous les points du litige soumis au premier juge \u00e9taient d\u00e9f\u00e9r\u00e9s \u00e0 la connaissance de la juridiction d'appel \u00e0 laquelle il revenait de statuer \u00e0 nouveau, le premier pr\u00e9sident a viol\u00e9 les textes susvis\u00e9s ;",
        "Vu l'article 627 du nouveau code de proc\u00e9dure civile ;",
        "Et attendu que les d\u00e9lais l\u00e9gaux de maintien en r\u00e9tention \u00e9tant expir\u00e9s, il ne reste rien \u00e0 juger ;"
    ],
    "decision-4": [
        "PAR CES MOTIFS, et sans qu'il y ait lieu de statuer sur les autres moyens du pourvoi :",
        "CASSE ET ANNULE, dans toutes ses dispositions, l'ordonnance rendue le 1er novembre 2004, entre les parties, par le premier pr\u00e9sident de la cour d'appel de Paris ;",
        "DIT n'y avoir lieu \u00e0 renvoi ;",
        "Dit que sur les diligences du procureur g\u00e9n\u00e9ral pr\u00e8s la Cour de cassation, le pr\u00e9sent arr\u00eat sera transmis pour \u00eatre transcrit en marge ou \u00e0 la suite de l'ordonnance cass\u00e9e ;",
        "Ainsi fait et jug\u00e9 par la Cour de cassation, premi\u00e8re chambre civile, et prononc\u00e9 par le pr\u00e9sident en son audience publique du vingt juin deux mille six."
    ]
}