{
    "decision-0": [
        "Sur le premier moyen :"
    ],
    "decision-1": [
        "Vu l'article 35 bis IV de l'ordonnance du 2 novembre 1945, devenu l'article L. 552-9 du Code de l'entr\u00e9e et du s\u00e9jour des \u00e9trangers et du droit d'asile, et les articles 8 et 9 du d\u00e9cret n\u00b0 91-1164 du 12 novembre 1991 alors applicable, ensemble les articles R. 811-1 et R. 811-2 du Code de l'organisation judiciaire ;",
        "Attendu que le premier pr\u00e9sident de la cour d'appel, statuant sur l'appel d'une ordonnance de prolongation du maintien en r\u00e9tention d'un \u00e9tranger, est saisi sans forme par une d\u00e9claration motiv\u00e9e transmise par tous moyens au greffe de la cour d'appel ;"
    ],
    "decision-2": [
        "Attendu, selon l'ordonnance attaqu\u00e9e, rendue par le premier pr\u00e9sident d'une cour d'appel, que par t\u00e9l\u00e9copie \u00e9mise le 15 f\u00e9vrier 2004, \u00e0 1 heure 02, M. X..., ressortissant alg\u00e9rien, a interjet\u00e9 appel de l'ordonnance rendue le 14 f\u00e9vrier 2004, \u00e0 11 heures 01, prolongeant son maintien en r\u00e9tention dans un local ne relevant pas de l'administration p\u00e9nitentiaire ; que le Pr\u00e9fet de Police de Paris a soulev\u00e9 l'irrecevabilit\u00e9 de l'appel parvenu \"au greffe du service 35 bis- 35 quater\" le 16 f\u00e9vrier 2004, \u00e0 13 heures 30, soit plus de 24 heures apr\u00e8s l'ordonnance d\u00e9f\u00e9r\u00e9e ;",
        "Attendu que pour constater l'absence de saisine valable de la juridiction d'appel, l'ordonnance, qui rel\u00e8ve que la d\u00e9claration d'appel a \u00e9t\u00e9 adress\u00e9e par t\u00e9l\u00e9copie au service du courrier de la cour d'appel, totalement ind\u00e9pendant \"du service 35 bis- 35 quater\", le dimanche 15 f\u00e9vrier 2004, jour de fermeture dudit service, retient qu'il se d\u00e9duit de l'article 9 du d\u00e9cret du 12 novembre 1991 que la facult\u00e9 donn\u00e9e \u00e0 l'appelant de saisir la cour d'appel par tous moyens, en raison de l'urgence, notamment par voie de t\u00e9l\u00e9copie, impose que celle-ci soit adress\u00e9e au service concern\u00e9, \u00e0 savoir \"le greffe du 35 bis - 35 quater\" de la cour d'appel ;"
    ],
    "decision-3": [
        "Qu'en statuant ainsi, alors que le greffe de la cour d'appel comprend l'ensemble des services administratifs, le premier pr\u00e9sident, qui a ajout\u00e9 \u00e0 la loi une condition qu'elle ne comporte pas, a viol\u00e9 les textes susvis\u00e9s ;",
        "Vu l'article 627 du nouveau Code de proc\u00e9dure civile ;"
    ],
    "decision-4": [
        "PAR CES MOTIFS, et sans qu'il y ait lieu de statuer sur le second moyen du pourvoi :",
        "CASSE ET ANNULE, dans toutes ses dispositions, l'ordonnance rendue le 17 f\u00e9vrier 2004, entre les parties, par la cour d'appel de Paris ;",
        "DIT n'y avoir lieu \u00e0 renvoi ;",
        "Dit que sur les diligences du procureur g\u00e9n\u00e9ral pr\u00e8s la Cour de Cassation, le pr\u00e9sent arr\u00eat sera transmis pour \u00eatre transcrit en marge ou \u00e0 la suite de l'ordonnance cass\u00e9e ;",
        "Ainsi fait et jug\u00e9 par la Cour de Cassation, Premi\u00e8re chambre civile, et prononc\u00e9 par le pr\u00e9sident en son audience publique du trente et un mai deux mille cinq."
    ]
}