{
    "decision-0": [
        "Sur le moyen unique :"
    ],
    "decision-1": [
        "Vu l'article 35 bis, alin\u00e9a 11, de l'ordonnance du 2 novembre 1945, devenu l'article L. 552-4 du Code de l'entr\u00e9e et du s\u00e9jour des \u00e9trangers et du droit d'asile ;",
        "Attendu, selon ce texte, que le juge des libert\u00e9s et de la d\u00e9tention, saisi \u00e0 l'expiration du d\u00e9lai de quarante-huit heures \u00e9coul\u00e9 depuis la d\u00e9cision administrative de maintien en r\u00e9tention d'un \u00e9tranger, peut, \u00e0 titre exceptionnel, lorsque l'\u00e9tranger dispose de garanties de repr\u00e9sentation effectives, assigner celui-ci \u00e0 r\u00e9sidence apr\u00e8s la remise \u00e0 un service de police ou \u00e0 une unit\u00e9 de gendarmerie de l'original de son passeport et de tout document justificatif de son identit\u00e9 ;"
    ],
    "decision-2": [
        "Attendu, selon l'ordonnance attaqu\u00e9e, rendue par le premier pr\u00e9sident d'une cour d'appel, que M. X..., de nationalit\u00e9 alg\u00e9rienne, a fait l'objet le 3 mai 2004 d'un arr\u00eat\u00e9 de reconduite \u00e0 la fronti\u00e8re et a \u00e9t\u00e9 maintenu dans des locaux ne relevant pas de l'administration p\u00e9nitentiaire par d\u00e9cision du pr\u00e9fet des Pyr\u00e9n\u00e9es-Orientales du 16 novembre 2004 ; que le juge des libert\u00e9s et de la d\u00e9tention l'a assign\u00e9 \u00e0 r\u00e9sidence chez Mme Y... \u00e0 Perpignan ;",
        "Attendu que pour \"annuler\" cette d\u00e9cision et ordonner la prolongation du maintien en r\u00e9tention de l'int\u00e9ress\u00e9, l'ordonnance retient que l'existence de liens affectifs avec Mme Y... ne constitue pas une garantie de repr\u00e9sentation s\u00e9rieuse, laquelle n\u00e9cessite la certitude d'un comportement loyal, et que par ailleurs, M. X... ne justifie pas d'une situation personnelle d'ordre social ou m\u00e9dical qui permette l'octroi de la mesure exceptionnelle de l'assignation \u00e0 r\u00e9sidence ;"
    ],
    "decision-3": [
        "Qu'en statuant ainsi, alors que l'\u00e9tranger qui sollicite le b\u00e9n\u00e9fice d'une assignation \u00e0 r\u00e9sidence n'a pas \u00e0 justifier de circonstances \u00e0 caract\u00e8re exceptionnel de nature \u00e0 l\u00e9gitimer cette mesure, le premier pr\u00e9sident, qui a ajout\u00e9 \u00e0 la loi une condition qu'elle ne comporte pas, a viol\u00e9 le texte susvis\u00e9 ;",
        "Et vu l'article 627 du nouveau Code de proc\u00e9dure civile ;",
        "Attendu que les d\u00e9lais l\u00e9gaux de maintien en r\u00e9tention \u00e9tant expir\u00e9s, il ne reste plus rien \u00e0 juger ;"
    ],
    "decision-4": [
        "PAR CES MOTIFS :",
        "CASSE ET ANNULE, dans toutes ses dispositions, l'ordonnance rendue le 18 novembre 2004, entre les parties, par le premier pr\u00e9sident de la cour d'appel de Montpellier ;",
        "DIT n'y avoir lieu \u00e0 renvoi ;",
        "Ainsi fait et jug\u00e9 par la Cour de Cassation, Premi\u00e8re chambre civile, et prononc\u00e9 par le pr\u00e9sident en son audience publique du dix-sept janvier deux mille six."
    ]
}