{
    "decision-0": [
        "Sur le second moyen :"
    ],
    "decision-1": [
        "Vu l'article 78-2 du Code de proc\u00e9dure p\u00e9nale, ensemble les articles L. 551-1 et suivants du Code de l'entr\u00e9e et du s\u00e9jour des \u00e9trangers et du droit d'asile ;"
    ],
    "decision-2": [
        "Attendu, selon l'ordonnance attaqu\u00e9e, rendue par le premier pr\u00e9sident d'une cour d'appel, et les pi\u00e8ces de la proc\u00e9dure, que, Mlle X..., de nationalit\u00e9 marocaine, contr\u00f4l\u00e9e et verbalis\u00e9e dans un train par un gardien de la paix en mission de s\u00e9curisation pour avoir pos\u00e9 un pied sur la banquette, a \u00e9t\u00e9 invit\u00e9e \u00e0 se pr\u00e9senter le lendemain au commissariat pour justifier de son identit\u00e9, que s'\u00e9tant pr\u00e9sent\u00e9e au commissariat quelques jours plus tard, elle a \u00e9t\u00e9 plac\u00e9e en garde \u00e0 vue pour s\u00e9jour irr\u00e9gulier ; que le pr\u00e9fet de l'Aude a pris \u00e0 son encontre un arr\u00eat\u00e9 de placement en r\u00e9tention dans des locaux ne relevant pas de l'administration p\u00e9nitentiaire ; que le juge des libert\u00e9s et de la r\u00e9tention a ordonn\u00e9 la prolongation de cette mesure ; que Mlle X... a interjet\u00e9 appel de cette d\u00e9cision ;",
        "Attendu qu'il n'appartient au juge, statuant sur le fondement des articles L. 552-1 et suivants du Code de l'entr\u00e9e et du s\u00e9jour des \u00e9trangers et du droit d'asile, de se prononcer sur les \u00e9ventuelles irr\u00e9gularit\u00e9s d'un contr\u00f4le d'identit\u00e9, que si ce contr\u00f4le pr\u00e9c\u00e8de imm\u00e9diatement une mesure de garde \u00e0 vue ou de placement en r\u00e9tention administrative de l'\u00e9tranger ;",
        "Attendu que pour ordonner la mise en libert\u00e9 de Mlle X..., l'ordonnance retient que le contr\u00f4le d'identit\u00e9 de Mlle X... n'\u00e9tait pas justifi\u00e9 et que la proc\u00e9dure subs\u00e9quente est nulle ;"
    ],
    "decision-3": [
        "Qu'en statuant ainsi, alors que ce contr\u00f4le n'avait pas imm\u00e9diatement pr\u00e9c\u00e9d\u00e9 le maintien en r\u00e9tention, le premier pr\u00e9sident a viol\u00e9 les textes susvis\u00e9s ;",
        "Vu l'article 627 du nouveau Code de proc\u00e9dure civile ;",
        "Et attendu que les d\u00e9lais l\u00e9gaux de r\u00e9tention \u00e9tant expir\u00e9s, il ne reste plus rien \u00e0 juger ;"
    ],
    "decision-4": [
        "PAR CES MOTIFS et sans qu'il y ait lieu de statuer sur le premier moyen :",
        "CASSE ET ANNULE, dans toutes ses dispositions, l'ordonnance rendue le 21 janvier 2005, entre les parties, par le premier pr\u00e9sident de la cour d'appel de Montpellier ;",
        "Dit n'y avoir lieu \u00e0 renvoi ;",
        "Dit que sur les diligences du procureur g\u00e9n\u00e9ral pr\u00e8s la Cour de Cassation, le pr\u00e9sent arr\u00eat sera transmis pour \u00eatre transcrit en marge ou \u00e0 la suite de l'ordonnance cass\u00e9e ;",
        "Ainsi fait et jug\u00e9 par la Cour de Cassation, Premi\u00e8re chambre civile, et prononc\u00e9 par le pr\u00e9sident en son audience publique du quatorze f\u00e9vrier deux mille six."
    ]
}