{
    "decision-0": [
        "Sur le moyen unique :"
    ],
    "decision-1": [
        "Vu l'article 63-1 du Code de proc\u00e9dure p\u00e9nale et l'article 35 bis de l'ordonnance du 2 novembre 1945 devenu les articles L. 551-1 et suivants du Code de l'entr\u00e9e et du s\u00e9jour des \u00e9trangers et du droit d'asile ;",
        "Attendu qu'il r\u00e9sulte de ce texte que l'officier de police judiciaire ou, sous son contr\u00f4le, l'agent de police judiciaire, a le devoir de notifier imm\u00e9diatement les droits attach\u00e9s au placement en garde \u00e0 vue ;",
        "que tout retard dans la mise en oeuvre de cette obligation, non justifi\u00e9 par une circonstance insurmontable, porte n\u00e9cessairement atteinte aux int\u00e9r\u00eats de la personne concern\u00e9e ;"
    ],
    "decision-2": [
        "Attendu, selon l'ordonnance attaqu\u00e9e rendue par le premier pr\u00e9sident d'une cour d'appel, que, le 17 mai 2004, M. X..., interpell\u00e9 pour vol avec effraction, a \u00e9t\u00e9 l'objet d'un arr\u00eat\u00e9 de reconduite \u00e0 la fronti\u00e8re et de maintien en r\u00e9tention dans des locaux ne relevant pas de l'administration p\u00e9nitentiaire ; que, le 19 mai 2004, apr\u00e8s avoir rejet\u00e9 le moyen de nullit\u00e9 de la proc\u00e9dure soulev\u00e9 par l'\u00e9tranger, le juge des libert\u00e9s et de la d\u00e9tention a prolong\u00e9 cette mesure ;",
        "Attendu que pour rejeter l'exception de nullit\u00e9 prise d'une notification tardive \u00e0 M. X... des droits pr\u00e9vus par les articles 63-2 et suivants du Code de proc\u00e9dure p\u00e9nale, l'ordonnance retient que M. X..., a \u00e9t\u00e9 interpell\u00e9 \u00e0 4 H 10 du matin le 17 mai 2004, qu'\u00e0 4 H 55 et 5 H 05 l'officier de police judiciaire a tent\u00e9 de notifier leur placement en garde \u00e0 vue successivement \u00e0 l'individu interpell\u00e9 avec lui et \u00e0 M. X... et mentionn\u00e9 l'impossibilit\u00e9 compte tenu de l'heure tardive de requ\u00e9rir les services d'un traducteur ; qu'un premier interpr\u00e8te, qui a pu \u00eatre joint \u00e0 8 heures, n'est arriv\u00e9 qu'\u00e0 11 H 25 ; qu'il n'a pu proc\u00e9der \u00e0 la traduction les int\u00e9ress\u00e9s ne parlant pas la langue russe ukrainienne ; qu'\u00e0 12 heures, il a \u00e9t\u00e9 fait appel \u00e0 une autre interpr\u00e8te en langue moldave et roumaine et que les droits ont ainsi \u00e9t\u00e9 notifi\u00e9s \u00e0 M. X... \u00e0 13 H 15 ;"
    ],
    "decision-3": [
        "Qu'en se d\u00e9terminant ainsi, sans caract\u00e9riser aucune circonstance insurmontable justifiant qu'il ait \u00e9t\u00e9 impossible, en l'esp\u00e8ce, de faire imm\u00e9diatement appel \u00e0 un interpr\u00e8te en langue roumaine lors du placement en garde \u00e0 vue, le premier pr\u00e9sident n'a pas donn\u00e9 de base l\u00e9gale \u00e0 sa d\u00e9cision ;",
        "Vu l'article 627 du nouveau Code de proc\u00e9dure civile ;",
        "Et attendu que les d\u00e9lais l\u00e9gaux de r\u00e9tention \u00e9tant expir\u00e9s, il ne reste plus rien \u00e0 juger ;"
    ],
    "decision-4": [
        "PAR CES MOTIFS :",
        "CASSE ET ANNULE, dans toutes ses dispositions, l'ordonnance rendue le 21 mai 2004, entre les parties, par le premier pr\u00e9sident de la cour d'appel de Paris ;",
        "DIT n'y avoir lieu \u00e0 renvoi ;",
        "Dit que sur les diligences du procureur g\u00e9n\u00e9ral pr\u00e8s la Cour de Cassation, le pr\u00e9sent arr\u00eat sera transmis pour \u00eatre transcrit en marge ou \u00e0 la suite de l'ordonnance cass\u00e9e ;",
        "Ainsi fait et jug\u00e9 par la Cour de Cassation, Premi\u00e8re chambre civile, et prononc\u00e9 par le pr\u00e9sident en son audience publique du dix-huit mai deux mille cinq."
    ]
}