{
    "decision-0": [
        "Sur le moyen unique :"
    ],
    "decision-1": [
        "Vu l'article 62 de la Constitution et l'article 35 bis V de l'ordonnance du 2 novembre 1945 dans sa r\u00e9daction issue de la loi n\u00b0 2003-1119 du 26 novembre 2003, devenu l'article L. 551-3 du Code de l'entr\u00e9e et du s\u00e9jour des \u00e9trangers et du droit d'asile, tel qu'interpr\u00e9t\u00e9 par la d\u00e9cision du Conseil constitutionnel n\u00b0 2003-484 DC du 20 novembre 2003 ;",
        "Attendu qu'\u00e0 son arriv\u00e9e au centre de r\u00e9tention, l'\u00e9tranger re\u00e7oit notification des droits qu'il est susceptible d'exercer en mati\u00e8re de demande d'asile et qu'il lui est notamment indiqu\u00e9 que sa demande d'asile ne sera plus recevable pendant la p\u00e9riode de r\u00e9tention si elle est formul\u00e9e plus de cinq jours apr\u00e8s cette notification ; que cette obligation, dont l'inobservation a seulement pour effet d'emp\u00eacher le d\u00e9lai de courir, \u00e0 d\u00e9faut d'une telle information, mais non d'entra\u00eener la nullit\u00e9 de la proc\u00e9dure, ne saurait \u00eatre \u00e9tendue \u00e0 l'\u00e9gard de l'\u00e9tranger qui se trouve maintenu dans un local de r\u00e9tention ;"
    ],
    "decision-2": [
        "Attendu, selon l'ordonnance attaqu\u00e9e rendue par le premier pr\u00e9sident d'une cour d'appel, que M. X..., ressortissant alg\u00e9rien faisant l'objet d'un arr\u00eat\u00e9 de reconduite \u00e0 la fronti\u00e8re pris par le pr\u00e9fet du Calvados, a \u00e9t\u00e9 maintenu en r\u00e9tention dans un local de r\u00e9tention administrative ; qu'ayant constat\u00e9 la nullit\u00e9 de la proc\u00e9dure par suite de l'absence de notification des droits que cet \u00e9tranger \u00e9tait susceptible d'exercer en mati\u00e8re de demande d'asile, le juge des libert\u00e9s et de la d\u00e9tention a dit n'y avoir lieu \u00e0 prolongation de la r\u00e9tention administrative ;",
        "Attendu que pour confirmer cette d\u00e9cision, l'ordonnance retient, par motifs propres, qu'il ne saurait \u00eatre valablement soutenu que l'\u00e9tranger qui, en raison de circonstances de temps et de lieux, est plac\u00e9 dans un local de r\u00e9tention administrative et ne peut \u00eatre accueilli dans un centre de r\u00e9tention, dispose de moins de droits que l'\u00e9tranger qui est admis imm\u00e9diatement dans un tel centre, et que si le Conseil constitutionnel a d\u00e9cid\u00e9 que le d\u00e9lai de cinq jours mentionn\u00e9 \u00e0 l'article 35 bis V de l'ordonnance du 2 novembre 1945 ne couvrait pas la p\u00e9riode \u00e9ventuellement pass\u00e9e en r\u00e9tention dans un local autre qu'un centre de r\u00e9tention, il ne saurait \u00eatre d\u00e9duit de cette d\u00e9cision que la notification des droits en mati\u00e8re d'asile ne doit pas intervenir tant que l'\u00e9tranger demeure plac\u00e9 dans un local de r\u00e9tention, et, par motifs adopt\u00e9s, que le r\u00e9gime juridique de la r\u00e9tention doit \u00eatre le m\u00eame que l'\u00e9tranger soit retenu dans un centre ou dans un local, que M. X... aurait d\u00fb, en cons\u00e9quence, recevoir une information sur ses droits en mati\u00e8re de demande d'asile et que l'absence de cette information a port\u00e9 atteinte \u00e0 ses droits ;"
    ],
    "decision-3": [
        "Attendu, cependant, que le Conseil constitutionnel a \u00e9nonc\u00e9 dans la d\u00e9cision susvis\u00e9e, d'une part, qu'en pr\u00e9voyant qu'une demande d'asile sera irrecevable si elle est formul\u00e9e plus de cinq jours apr\u00e8s le placement de l'\u00e9tranger dans un centre de r\u00e9tention, le l\u00e9gislateur a voulu concilier le respect du droit d'asile et, en \u00e9vitant des demandes de caract\u00e8re dilatoire, la n\u00e9cessit\u00e9 de garantir l'ex\u00e9cution des mesures d'\u00e9loignement, qui participe de la sauvegarde de l'ordre public ; qu'il a pr\u00e9vu, \u00e0 cet effet, que l'\u00e9tranger sera pleinement inform\u00e9 du d\u00e9lai durant lequel une demande d'asile peut \u00eatre formul\u00e9e ; que ce d\u00e9lai ne saurait courir \u00e0 d\u00e9faut d'une telle information ; et, d'autre part, qu'il r\u00e9sulte de la r\u00e9f\u00e9rence sp\u00e9cialement faite par le l\u00e9gislateur \u00e0 la cat\u00e9gorie particuli\u00e8re des \"centres\" de r\u00e9tention au V de l'article 35 bis que le d\u00e9lai de cinq jours mentionn\u00e9 par cette disposition ne couvre pas la p\u00e9riode \u00e9ventuellement pass\u00e9e en r\u00e9tention par un \u00e9tranger dans un local d'une autre nature ;",
        "D'o\u00f9 il suit qu'en \u00e9tendant en dehors des pr\u00e9visions de la loi l'obligation de notification des droits que l'\u00e9tranger est susceptible d'exercer en mati\u00e8re de demande d'asile et en sanctionnant, en outre, l'inobservation d'une telle formalit\u00e9 par une nullit\u00e9 de proc\u00e9dure qui n'est pas encourue, le premier pr\u00e9sident, \u00e0 qui s'imposait la d\u00e9cision pr\u00e9cit\u00e9e du Conseil constitutionnel, a viol\u00e9 les textes susvis\u00e9s ;",
        "Et vu l'article 627 du nouveau Code de proc\u00e9dure civile ;",
        "Attendu que les d\u00e9lais l\u00e9gaux de maintien en r\u00e9tention \u00e9tant expir\u00e9s, il ne reste rien \u00e0 juger ;"
    ],
    "decision-4": [
        "PAR CES MOTIFS :",
        "CASSE ET ANNULE, dans toutes ses dispositions, l'ordonnance rendue le 10 mai 2004, entre les parties, par le premier pr\u00e9sident de la cour d'appel de Caen ;",
        "DIT n'y avoir lieu \u00e0 renvoi ;",
        "Dit que sur les diligences du procureur g\u00e9n\u00e9ral pr\u00e8s la Cour de Cassation, le pr\u00e9sent arr\u00eat sera transmis pour \u00eatre transcrit en marge ou \u00e0 la suite de l'ordonnance cass\u00e9e ;",
        "Ainsi fait et jug\u00e9 par la Cour de Cassation, Premi\u00e8re chambre civile, et prononc\u00e9 par le pr\u00e9sident en son audience publique du six juillet deux mille cinq."
    ]
}