{
    "decision-0": [
        "Sur le moyen unique, pris en sa premi\u00e8re branche :"
    ],
    "decision-1": [
        "Vu l'article 35 bis de l'ordonnance du 2 novembre 1945, devenu les articles L. 551-1 et suivants du Code de l'entr\u00e9e et du s\u00e9jour des \u00e9trangers et du droit d'asile, et les articles 5 et 9 du d\u00e9cret n\u00b0 2001-236 du 19 mars 2001 relatif aux centres et locaux de r\u00e9tention administrative ;",
        "Attendu que l'arr\u00eat\u00e9 pr\u00e9fectoral d\u00e9signant des locaux, autres que les centres de r\u00e9tention administrative, pouvant \u00eatre ouverts de mani\u00e8re temporaire, dans lesquels l'\u00e9tranger peut \u00eatre plac\u00e9 en r\u00e9tention, est notifi\u00e9 imm\u00e9diatement au procureur de la R\u00e9publique, au directeur des affaires sanitaires et sociales ainsi qu'\u00e0 l'association \u00e0 caract\u00e8re national, ayant pour objet la d\u00e9fense des droits des \u00e9trangers, avec laquelle, pour permettre l'exercice effectif de leurs droits par les \u00e9trangers maintenus en r\u00e9tention administrative, l'Etat passe une convention ;"
    ],
    "decision-2": [
        "Attendu, selon l'ordonnance attaqu\u00e9e, rendue par le premier pr\u00e9sident d'une cour d'appel, que M. X..., ressortissant comorien en situation irr\u00e9guli\u00e8re sur le territoire fran\u00e7ais, a \u00e9t\u00e9 interpell\u00e9 le 22 juillet 2004 \u00e0 Saint-Dizier par les services de police et plac\u00e9 en garde \u00e0 vue ;",
        "qu'il a fait l'objet d'arr\u00eat\u00e9s de reconduite \u00e0 la fronti\u00e8re et de maintien en r\u00e9tention, pris par le pr\u00e9fet de la Haute-Marne, qui lui ont \u00e9t\u00e9 notifi\u00e9s le 24 juillet 2004, \u00e0 16 heures 30, lors de la fin de sa garde \u00e0 vue, en m\u00eame temps qu'un arr\u00eat\u00e9 pr\u00e9fectoral cr\u00e9ant un local de r\u00e9tention administrative temporaire dans les locaux de l'h\u00f4tel de police de Saint-Dizier destin\u00e9 \u00e0 l'accueillir ; qu'apr\u00e8s avoir rejet\u00e9 les exceptions de nullit\u00e9 de la proc\u00e9dure, prises notamment de l'absence de notification \u00e0 l'association CIMADE de l'arr\u00eat\u00e9 pr\u00e9fectoral de cr\u00e9ation du local de r\u00e9tention temporaire, le juge des libert\u00e9s et de la d\u00e9tention a ordonn\u00e9 la prolongation du maintien en r\u00e9tention de l'int\u00e9ress\u00e9 ;"
    ],
    "decision-3": [
        "Attendu que pour confirmer cette d\u00e9cision, l'ordonnance retient qu'il n'appartient pas au juge judiciaire, saisi sur le fondement de l'article 35 bis de l'ordonnance du 2 novembre 1945, de se prononcer sur la r\u00e9gularit\u00e9 ou sur l'absence de la notification d'une d\u00e9cision administrative, mais de v\u00e9rifier en tant que gardien de la libert\u00e9 individuelle, si les r\u00e8gles de protection de M. X... ont \u00e9t\u00e9 respect\u00e9es et si celui-ci a pu faire valoir ses droits ; que l'int\u00e9ress\u00e9 qui a eu connaissance des arr\u00eat\u00e9s pr\u00e9cit\u00e9s, lesquels lui ont \u00e9t\u00e9 lus, et qui a donc eu connaissance de tous les droits dont il a pu b\u00e9n\u00e9ficier, a eu recours non seulement aux conseils d'un avocat pendant la garde \u00e0 vue mais \u00e0 \u00e9galement b\u00e9n\u00e9fici\u00e9 de ceux d'un autre avocat sp\u00e9cialis\u00e9 avant l'expiration du d\u00e9lai de 48 heures de r\u00e9tention administrative qui l'a assist\u00e9 \u00e0 l'audience du juge des libert\u00e9s et de la d\u00e9tention, de sorte qu'il n'est pas \u00e9tabli que l'absence de notification ait fait grief \u00e0 l'int\u00e9ress\u00e9 ;"
    ],
    "decision-4": [
        "Qu'en statuant ainsi, alors que, sans pr\u00e9juger la r\u00e9gularit\u00e9 de l'arr\u00eat\u00e9 pr\u00e9fectoral ayant cr\u00e9\u00e9 le local de r\u00e9tention temporaire, l'absence de notification de cette d\u00e9cision \u00e0 la CIMADE, association \u00e0 caract\u00e8re national, ayant pour objet la d\u00e9fense des droits des \u00e9trangers, qui a pass\u00e9 une convention avec l'Etat pour permettre l'exercice effectif de leurs droits par les \u00e9trangers maintenus en r\u00e9tention administrative, avait attent\u00e9 aux droits de M. X..., lequel n'avait pas pu b\u00e9n\u00e9ficier d'un entretien avec un repr\u00e9sentant de cette association, le premier pr\u00e9sident a viol\u00e9 les textes susvis\u00e9s ;",
        "Vu l'article 627 du nouveau Code de proc\u00e9dure civile ;",
        "Et attendu que les d\u00e9lais l\u00e9gaux de r\u00e9tention \u00e9tant expir\u00e9s, il ne reste plus rien \u00e0 juger ;"
    ],
    "decision-5": [
        "PAR CES MOTIFS, et sans qu'il y ait lieu de statuer sur la seconde branche du moyen :",
        "CASSE ET ANNULE, en toutes ses dispositions, l'ordonnance rendue le 29 juillet 2004, entre les parties, par le premier pr\u00e9sident de la cour d'appel de Dijon ;",
        "DIT n'y avoir lieu \u00e0 renvoi ;",
        "Dit que sur les diligences du procureur g\u00e9n\u00e9ral pr\u00e8s la Cour de Cassation, le pr\u00e9sent arr\u00eat sera transmis pour \u00eatre transcrit en marge ou \u00e0 la suite de l'ordonnance cass\u00e9e ;",
        "Ainsi fait et jug\u00e9 par la Cour de Cassation, Premi\u00e8re chambre civile, et prononc\u00e9 par le pr\u00e9sident en son audience publique du quatorze juin deux mille cinq."
    ]
}