{
    "decision-0": [
        "Attendu, selon l'ordonnance attaqu\u00e9e, rendue par le premier pr\u00e9sident d'une cour d'appel, et les pi\u00e8ces de la proc\u00e9dure, que M. X..., ressortissant turc qui faisait l'objet d'un arr\u00eat\u00e9 de reconduite \u00e0 la fronti\u00e8re, a \u00e9t\u00e9 interpell\u00e9 et plac\u00e9 en garde \u00e0 vue pour infraction \u00e0 la l\u00e9gislation sur les \u00e9trangers ; que le pr\u00e9fet d'Ille-et-Vilaine a pris \u00e0 son encontre un arr\u00eat\u00e9 de maintien en r\u00e9tention dans un local ne relevant pas de l'administration p\u00e9nitentiaire ; que saisi d'une requ\u00eate du pr\u00e9fet tendant \u00e0 la prolongation de la r\u00e9tention administrative, le juge des libert\u00e9s et de la d\u00e9tention, apr\u00e8s avoir constat\u00e9 l'irr\u00e9gularit\u00e9 du contr\u00f4le d'identit\u00e9 de cet \u00e9tranger, a, par une ordonnance rendue le 17 d\u00e9cembre 2004, \u00e0 14 heures, dit n'y avoir lieu \u00e0 mesure de surveillance et de contr\u00f4le ; que le minist\u00e8re public a interjet\u00e9 appel de cette d\u00e9cision ;"
    ],
    "decision-1": [
        "Sur le premier moyen :",
        "Attendu que M. X... fait grief \u00e0 l'ordonnance infirmative ayant prolong\u00e9 son maintien en r\u00e9tention d'avoir \u00e9t\u00e9 rendue plus de quarante-huit heures apr\u00e8s l'appel interjet\u00e9 le 17 d\u00e9cembre 2004 par le procureur de la R\u00e9publique, alors, selon le moyen, que conform\u00e9ment aux articles 35 bis de l'ordonnance du 2 novembre 1945 et 10, alin\u00e9a 4, du d\u00e9cret du 17 novembre 2004, le premier pr\u00e9sident ou le magistrat d\u00e9l\u00e9gu\u00e9 par lui doit statuer dans les quarante-huit heures de sa saisine, faute de quoi la d\u00e9cision est non avenue ;"
    ],
    "decision-2": [
        "Mais attendu que le premier pr\u00e9sident ayant \u00e9t\u00e9 valablement saisi, non par l'acte d'appel non motiv\u00e9 du procureur de la R\u00e9publique, formalis\u00e9 au tribunal de grande instance le vendredi 17 d\u00e9cembre 2004, \u00e0 14 heures 50, au regard duquel le d\u00e9lai pour statuer expirant le dimanche aurait, en tout \u00e9tat de cause, \u00e9t\u00e9 prorog\u00e9 jusqu'au premier jour ouvrable suivant, soit le lundi 20 d\u00e9cembre 2004 \u00e0 la m\u00eame heure, mais par la d\u00e9claration d'appel motiv\u00e9e du minist\u00e8re public transmise au greffe de la cour d'appel par t\u00e9l\u00e9copie horodat\u00e9e du 18 d\u00e9cembre 2004, \u00e0 12 heures 07, l'ordonnance, rendue le lundi 20 d\u00e9cembre 2004, \u00e0 10 heures 42, n'encourt pas la critique du moyen ;"
    ],
    "decision-3": [
        "Mais sur le deuxi\u00e8me moyen :"
    ],
    "decision-4": [
        "Vu l'article 35 bis de l'ordonnance du 2 novembre 1945, devenu les articles L. 551-1 et suivants du Code de l'entr\u00e9e et du s\u00e9jour des \u00e9trangers et du droit d'asile, 3 et 10 du d\u00e9cret n\u00b0 2004-1215 du 17 novembre 2004, ensemble le principe du respect des droits de la d\u00e9fense ;",
        "Attendu que l'\u00e9tranger maintenu en r\u00e9tention, ainsi que son avocat, doivent \u00eatre avis\u00e9s de l'audience d'appel ;",
        "Attendu qu'il ne r\u00e9sulte ni de l'ordonnance mentionnant l'absence du conseil de l'\u00e9tranger ni des pi\u00e8ces de la proc\u00e9dure que l'avocat de M. X..., qui l'avait assist\u00e9 en premi\u00e8re instance, ainsi que l'\u00e9tranger lui-m\u00eame, aient \u00e9t\u00e9 d\u00fbment avis\u00e9s de l'audience d'appel ;",
        "En quoi, le premier pr\u00e9sident a viol\u00e9 les textes et le principe susvis\u00e9s ;",
        "Vu l'article 627 du nouveau code de proc\u00e9dure civile ;",
        "Et attendu que les d\u00e9lais l\u00e9gaux de maintien en r\u00e9tention \u00e9tant expir\u00e9s, il ne reste plus rien \u00e0 juger ;"
    ],
    "decision-5": [
        "PAR CES MOTIFS, et sans qu'il y ait lieu de statuer sur le troisi\u00e8me moyen :",
        "CASSE ET ANNULE, dans toutes ses dispositions, l'ordonnance rendue le 20 d\u00e9cembre 2004, entre les parties, par la cour d'appel de Rennes ;",
        "Dit n'y avoir lieu \u00e0 renvoi ;",
        "Dit que sur les diligences du procureur g\u00e9n\u00e9ral pr\u00e8s la Cour de cassation, le pr\u00e9sent arr\u00eat sera transmis pour \u00eatre transcrit en marge ou \u00e0 la suite de la ordonnance cass\u00e9e ;",
        "Ainsi fait et jug\u00e9 par la Cour de cassation, premi\u00e8re chambre civile, et prononc\u00e9 par le pr\u00e9sident en son audience publique du quatre juillet deux mille six."
    ]
}