{
    "decision-0": [
        "Sur le premier moyen, pris en sa premi\u00e8re branche :"
    ],
    "decision-1": [
        "Vu le principe de la s\u00e9paration des pouvoirs, ensemble l'article 35 bis de l'ordonnance du 2 novembre 1945, devenu les articles L. 551-1 et suivants du Code de l'entr\u00e9e et du s\u00e9jour des \u00e9trangers et du droit d'asile ;"
    ],
    "decision-2": [
        "Attendu, selon l'ordonnance attaqu\u00e9e, rendue par le premier pr\u00e9sident d'une cour d'appel, que Mme X..., alias Y..., ressortissante ukrainienne, a fait l'objet d'un arr\u00eat\u00e9 de reconduite \u00e0 la fronti\u00e8re et a \u00e9t\u00e9 plac\u00e9e en r\u00e9tention dans un local ne relevant pas de l'administration p\u00e9nitentiaire par d\u00e9cision du pr\u00e9fet du Bas-Rhin ; que le juge des libert\u00e9s et de la d\u00e9tention a ordonn\u00e9 la prolongation de cette mesure pour une dur\u00e9e de 15 jours ; qu'\u00e0 nouveau saisi par une requ\u00eate sign\u00e9e, pour le pr\u00e9fet, par Mlle Z..., adjoint administratif, le juge a rejet\u00e9 \"l'exception de nullit\u00e9\" de la demande et dit y avoir lieu \u00e0 une seconde prolongation pour une dur\u00e9e maximale de 5 jours ; que Mme X... a interjet\u00e9 appel ;",
        "Attendu que pour infirmer cette d\u00e9cision et dire n'y avoir lieu \u00e0 une seconde prolongation de la r\u00e9tention administrative, l'ordonnance retient que l'arr\u00eat\u00e9 pr\u00e9fectoral du 17 d\u00e9cembre 2003 portant d\u00e9l\u00e9gation de signature, notamment au profit de Mlle Z..., adjoint administratif, a \u00e9t\u00e9 pris en application des d\u00e9crets n\u00b0 50-722 du 24 juin 1950 et 82-389 du 10 mai 1982, relatifs aux d\u00e9l\u00e9gations de pouvoirs des pr\u00e9fets, textes abrog\u00e9s par le d\u00e9cret n\u00b0 2004-374 du 29 avril 2004 dont l'article 43 pr\u00e9cise les cat\u00e9gories de personnes pouvant recevoir d\u00e9l\u00e9gation de signature du pr\u00e9fet, et qu'il n'est pas d\u00e9montr\u00e9 que Mlle Z... entre dans une cat\u00e9gorie de personnes susceptibles de recevoir d\u00e9l\u00e9gation de signature pour solliciter la prolongation de la r\u00e9tention administrative d'un \u00e9tranger ;"
    ],
    "decision-3": [
        "Qu'en statuant ainsi, alors que le juge judiciaire ne pouvait appr\u00e9cier la l\u00e9galit\u00e9 de l'arr\u00eat\u00e9 du pr\u00e9fet du Bas-Rhin du 17 d\u00e9cembre 2003, figurant au dossier de la juridiction d'appel, donnant d\u00e9l\u00e9gation de signature \u00e0 Mlle Z... \u00e0 l'effet de signer les requ\u00eates au juge judiciaire en vue d'obtenir la prolongation du maintien en r\u00e9tention des \u00e9trangers en instance d'\u00e9loignement, le premier pr\u00e9sident a exc\u00e9d\u00e9 ses pouvoirs et viol\u00e9 le principe et le texte susvis\u00e9s ;",
        "Et vu l'article 627 du nouveau Code de proc\u00e9dure civile ;",
        "Attendu que les d\u00e9lais l\u00e9gaux de maintien en r\u00e9tention \u00e9tant expir\u00e9s, il ne reste plus rien \u00e0 juger ;"
    ],
    "decision-4": [
        "PAR CES MOTIFS, et sans qu'il y ait lieu de statuer sur les autres griefs du pourvoi :",
        "CASSE ET ANNULE, dans toutes ses dispositions, l'ordonnance rendue le 19 juillet 2004, entre les parties, par le premier pr\u00e9sident de la cour d'appel de Colmar ;",
        "DIT n'y avoir lieu \u00e0 renvoi ;",
        "Dit que sur les diligences du procureur g\u00e9n\u00e9ral pr\u00e8s la Cour de Cassation, le pr\u00e9sent arr\u00eat sera transmis pour \u00eatre transcrit en marge ou \u00e0 la suite de l'ordonnance cass\u00e9e ;",
        "Ainsi fait et jug\u00e9 par la Cour de Cassation, Premi\u00e8re chambre civile, et prononc\u00e9 par le pr\u00e9sident en son audience publique du six d\u00e9cembre deux mille cinq."
    ]
}