{
    "decision-0": [
        "Attendu, selon l'ordonnance confirmative attaqu\u00e9e, rendue par le premier pr\u00e9sident d'une cour d'appel, que Mme X..., de nationalit\u00e9 roumaine, qui faisait l'objet d'un arr\u00eat\u00e9 de reconduite \u00e0 la fronti\u00e8re, a \u00e9t\u00e9 interpell\u00e9e et plac\u00e9e en garde \u00e0 vue le 7 septembre 2004 pour s\u00e9jour irr\u00e9gulier en France ; que, le 8 septembre 2004, le pr\u00e9fet de police de Paris a pris \u00e0 son encontre un arr\u00eat\u00e9 de maintien en r\u00e9tention dans un local ne relevant pas de l'administration p\u00e9nitentiaire, qui lui a \u00e9t\u00e9 notifi\u00e9, avec ses droits, le m\u00eame jour \u00e0 13 heures 40 ; qu'apr\u00e8s avoir \u00e9cart\u00e9 les moyens de nullit\u00e9 soulev\u00e9s, le juge des libert\u00e9s et de la d\u00e9tention a ordonn\u00e9 la prolongation de cette mesure ;"
    ],
    "decision-1": [
        "Sur le second moyen, qui est pr\u00e9alable :"
    ],
    "decision-2": [
        "Attendu qu'il n'y a pas lieu de statuer sur ce moyen, qui ne serait pas de nature \u00e0 permettre l'admission du pourvoi ;"
    ],
    "decision-3": [
        "Mais sur le premier moyen :"
    ],
    "decision-4": [
        "Vu l'article 66 de la Constitution du 4 octobre 1958, ensemble l'article 35 bis I, alin\u00e9a 9, de l'ordonnance du 2 novembre 1945, devenu l'article L. 552-2 du Code de l'entr\u00e9e et du s\u00e9jour des \u00e9trangers et du droit d'asile ;",
        "Attendu que le juge, gardien de la libert\u00e9 individuelle, s'assure par tous moyens et notamment d'apr\u00e8s les mentions figurant au registre pr\u00e9vu \u00e0 cet effet \u00e0 l'article 35 bis de l'ordonnance du 2 novembre 1945 - devenu l'article L. 553-1 du Code susvis\u00e9 -, \u00e9marg\u00e9 par l'int\u00e9ress\u00e9, que celui-ci a \u00e9t\u00e9, au moment de la notification de la d\u00e9cision de placement en r\u00e9tention, pleinement inform\u00e9 de ses droits et plac\u00e9 en mesure de les faire valoir ;",
        "Attendu que pour rejeter l'exception de nullit\u00e9 de la proc\u00e9dure tenant au d\u00e9lai \u00e9coul\u00e9 entre la notification du placement en r\u00e9tention de Mme X..., le 8 septembre 2004 \u00e0 13 heures 40, et son arriv\u00e9e effective au centre de r\u00e9tention, le m\u00eame jour \u00e0 17 heures 25, ainsi qu'\u00e0 l'absence d'invocation par l'Administration d'un emp\u00eachement ou de circonstances insurmontables justifiant un tel retard, l'ordonnance retient, par motifs propres et adopt\u00e9s, que ce d\u00e9lai n'est pas excessif au regard des contraintes mat\u00e9rielles relatives \u00e0 la conduite, par les escortes de police, de l'ensemble des personnes retenues des locaux de la 12e section des renseignements g\u00e9n\u00e9raux au centre de r\u00e9tention de Vincennes, qu'il n'est nullement \u00e9tabli que l'int\u00e9ress\u00e9e n'aurait \u00e9t\u00e9 plac\u00e9e en mesure de faire valoir ses droits qu'\u00e0 17 heures 15, qu'elle ne pr\u00e9cise pas les droits qu'elle n'aurait pas \u00e9t\u00e9 \u00e0 m\u00eame d'exercer dans les locaux des services des renseignements g\u00e9n\u00e9raux et qu'elle aurait exerc\u00e9s d\u00e8s son entr\u00e9e au centre de r\u00e9tention et qu'elle ne justifie donc d'aucun grief ;",
        "Qu'en statuant ainsi, alors que Mme X... soutenait qu'elle avait \u00e9t\u00e9 maintenue \"dans des conditions de garde \u00e0 vue\" beaucoup plus strictes que les conditions offertes par un centre de r\u00e9tention, telles que pr\u00e9vues par l'article 4 du d\u00e9cret n\u00b0 2001-236 du 19 mars 2001, et qu'elle pr\u00e9cisait que ce n'\u00e9tait qu'au moment de son arriv\u00e9e au centre de r\u00e9tention qu'elle avait pu contacter son avocat qui avait assur\u00e9 sa d\u00e9fense devant le juge des libert\u00e9s et de la d\u00e9tention, le premier pr\u00e9sident, qui ne s'est pas assur\u00e9 que l'int\u00e9ress\u00e9e avait \u00e9t\u00e9, au moment de la notification de la d\u00e9cision de placement en r\u00e9tention, mise en mesure d'exercer effectivement les droits qui lui sont reconnus, n'a pas satisfait aux exigences des textes susvis\u00e9s ;",
        "Vu l'article 627, alin\u00e9a 1, du nouveau Code de proc\u00e9dure civile ;",
        "Et attendu que les d\u00e9lais l\u00e9gaux de maintien en r\u00e9tention \u00e9tant expir\u00e9s, il ne reste rien \u00e0 juger ;"
    ],
    "decision-5": [
        "PAR CES MOTIFS :",
        "CASSE ET ANNULE, dans toutes ses dispositions, l'ordonnance rendue le 13 septembre 2004, entre les parties, par le premier pr\u00e9sident de la cour d'appel de Paris ;",
        "DIT n'y avoir lieu \u00e0 renvoi ;",
        "Dit que sur les diligences du procureur g\u00e9n\u00e9ral pr\u00e8s la Cour de Cassation, le pr\u00e9sent arr\u00eat sera transmis pour \u00eatre transcrit en marge ou \u00e0 la suite de l'ordonnance cass\u00e9e ;",
        "Ainsi fait et jug\u00e9 par la Cour de Cassation, Premi\u00e8re chambre civile, et prononc\u00e9 par le premier pr\u00e9sident en son audience publique du trente et un janvier deux mille six."
    ]
}