{
    "decision-0": [
        "Sur le moyen unique :"
    ],
    "decision-1": [
        "Vu l'article 66 de la Constitution du 4 octobre 1958, ensemble l'article 35 bis I, alin\u00e9a 9, de l'ordonnance du 2 novembre 1945, devenu l'article L. 552-2 du Code de l'entr\u00e9e et du s\u00e9jour des \u00e9trangers et du droit d'asile ;",
        "Attendu que le juge, gardien de la libert\u00e9 individuelle, s'assure par tous moyens et notamment d'apr\u00e8s les mentions figurant au registre pr\u00e9vu \u00e0 cet effet \u00e0 l'article 35 bis de l'ordonnance du 2 novembre 1945 - devenu l'article L. 553-1 du Code susvis\u00e9 -, \u00e9marg\u00e9 par l'int\u00e9ress\u00e9, que celui-ci a \u00e9t\u00e9, au moment de la notification de la d\u00e9cision de placement en r\u00e9tention, pleinement inform\u00e9 de ses droits et plac\u00e9 en mesure de les faire valoir ;"
    ],
    "decision-2": [
        "Attendu, selon l'ordonnance attaqu\u00e9e rendue par le premier pr\u00e9sident d'une cour d'appel, que M. X..., de nationalit\u00e9 chinoise, a fait l'objet d'un arr\u00eat\u00e9 de reconduite \u00e0 la fronti\u00e8re et a \u00e9t\u00e9 maintenu en r\u00e9tention dans des locaux ne relevant pas de l'administration p\u00e9nitentiaire par une d\u00e9cision du pr\u00e9fet de police de Paris ; que le juge des libert\u00e9s et de la d\u00e9tention a ordonn\u00e9 la prolongation de cette mesure ; que M. X... a interjet\u00e9 appel de cette d\u00e9cision en faisant valoir qu'il n'\u00e9tait pas justifi\u00e9 dans le dossier qu'il avait \u00e9t\u00e9 en mesure de faire valoir ses droits en r\u00e9tention dans un d\u00e9lai raisonnable, l'heure de son arriv\u00e9e au centre de r\u00e9tention n'\u00e9tant pas mentionn\u00e9e et la notification de ses droits en r\u00e9tention, le 21 juillet 2004, \u00e0 10 heures 55, s'\u00e9tant effectu\u00e9e dans des locaux de garde \u00e0 vue dans lesquels on ne peut exercer les droits en r\u00e9tention du fait notamment de l'impossibilit\u00e9 de t\u00e9l\u00e9phoner et d'\u00eatre visit\u00e9 par l'association agr\u00e9\u00e9e Cimade ;",
        "Attendu que pour rejeter cette exception de nullit\u00e9 de la proc\u00e9dure et confirmer la prolongation du maintien en r\u00e9tention, l'ordonnance retient qu'il n'est pas justifi\u00e9 d'un grief dans la mesure o\u00f9 l'int\u00e9ress\u00e9 ne fournit pas d'\u00e9l\u00e9ment quant au fait qu'il ait effectivement voulu faire valoir l'un quelconque de ses droits, ainsi que cela ressort du proc\u00e8s-verbal \"de garde \u00e0 vue\" qui ne porte aucune mention quant \u00e0 une demande sur ce point, et que M. X... ne justifie d'aucun pr\u00e9judice ;"
    ],
    "decision-3": [
        "Qu'en se d\u00e9terminant ainsi, sans s'assurer que l'int\u00e9ress\u00e9 avait \u00e9t\u00e9, au moment de la notification de la d\u00e9cision de placement en r\u00e9tention, mis en mesure d'exercer effectivement les droits qui lui sont reconnus, le premier pr\u00e9sident n'a pas satisfait aux exigences des textes susvis\u00e9s ;",
        "Vu l'article 627, alin\u00e9a 1, du nouveau Code de proc\u00e9dure civile ;",
        "Et attendu que les d\u00e9lais l\u00e9gaux de maintien en r\u00e9tention \u00e9tant expir\u00e9s, il ne reste rien \u00e0 juger ;"
    ],
    "decision-4": [
        "PAR CES MOTIFS :",
        "CASSE ET ANNULE, dans toutes ses dispositions, l'ordonnance rendue le 26 juillet 2004, entre les parties, par le premier pr\u00e9sident de la cour d'appel de Paris ;",
        "DIT n'y avoir lieu \u00e0 renvoi ;",
        "Dit que sur les diligences du procureur g\u00e9n\u00e9ral pr\u00e8s la Cour de Cassation, le pr\u00e9sent arr\u00eat sera transmis pour \u00eatre transcrit en marge ou \u00e0 la suite de l'ordonnance cass\u00e9e ;",
        "Ainsi fait et jug\u00e9 par la Cour de Cassation, Premi\u00e8re chambre civile, et prononc\u00e9 par le premier pr\u00e9sident en son audience publique du trente et un janvier deux mille six."
    ]
}