{
    "decision-0": [
        "Attendu, selon l'ordonnance confirmative attaqu\u00e9e, rendue par le premier pr\u00e9sident d'une cour d'appel, et les pi\u00e8ces de la proc\u00e9dure, que M. X..., ressortissant alg\u00e9rien en situation irr\u00e9guli\u00e8re sur le territoire fran\u00e7ais, a \u00e9t\u00e9 interpell\u00e9 le 31 d\u00e9cembre 2003, \u00e0 9 heures 50, par des policiers en patrouille sur un quai du port de Saint-Malo, \u00e0 la suite d'un contr\u00f4le d'identit\u00e9 op\u00e9r\u00e9 sur le fondement de l'article 78-2, alin\u00e9a 8, du Code de proc\u00e9dure p\u00e9nale, puis pr\u00e9sent\u00e9 \u00e0 10 heures 45 \u00e0 un officier de police judiciaire du service de la Police aux fronti\u00e8res qui l'a plac\u00e9 en garde \u00e0 vue et lui a notifi\u00e9 ses droits, dans un premier temps au moyen d'un formulaire en langue arabe, puis \u00e0 12 heures 55 par le truchement d'un interpr\u00e8te ; que M. X... a \u00e9t\u00e9 l'objet d'un arr\u00eat\u00e9 de reconduite \u00e0 la fronti\u00e8re et d'une d\u00e9cision de maintien en r\u00e9tention pris le m\u00eame jour par le pr\u00e9fet d'Ile-et-Vilaine ; qu'apr\u00e8s avoir rejet\u00e9 les exceptions de nullit\u00e9 de la proc\u00e9dure invoqu\u00e9es par l'int\u00e9ress\u00e9, un juge a ordonn\u00e9 la prolongation de son maintien en r\u00e9tention pour une dur\u00e9e de 15 jours ;"
    ],
    "decision-1": [
        "Sur le deuxi\u00e8me moyen, dont l'examen est pr\u00e9alable :",
        "Attendu que M. X... fait grief \u00e0 l'ordonnance d'avoir rejet\u00e9 l'exception de nullit\u00e9 fond\u00e9e sur l'irr\u00e9gularit\u00e9 du contr\u00f4le d'identit\u00e9, alors, selon le moyen, que l'article 78-2 du Code de proc\u00e9dure p\u00e9nale permet le contr\u00f4le d'identit\u00e9 de toute personne dans les zones accessibles au public des ports aux fins de v\u00e9rifier la d\u00e9tention d'un titre de transport ; qu'en relevant que la seule mention port\u00e9e sur le proc\u00e8s-verbal d'interpellation selon laquelle l'int\u00e9ress\u00e9 \u00e9tait \"dans le secteur du quartier de Terre-Neuve\" suffisait \u00e0 justifier l'applicabilit\u00e9 de ce texte, sans jamais pr\u00e9ciser si l'interpellation \u00e9tait intervenue dans l'enceinte portuaire ni si celle-ci avait eu lieu dans une zone accessible au public, le repr\u00e9sentant du premier pr\u00e9sident a manifestement priv\u00e9 sa d\u00e9cision de base l\u00e9gale au regard de ces dispositions ;"
    ],
    "decision-2": [
        "Mais attendu que l'ordonnance retient qu'il est constant que Saint-Malo est un port et que le secteur du quai de Terre-Neuve o\u00f9 M. X... a \u00e9t\u00e9 contr\u00f4l\u00e9 se trouve \u00e0 proximit\u00e9 du lieu de d\u00e9barquement situ\u00e9 dans la zone de trafic des passagers ;",
        "Que, par ces constatations et \u00e9nonciations, et alors, d'une part, qu'il r\u00e9sulte de l'article 78-2, alin\u00e9a 8, du Code de proc\u00e9dure p\u00e9nale, vis\u00e9 au proc\u00e8s-verbal d'interpellation, aux termes duquel, dans les zones accessibles au public des ports d\u00e9sign\u00e9s par arr\u00eat\u00e9, l'identit\u00e9 de toute personne peut \u00eatre contr\u00f4l\u00e9e en vue de v\u00e9rifier le respect des obligations de d\u00e9tention, de port et de pr\u00e9sentation des titres et documents pr\u00e9vus par la loi, que le contr\u00f4le d'identit\u00e9 et les contr\u00f4les de titre peuvent \u00eatre effectu\u00e9s sur la totalit\u00e9 de l'emprise portuaire d\u00e9finie par l'autorit\u00e9 administrative comp\u00e9tente, et, d'autre part, que l'article 1er de l'arr\u00eat\u00e9 du 23 avril 2003 mentionne que les services de police peuvent effectuer des contr\u00f4les, en application de l'article 78-2 du Code pr\u00e9cit\u00e9, dans les zones accessibles au public du port de Saint-Malo, le premier pr\u00e9sident a l\u00e9galement justifi\u00e9 sa d\u00e9cision ;"
    ],
    "decision-3": [
        "Mais sur le premier moyen, pris en sa premi\u00e8re branche :"
    ],
    "decision-4": [
        "Vu l'article 63, alin\u00e9a 1er, du Code de proc\u00e9dure p\u00e9nale, dans sa r\u00e9daction issue de la loi n\u00b0 2002-307 du 4 mars 2002, ensemble les articles 41, alin\u00e9a 3, du m\u00eame Code et 35 bis de l'ordonnance du 2 novembre 1945, devenu les articles 551-1 et suivants du Code de l'entr\u00e9e et du s\u00e9jour des \u00e9trangers et du droit d'asile ;"
    ],
    "decision-5": [
        "Attendu que, selon le premier de ces textes, l'officier de police judiciaire qui, pour les n\u00e9cessit\u00e9s de l'enqu\u00eate, place en garde \u00e0 vue une personne \u00e0 l'encontre de laquelle il existe une ou plusieurs raisons plausibles de soup\u00e7onner qu'elle a commis ou tent\u00e9 de commettre une infraction, doit en informer le procureur de la R\u00e9publique d\u00e8s le d\u00e9but de la garde \u00e0 vue ; que tout retard dans la mise en uvre de cette obligation, non justifi\u00e9 par des circonstances insurmontables, fait n\u00e9cessairement grief aux int\u00e9r\u00eats de la personne concern\u00e9e ;"
    ],
    "decision-6": [
        "Attendu que pour rejeter l'exception de nullit\u00e9 prise de la tardivet\u00e9 de l'information du procureur de la R\u00e9publique quant \u00e0 la mesure de garde \u00e0 vue, l'ordonnance retient, par motifs propres, que M. X... ayant argu\u00e9 d'une fausse identit\u00e9, les services de la Police aux fronti\u00e8res ont eu \u00e0 effectuer des recherches sur leurs diff\u00e9rents fichiers, qui se sont r\u00e9v\u00e9l\u00e9es vaines, jusqu'\u00e0 ce que l'int\u00e9ress\u00e9 d\u00e9cline sa v\u00e9ritable identit\u00e9 au moment de son audition \u00e0 13 heures et qu'il appara\u00eet ainsi que l'avis fait simultan\u00e9ment au parquet \u00e0 12 heures 55 ne rev\u00eat aucun caract\u00e8re tardif d\u00e8s lors que M. X..., \u00e0 l'origine du retard r\u00e9sultant du temps pass\u00e9 en vue de l'identifier, n'avait encore pas \u00e9t\u00e9 entendu et, par motifs adopt\u00e9s, que l'avis \u00e0 parquet effectu\u00e9 \u00e0 12 heures 55, alors que les officiers de police judiciaire de la Police aux fronti\u00e8res avaient eu \u00e0 \"g\u00e9rer la remise\" de M. X... \u00e0 partir de 10 heures 45, puis la recherche d'un interpr\u00e8te, et que l'avis \u00e0 parquet avait, dans ces conditions, \u00e9t\u00e9 effectu\u00e9 dans la suite imm\u00e9diate de la notification des droits par \u00e9crit en pr\u00e9sence d'un interpr\u00e8te \u00e0 12 heures 55, ne peut \u00eatre consid\u00e9r\u00e9e comme anormalement tardive ;",
        "Qu'en statuant ainsi, alors qu'il ne r\u00e9sulte d'aucun \u00e9l\u00e9ment du dossier que des circonstances insurmontables aient emp\u00each\u00e9 l'information du procureur de la R\u00e9publique d\u00e8s le d\u00e9but de la garde \u00e0 vue, le premier pr\u00e9sident a m\u00e9connu le sens et la port\u00e9e des textes susvis\u00e9s et du principe sus-\u00e9nonc\u00e9 ;",
        "Et vu l'article 627 du nouveau Code de proc\u00e9dure civile ;",
        "Attendu que les d\u00e9lais l\u00e9gaux de maintien en r\u00e9tention \u00e9tant expir\u00e9s, il ne reste rien \u00e0 juger ;"
    ],
    "decision-7": [
        "PAR CES MOTIFS, et sans qu'il y ait lieu de statuer sur les autres griefs du pourvoi :",
        "CASSE ET ANNULE, en toutes ses dispositions, l'ordonnance rendue le 5 janvier 2004, entre les parties, par le premier pr\u00e9sident de la cour d'appel de Rennes ;",
        "DIT n'y avoir lieu \u00e0 renvoi ;",
        "Dit que sur les diligences du procureur g\u00e9n\u00e9ral pr\u00e8s la Cour de Cassation, le pr\u00e9sent arr\u00eat sera transmis pour \u00eatre transcrit en marge ou \u00e0 la suite de l'ordonnance cass\u00e9e ;",
        "Ainsi fait et jug\u00e9 par la Cour de Cassation, Premi\u00e8re chambre civile, et prononc\u00e9 par le pr\u00e9sident en son audience publique du dix-huit mai deux mille cinq."
    ]
}