{
    "decision-0": [
        "Sur le premier moyen :"
    ],
    "decision-1": [
        "Vu l' article 35 bis de l'ordonnance du 2 novembre 1945, devenu l'article L. 551-1 et suivants du Code de l'entr\u00e9e et du s\u00e9jour des \u00e9trangers et du droit d'asile, ensemble le principe du respect des droits de la d\u00e9fense ;"
    ],
    "decision-2": [
        "Attendu, selon l'ordonnance attaqu\u00e9e, rendue par le premier pr\u00e9sident d'une cour d'appel, que M. X..., de nationalit\u00e9 alg\u00e9rienne, a \u00e9t\u00e9 maintenu dans des locaux ne relevant pas de l'administration p\u00e9nitentiaire le 6 avril 2004, par d\u00e9cision du pr\u00e9fet des Yvelines ; que par ordonnance en date du 8 avril 2004, le juge des libert\u00e9s et de la d\u00e9tention a ordonn\u00e9 la prolongation du maintien en r\u00e9tention de l'int\u00e9ress\u00e9 pour une dur\u00e9e de cinq jours ;",
        "Attendu que pour confirmer cette d\u00e9cision l'ordonnance retient que M. X... a \u00e9t\u00e9 entendu en ses explications, en l'absence de l'avocat de permanence, d\u00fbment avis\u00e9 par t\u00e9l\u00e9copie envoy\u00e9e aux services de l'Ordre des avocats le 8 avril 2004 \u00e0 17 heures 26 ;"
    ],
    "decision-3": [
        "Qu'en ordonnant dans ces conditions la prolongation de la r\u00e9tention de l'int\u00e9ress\u00e9, qui avait demand\u00e9 dans sa d\u00e9claration d'appel l'assistance d'un avocat commis d'office, sans caract\u00e9riser un obstacle insurmontable \u00e0 une telle assistance, le d\u00e9lai pour statuer sur l'appel n'expirant que le lendemain de l'audience \u00e0 12 heures, le premier pr\u00e9sident a viol\u00e9 le texte et le principe susvis\u00e9s ;",
        "Et vu l'article 627 du nouveau Code de proc\u00e9dure civile ;",
        "Attendu que les d\u00e9lais l\u00e9gaux de maintien en r\u00e9tention \u00e9tant expir\u00e9s, il ne reste plus rien \u00e0 juger ;"
    ],
    "decision-4": [
        "PAR CES MOTIFS et sans qu'il y ait lieu de statuer sur le second moyen :",
        "CASSE ET ANNULE, dans toutes ses dispositions, l'ordonnance rendue le 9 avril 2004, entre les parties, par le premier pr\u00e9sident de la cour d'appel de Versailles ;",
        "DIT n'y avoir lieu \u00e0 renvoi ;",
        "Dit que sur les diligences du procureur g\u00e9n\u00e9ral pr\u00e8s la Cour de Cassation, le pr\u00e9sent arr\u00eat sera transmis pour \u00eatre transcrit en marge ou \u00e0 la suite de la ordonnance cass\u00e9e ;",
        "Ainsi fait et jug\u00e9 par la Cour de Cassation, Premi\u00e8re chambre civile, et prononc\u00e9 par le pr\u00e9sident en son audience publique du six juillet deux mille cinq."
    ]
}