{
    "decision-0": [
        "CIV. 1",
        "CF",
        "COUR DE CASSATION",
        "______________________",
        "Audience publique du 14 avril 2021",
        "Rejet",
        "Mme BATUT, pr\u00e9sident",
        "Arr\u00eat n\u00b0 324 F-P",
        "Pourvoi n\u00b0 J 19-21.037",
        "R \u00c9 P U B L I Q U E F R A N \u00c7 A I S E",
        "_________________________",
        "AU NOM DU PEUPLE FRAN\u00c7AIS",
        "_________________________",
        "ARR\u00caT DE LA COUR DE CASSATION, PREMI\u00c8RE CHAMBRE CIVILE, DU 14 AVRIL 2021",
        "M. [H] [X], \u00e9lisant domicile au cabinet de Mme [U] [P], [Adresse 1], a form\u00e9 le pourvoi n\u00b0 J 19-21.037 contre l'ordonnance rendue le 11 juin 2019 par le premier pr\u00e9sident de la cour d'appel de Saint-Denis de la R\u00e9union, chambre d'appel de Mamoudzou (chambre des \u00e9trangers), dans le litige l'opposant au pr\u00e9fet de Mayotte, domicili\u00e9 [Adresse 2], d\u00e9fendeur \u00e0 la cassation.",
        "Partie intervenante :",
        "l'Association nationale d'assistance aux fronti\u00e8res pour les \u00e9trangers (l'Anaf\u00e9), dont le si\u00e8ge est [Adresse 3].",
        "Le demandeur invoque, \u00e0 l'appui de son pourvoi, les deux moyens de cassation annex\u00e9s au pr\u00e9sent arr\u00eat.",
        "Le dossier a \u00e9t\u00e9 communiqu\u00e9 au procureur g\u00e9n\u00e9ral.",
        "Sur le rapport de Mme Feydeau-Thieffry, conseiller r\u00e9f\u00e9rendaire, les observations de la SARL Meier-Bourdeau, L\u00e9cuyer et associ\u00e9s, avocat de M. [X] et de l'Association nationale d'assistance aux fronti\u00e8res pour les \u00e9trangers, et l'avis de Mme Marilly, avocat g\u00e9n\u00e9ral r\u00e9f\u00e9rendaire, apr\u00e8s d\u00e9bats en l'audience publique du 2 mars 2021 o\u00f9 \u00e9taient pr\u00e9sentes Mme Batut, pr\u00e9sident, Mme Feydeau-Thieffry, conseiller r\u00e9f\u00e9rendaire rapporteur, Mme Auroy, conseiller doyen, Mme Marilly, avocat g\u00e9n\u00e9ral r\u00e9f\u00e9rendaire, et Mme Berthomier, greffier de chambre,",
        "la premi\u00e8re chambre civile de la Cour de cassation, compos\u00e9e des pr\u00e9sident et conseillers pr\u00e9cit\u00e9s, apr\u00e8s en avoir d\u00e9lib\u00e9r\u00e9 conform\u00e9ment \u00e0 la loi, a rendu le pr\u00e9sent arr\u00eat ;",
        "Intervention volontaire",
        "1. Il est donn\u00e9 acte \u00e0 l'association nationale d'assistance aux fronti\u00e8res pour les \u00e9trangers (Anaf\u00e9) de son intervention volontaire."
    ],
    "decision-1": [
        "Faits et proc\u00e9dure",
        "2. Selon l'ordonnance attaqu\u00e9e, rendue par le premier pr\u00e9sident d'une cour d'appel (Saint-Denis de la R\u00e9union, 11 juin 2019) et les pi\u00e8ces de la proc\u00e9dure, M. [X], ressortissant sri-lankais, a, \u00e0 son arriv\u00e9e \u00e0 Mayotte le 28 mai 2019, \u00e9t\u00e9 plac\u00e9 en zone d'attente, pour une dur\u00e9e de quatre jours. Le juge des libert\u00e9s et de la d\u00e9tention a autoris\u00e9 le maintien de M. [X] en zone d'attente pour une dur\u00e9e de huit jours \u00e0 compter du 1er juin.",
        "3. Le 7 juin, le directeur d\u00e9partemental de la police aux fronti\u00e8res a pr\u00e9sent\u00e9 une nouvelle demande de prolongation de la mesure sur le fondement de l'article L. 222-2 du code de l'entr\u00e9e et du s\u00e9jour des \u00e9trangers et du droit d'asile."
    ],
    "decision-2": [
        "Examen des moyens",
        "Sur le premier moyen, ci- apr\u00e8s annex\u00e9"
    ],
    "decision-3": [
        "4. En application de l'article 1014, alin\u00e9a 2, du code de proc\u00e9dure civile, il n'y a pas lieu de statuer par une d\u00e9cision sp\u00e9cialement motiv\u00e9e sur ce moyen qui n'est manifestement pas de nature \u00e0 entra\u00eener la cassation."
    ],
    "decision-4": [
        "Sur le second moyen",
        "Enonc\u00e9 du moyen",
        "5. M. [X] et l'Anaf\u00e9 font grief \u00e0 l'ordonnance de prolonger son maintien en zone d'attente pour une dur\u00e9e de huit jours, alors :",
        "\u00ab 1\u00b0/ que la seule impossibilit\u00e9 pour l'administration d'organiser un vol \u00e0 destination du lieu de r\u00e9acheminement ne permet pas de justifier, \u00e0 titre exceptionnel, que le maintien en zone d'attente au-del\u00e0 de douze jours puisse \u00eatre renouvel\u00e9 par le juge judiciaire ; qu'en d\u00e9cidant le contraire, le d\u00e9l\u00e9gu\u00e9 du premier pr\u00e9sident de la cour d'appel a viol\u00e9 l'article L. 222-2 du code de l'entr\u00e9e et du s\u00e9jour des \u00e9trangers et du droit d'asile ;",
        "2\u00b0/ qu'en retenant que les difficult\u00e9s li\u00e9es \u00e0 l'obtention des autorisations pour un vol entre Mayotte et le Sri Lanka justifiaient la prolongation du maintien de M. [X] en zone d'attente pour une p\u00e9riode de huit jours \u00e0 titre exceptionnel, sans pr\u00e9ciser les \u00e9l\u00e9ments sur lesquels elle fondait ses affirmations, contest\u00e9es par M. [X], le d\u00e9l\u00e9gu\u00e9 du premier pr\u00e9sident de la cour d'appel a priv\u00e9 sa d\u00e9cision de base l\u00e9gale au regard de l'article L. 222-2 du code de l'entr\u00e9e et du s\u00e9jour des \u00e9trangers et du droit d'asile. \u00bb"
    ],
    "decision-5": [
        "R\u00e9ponse de la Cour",
        "6. L'ordonnance retient, par motifs propres et adopt\u00e9s, que l'administration justifie avoir, d'abord, d\u00fb tenir compte du d\u00e9lai n\u00e9cessaire \u00e0 l'instruction de la demande d'asile, ensuite, rencontr\u00e9 des difficult\u00e9s particuli\u00e8res dans l'organisation d'un vol a\u00e9rien vers Colombo pour rapatrier M. [X] ainsi que les autres ressortissants sri-lankais retenus en zone d'attente, notamment du fait de l'annulation d'un vol en raison d'une f\u00eate religieuse, enfin, effectu\u00e9 toutes les diligences en vue d'un rapatriement dans les plus brefs d\u00e9lais en faisant valider un nouveau plan de vol, en affr\u00e9tant un avion et en s'assurant de la disponibilit\u00e9 d'un \u00e9quipage \u00e0 une date initialement envisag\u00e9e le 10 juin 2019, report\u00e9e au 12 juin 2019.",
        "7. En l'\u00e9tat de ces constatations et appr\u00e9ciations souveraines, le premier pr\u00e9sident a pu en d\u00e9duire qu'il convenait de renouveler, \u00e0 titre exceptionnel, le maintien de M. [X] en zone d'attente pour une p\u00e9riode de huit jours.",
        "8. Le moyen n'est donc pas fond\u00e9."
    ],
    "decision-6": [
        "PAR CES MOTIFS, la Cour :",
        "REJETTE le pourvoi ;",
        "Ainsi fait et jug\u00e9 par la Cour de cassation, premi\u00e8re chambre civile, et prononc\u00e9 par le pr\u00e9sident en son audience publique du quatorze avril deux mille vingt et un."
    ],
    "decision-7": [
        "MOYENS ANNEXES au pr\u00e9sent arr\u00eat",
        "Moyens produits par la SARL Meier-Bourdeau, L\u00e9cuyer et associ\u00e9s, avocat aux Conseils, pour M. [X]",
        "PREMIER MOYEN DE CASSATION",
        "IL EST FAIT GRIEF \u00e0 l'ordonnance confirmative attaqu\u00e9e d'avoir prolong\u00e9 le placement en zone d'attente de M. [X] pour une dur\u00e9e de 8 jours \u00e0 compter du dimanche 9 juin \u00e0 00h38, apr\u00e8s avoir rejet\u00e9 les exceptions de nullit\u00e9 et d'irrecevabilit\u00e9 tenant \u00e0 ce que le registre de r\u00e9tention n'aurait pas \u00e9t\u00e9 mis \u00e0 jour ;",
        "AUX MOTIFS PROPRES QUE Sur l'exception de nullit\u00e9 tir\u00e9e du fait que l'administration n'a pas renseign\u00e9 scrupuleusement le registre mentionn\u00e9 \u00e0 l'article L 221-3 du CESEDA. L'appelant soutient qu'aucune trace de diligence n'a \u00e9t\u00e9 port\u00e9e sur le registre depuis le 30 mai 2019 de sorte que le juge des libert\u00e9s et de la d\u00e9tention ne peut s'assurer du respect des droits de l'int\u00e9ress\u00e9 pendant les huit jours qui ont pr\u00e9c\u00e9d\u00e9 sa saisine. L'article L 223-1 du CES ED A dispose que \"le maintien en zone d'attente est prononc\u00e9 pour une dur\u00e9e qui ne peut exc\u00e9der quatre jours par une d\u00e9cision \u00e9crite et motiv\u00e9e d'un agent relevant d'une cat\u00e9gorie fix\u00e9e par voie r\u00e9glementaire. Cette d\u00e9cision est inscrite sur un registre mentionnant l'\u00e9tat civil de l'int\u00e9ress\u00e9 et la date et l'heure auxquelles la d\u00e9cision de maintien lui a \u00e9t\u00e9 notifi\u00e9e. Elle est port\u00e9e sans d\u00e9lai \u00e0 la connaissance du procureur de la R\u00e9publique. Lorsque la notification faite \u00e0 l'\u00e9tranger mentionne que le procureur de la R\u00e9publique a \u00e9t\u00e9 inform\u00e9 sans d\u00e9lai de la d\u00e9cision de maintien en zone d'attente, cette mention fait foi sauf preuve contraire\". C'est \u00e0 bon droit que le juge des libert\u00e9s et de la d\u00e9tention a relev\u00e9 l'absence de formalisme particulier pour la tenue de ce registre. Par ailleurs, en l'absence de toute r\u00e9crimination de l'int\u00e9ress\u00e9 sur un \u00e9ventuel non-respect de leurs droits pendant leur maintien en zone d'attente, ses droits ont \u00e9t\u00e9 d'\u00e9vidence pr\u00e9serv\u00e9s et aucune nullit\u00e9 ne peut \u00eatre encourue \u00e0 ce titre.",
        "Sur l'irrecevabilit\u00e9 de la requ\u00eate en raison du d\u00e9faut de production d'une registre d\u00fbment renseign\u00e9. D\u00e8s lors que la requ\u00eate de l'administration \u00e9tait accompagn\u00e9e des pi\u00e8ces justificatives et du registre pr\u00e9vu \u00e0 article L 221-3 du CESEDA, l'irrecevabilit\u00e9 soulev\u00e9e par l'int\u00e9ress\u00e9 en application de l'article R 222-2 du CESEDA n'est pas fond\u00e9e. La d\u00e9cision du juge des libert\u00e9s et de la d\u00e9tention sera confirm\u00e9e sur ce point ;",
        "ET AUX MOTIFS ADOPTES QUE la loi n'impose pas un formalisme particulier pour la tenue dudit registre et que c'est \u00e0 bon droit que la pr\u00e9fecture indique avoir fourni toutes pi\u00e8ces compl\u00e9mentaires permettant d'appr\u00e9cier la situation depuis la pr\u00e9c\u00e9dent comparution de l'int\u00e9ress\u00e9 le 31 mai dernier ; Attendu qu'il n'y a pas de nullit\u00e9 sans texte; Que le code de l'entr\u00e9e et du s\u00e9jour des \u00e9trangers et du droit d'asile (CESEDA) ne mentionne aucune nullit\u00e9 li\u00e9e \u00e0 une tenue imparfaite ou pr\u00e9tendue telle dudit registre ; Que par ailleurs aucune irrecevabilit\u00e9 n'est s\u00e9rieusement invocable ;",
        "1\u00b0) ALORS QUE le juge judiciaire, charg\u00e9e de s'assurer du respect effectif des droits de l'\u00e9tranger maintenu en zone d'attente, peut se faire communiquer le registre \u00e9tabli lors du placement de l'\u00e9tranger en zone d'attente ; l'effectivit\u00e9 du contr\u00f4le r\u00e9alis\u00e9 par le juge judiciaire suppose que ce registre soit mis \u00e0 jour pendant toute la dur\u00e9e du maintien en zone d'attente ; qu'en d\u00e9cidant qu'aucune nullit\u00e9 n'\u00e9tait encourue au titre de l'incompl\u00e9tude du registre \u00e9tabli lors du placement de l'\u00e9tranger en zone d'attente, motif pris qu'il n'existait aucun formalisme particulier pour la tenue du registre quand la mise \u00e0 jour de ce registre, en ce qu'elle participe \u00e0 l'effectivit\u00e9 du contr\u00f4le par le juge judiciaire du respect des droits de l'\u00e9tranger maintenu en zone d'attente, constitue une formalit\u00e9 substantielle, laquelle n'avait, en l'esp\u00e8ce, pas \u00e9t\u00e9 observ\u00e9e, le d\u00e9l\u00e9gu\u00e9 du premier pr\u00e9sident de la cour d'appel a viol\u00e9 les articles L.223-1 et L.222-8 du code de l'entr\u00e9e et du s\u00e9jour des \u00e9trangers et du droit d'asile ;",
        "2\u00b0) ALORS QUE l'\u00e9tranger qui n'a acc\u00e8s qu'\u00e0 un registre incomplet ne dispose pas de toutes les informations relatives \u00e0 son maintien en zone d'attente et ne peut donc pas organiser utilement sa d\u00e9fense ; qu'en retenant que les droits de M. [X] avaient \u00e9t\u00e9 d'\u00e9vidence pr\u00e9serv\u00e9s motifs pris qu'il ne formulait aucune r\u00e9crimination sur un \u00e9ventuel non-respect de ses droits, quand, ainsi que M. [X] le faisait valoir, la communication d'un registre incomplet ne lui avait pas donn\u00e9 acc\u00e8s \u00e0 toutes les informations utiles \u00e0 la proc\u00e9dure et donc permis d'exercer utilement ses droits de la d\u00e9fense, lui causant ainsi un grief, le d\u00e9l\u00e9gu\u00e9 du premier pr\u00e9sident de la cour d'appel a viol\u00e9 les articles L.223-1 et L. 222-8 du code de l'entr\u00e9e et du s\u00e9jour des \u00e9trangers et du droit d'asile, ensemble l'article 6-1 de la convention europ\u00e9enne des droits de l'homme ;",
        "3\u00b0) ALORS QU'\u00e0 peine d'irrecevabilit\u00e9, la requ\u00eate en prolongation du maintien en zone d'attente est motiv\u00e9e, dat\u00e9e, sign\u00e9e et accompagn\u00e9e de toutes pi\u00e8ces justificatives utiles, notamment une copie du registre \u00e9tabli lors du placement et mis \u00e0 jour au cours du maintien de l'\u00e9tranger en zone d'attente ; qu'en d\u00e9cidant qu'aucune irrecevabilit\u00e9 n'\u00e9tait s\u00e9rieusement invocable au titre de l'incompl\u00e9tude du registre \u00e9tabli lors du placement de l'\u00e9tranger en zone d'attente quand la transmission d'un registre incomplet suffisait \u00e0 \u00e9tablir que toutes les pi\u00e8ces justificatives n'avaient pas \u00e9t\u00e9 transmises, le d\u00e9l\u00e9gu\u00e9 du premier pr\u00e9sident de la cour d'appel a viol\u00e9 les articles L.223-1 et R.222-2 du code de l'entr\u00e9e et du s\u00e9jour des \u00e9trangers et du droit d'asile.",
        "SECOND MOYEN DE CASSATION",
        "IL EST FAIT GRIEF \u00e0 l'ordonnance confirmative attaqu\u00e9e d'avoir prolong\u00e9 le placement en zone d'attente de M. [X] pour une dur\u00e9e de 8 jours \u00e0 compter du dimanche 9 juin \u00e0 00h38 ;",
        "AUX MOTIFS PROPRES QUE l'article L 222-2 dispose qu'\"A titre exceptionnel ou en cas de volont\u00e9 d\u00e9lib\u00e9r\u00e9e de l'\u00e9tranger de faire \u00e9chec \u00e0 son d\u00e9part, le maintien en zone d'attente au-del\u00e0 de douze jours peut \u00eatre renouvel\u00e9, dans les conditions pr\u00e9vues au pr\u00e9sent chapitre, par le juge des libert\u00e9s et de la d\u00e9tention, pour une dur\u00e9e qu'il d\u00e9termine et qui ne peut \u00eatre sup\u00e9rieure \u00e0 huit jours. Toutefois, lorsque l'\u00e9tranger dont l'entr\u00e9e sur le territoire fran\u00e7ais a \u00e9t\u00e9 refus\u00e9e d\u00e9pose une demande d'asile dans les six derniers jours de cette nouvelle p\u00e9riode de maintien en zone d'attente, celle-ci est prorog\u00e9e d'office de six jours \u00e0 compter du jour de la demande. Cette d\u00e9cision est mentionn\u00e9e sur le registre pr\u00e9vu \u00e0 l'article L. 221-3 et port\u00e9e \u00e0 la connaissance du procureur de la R\u00e9publique dans les conditions pr\u00e9vues au m\u00eame article. Le juge des libert\u00e9s et de la d\u00e9tention est inform\u00e9 imm\u00e9diatement de cette prorogation. Il peut y mettre un terme. Lorsqu'un \u00e9tranger dont l'entr\u00e9e sur le territoire fran\u00e7ais au titre de l'asile a \u00e9t\u00e9 refus\u00e9e d\u00e9pose un recours en annulation sur le fondement de l'article L. 213-9 dans les quatre derniers jours de la p\u00e9riode de maintien en zone d'attente fix\u00e9e par la derni\u00e8re d\u00e9cision de maintien, celle-ci est prorog\u00e9e d'office de quatre jours \u00e0 compter du d\u00e9p\u00f4t du recours. Cette d\u00e9cision est mentionn\u00e9e sur le registre pr\u00e9vu \u00e0 l'article L. 221-3 et port\u00e9e \u00e0 la connaissance du procureur de la R\u00e9publique dans les conditions pr\u00e9vues au m\u00eame article. Le juge des libert\u00e9s et de la d\u00e9tention est inform\u00e9 imm\u00e9diatement de cette prorogation. Il peut y mettre un terme\". Apr\u00e8s le temps n\u00e9cessaire \u00e0 l'instruction de la proc\u00e9dure de demande d'asile jusqu'au 3 juin 2019, un vol pr\u00e9vu pour le 5 juin 2019 a du \u00eatre annul\u00e9 en raison d'une f\u00eate religieuse. Ensuite, l'administration n'a pu obtenir l'autorisation de survol sign\u00e9e par les autorit\u00e9s sri-Iankaises malgr\u00e9 toutes Ies d\u00e9marches et diligences effectu\u00e9es pour un vol envisag\u00e9 le 10 juin 2019. En raison de ces difficult\u00e9s li\u00e9es \u00e0 l'obtention des autorisations pour un vol entre Mayotte et leur pays d'origine le Sri Lanka, le maintien en zone d'attente peut \u00eatre prolong\u00e9 pour une p\u00e9riode de 8 jours \u00e0 titre exceptionnel de sorte que l'ordonnance de prolongation rendue par le juge des libert\u00e9s et de la d\u00e9tention doit \u00eatre confirm\u00e9e.",
        "ET AUX MOTIFS ADOPTES QUE l'autorit\u00e9 administrative justifie conform\u00e9ment aux exigences de l'article L 222-2 du CESEDA avoir rencontr\u00e9 des difficult\u00e9s particuli\u00e8res dans l'organisation d'un vol a\u00e9rien vers COLOMBO pour rapatrier les ressortissants sri lankais actuellement retenus en zone d'attente ; Qu'elle d\u00e9montre avoir effectu\u00e9 toutes diligences pour effectuer ce rapatriement dans les plus brefs d\u00e9lais en faisant valider un nouveau plan de vol, en affr\u00e9tant un avion et en s'assurant de la disponibilit\u00e9 d'un \u00e9quipage \u00e0 une date qui, initialement envisag\u00e9e pour le 10 juin 2019, pourra finalement se faire en principe le 12 juin 2019 \u00e0 06h00 du matin ; Attendu que c'est par moyen inappropri\u00e9 que le conseil de la personne retenue souligne qu'elle pourrait dans cette attente \u00eatre assign\u00e9e \u00e0 r\u00e9sidence ; Que cependant elle ne propose aucune adresse de sorte qu'il ne saurait \u00eatre fait droit \u00e0 cette demande ; Attendu que dans ces conditions la pr\u00e9fecture sera autoris\u00e9e \u00e0 prolonger le placement en zone d'attente de M. [X] [H] pour une dur\u00e9e de 8 jours ;",
        "1\u00b0) ALORS QUE la seule impossibilit\u00e9 pour l'administration d'organiser un vol \u00e0 destination du lieu de r\u00e9acheminement ne permet pas de justifier, \u00e0 titre exceptionnel, que le maintien en zone d'attente au-del\u00e0 de 12 jours puisse \u00eatre renouvel\u00e9 par le juge judiciaire ; qu'en d\u00e9cidant le contraire, le d\u00e9l\u00e9gu\u00e9 du premier pr\u00e9sident de la cour d'appel a viol\u00e9 l'article L.222-2 du code de l'entr\u00e9e et du s\u00e9jour des \u00e9trangers et du droit d'asile ;",
        "2\u00b0) ALORS QU'en retenant que les difficult\u00e9s li\u00e9es \u00e0 l'obtention des autorisations pour un vol entre Mayotte et le Sri Lanka justifiaient la prolongation du maintien de M. [X] en zone d'attente pour une p\u00e9riode de 8 jours \u00e0 titre exceptionnel, sans pr\u00e9ciser les \u00e9l\u00e9ments sur lesquels elle fondait ses affirmations, contest\u00e9es par M. [X], le d\u00e9l\u00e9gu\u00e9 du premier pr\u00e9sident de la cour d'appel a priv\u00e9 sa d\u00e9cision de base l\u00e9gale au regard de l'article L.222-2 du code de l'entr\u00e9e et du s\u00e9jour des \u00e9trangers et du droit d'asile."
    ]
}