{
    "decision-0": [
        "N\u00b0 D 20-83.021 F-D",
        "N\u00b0 00496",
        "CK",
        "14 AVRIL 2021",
        "CASSATION PARTIELLE",
        "M. SOULARD pr\u00e9sident,",
        "R \u00c9 P U B L I Q U E F R A N \u00c7 A I S E",
        "________________________________________",
        "AU NOM DU PEUPLE FRAN\u00c7AIS",
        "_________________________",
        "ARR\u00caT DE LA COUR DE CASSATION, CHAMBRE CRIMINELLE,",
        "DU 14 AVRIL 2021",
        "Mme [V] [J], MM. [W] [W] et [O] ont form\u00e9 des pourvois contre l'arr\u00eat de la cour d'appel de Cayenne, chambre correctionnelle, en date du 12 d\u00e9cembre 2019, qui, apr\u00e8s annulation du jugement du tribunal correctionnel et \u00e9vocation, a condamn\u00e9 la premi\u00e8re, pour faux et aide \u00e0 l'entr\u00e9e ou au s\u00e9jour irr\u00e9guliers d'\u00e9trangers en France, \u00e0 dix mois d'emprisonnement avec sursis, le deuxi\u00e8me pour d\u00e9tention de faux document administratif, complicit\u00e9 de faux, escroquerie, travail dissimul\u00e9 et aide \u00e0 l'entr\u00e9e ou au s\u00e9jour irr\u00e9guliers d'\u00e9trangers en France \u00e0 deux ans d'emprisonnement avec mise \u00e0 l'\u00e9preuve, 30 000 euros d'amende, cinq ans d'interdiction professionnelle et cinq ans d'interdiction de g\u00e9rer une entreprise commerciale et le troisi\u00e8me, pour faux et complicit\u00e9 d'aide \u00e0 l'entr\u00e9e ou au s\u00e9jour irr\u00e9guliers d'\u00e9trangers en France, \u00e0 un an d'emprisonnement avec sursis, 20 000 euros d'amende et cinq ans d'interdiction professionnelle, a ordonn\u00e9 une mesure de confiscation, et a prononc\u00e9 sur les int\u00e9r\u00eats civils.",
        "Les pourvois sont joints en raison de la connexit\u00e9.",
        "Des m\u00e9moires ont \u00e9t\u00e9 produits.",
        "Sur le rapport de M. Turbeaux, conseiller, les observations de la SCP Bor\u00e9, Salve de Bruneton et M\u00e9gret, avocat de Mme [V] [J], MM. [H] [O], [W] [W], et les conclusions de M. Petitprez, avocat g\u00e9n\u00e9ral, apr\u00e8s d\u00e9bats en l'audience publique du 17 mars 2021 o\u00f9 \u00e9taient pr\u00e9sents M. Soulard, pr\u00e9sident, M. Turbeaux, conseiller rapporteur, M. de Larosi\u00e8re de Champfeu, conseiller de la chambre, et Mme Lavaud, greffier de chambre,",
        "la chambre criminelle de la Cour de cassation, compos\u00e9e en application de l'article 567-1-1 du code de proc\u00e9dure p\u00e9nale, des pr\u00e9sident et conseillers pr\u00e9cit\u00e9s, apr\u00e8s en avoir d\u00e9lib\u00e9r\u00e9 conform\u00e9ment \u00e0 la loi, a rendu le pr\u00e9sent arr\u00eat."
    ],
    "decision-1": [
        "Faits et proc\u00e9dure",
        "1. Il r\u00e9sulte de l'arr\u00eat attaqu\u00e9 et des pi\u00e8ces de proc\u00e9dure ce qui suit.",
        "2. A la suite de plaintes d\u00e9pos\u00e9es aupr\u00e8s de la gendarmerie de [Localit\u00e9 1], relatives \u00e0 la promesse d'emplois dans la construction \u00e0 des \u00e9trangers en situation irr\u00e9guli\u00e8re, apr\u00e8s fourniture de faux documents administratifs et contre r\u00e9mun\u00e9ration, les enqu\u00eateurs se sont transport\u00e9s au domicile de M. [W] [W], qui a une activit\u00e9 d'\u00e9crivain public.",
        "3. Ils ont d\u00e9couvert trente-trois dossiers de demandes d'aide m\u00e9dicale d'Etat contenant des attestations d'h\u00e9bergement au nom de Mme [G] [X] ou de M. [K] [B].",
        "4. Les gendarmes se sont rendus au service des \u00e9trangers de la sous-pr\u00e9fecture pour y v\u00e9rifier le nom des traducteurs et ont relev\u00e9 des anomalies.",
        "5. Entendue, Mme [V] [J], \u00e9pouse de M. [W], a admis qu'elle avait r\u00e9alis\u00e9 des traductions sur des documents que M. [H] [O], traducteur-interpr\u00e8te, avait pr\u00e9-sign\u00e9s, et sur lesquels elle apposait le cachet de M. [O], dont ce dernier lui avait remis un exemplaire.",
        "6. M. [O] a confirm\u00e9 ces faits.",
        "7. Les trois personnes mises en cause ont fait l'objet de poursuites sous les qualifications \u00e9voqu\u00e9es plus haut.",
        "8. Par jugement du 5 juillet 2019, le tribunal correctionnel a condamn\u00e9 Mme [J] \u00e0 un an d'emprisonnement avec sursis et 3 000 euros d'amende, M. [W] \u00e0 dix-huit mois d'emprisonnement dont douze mois assortis d'une mise \u00e0 l'\u00e9preuve, 20 000 euros d'amende et cinq ans d'interdiction professionnelle, M. [O] \u00e0 douze mois d'emprisonnement avec sursis et 15 000 euros d'amende.",
        "9. Mme [J], M. [W] et M. [O] ont relev\u00e9 appel de cette d\u00e9cision, le minist\u00e8re public a relev\u00e9 appel incident."
    ],
    "decision-2": [
        "Examen des moyens",
        "Sur le premier moyen pris en sa seconde branche pour M. [O] et le quatri\u00e8me moyen pris pour M. [W]"
    ],
    "decision-3": [
        "10. Ils ne sont pas de nature \u00e0 permettre l'admission du pourvoi au sens de l'article 567-1-1 du code de proc\u00e9dure p\u00e9nale."
    ],
    "decision-4": [
        "Sur le deuxi\u00e8me moyen propos\u00e9 pour M. [W]",
        "Enonc\u00e9 du moyen",
        "11. Le moyen critique l'arr\u00eat attaqu\u00e9 en ce qu'il a d\u00e9clar\u00e9 M. [W] coupable d'escroquerie alors, \u00ab qu'un mensonge ne peut constituer une manoeuvre frauduleuse s'il ne s'y joint aucun fait ext\u00e9rieur ou acte mat\u00e9riel, aucune mise en sc\u00e8ne ou intervention d'un tiers destin\u00e9s \u00e0 donner force et cr\u00e9dit \u00e0 l'all\u00e9gation mensong\u00e8re du pr\u00e9venu ; qu'en se bornant, pour d\u00e9clarer M. [W] coupable d'escroquerie, \u00e0 relever qu'il \u00ab a[vait] re\u00e7u \u00e0 son cabinet plusieurs personnes \u00e9trang\u00e8res leur promettant un emploi et un logement ou des papiers \u00bb et qu'il avait \u00ab confirm\u00e9 les promesses mirifiques pour les candidats \u00e0 un travail, aux prestations familiales ou aux soins \u00bb, quand ces \u00e9nonciations ne caract\u00e9risent aucun fait ext\u00e9rieur ou acte mat\u00e9riel ni aucune mise en sc\u00e8ne ou intervention d'un tiers, en sorte que la seule promesse, \u00e0 la supposer mensong\u00e8re, imput\u00e9e au pr\u00e9venu ne constituait pas une manoeuvre frauduleuse, la cour d'appel a viol\u00e9 les articles 7 de la Convention europ\u00e9enne des droits de l'homme, 111-3, et 313-1 du code p\u00e9nal. \u00bb"
    ],
    "decision-5": [
        "R\u00e9ponse de la Cour",
        "12. Pour d\u00e9clarer M. [W] coupable d'escroquerie, l'arr\u00eat attaqu\u00e9 \u00e9nonce qu'il a re\u00e7u des personnes de nationalit\u00e9 \u00e9trang\u00e8re, et leur a fait des promesses mensong\u00e8res, leur assurant qu'en \u00e9change du versement de sommes d'argent, il pouvait faire r\u00e9gulariser leur situation administrative en France, leur faire obtenir du travail, ainsi que des prestations sociales et la prise en charge de soins m\u00e9dicaux.",
        "13. Les juges ajoutent qu'il r\u00e9sulte de l'audition de deux victimes que celles-ci sont entr\u00e9es en contact avec M. [W] par l'interm\u00e9diaire de Mme [X], celle-ci ayant recherch\u00e9 des personnes int\u00e9ress\u00e9es par l'obtention d'un travail et d'un titre de s\u00e9jour en France, afin de les mettre en relation avec ce demandeur.",
        "14. En l'\u00e9tat de ces motifs qui \u00e9tablissent que M. [W] s'est assur\u00e9 de l'intervention d'un tiers pour donner force et cr\u00e9dit \u00e0 ses mensonges, qui ont eux-m\u00eames d\u00e9termin\u00e9 le versement des fonds, la cour d'appel a justifi\u00e9 sa d\u00e9cision sans encourir le grief all\u00e9gu\u00e9.",
        "15.Le moyen ne peut, d\u00e8s lors, \u00eatre admis."
    ],
    "decision-6": [
        "Sur le troisi\u00e8me moyen propos\u00e9 pour M. [W]",
        "Enonc\u00e9 du moyen",
        "16. Le moyen critique l'arr\u00eat attaqu\u00e9 en ce qu'il a d\u00e9clar\u00e9 M. [W] coupable d'ex\u00e9cution d'un travail dissimul\u00e9, alors \u00ab que le d\u00e9lit de travail dissimul\u00e9 par dissimulation d'emploi salari\u00e9 suppose l'existence d'un lien de subordination caract\u00e9ris\u00e9 par l'ex\u00e9cution d'un travail sous l'autorit\u00e9 d'un employeur qui a le pouvoir de donner des ordres et des directives, d'en contr\u00f4ler l'ex\u00e9cution et de sanctionner les manquements de son subordonn\u00e9 ; qu'en retenant, pour d\u00e9clarer M. [W] coupable de ce d\u00e9lit, que \u00ab Mme [V] [J], \u00e9pouse [W], travaillait quotidiennement au sein de l'agence de son \u00e9poux depuis 2014 [et] percevait une r\u00e9mun\u00e9ration pour les traductions qu'elle ou l'agence r\u00e9alisaient, sans avoir aucun statut \u00bb, quand ces \u00e9nonciations ne caract\u00e9risent pas un lien de subordination d\u00e9terminant l'existence d'un contrat de travail entre le pr\u00e9venu et son \u00e9pouse, la cour d'appel a viol\u00e9 les articles 7 de la Convention europ\u00e9enne des droits de l'homme, 111-3, 111-4 du code p\u00e9nal, L. 8221-1 et L. 8221-5 du code du travail. \u00bb"
    ],
    "decision-7": [
        "R\u00e9ponse de la Cour",
        "17. Pour d\u00e9clarer M. [W] coupable de travail clandestin, la cour d'appel retient qu'il tenait une agence d'\u00e9crivain public dans laquelle travaillait son \u00e9pouse, Mme [J], qui r\u00e9alisait des traductions en percevant une r\u00e9mun\u00e9ration. Les juges ajoutent qu'elle ne b\u00e9n\u00e9ficiait d'aucune couverture sociale et que son mari, qui dirigeait et g\u00e9rait l'entreprise, n'avait jamais effectu\u00e9 de d\u00e9claration sociale ou fiscale.",
        "18. En pronon\u00e7ant ainsi, la cour d'appel a justifi\u00e9 sa d\u00e9cision.",
        "19. Le moyen doit donc \u00eatre \u00e9cart\u00e9."
    ],
    "decision-8": [
        "Sur le premier moyen propos\u00e9 pour M. [O], pris en sa premi\u00e8re branche",
        "Enonc\u00e9 du moyen",
        "20. Le moyen critique l'arr\u00eat attaqu\u00e9 en ce qu'il a d\u00e9clar\u00e9 M. [O] coupable de faux et de facilitation de l'entr\u00e9e, de la circulation ou du s\u00e9jour irr\u00e9guliers d'un \u00e9tranger en France, alors :",
        "\u00ab 1\u00b0/ que des faits qui proc\u00e8dent de mani\u00e8re indissociable d'une action unique caract\u00e9ris\u00e9e par une seule intention coupable ne peuvent donner lieu, contre le m\u00eame pr\u00e9venu, \u00e0 deux d\u00e9clarations de culpabilit\u00e9 de nature p\u00e9nale, fussent-elles concomitantes ; qu'en se fondant sur les m\u00eames faits de mise \u00e0 disposition d'un tiers de documents vierges pr\u00e9-sign\u00e9s et de son sceau de traducteur pour d\u00e9clarer M. [O] coupable tout \u00e0 la fois de faux et de facilitation de l'entr\u00e9e, de la circulation ou du s\u00e9jour irr\u00e9guliers d'un \u00e9tranger en France, quand ces faits uniques proc\u00e9daient d'une seule intention coupable, la cour d'appel a viol\u00e9 les articles 6, \u00a7 1er, de la Convention europ\u00e9enne des droits de l'homme, 4 du protocole additionnel n\u00b0 7 \u00e0 cette Convention et le principe ne bis in idem. \u00bb"
    ],
    "decision-9": [
        "R\u00e9ponse de la Cour",
        "21. Apr\u00e8s avoir caract\u00e9ris\u00e9, \u00e0 la charge de M. [O], interpr\u00e8te-traducteur, l'infraction de faux, en relevant qu'il a mis \u00e0 la disposition de Mme [J] des documents vierges, qu'il avait sign\u00e9s \u00e0 l'avance, ainsi que son sceau, afin qu'elle puisse authentifier des traductions qu'elle effectuait elle-m\u00eame, la cour d'appel, qui \u00e9nonce que ces faux \u00e9taient destin\u00e9s \u00e0 l'obtention de documents administratifs, au profit de personnes de nationalit\u00e9 \u00e9trang\u00e8re, d\u00e9munies de titre de s\u00e9jour, d\u00e9clare \u00e9galement le demandeur coupable d'avoir commis l'infraction distincte d'aide \u00e0 l'entr\u00e9e, au s\u00e9jour ou \u00e0 la circulation d'\u00e9trangers.",
        "22. En d\u00e9clarant ainsi ce pr\u00e9venu coupable de ces deux infractions, la cour d'appel n'a pas m\u00e9connu la r\u00e8gle ne bis in idem, d\u00e8s lors que ce n'est pas le d\u00e9lit de faux, mais celui d'usage de faux, qu'il avait favoris\u00e9 par ses agissements.",
        "23. Le moyen ne peut donc qu'\u00eatre \u00e9cart\u00e9."
    ],
    "decision-10": [
        "Mais sur le premier moyen pris pour Mme [J]",
        "Enonc\u00e9 du moyen",
        "24. Le moyen critique l'arr\u00eat attaqu\u00e9 en ce qu'il a d\u00e9clar\u00e9 Mme [J] coupable des faits de facilitation de l'entr\u00e9e, de la circulation ou du s\u00e9jour irr\u00e9guliers d'un \u00e9tranger en France, alors :",
        "\u00ab 1\u00b0/ que les tribunaux correctionnels ne peuvent statuer que sur les faits relev\u00e9s par l'ordonnance ou la citation qui les a saisis ; qu'en retenant, pour d\u00e9clarer Mme [J] coupable du d\u00e9lit de facilitation de l'entr\u00e9e, de la circulation ou du s\u00e9jour irr\u00e9guliers d'un \u00e9tranger en France, qu'elle avait \u00e9t\u00e9 trouv\u00e9e en possession d'attestations ne pouvant avoir \u00e9t\u00e9 r\u00e9dig\u00e9es par leur auteur et qu'elle avait particip\u00e9 \u00e0 l'activit\u00e9 d'\u00e9crivain public de son \u00e9poux \u00ab en servant de r\u00e9ceptionniste, et d'interpr\u00e8te aupr\u00e8s des clients et de son mari, faisait traduire ou traduisait les documents d\u00e9pos\u00e9s \u00bb, quand elle n'avait \u00e9t\u00e9 cit\u00e9e que pour r\u00e9pondre d'avoir commis ce d\u00e9lit \u00ab en faisant des attestations d'h\u00e9bergement de complaisance pour faciliter l'obtention de titre de s\u00e9jour, en r\u00e9alisant de fausses traductions [et] en usurpant la qualit\u00e9 d'interpr\u00e8te asserment\u00e9 \u00bb, la cour d'appel, qui a prononc\u00e9 sur des faits qui n'\u00e9taient pas vis\u00e9s par la pr\u00e9vention, a exc\u00e9d\u00e9 les limites de sa saisine et viol\u00e9 les articles 6, \u00a7 1er, de la Convention des droits de l'homme, pr\u00e9liminaire, 388 et 512 du code de proc\u00e9dure p\u00e9nale ;",
        "2\u00b0/ qu'en se fondant, pour d\u00e9clarer Mme [J] coupable du d\u00e9lit de facilitation de l'entr\u00e9e, de la circulation ou du s\u00e9jour irr\u00e9guliers d'un \u00e9tranger en France, sur le seul fait qu'elle avait assur\u00e9 contre r\u00e9mun\u00e9ration l'interpr\u00e9tariat et la traduction de pi\u00e8ces au b\u00e9n\u00e9fice de personnes en situation irr\u00e9guli\u00e8re, quand l'incrimination ne saurait s'appliquer \u00e0 un traducteur-interpr\u00e8te, dont l'intervention est indispensable \u00e0 l'exercice du droit de demander un titre de s\u00e9jour ou l'admission au b\u00e9n\u00e9fice de l'aide m\u00e9dicale d'\u00c9tat, qui exerce r\u00e9guli\u00e8rement sa profession, la cour d'appel n'a pas l\u00e9galement justifi\u00e9 sa d\u00e9cision au regard des articles 7 de la Convention des droits de l'homme, 111-4 du code p\u00e9nal et L. 622-1 du code de l'entr\u00e9e et du s\u00e9jour des \u00e9trangers et du droit d'asile. \u00bb"
    ],
    "decision-11": [
        "R\u00e9ponse de la Cour",
        "Vu les articles 388 et 593 du code de proc\u00e9dure p\u00e9nale :",
        "25. Il r\u00e9sulte du premier de ces textes, que, sauf comparution volontaire, les tribunaux correctionnels ne peuvent statuer que sur les faits relev\u00e9s par l'acte qui les a saisis.",
        "26. Selon le second, tout jugement ou arr\u00eat doit comporter les motifs propres \u00e0 justifier la d\u00e9cision. L'insuffisance ou la contradiction des motifs \u00e9quivaut \u00e0 leur absence.",
        "27. Pour dire \u00e9tabli le d\u00e9lit d'aide \u00e0 l'entr\u00e9e ou au s\u00e9jour irr\u00e9guliers d'\u00e9trangers en France, r\u00e9sultant selon l'acte de poursuite de l'\u00e9tablissement d'attestations d'h\u00e9bergement de complaisance pour faciliter l'obtention de titres de s\u00e9jour, et de la r\u00e9alisation de fausses traductions, en usurpant la qualit\u00e9 d'interpr\u00e8te asserment\u00e9, l'arr\u00eat attaqu\u00e9 \u00e9nonce que la perquisition op\u00e9r\u00e9e au domicile de la pr\u00e9venue a permis la d\u00e9couverte de trente-trois dossiers d'aide m\u00e9dicale d'Etat comportant tous des attestations d'h\u00e9bergement au nom, soit de Mme [G] [X], soit de M. [K] [B].",
        "28. Les juges rel\u00e8vent que ce dernier ne savait ni lire ni \u00e9crire et ne pouvait donc \u00eatre l'auteur de ces attestations.",
        "29. Ils ajoutent qu'il r\u00e9sulte de la proc\u00e9dure et des d\u00e9bats que Mme [W], parlant le fran\u00e7ais et plusieurs langues \u00e9trang\u00e8res, participait activement \u00e0 l'activit\u00e9 de son mari en servant de r\u00e9ceptionniste et d'interpr\u00e8te aupr\u00e8s des clients, et qu'elle faisait traduire ou traduisait les documents d\u00e9pos\u00e9s, en connaissance n\u00e9cessaire de la situation irr\u00e9guli\u00e8re des clients de son \u00e9poux dont elle comprenait la langue.",
        "30. En se d\u00e9terminant ainsi, d'une part, par des motifs dont il ne r\u00e9sulte pas que Mme [J] a commis les faits qu'on lui reproche, d'autre part, en se fondant sur des faits \u00e9trangers \u00e0 ceux vis\u00e9s dans l'acte de poursuite, la cour d'appel n'a pas justifi\u00e9 sa d\u00e9cision.",
        "31. La cassation est par cons\u00e9quent encourue de ce chef."
    ],
    "decision-12": [
        "Et sur le premier moyen pris pour M. [W]",
        "Enonc\u00e9 du moyen",
        "32. Le moyen critique l'arr\u00eat attaqu\u00e9 en ce qu'il a d\u00e9clar\u00e9 M. [W] coupable de complicit\u00e9 de faux, alors \u00ab qu'en se bornant \u00e0 relever, pour d\u00e9clarer M. [W] coupable de complicit\u00e9 du faux commis par Mme [J], que celle-ci \u00ab r\u00e9alisait des traductions qu'elle signait et authentifiait au nom de M. [O] \u00bb et que le pr\u00e9venu \u00ab avec lequel elle travaillait quotidiennement \u00e9tait au courant de cette pratique et de la r\u00e9mun\u00e9ration revers\u00e9e \u00e0 M. [[O]] pour un travail qu'il ne r\u00e9alisait pas \u00bb, et en se fondant ainsi sur la seule connaissance qu'il avait de l'infraction principale, sans caract\u00e9riser aucun acte positif personnel d'aide ou d'assistance ni aucune forme d'instigation, la cour d'appel a viol\u00e9 les articles 7 de la Convention europ\u00e9enne des droits de l'homme, 111-3, 111-4 et 121-7 du code p\u00e9nal. \u00bb"
    ],
    "decision-13": [
        "R\u00e9ponse de la Cour",
        "Vu les articles 121-7 du code p\u00e9nal et 593 du code de proc\u00e9dure p\u00e9nale :",
        "33. Selon le premier de ces textes, est complice d'un crime ou d'un d\u00e9lit la personne qui sciemment, par aide ou assistance, en a facilit\u00e9 la pr\u00e9paration ou la consommation. Est \u00e9galement complice la personne qui par don, promesse, menace, ordre, abus d'autorit\u00e9 ou de pouvoir aura provoqu\u00e9 \u00e0 une infraction ou donn\u00e9 des instructions pour la commettre.",
        "34. Aux termes du second, tout jugement ou arr\u00eat doit comporter les motifs propres \u00e0 justifier la d\u00e9cision. L'insuffisance ou la contradiction des motifs \u00e9quivaut \u00e0 leur absence.",
        "35. Pour d\u00e9clarer M. [W] coupable de complicit\u00e9 de faux, l'arr\u00eat retient qu'il a \u00e9t\u00e9 \u00e9tabli par la proc\u00e9dure et par les d\u00e9clarations de Mme [J] qu'elle r\u00e9alisait des traductions, qu'elle signait et authentifiait au nom de M. [O].",
        "36. Les juges ajoutent que M. [W], son \u00e9poux avec lequel elle travaillait quotidiennement, \u00e9tait au courant de cette pratique et de la r\u00e9mun\u00e9ration revers\u00e9e \u00e0 M. [O] pour un travail qu'il ne r\u00e9alisait pas.",
        "37. En statuant ainsi, sans caract\u00e9riser aucun des actes positifs \u00e9num\u00e9r\u00e9s par le premier des textes susvis\u00e9s, la cour d'appel n'a pas justifi\u00e9 sa d\u00e9cision.",
        "38. Il en r\u00e9sulte que la cassation est \u00e0 nouveau encourue."
    ],
    "decision-14": [
        "Et sur le second moyen pr\u00e9sent\u00e9 pour M. [O]",
        "Enonc\u00e9 du moyen",
        "39. Le moyen critique l'arr\u00eat attaqu\u00e9 en ce qu'il a condamn\u00e9 M. [O] \u00e0 la peine de douze mois d'emprisonnement avec sursis et 20 000 euros d'amende, prononc\u00e9 \u00e0 son encontre \u00e0 titre de peine compl\u00e9mentaire l'interdiction d'exercer l'activit\u00e9 de traducteur interpr\u00e8te sous quelque statut que ce soit pour la dur\u00e9e de cinq ans et ordonn\u00e9 la confiscation des scell\u00e9s, alors :",
        "\u00ab 1\u00b0/ qu'en se fondant, pour prononcer les peines d'emprisonnement, d'amende, d'interdiction d'exercice et de confiscation des scell\u00e9s, exclusivement sur la gravit\u00e9 des faits, sans s'expliquer sur la personnalit\u00e9 du pr\u00e9venu ni sur sa situation mat\u00e9rielle, familiale et sociale, la cour d'appel n'a pas l\u00e9galement justifi\u00e9 sa d\u00e9cision au regard des articles 130-1 et 132-1 du code p\u00e9nal ;",
        "2\u00b0/ qu'en condamnant M. [O] au paiement d'une amende de 20 000 euros, sans s'expliquer sur les ressources et les charges du pr\u00e9venu, comparant, qu'elle devait prendre en consid\u00e9ration pour fonder sa d\u00e9cision, la cour d'appel ne l'a pas justifi\u00e9e au regard des articles 130-1, 132-1 et 132-20 du code p\u00e9nal ;",
        "3\u00b0/ qu'en ordonnant la confiscation des scell\u00e9s, sans motiver sa d\u00e9cision de",
        "ce chef et sans constater que les biens confisqu\u00e9s constituaient le produit ou l'objet de l'infraction, la cour d'appel n'a pas l\u00e9galement justifi\u00e9 sa d\u00e9cision au regard des articles 6, \u00a7 1er, de la Convention des droits de l'homme, 1er du premier Protocole additionnel \u00e0 cette Convention, 131-21 et 132-1 du code p\u00e9nal. \u00bb"
    ],
    "decision-15": [
        "R\u00e9ponse de la Cour",
        "Vu les articles 131-21, 132-1 et 132-20 du code p\u00e9nal :",
        "40. Selon les deux derniers textes susvis\u00e9s, en mati\u00e8re correctionnelle, le juge qui prononce une peine doit motiver sa d\u00e9cision au regard des circonstances de l'infraction, de la personnalit\u00e9 et de la situation personnelle de son auteur. Le juge qui prononce une amende doit, en outre, motiver sa d\u00e9cision en tenant compte des ressources et des charges du pr\u00e9venu.",
        "41. Selon le premier de ces textes, la peine de confiscation porte sur les biens qui ont servi \u00e0 commettre l'infraction ou qui \u00e9taient destin\u00e9s \u00e0 la commettre, ou qui en sont l'objet ou le produit direct ou indirect. Elle peut porter en outre sur tout bien meuble ou immeuble d\u00e9fini par la loi ou le r\u00e8glement qui r\u00e9prime l'infraction, et, lorsque la loi le pr\u00e9voit, sur un bien appartenant au condamn\u00e9 ou dont il a la libre disposition.",
        "42. Pour condamner M. [O] \u00e0 un an d'emprisonnement avec sursis, 20 000 euros d'amende et cinq ans d'interdiction d'exercer l'activit\u00e9 de traducteur et d'interpr\u00e8te, l'arr\u00eat ne contient aucun motif sur la personnalit\u00e9 ni sur la situation de M. [O], autre que le montant de ses ressources d\u00e9clar\u00e9es et l'indication que son casier judiciaire ne porte aucune condamnation. La d\u00e9cision ne contient aucune pr\u00e9cision sur ses charges.",
        "43. Par ailleurs, si la cour d'appel ordonne la confiscation des scell\u00e9s, elle ne pr\u00e9cise pas quels sont les objets vis\u00e9s par cette mesure, ni le fondement de celle-ci.",
        "44. Il en r\u00e9sulte que la cour d'appel n'a pas justifi\u00e9 sa d\u00e9cision sur les peines.",
        "45. Ainsi, la cassation est encore encourue."
    ],
    "decision-16": [
        "PAR CES MOTIFS, et sans qu'il y ait lieu d'examiner les autres moyens, la Cour :",
        "CASSE et ANNULE l'arr\u00eat susvis\u00e9 de la cour d'appel de Cayenne, en date du 12 d\u00e9cembre 2019, mais en ses seules dispositions relatives \u00e0 la d\u00e9claration de culpabilit\u00e9 de Mme [J] du chef d'aide \u00e0 l'entr\u00e9e, \u00e0 la circulation ou au s\u00e9jour d'un \u00e9tranger en France, de M. [W] du chef de complicit\u00e9 de faux et aux peines inflig\u00e9es aux trois pr\u00e9venus, les dispositions de l'arr\u00eat relatives \u00e0 la d\u00e9claration de culpabilit\u00e9 de M. [O], et \u00e0 la d\u00e9claration de culpabilit\u00e9 de M. [W] pour les infractions d'escroquerie et de travail clandestin, ainsi que les dispositions civiles, demeurant express\u00e9ment maintenues ;",
        "Et pour qu'il soit \u00e0 nouveau statu\u00e9, conform\u00e9ment \u00e0 la loi, dans les limites de la cassation ainsi prononc\u00e9e ;",
        "RENVOIE la cause et les parties devant la cour d'appel de Cayenne, autrement compos\u00e9e, \u00e0 ce d\u00e9sign\u00e9e par d\u00e9lib\u00e9ration sp\u00e9ciale prise en chambre du conseil ;",
        "ORDONNE l'impression du pr\u00e9sent arr\u00eat, sa transcription sur les registres du greffe de la cour d'appel de Cayenne et sa mention en marge ou \u00e0 la suite de l'arr\u00eat partiellement annul\u00e9 ;",
        "Ainsi fait et jug\u00e9 par la Cour de cassation, chambre criminelle, et prononc\u00e9 par le pr\u00e9sident le quatorze avril deux mille vingt et un."
    ]
}