{
    "decision-0": [
        "CIV. 2",
        "MF",
        "COUR DE CASSATION",
        "______________________",
        "Audience publique du 8 avril 2021",
        "Rejet",
        "M. PIREYRE, pr\u00e9sident",
        "Arr\u00eat n\u00b0 332 F-P",
        "Pourvoi n\u00b0 Y 19-24.661",
        "Aide juridictionnelle totale en demande",
        "au profit de Mme C....",
        "Admission du bureau d'aide juridictionnelle",
        "pr\u00e8s la Cour de cassation",
        "en date du 17 octobre 2019.",
        "R \u00c9 P U B L I Q U E F R A N \u00c7 A I S E",
        "_________________________",
        "AU NOM DU PEUPLE FRAN\u00c7AIS",
        "_________________________",
        "ARR\u00caT DE LA COUR DE CASSATION, DEUXI\u00c8ME CHAMBRE CIVILE, DU 8 AVRIL 2021",
        "Mme P... C..., \u00e9pouse O..., domicili\u00e9e [...], a form\u00e9 le pourvoi n\u00b0 Y 19-24.661 contre l'arr\u00eat rendu le 18 janvier 2019 par la cour d'appel de Paris (p\u00f4le 6, chambre 12), dans le litige l'opposant :",
        "1\u00b0/ \u00e0 la caisse d'allocations familiales (CAF) de Paris, dont le si\u00e8ge est [...],",
        "2\u00b0/ au ministre charg\u00e9 de la s\u00e9curit\u00e9 sociale, domicili\u00e9 [...],",
        "d\u00e9fendeurs \u00e0 la cassation.",
        "La demanderesse invoque, \u00e0 l'appui de son pourvoi, le moyen unique de cassation annex\u00e9 au pr\u00e9sent arr\u00eat.",
        "Le dossier a \u00e9t\u00e9 communiqu\u00e9 au procureur g\u00e9n\u00e9ral.",
        "Sur le rapport de Mme Dudit, conseiller r\u00e9f\u00e9rendaire, les observations de la SCP Fabiani, Luc-Thaler et Pinatel, avocat de Mme C..., et l'avis de Mme Ceccaldi, avocat g\u00e9n\u00e9ral, apr\u00e8s d\u00e9bats en l'audience publique du 3 mars 2021 o\u00f9 \u00e9taient pr\u00e9sents M. Pireyre, pr\u00e9sident, Mme Dudit, conseiller r\u00e9f\u00e9rendaire rapporteur, M. Pr\u00e9tot, conseiller doyen, et Mme Tinchon, greffier de chambre.",
        "la deuxi\u00e8me chambre civile de la Cour de cassation, compos\u00e9e des pr\u00e9sident et conseillers pr\u00e9cit\u00e9s, apr\u00e8s en avoir d\u00e9lib\u00e9r\u00e9 conform\u00e9ment \u00e0 la loi, a rendu le pr\u00e9sent arr\u00eat ;"
    ],
    "decision-1": [
        "Faits et proc\u00e9dure",
        "1. Selon l'arr\u00eat attaqu\u00e9 (Paris, 18 janvier 2019), Mme C... (l'allocataire), de nationalit\u00e9 bolivienne, entr\u00e9e sur le territoire national en 2005 et titulaire d'une carte de s\u00e9jour temporaire portant la mention \u00ab vie priv\u00e9e et familiale \u00bb, a sollicit\u00e9 le b\u00e9n\u00e9fice des prestations familiales aupr\u00e8s de la caisse d'allocations familiales de Paris (la caisse) pour ses deux enfants, qui l'ont rejointe en 2008 et auxquels a \u00e9t\u00e9 d\u00e9livr\u00e9 un document de circulation pour \u00e9tranger mineur.",
        "2. La caisse lui ayant refus\u00e9 l'attribution des prestations, l'allocataire a saisi d'un recours une juridiction de s\u00e9curit\u00e9 sociale."
    ],
    "decision-2": [
        "Examen du moyen",
        "Sur le moyen, pris en ses premi\u00e8re, deuxi\u00e8me, et quatri\u00e8me branches, ci-apr\u00e8s annex\u00e9"
    ],
    "decision-3": [
        "3. En application de l'article 1014, alin\u00e9a 2, du code de proc\u00e9dure civile, il n'y a pas lieu de statuer par une d\u00e9cision sp\u00e9cialement motiv\u00e9e sur ces griefs qui ne sont manifestement pas de nature \u00e0 entra\u00eener la cassation."
    ],
    "decision-4": [
        "Sur le moyen, pris en sa troisi\u00e8me branche",
        "Enonc\u00e9 du moyen",
        "4. L'allocataire fait grief \u00e0 l'arr\u00eat de la d\u00e9bouter de sa demande d'attribution des prestations familiales au b\u00e9n\u00e9fice de ses enfants n\u00e9s hors du territoire national avec effet r\u00e9troactif, alors \u00ab qu'en refusant les allocations familiales au titre d'enfants entr\u00e9s sur le territoire fran\u00e7ais sans certificat de contr\u00f4le m\u00e9dical et au regard de leurs titres de s\u00e9jour, la cour d'appel a viol\u00e9 l'article 4 de la Convention n\u00b0 118 de l'Organisation internationale du travail, posant un principe d'\u00e9galit\u00e9 de traitement en mati\u00e8re de s\u00e9curit\u00e9 sociale sous la seule condition de r\u00e9sidence dans un \u00c9tat membre de la convention \u00bb."
    ],
    "decision-5": [
        "R\u00e9ponse de la Cour",
        "5. Selon l'article 2.1, (i) de la Convention n\u00b0 118 sur l'\u00e9galit\u00e9 de traitement en mati\u00e8re de s\u00e9curit\u00e9 sociale, adopt\u00e9e le 28 juin 1962 par la Conf\u00e9rence g\u00e9n\u00e9rale de l'Organisation internationale du travail, publi\u00e9e par le d\u00e9cret n\u00b0 75-403 du 21 mai 1975, tout Membre peut accepter les obligations de la pr\u00e9sente convention en ce qui concerne l'une ou plusieurs branches de s\u00e9curit\u00e9 sociale, pour lesquelles il poss\u00e8de une l\u00e9gislation effectivement appliqu\u00e9e sur son territoire \u00e0 ses propres ressortissants, notamment la branche des prestations aux familles.",
        "6. Selon l'article 3.1 de la m\u00eame Convention, tout Membre pour lequel la convention est en vigueur doit accorder, sur son territoire, aux ressortissants de tout autre Etat membre pour lequel ladite convention est \u00e9galement en vigueur, l'\u00e9galit\u00e9 de traitement avec ses propres ressortissants au regard de sa l\u00e9gislation, tant en ce qui concerne l'assujettissement que le droit aux prestations, dans toute branche de s\u00e9curit\u00e9 sociale pour laquelle il a accept\u00e9 les obligations de la convention.",
        "7. Selon l'article 4.1 de la m\u00eame Convention, en ce qui concerne le b\u00e9n\u00e9fice des prestations, l'\u00e9galit\u00e9 de traitement doit \u00eatre assur\u00e9e sans condition de r\u00e9sidence.",
        "8. En application de l'article L. 512-1 du code de la s\u00e9curit\u00e9 sociale, le b\u00e9n\u00e9fice des prestations familiales est ouvert aux personnes qui, r\u00e9sidant en France, au sens de l'article L. 111-2-3 du m\u00eame code, ont \u00e0 leur charge un ou plusieurs enfants r\u00e9sidant en France.",
        "9. Il r\u00e9sulte de la combinaison de ces textes que s'il fait obstacle \u00e0 ce que la l\u00e9gislation nationale impose \u00e0 l'allocataire de nationalit\u00e9 \u00e9trang\u00e8re une condition de r\u00e9sidence distincte de celle impos\u00e9e aux allocataires de nationalit\u00e9 fran\u00e7aise, le principe d'\u00e9galit\u00e9 de traitement, dont la finalit\u00e9 est de supprimer les discriminations fond\u00e9es sur la nationalit\u00e9, ne s'oppose pas, en revanche, \u00e0 l'application \u00e0 l'allocataire de nationalit\u00e9 \u00e9trang\u00e8re des dispositions nationales qui r\u00e9gissent l'entr\u00e9e et le s\u00e9jour dans l'Etat.",
        "10. En application des articles L. 512-2, alin\u00e9as 3 et 4, et D. 512-2 du code de la s\u00e9curit\u00e9 sociale, dans leur r\u00e9daction applicable au litige, les \u00e9trangers autres que les ressortissants des Etats membres de l'Union europ\u00e9enne, des Etats parties \u00e0 l'accord sur l'espace \u00e9conomique europ\u00e9en et de la Conf\u00e9d\u00e9ration suisse b\u00e9n\u00e9ficient des prestations familiales pour les enfants qui sont \u00e0 leur charge s'ils justifient, dans les conditions qu'ils pr\u00e9cisent, de la situation de ces derniers.",
        "11. Ayant retenu que les dispositions de droit interne, qui restreignent le droit \u00e0 b\u00e9n\u00e9ficier des prestations, rev\u00eatent un caract\u00e8re objectif justifi\u00e9 par la n\u00e9cessit\u00e9 d'exercer un contr\u00f4le des conditions d'accueil des enfants \u00e9trangers, et ne portent ainsi aucune atteinte disproportionn\u00e9e aux droits garantis par la Convention europ\u00e9enne des droits de l'homme et des libert\u00e9s fondamentales, par la Convention internationale des droits de l'enfant, par la Convention 118 de l'Organisation internationale du travail ou par la Charte des droits fondamentaux de l'Union europ\u00e9enne, notamment quant \u00e0 une vie familiale et \u00e0 l'int\u00e9r\u00eat sup\u00e9rieur de l'enfant, l'arr\u00eat en d\u00e9duit que l'allocataire, qui ne justifie pas du certificat de contr\u00f4le m\u00e9dical d\u00e9livr\u00e9 par l'Office fran\u00e7ais de l'immigration et de l'int\u00e9gration pour ces deux enfants n\u00e9s en Bolivie, lesquels sont donc entr\u00e9s en France en dehors de la proc\u00e9dure de regroupement familial et sans ce certificat, ne peut pr\u00e9tendre aux prestations familiales \u00e0 la date de sa demande.",
        "12. De ces constatations, la cour d'appel a exactement d\u00e9duit que ne justifiant pas de la r\u00e9gularit\u00e9 de l'entr\u00e9e et du s\u00e9jour de ses enfants n\u00e9s hors du territoire national, l'allocataire ne pouvait pr\u00e9tendre au b\u00e9n\u00e9fice des prestations familiales.",
        "13. Le moyen n'est, d\u00e8s lors, pas fond\u00e9."
    ],
    "decision-6": [
        "Sur le moyen, pris en sa cinqui\u00e8me branche",
        "Enonc\u00e9 du moyen",
        "14. L'allocataire demande que la question pr\u00e9judicielle suivante soit transmise \u00e0 la Cour de justice de l'Union europ\u00e9enne : \" Le refus de prestations familiales aux familles dont les enfants sont entr\u00e9s sur le territoire fran\u00e7ais sans certificat de contr\u00f4le m\u00e9dical exclusivement d\u00e9livr\u00e9 par l'Office fran\u00e7ais de l'immigration et de l'int\u00e9gration est-il contraire \u00e0 l'article 24, 2., de la Charte des droits fondamentaux de l'Union europ\u00e9enne posant le principe de l'int\u00e9r\u00eat sup\u00e9rieur de l'enfant ? \""
    ],
    "decision-7": [
        "R\u00e9ponse de la Cour",
        "15. Si l'article 267 du Trait\u00e9 sur le fonctionnement de l'Union europ\u00e9enne rend obligatoire le renvoi pr\u00e9judiciel devant la Cour de justice de l'Union europ\u00e9enne lorsque la question est soulev\u00e9e devant une juridiction dont la d\u00e9cision n'est pas susceptible d'un recours juridictionnel en droit interne, cette obligation dispara\u00eet dans le cas o\u00f9 la question soulev\u00e9e n'est pas pertinente ou en l'absence de doute raisonnable quant \u00e0 l'interpr\u00e9tation de la disposition.",
        "16. En application de l'article 51 de la Charte des droits fondamentaux de l'Union europ\u00e9enne, la Charte s'applique aux institutions et organes de l'Union europ\u00e9enne, mais aussi aux Etats membres lorsqu'ils mettent en oeuvre le droit de l'Union.",
        "17. Il ne r\u00e9sulte ni de l'arr\u00eat ni des productions que des dispositions du droit de l'Union europ\u00e9enne ont \u00e9t\u00e9 mises en oeuvre dans le pr\u00e9sent litige.",
        "18. Il n'y a en cons\u00e9quence pas lieu \u00e0 saisine pr\u00e9judicielle de la Cour de justice de l'Union europ\u00e9enne."
    ],
    "decision-8": [
        "PAR CES MOTIFS, la Cour :",
        "REJETTE le pourvoi ;",
        "Dit n'y avoir lieu \u00e0 saisir la Cour de justice de l'Union europ\u00e9enne d'une question pr\u00e9judicielle ;",
        "Condamne Mme C... aux d\u00e9pens ;",
        "En application de l'article 700 du code de proc\u00e9dure civile, rejette la demande ;",
        "Ainsi fait et jug\u00e9 par la Cour de cassation, deuxi\u00e8me chambre civile, et prononc\u00e9 par le pr\u00e9sident en son audience publique du huit avril deux mille vingt et un."
    ],
    "decision-9": [
        "MOYEN ANNEXE au pr\u00e9sent arr\u00eat",
        "Moyen produit par la SCP Fabiani, Luc-Thaler et Pinatel, avocat aux Conseils, pour Mme C....",
        "Il est fait grief \u00e0 l'arr\u00eat attaqu\u00e9 d'avoir d\u00e9bout\u00e9 Mme C... de sa demande tendant \u00e0 la condamnation de la Caisse d'allocations familiales de Paris \u00e0 lui r\u00e9gler les prestations familiales au b\u00e9n\u00e9fice de ses filles Y... M... et N... L... avec effet r\u00e9troactif de deux ans pr\u00e9c\u00e9dant la demande de prestation, soit \u00e0 compter du mois de septembre 2012, avec int\u00e9r\u00eats de droit \u00e0 compter de la saisine de la commission de recours amiable le 1er d\u00e9cembre 2014 et capitalisation des int\u00e9r\u00eats ;",
        "aux motifs propres que Mme O..., de nationalit\u00e9 bolivienne, est arriv\u00e9e sur le territoire fran\u00e7ais avec son mari en 2005, avant d'\u00eatre rejointe par ses deux enfants a\u00een\u00e9s, n\u00e9s eux aussi en Bolivie, Y... M... et N... L... ; qu'il n'est pas contest\u00e9 qu'il n'existe aucun accord entre la Bolivie et l'Union europ\u00e9enne, ni de convention bilat\u00e9rale entre la Bolivie et la France ; que trouvent dont \u00e0 s'appliquer au cas d'esp\u00e8ce : l'article L 512-1 du code de la s\u00e9curit\u00e9 sociale qui pr\u00e9voit que \u00ab Toute personne fran\u00e7aise ou \u00e9trang\u00e8re r\u00e9sidant en France, ayant \u00e0 sa charge un ou plusieurs enfants r\u00e9sidant en France, b\u00e9n\u00e9ficie pour ces enfants des prestations familiales dans les conditions pr\u00e9vues par le pr\u00e9sent livre ( ) \u00bb ; \u2013 l'article L 512-2 du m\u00eame code, dans sa r\u00e9daction issue de la loi n\u00b0 2005-1579 du 19 d\u00e9cembre 2005, qui dispose que \u00ab B\u00e9n\u00e9ficient \u00e9galement de plein droit des prestations familiales dans les conditions fix\u00e9es par le pr\u00e9sent livre les \u00e9trangers non ressortissants d'un \u00c9tat membre de la Communaut\u00e9 europ\u00e9enne, d'un autre \u00c9tat partie \u00e0 l'accord sur l'Espace \u00e9conomique europ\u00e9en ou de la Conf\u00e9d\u00e9ration suisse, titulaires d'un titre exig\u00e9 d'eux en vertu soit de dispositions l\u00e9gislatives ou r\u00e9glementaires, soit de trait\u00e9s ou accords internationaux pour r\u00e9sider r\u00e9guli\u00e8rement en France. Ces \u00e9trangers b\u00e9n\u00e9ficient des prestations familiales sous r\u00e9serve qu'il soit justifi\u00e9, pour les enfants qui sont \u00e0 leur charge et au titre desquels les prestations familiales sont demand\u00e9es, de l'une des situations suivantes : - leur naissance en France ; - leur entr\u00e9e r\u00e9guli\u00e8re dans le cadre de la proc\u00e9dure de regroupement familial vis\u00e9e au livre IV du code de l'entr\u00e9e et du s\u00e9jour des \u00e9trangers et du droit d'asile ; - leur qualit\u00e9 de membre de famille de r\u00e9fugi\u00e9 ; - leur qualit\u00e9 d'enfant d'\u00e9tranger titulaire de la carte de s\u00e9jour mentionn\u00e9e \u00e0 l'article L. 313-26 du code de l'entr\u00e9e et du s\u00e9jour des \u00e9trangers et du droit d'asile ; - leur qualit\u00e9 d'enfant d'\u00e9tranger titulaire de la carte de s\u00e9jour mentionn\u00e9e \u00e0 l'article L. 313-25 du m\u00eame code ; - leur qualit\u00e9 d'enfant d'\u00e9tranger titulaire de l'une des cartes de s\u00e9jour mentionn\u00e9es au 4\u00b0 de l'article L. 313-20 et \u00e0 l'article L. 313-21 du m\u00eame code ; - leur qualit\u00e9 d'enfant d'\u00e9tranger titulaire de la carte de s\u00e9jour mentionn\u00e9e au 7\u00b0 de l'article L. 313-11 du m\u00eame code \u00e0 la condition que le ou les enfants en cause soient entr\u00e9s en France au plus tard en m\u00eame temps que l'un de leurs parents titulaires de la carte susmentionn\u00e9e. Un d\u00e9cret fixe la liste des titres et justifications attestant de la r\u00e9gularit\u00e9 de l'entr\u00e9e et du s\u00e9jour des b\u00e9n\u00e9ficiaires \u00e9trangers. Il d\u00e9termine \u00e9galement la nature des documents exig\u00e9s pour justifier que les enfants que ces \u00e9trangers ont \u00e0 charge et au titre desquels des prestations familiales sont demand\u00e9es remplissent les conditions pr\u00e9vues aux alin\u00e9as pr\u00e9c\u00e9dents. \u00bb ; \u2013 l'article D. 512-1 issu du d\u00e9cret du 27 f\u00e9vrier 2006 qui exige la production pour justifier de la r\u00e9gularit\u00e9 de son s\u00e9jour d'un des titres de s\u00e9jour ou documents suivants en cours de validit\u00e9 : \u00ab La r\u00e9gularit\u00e9 de l'entr\u00e9e et du s\u00e9jour des enfants \u00e9trangers que le b\u00e9n\u00e9ficiaire a \u00e0 charge et au titre desquels il demande des prestations familiales est justifi\u00e9e par la production de l'un des documents suivants : 1\u00b0 Extrait d'acte de naissance en France ; 2\u00b0 Certificat de contr\u00f4le m\u00e9dical de l'enfant, d\u00e9livr\u00e9 par l'Office fran\u00e7ais de l'immigration et de l'int\u00e9gration \u00e0 l'issue de la proc\u00e9dure d'introduction ou d'admission au s\u00e9jour au titre du regroupement familial ; 3\u00b0 Livret de famille d\u00e9livr\u00e9 par l'Office fran\u00e7ais de protection des r\u00e9fugi\u00e9s et apatrides ou, \u00e0 d\u00e9faut, un acte de naissance \u00e9tabli, le cas \u00e9ch\u00e9ant, par cet office, lorsque l'enfant est membre de famille d'un r\u00e9fugi\u00e9, d'un apatride ou d'un b\u00e9n\u00e9ficiaire de la protection subsidiaire. Lorsque l'enfant n'est pas l'enfant du r\u00e9fugi\u00e9, de l'apatride ou du b\u00e9n\u00e9ficiaire de la protection subsidiaire, cet acte de naissance est accompagn\u00e9 d'un jugement confiant la tutelle de cet enfant \u00e0 l'\u00e9tranger qui demande \u00e0 b\u00e9n\u00e9ficier des prestations familiales ; 4\u00b0 Visa d\u00e9livr\u00e9 par l'autorit\u00e9 consulaire et comportant le nom de l'enfant d'un \u00e9tranger titulaire de la carte de s\u00e9jour mentionn\u00e9e \u00e0 l'article L. 313-8 ou au 5\u00b0 de l'article L. 313-11 du code de l'entr\u00e9e et du s\u00e9jour des \u00e9trangers et du droit d'asile ; 5\u00b0 Attestation d\u00e9livr\u00e9e par l'autorit\u00e9 pr\u00e9fectorale, pr\u00e9cisant que l'enfant est entr\u00e9 en France au plus tard en m\u00eame temps que l'un de ses parents admis au s\u00e9jour sur le fondement du 7\u00b0 de l'article L. 313-11 du code de l'entr\u00e9e et du s\u00e9jour des \u00e9trangers et du droit d'asile ou du 5\u00b0 de l'article 6 de l'accord franco-alg\u00e9rien du 27 d\u00e9cembre 1968 modifi\u00e9 ; 6\u00b0 Titre de s\u00e9jour d\u00e9livr\u00e9 \u00e0 l'\u00e9tranger \u00e2g\u00e9 de seize \u00e0 dix-huit ans dans les conditions fix\u00e9es par l'article L. 311-3 du code de l'entr\u00e9e et du s\u00e9jour des \u00e9trangers et du droit d'asile. Elle est \u00e9galement justifi\u00e9e, pour les enfants majeurs ouvrant droit aux prestations familiales, par l'un des titres mentionn\u00e9s \u00e0 l'article D. 512-1. \u00bb ; qu'ainsi, ces dispositions subordonnent le versement des prestations familiales \u00e0 la production d'un document attestant d'une entr\u00e9e r\u00e9guli\u00e8re des enfants \u00e9trangers en France et d'un certificat m\u00e9dical d\u00e9livr\u00e9 par l'Office fran\u00e7ais de l'int\u00e9gration et de l'immigration ; que ces dispositions qui, certes, restreignent le droit \u00e0 b\u00e9n\u00e9ficier des prestations rev\u00eatent un caract\u00e8re objectif justifi\u00e9 par la n\u00e9cessit\u00e9 d'exercer un contr\u00f4le des conditions d'accueil des enfants \u00e9trangers, et ne portent ainsi aucune atteinte disproportionn\u00e9e aux droits garantis par la Convention Europ\u00e9enne des droits de l'homme et des libert\u00e9s fondamentales, par la Convention internationale des droits de l'enfant, par la Convention 118 de l'Organisation internationale du travail ou par la Charte des droits fondamentaux de l'Union europ\u00e9enne, notamment quant \u00e0 une vie familiale et \u00e0 l'int\u00e9r\u00eat sup\u00e9rieur de l'enfant ; qu'il ne saurait \u00eatre invoqu\u00e9 une discrimination entre des enfants d'une m\u00eame fratrie, d\u00e8s lors que s'ils ont les m\u00eames parents, ils ne sont pas n\u00e9cessairement tous n\u00e9s au m\u00eame endroit ni ne m\u00eame nationalit\u00e9 ; qu'en l'esp\u00e8ce, le premier titre de s\u00e9jour fourni par Mme O... est une carte de s\u00e9jour temporaire valable du 18 avril 2013 au 17 avril 2014 ; qu'elle ne justifie pas du certificat de contr\u00f4le m\u00e9dical d\u00e9livr\u00e9 par l'OFII pour ces deux enfants a\u00een\u00e9s n\u00e9s en Bolivie, lesquels sont donc entr\u00e9s en France en dehors de la proc\u00e9dure de regroupement familial et sans ce certificat ; qu'ils ne peuvent donc \u00eatre consid\u00e9r\u00e9s comme \u00e9tant entr\u00e9s r\u00e9guli\u00e8rement sur le territoire fran\u00e7ais ; que le document de circulation dont ils disposent depuis le 7 octobre 2013 ne figure pas sur la liste pr\u00e9vue \u00e0 l'article D 512-1 pr\u00e9cit\u00e9 permettant de justifier de la r\u00e9gularit\u00e9 de son s\u00e9jour ; qu'en cons\u00e9quence, Mme O... n'a pas justifi\u00e9 de son droit aux prestations familiales \u00e0 la date de sa demande pour ses deux enfants mineurs, Y... M... et N... L... ; que le jugement sera confirm\u00e9 en toutes ses dispositions ; et aux motifs r\u00e9put\u00e9s adopt\u00e9s qu'aux termes de l'article L 512-2 du code de la s\u00e9curit\u00e9 sociale, b\u00e9n\u00e9ficient des prestations familiales dans les conditions fix\u00e9es par le pr\u00e9sent livre, les ressortissants des \u00c9tats membres de la Communaut\u00e9 europ\u00e9enne, des autres \u00c9tats parties \u00e0 l'accord sur l'Espace \u00e9conomique europ\u00e9en et de la Conf\u00e9d\u00e9ration suisse qui remplissent les conditions exig\u00e9es pour r\u00e9sider r\u00e9guli\u00e8rement en France, la r\u00e9sidence \u00e9tant appr\u00e9ci\u00e9e dans les conditions fix\u00e9es pour l'application de l'article L 512-1 ; que b\u00e9n\u00e9ficient \u00e9galement de plein droit dans les conditions fix\u00e9es par le pr\u00e9sent livre les \u00e9trangers non ressortissants d'un \u00c9tat membre de la Communaut\u00e9 europ\u00e9enne, d'un autre \u00c9tat partie \u00e0 l'accord sur l'Espace \u00e9conomique europ\u00e9en ou de la Conf\u00e9d\u00e9ration suisse, titulaires d'un titre exig\u00e9 d'eux en vertu soit de dispositions l\u00e9gislatives ou r\u00e9glementaires, soit de trait\u00e9s ou accords internationaux pour r\u00e9sider r\u00e9guli\u00e8rement en France ; que ces \u00e9trangers b\u00e9n\u00e9ficient des prestations familiales sous r\u00e9serve qu'il soit justifi\u00e9 pour les enfants qui sont \u00e0 leur charge et au titre desquels les prestations familiales sont demand\u00e9es, de l'une des situations suivantes : \u2013 leur naissance en France ; \u2013 leur entr\u00e9e r\u00e9guli\u00e8re dans le cadre de la proc\u00e9dure de regroupement familial vis\u00e9e au livre IV du code de l'entr\u00e9e et du s\u00e9jour des \u00e9trangers et du droit d'asile ; \u2013 leur qualit\u00e9 de membre de famille de r\u00e9fugi\u00e9 ; \u2013 leur qualit\u00e9 d'enfant d'\u00e9tranger titulaire de la carte de s\u00e9jour mentionn\u00e9e \u00e0 l'article L. 313-26 du code de l'entr\u00e9e et du s\u00e9jour des \u00e9trangers et du droit d'asile ; \u2013 leur qualit\u00e9 d'enfant d'\u00e9tranger titulaire de la carte de s\u00e9jour mentionn\u00e9e \u00e0 l'article L. 313-25 du m\u00eame code ; \u2013 leur qualit\u00e9 d'enfant d'\u00e9tranger titulaire de l'une des cartes de s\u00e9jour mentionn\u00e9es au 4\u00b0 de l'article L. 313-20 et \u00e0 l'article L. 313-21 du m\u00eame code ; \u2013 leur qualit\u00e9 d'enfant d'\u00e9tranger titulaire de la carte de s\u00e9jour mentionn\u00e9e au 7\u00b0 de l'article L. 313-11 du m\u00eame code \u00e0 la condition que le ou les enfants en cause soient entr\u00e9s en France au plus tard en m\u00eame temps que l'un de leurs parents titulaires de la carte susmentionn\u00e9e ; que selon l'article D 512-2 du m\u00eame code, la r\u00e9gularit\u00e9 de l'entr\u00e9e et du s\u00e9jour des enfants \u00e9trangers que le b\u00e9n\u00e9ficiaire a \u00e0 sa charge et au titre desquels il demande des prestations familiales est justifi\u00e9e par la production de l'un des documents suivants : 1\u00b0 Extrait d'acte de naissance en France ; 2\u00b0 Certificat de contr\u00f4le m\u00e9dical de l'enfant, d\u00e9livr\u00e9 par l'Office fran\u00e7ais de l'immigration et de l'int\u00e9gration \u00e0 l'issue de la proc\u00e9dure d'introduction ou d'admission au s\u00e9jour au titre du regroupement familial ; 3\u00b0 Livret de famille d\u00e9livr\u00e9 par l'Office fran\u00e7ais de protection des r\u00e9fugi\u00e9s et apatrides ou, \u00e0 d\u00e9faut, un acte de naissance \u00e9tabli, le cas \u00e9ch\u00e9ant, par cet office, lorsque l'enfant est membre de famille d'un r\u00e9fugi\u00e9, d'un apatride ou d'un b\u00e9n\u00e9ficiaire de la protection subsidiaire. Lorsque l'enfant n'est pas l'enfant du r\u00e9fugi\u00e9, de l'apatride ou du b\u00e9n\u00e9ficiaire de la protection subsidiaire, cet acte de naissance est accompagn\u00e9 d'un jugement confiant la tutelle de cet enfant \u00e0 l'\u00e9tranger qui demande \u00e0 b\u00e9n\u00e9ficier des prestations familiales ; 4\u00b0 Visa d\u00e9livr\u00e9 par l'autorit\u00e9 consulaire et comportant le nom de l'enfant d'un \u00e9tranger titulaire de la carte de s\u00e9jour mentionn\u00e9e \u00e0 l'article L. 313-8 ou au 5\u00b0 de l'article L. 313-11 du code de l'entr\u00e9e et du s\u00e9jour des \u00e9trangers et du droit d'asile ; 5\u00b0 Attestation d\u00e9livr\u00e9e par l'autorit\u00e9 pr\u00e9fectorale, pr\u00e9cisant que l'enfant est entr\u00e9 en France au plus tard en m\u00eame temps que l'un de ses parents admis au s\u00e9jour sur le fondement du 7\u00b0 de l'article L. 313-11 du code de l'entr\u00e9e et du s\u00e9jour des \u00e9trangers et du droit d'asile ou du 5\u00b0 de l'article 6 de l'accord franco-alg\u00e9rien du 27 d\u00e9cembre 1968 modifi\u00e9 ; 6\u00b0 Titre de s\u00e9jour d\u00e9livr\u00e9 \u00e0 l'\u00e9tranger \u00e2g\u00e9 de seize \u00e0 dix-huit ans dans les conditions fix\u00e9es par l'article L. 311-3 du code de l'entr\u00e9e et du s\u00e9jour des \u00e9trangers et du droit d'asile ; que le versement des prestations familiales est donc subordonn\u00e9 \u00e0 la production d'un document attestant de l'entr\u00e9e r\u00e9guli\u00e8re des enfants \u00e9tranges en France ; que ces dispositions l\u00e9gislatives et r\u00e9glementaires qui rev\u00eatent un caract\u00e8re objectif justifi\u00e9 par la n\u00e9cessit\u00e9 dans un \u00c9tat d\u00e9mocratique d'exercer un contr\u00f4le des conditions d'accueil des enfants ne portent pas une atteinte disproportionn\u00e9e au droit au respect de la vie familiale garanti par les articles 8 de la Convention europ\u00e9enne de sauvegarde des droits de l'homme et des libert\u00e9s fondamentales ni ne m\u00e9connaissent l'article 3-1 de la convention internationale des droits de l'enfant et ne constituent pas davantage une discrimination prohib\u00e9e au sens de l'article 14 de la Convention europ\u00e9enne, de la directive du 25 novembre 2003, de la Charte des droits fondamentaux de l'Union europ\u00e9enne ou de la Convention n\u00b0 118 de l'OIT ou encore de la convention n\u00b0 97 de l'OIT sur les travailleurs migrants ; que dans sa d\u00e9cision du 8 septembre 2015, la Cour europ\u00e9enne des droits de l'homme juge que le refus d'attribuer les allocations familiales est d\u00fb, non pas \u00e0 la seule nationalit\u00e9 des requ\u00e9rants ou \u00e0 tout autre crit\u00e8re couvert par l'article 14 de la CEDH (interdiction de la discrimination), mais au non-respect des r\u00e8gles applicables au regroupement familial qui constituent une diff\u00e9rence de traitement reposant sur une justification objective et raisonnable ; qu'en l'esp\u00e8ce, Y... et N... H... sont entr\u00e9s sur le territoire fran\u00e7ais en 2008 ; que l'arriv\u00e9e des enfants n'est pas intervenue dans le cadre de la proc\u00e9dure de regroupement familial d\u00e9finie par l'article L 411-1 du code de l'entr\u00e9e et du s\u00e9jour des \u00e9trangers et du droit d'asile et la m\u00e8re ne dispose pas du certificat m\u00e9dical d\u00e9livr\u00e9 par l'OFII \u00e0 l'issue de la proc\u00e9dure de regroupement familial ; que les requ\u00e9rants ne justifient pas d'un des documents list\u00e9s \u00e0 l'article D 512-2 du code de la s\u00e9curit\u00e9 sociale pour qu'il soit fait droit \u00e0 leur demande portant sur la p\u00e9riode de septembre 2012, date de l'existence d'un titre de s\u00e9jour pour les parents \u00e0 f\u00e9vrier 2015 inclus pour Y... et \u00e0 compter de septembre 2012 pour N... ; qu'il est justifi\u00e9 pour Y... d'un titre de s\u00e9jour temporaire \u00ab vie priv\u00e9e et familial \u00bb valable jusqu'au 9 f\u00e9vrier 2016, r\u00e9gulier et d'une scolarit\u00e9 sans discontinuer jusqu'\u00e0 ce jour ; que les demandes form\u00e9e par P... C..., \u00e9pouse O... et monsieur J... O... sont donc rejet\u00e9es sur la p\u00e9riode de septembre 2012 \u00e0 f\u00e9vrier 2015 inclus pour Y... et \u00e0 compter de septembre 2012 pour N... ; qu'en ce qui concerne la p\u00e9riode \u00e0 compter de mars 2015, il convient d'inviter les parties \u00e0 r\u00e9examiner la demande de versement des prestations familiales au profit d'Y... H... ;",
        "1) alors qu'en refusant le b\u00e9n\u00e9fice des allocations familiales au motif que les enfants sont titulaires d'un document de circulation pour \u00e9tranger mineur, titre qui ne figure pas dans la liste de l'article D 512-1 du code de la s\u00e9curit\u00e9 sociale, cependant qu'elle concerne le titre de s\u00e9jour de \u00ab L'\u00e9tranger qui demande \u00e0 b\u00e9n\u00e9ficier de prestations familiales \u00bb, non de ses enfants mineurs, la cour d'appel en a viol\u00e9 les dispositions, ensemble les articles L 512-2, alin\u00e9a 2, et D 512-2 du m\u00eame code ;",
        "2) alors que les juges doivent r\u00e9pondre concr\u00e8tement aux moyens des parties ; que saisie de la compatibilit\u00e9 des conditions d'acc\u00e8s aux prestations familiales des ressortissants \u00e9trangers (hors Union europ\u00e9enne, Espace \u00e9conomique europ\u00e9en et Conf\u00e9d\u00e9ration suisse) aux engagements internationaux de la France r\u00e9sultant de la Convention internationale des droits de l'enfant, de la Convention n\u00b0 118 de l'Organisation internationale du travail et de la Charte des droits fondamentaux de l'Union europ\u00e9enne, en se bornant \u00e0 r\u00e9pondre que ces dispositions qui, certes, restreignent le droit \u00e0 b\u00e9n\u00e9ficier des prestations, rev\u00eatent un caract\u00e8re objectif justifi\u00e9 par la n\u00e9cessit\u00e9 d'exercer un contr\u00f4le des conditions d'accueil des enfants \u00e9trangers et ne portent ainsi aucune atteinte disproportionn\u00e9e, notamment \u00e0 une vie familiale et \u00e0 l'int\u00e9r\u00eat sup\u00e9rieur de l'enfant, la cour d'appel a viol\u00e9 l'article 455 du code de proc\u00e9dure civile ;",
        "3) alors du reste qu'en refusant les allocations familiales au titre d'enfants entr\u00e9s sur le territoire fran\u00e7ais sans certificat de contr\u00f4le m\u00e9dical et au regard de leurs titres de s\u00e9jour, la cour d'appel a viol\u00e9 l'article 4 de la Convention n\u00b0 118 de l'Organisation internationale du travail, posant un principe d'\u00e9galit\u00e9 de traitement en mati\u00e8re de s\u00e9curit\u00e9 sociale sous la seule condition de r\u00e9sidence dans un \u00c9tat membre de la convention ;",
        "4) alors en outre qu'en refusant les allocations familiales au titre d'enfants entr\u00e9s sur le territoire fran\u00e7ais sans le certificat de contr\u00f4le m\u00e9dical exig\u00e9 par l'article D 512-2, alin\u00e9a 1, 2\u00b0, du code de la s\u00e9curit\u00e9 sociale et au regard de leurs titres de s\u00e9jour, la Cour d'appel a viol\u00e9 le principe de primaut\u00e9 de l'int\u00e9r\u00eat sup\u00e9rieur de l'enfant, tel qu'il r\u00e9sulte de l'article 24, 2., de la Charte des droits fondamentaux de l'Union europ\u00e9enne ;",
        "5) alors enfin et subsidiairement qu'il est demand\u00e9 que la question pr\u00e9judicielle suivante soit transmise \u00e0 la Cour de justice de l'Union europ\u00e9enne : \u00ab Le refus de prestations familiales aux familles dont les enfants sont entr\u00e9s sur le territoire fran\u00e7ais sans certificat de contr\u00f4le m\u00e9dical exclusivement d\u00e9livr\u00e9 par l'Office fran\u00e7ais de l'\u00e9migration et de l'int\u00e9gration est-il contraire \u00e0 l'article 24, 2., de la Charte des droits fondamentaux de l'Union europ\u00e9enne posant le principe de l'int\u00e9r\u00eat sup\u00e9rieur de l'enfant ? \u00bb"
    ]
}