{
    "decision-0": [
        "CIV. 1",
        "CF",
        "COUR DE CASSATION",
        "______________________",
        "Audience publique du 12 mai 2021",
        "Rejet",
        "Mme BATUT, pr\u00e9sident",
        "Arr\u00eat n\u00b0 352 FS-P",
        "Pourvoi n\u00b0 M 19-24.305",
        "R \u00c9 P U B L I Q U E F R A N \u00c7 A I S E",
        "_________________________",
        "AU NOM DU PEUPLE FRAN\u00c7AIS",
        "_________________________",
        "ARR\u00caT DE LA COUR DE CASSATION, PREMI\u00c8RE CHAMBRE CIVILE, DU 12 MAI 2021",
        "M. [A] [D], domicili\u00e9 chez M. [E] [O], [Adresse 1], a form\u00e9 le pourvoi n\u00b0 M 19-24.305 contre l'ordonnance rendue le 10 septembre 2019 par le premier pr\u00e9sident de la cour d'appel de Bordeaux, dans le litige l'opposant :",
        "1\u00b0/ au procureur g\u00e9n\u00e9ral pr\u00e8s la cour d'appel de Bordeaux, domicili\u00e9 en son parquet g\u00e9n\u00e9ral, place de la R\u00e9publique, 33077 Bordeaux,",
        "2\u00b0/ au pr\u00e9fet de la Gironde, domicili\u00e9 [Adresse 2],",
        "d\u00e9fendeurs \u00e0 la cassation.",
        "Le demandeur invoque, \u00e0 l'appui de son pourvoi, le moyen unique de cassation annex\u00e9 au pr\u00e9sent arr\u00eat.",
        "Le dossier a \u00e9t\u00e9 communiqu\u00e9 au procureur g\u00e9n\u00e9ral.",
        "Sur le rapport de Mme Feydeau-Thieffry, conseiller r\u00e9f\u00e9rendaire, les observations de la SCP Spinosi, avocat de M. [D], et l'avis de M. Sassoust, avocat g\u00e9n\u00e9ral, apr\u00e8s d\u00e9bats en l'audience publique du 16 mars 2021 o\u00f9 \u00e9taient pr\u00e9sents Mme Batut, pr\u00e9sident, Mme Feydeau-Thieffry, conseiller r\u00e9f\u00e9rendaire rapporteur, Mme Auroy, conseiller doyen, M. Hascher, Mme Antoine, M. Vigneau, Mmes Bozzi, Poinseaux, Guihal, M. Fulchiron, Mme Dard, conseillers, Mme Azar, M. Buat-M\u00e9nard, conseillers r\u00e9f\u00e9rendaires, M. Sassoust, avocat g\u00e9n\u00e9ral, et Mme Berthomier, greffier de chambre,",
        "la premi\u00e8re chambre civile de la Cour de cassation, compos\u00e9e, en application de l'article R. 431-5 du code de l'organisation judiciaire, des pr\u00e9sident et conseillers pr\u00e9cit\u00e9s, apr\u00e8s en avoir d\u00e9lib\u00e9r\u00e9 conform\u00e9ment \u00e0 la loi, a rendu le pr\u00e9sent arr\u00eat ;"
    ],
    "decision-1": [
        "Faits et proc\u00e9dure",
        "1. Selon l'ordonnance attaqu\u00e9e, rendue par le premier pr\u00e9sident d'une cour d'appel (Bordeaux, 10 septembre 2019) et les pi\u00e8ces de la proc\u00e9dure, le 24 ao\u00fbt 2019, M. [D], ressortissant marocain, a \u00e9t\u00e9 plac\u00e9 en r\u00e9tention administrative, en ex\u00e9cution d'une d\u00e9cision portant obligation de quitter le territoire fran\u00e7ais. Par une ordonnance du 27 ao\u00fbt 2019, confirm\u00e9e en appel, le juge des libert\u00e9s et de la d\u00e9tention a autoris\u00e9 la prolongation de la mesure pour une dur\u00e9e de vingt-huit jours.",
        "2. M. [D] a, le 6 septembre 2019, saisi ce juge d'une demande de mise en libert\u00e9."
    ],
    "decision-2": [
        "Examen du moyen",
        "Enonc\u00e9 du moyen",
        "3. M. [D] fait grief \u00e0 l'ordonnance de le maintenir en r\u00e9tention, alors \u00ab qu'un \u00e9tranger ne peut \u00eatre plac\u00e9 ou maintenu en r\u00e9tention que pour le temps strictement n\u00e9cessaire \u00e0 son d\u00e9part, l'administration devant exercer toute diligence \u00e0 cet effet, et doit, \u00e0 d\u00e9faut, \u00eatre remis en libert\u00e9 ; qu'en cas de demande d'asile form\u00e9e par l'\u00e9tranger pendant sa r\u00e9tention, la mesure d'\u00e9loignement ne peut \u00eatre mise \u00e0 ex\u00e9cution avant que l'OFPRA ait rendu sa d\u00e9cision ; qu'en jugeant pourtant que la remise tardive d'un dossier de demande d'asile \u00e0 M. [D] ne constituait pas un d\u00e9faut de diligence justifiant la mainlev\u00e9e de la mesure de r\u00e9tention administrative dont il faisait l'objet, le premier pr\u00e9sident de la cour d'appel a viol\u00e9 l'article L. 554-1 du code de l'entr\u00e9e et du s\u00e9jour des \u00e9trangers et du droit d'asile. \u00bb"
    ],
    "decision-3": [
        "R\u00e9ponse de la Cour",
        "4. Aux termes de l'article L. 554-1 du code de l'entr\u00e9e et du s\u00e9jour des \u00e9trangers et du droit d'asile, un \u00e9tranger ne peut \u00eatre plac\u00e9 ou maintenu en r\u00e9tention que pour le temps strictement n\u00e9cessaire \u00e0 son d\u00e9part. L'administration doit exercer toute diligence \u00e0 cet effet.",
        "5. L'ordonnance retient \u00e0 bon droit que le moyen tir\u00e9 d'un d\u00e9faut de diligence de l'administration, au sens de ce texte, doit s'appr\u00e9cier au regard de l'objectif d'organiser le d\u00e9part de l'\u00e9tranger en situation irr\u00e9guli\u00e8re vers son pays d'origine et que la remise d'un dossier de demande d'asile, \u00e0 la supposer tardive, ne constitue pas une diligence destin\u00e9e \u00e0 organiser ce d\u00e9part.",
        "6. De ces \u00e9nonciations, le premier pr\u00e9sident a exactement d\u00e9duit que M. [D] ne pouvait solliciter la mainlev\u00e9e de la mesure de r\u00e9tention en invoquant, sur le fondement de l'article L. 554-1 du code de l'entr\u00e9e et du s\u00e9jour des \u00e9trangers et du droit d'asile, un d\u00e9faut de diligence r\u00e9sultant de la pr\u00e9tendue tardivet\u00e9 de la remise d'un dossier complet de demande d'asile.",
        "7. Le moyen n'est donc pas fond\u00e9."
    ],
    "decision-4": [
        "PAR CES MOTIFS, la Cour :",
        "REJETTE le pourvoi ;",
        "En application de l'article 700 du code de proc\u00e9dure civile, rejette la demande ;",
        "Ainsi fait et jug\u00e9 par la Cour de cassation, premi\u00e8re chambre civile, et prononc\u00e9 par le pr\u00e9sident en son audience publique du douze mai deux mille vingt et un."
    ],
    "decision-5": [
        "MOYEN ANNEXE au pr\u00e9sent arr\u00eat",
        "Moyen produit par la SCP Spinosi, avocat aux Conseils, pour M. [D]",
        "Il est reproch\u00e9 \u00e0 l'ordonnance attaqu\u00e9e d'avoir ordonn\u00e9 le maintien en r\u00e9tention de M. [D], conform\u00e9ment \u00e0 l'ordonnance de prolongation de la r\u00e9tention administrative rendue par le juge des libert\u00e9s et de la d\u00e9tention le 27 ao\u00fbt 2019 ;",
        "Aux motifs que, \u00ab en application de l'article L554-1 du CESEDA au visa duquel est form\u00e9e la demande de mise en libert\u00e9 dont le rejet est attaqu\u00e9, un \u00e9tranger ne peut \u00eatre plac\u00e9 ou maintenu en r\u00e9tention que pour le temps strictement n\u00e9cessaire \u00e0 son d\u00e9part, l'administration devant exercer toute diligence \u00e0 cet effet.",
        "D\u00e8s lors le moyen tir\u00e9 du d\u00e9faut de diligences de l'autorit\u00e9 administrative s'appr\u00e9cie au regard de l'objectif qui lui est assign\u00e9 \u00e0 savoir l'organisation du d\u00e9part de l'\u00e9tranger en situation irr\u00e9guli\u00e8re vers son pays d'origine.",
        "En l'esp\u00e8ce, la remise du dossier de demande d'asile \u00e0 [A] [D], \u00e0 la supposer tardive, ne constitue pas une diligence destin\u00e9e \u00e0 organiser son d\u00e9part.",
        "Il ne peut donc se pr\u00e9valoir sur le fondement de l'article L554-1 du CESEDA d'un d\u00e9faut de diligences caract\u00e9ris\u00e9 par la remise tardive d'un dossier complet pour demander la main lev\u00e9e de la mesure.",
        "En cons\u00e9quence, et par substitution de motif, il y a lieu de confirmer la d\u00e9cision du juge des libert\u00e9s et de la d\u00e9tention \u00bb ;",
        "Alors qu'un \u00e9tranger ne peut \u00eatre plac\u00e9 ou maintenu en r\u00e9tention que pour le temps strictement n\u00e9cessaire \u00e0 son d\u00e9part, l'administration devant exercer toute diligence \u00e0 cet effet, et doit, \u00e0 d\u00e9faut, \u00eatre remis en libert\u00e9 ; qu'en cas de demande d'asile form\u00e9e par l'\u00e9tranger pendant sa r\u00e9tention, la mesure d'\u00e9loignement ne peut \u00eatre mise \u00e0 ex\u00e9cution avant que l'OFPRA ait rendu sa d\u00e9cision ; qu'en jugeant pourtant que la remise tardive d'un dossier de demande d'asile \u00e0 M. [D] ne constituait pas un d\u00e9faut de diligence justifiant la mainlev\u00e9e de la mesure de r\u00e9tention administrative dont il faisait l'objet, le premier pr\u00e9sident de la cour d'appel a viol\u00e9 l'article L. 554-1 du code de l'entr\u00e9e et du s\u00e9jour des \u00e9trangers et du droit d'asile."
    ]
}