{
    "decision-0": [
        "CIV. 2",
        "FB",
        "COUR DE CASSATION",
        "______________________",
        "Audience publique du 3 juin 2021",
        "Rejet",
        "M. PIREYRE, pr\u00e9sident",
        "Arr\u00eat n\u00b0 556 F-P",
        "Pourvoi n\u00b0 J 20-12.968",
        "Aide juridictionnelle totale en d\u00e9fense",
        "au profit de M. [W].",
        "Admission du bureau d'aide juridictionnelle",
        "pr\u00e8s la Cour de cassation",
        "en date du 5 mai 2020.",
        "R \u00c9 P U B L I Q U E F R A N \u00c7 A I S E",
        "_________________________",
        "AU NOM DU PEUPLE FRAN\u00c7AIS",
        "_________________________",
        "ARR\u00caT DE LA COUR DE CASSATION, DEUXI\u00c8ME CHAMBRE CIVILE, DU 3 JUIN 2021",
        "La caisse d'allocations familiales (CAF) [Localit\u00e9 1], dont le si\u00e8ge est [Adresse 1], a form\u00e9 le pourvoi n\u00b0 J 20-12.968 contre l'arr\u00eat rendu le 19 d\u00e9cembre 2019 par la cour d'appel de Grenoble (chambre sociale, protection sociale), dans le litige l'opposant :",
        "1\u00b0/ \u00e0 M. [Y] [W], domicili\u00e9 [Adresse 2],",
        "2\u00b0/ au D\u00e9fenseur des droits, domicili\u00e9 [Adresse 3],",
        "d\u00e9fendeurs \u00e0 la cassation.",
        "La demanderesse invoque, \u00e0 l'appui de son pourvoi, le moyen unique de cassation annex\u00e9 au pr\u00e9sent arr\u00eat.",
        "Le D\u00e9fenseur des droits a pr\u00e9sent\u00e9 des observations en application de l'article 33 de la loi organique n\u00b0 2011-333 du 29 mars 2011.",
        "Le dossier a \u00e9t\u00e9 communiqu\u00e9 au procureur g\u00e9n\u00e9ral.",
        "Sur le rapport de Mme Dudit, conseiller r\u00e9f\u00e9rendaire, les observations de la SCP Bor\u00e9, Salve de Bruneton et M\u00e9gret, avocat de la caisse d'allocations familiales [Localit\u00e9 1], de la SARL Meier-Bourdeau, L\u00e9cuyer et associ\u00e9s, avocat de M. [W], de la SCP C\u00e9lice, Texidor, P\u00e9rier pour le D\u00e9fenseur des droits, les plaidoiries de Me Bor\u00e9, de Me Meier-Bourdeau ainsi que celles de Me P\u00e9rier, et l'avis de M. Gaillardot, premier avocat g\u00e9n\u00e9ral, apr\u00e8s d\u00e9bats en l'audience publique du 14 avril 2021 o\u00f9 \u00e9taient pr\u00e9sents M. Pireyre, pr\u00e9sident, Mme Dudit, conseiller r\u00e9f\u00e9rendaire rapporteur, M. Pr\u00e9tot, conseiller doyen, M. Gaillardot, premier avocat g\u00e9n\u00e9ral, et Mme Aubagna, greffier de chambre,",
        "la deuxi\u00e8me chambre civile de la Cour de cassation, compos\u00e9e des pr\u00e9sident et conseillers pr\u00e9cit\u00e9s, apr\u00e8s en avoir d\u00e9lib\u00e9r\u00e9 conform\u00e9ment \u00e0 la loi, a rendu le pr\u00e9sent arr\u00eat ;",
        "Intervention volontaire",
        "1. Il est donn\u00e9 acte au D\u00e9fenseur des droits de son intervention volontaire \u00e0 l'instance."
    ],
    "decision-1": [
        "Faits et proc\u00e9dure",
        "2. Selon l'arr\u00eat attaqu\u00e9 (Grenoble, 19 d\u00e9cembre 2019), M. [W] (l'allocataire), de nationalit\u00e9 kosovare, arriv\u00e9 en France en avril 2010, et titulaire d'une carte de s\u00e9jour temporaire mention \u00ab vie priv\u00e9e et familiale \u00bb depuis le 3 octobre 2012, a sollicit\u00e9 aupr\u00e8s de la caisse d'allocations familiales [Localit\u00e9 1] (la caisse) le b\u00e9n\u00e9fice des prestations familiales pour ses trois enfants n\u00e9s hors du territoire national et munis d'un document de circulation.",
        "3. La caisse lui ayant refus\u00e9 l'attribution des prestations, l'allocataire a saisi d'un recours une juridiction de s\u00e9curit\u00e9 sociale."
    ],
    "decision-2": [
        "Examen du moyen",
        "Sur le moyen, pris en ses trois premi\u00e8res branches, ci-apr\u00e8s annex\u00e9"
    ],
    "decision-3": [
        "4. En application de l'article 1014, alin\u00e9a 2, du code de proc\u00e9dure civile, il n'y a pas lieu de statuer par une d\u00e9cision sp\u00e9cialement motiv\u00e9e sur ces griefs qui ne sont manifestement pas de nature \u00e0 entra\u00eener la cassation."
    ],
    "decision-4": [
        "Sur le moyen, pris en sa quatri\u00e8me branche",
        "Enonc\u00e9 du moyen",
        "5. La caisse fait grief \u00e0 l'arr\u00eat de dire que l'allocataire a droit aux prestations familiales en faveur de ses enfants \u00e0 compter du 3 octobre 2012, alors \u00ab que si, aux termes de l'article 34 de la Convention de Vienne du 23 ao\u00fbt 1978 sur la succession d'Etats en mati\u00e8re de trait\u00e9s, un trait\u00e9 en vigueur \u00e0 la date de la succession d'Etats reste en vigueur \u00e0 l'\u00e9gard de l'Etat successeur, il n'en va pas de m\u00eame si les Etats int\u00e9ress\u00e9s en conviennent autrement ; qu'en retenant, pour fixer au 3 octobre 2012 le point de d\u00e9part des droits de l'allocataire, que ''le fait que la convention bilat\u00e9rale ait \u00e9t\u00e9 sign\u00e9e le 6 f\u00e9vrier 2013 [est] sans incidence d\u00e8s lors qu'il s'agit de la continuit\u00e9 de la convention datant du 19 janvier 1950'', quand l'accord sous forme d'\u00e9change de lettres sign\u00e9 les 4 et 6 f\u00e9vrier 2013 entre le gouvernement de la R\u00e9publique fran\u00e7aise et le gouvernement de la R\u00e9publique du Kosovo pr\u00e9voit express\u00e9ment que l'accord de succession ''entrera en vigueur \u00e0 la date de [la] r\u00e9ponse'' donn\u00e9e par le ministre des affaires \u00e9trang\u00e8res de la R\u00e9publique du Kosovo, soit le 6 f\u00e9vrier 2013, la cour d'appel a viol\u00e9 cet accord, ensemble l'article 34 de la Convention de Vienne des Nations Unies du 23 ao\u00fbt 1978. \u00bb"
    ],
    "decision-5": [
        "R\u00e9ponse de la Cour",
        "Recevabilit\u00e9 du moyen",
        "6. L'allocataire soul\u00e8ve l'irrecevabilit\u00e9 du moyen, comme \u00e9tant nouveau et m\u00e9lang\u00e9 de fait et de droit.",
        "7. Cependant, le grief tir\u00e9 de l'applicabilit\u00e9 dans le temps de l'accord sous forme d'\u00e9change de lettres des 4 et 6 f\u00e9vrier 2013, publi\u00e9 par le d\u00e9cret n\u00b0 2013-349 du 24 avril 2013, ayant \u00e9t\u00e9 soulev\u00e9 devant la cour d'appel, le moyen n'est pas nouveau et est, d\u00e8s lors, recevable.",
        "Bien-fond\u00e9 du moyen",
        "Vu la Convention g\u00e9n\u00e9rale sur la s\u00e9curit\u00e9 sociale conclue le 5 janvier 1950 entre la France et la Yougoslavie, publi\u00e9e par le d\u00e9cret n\u00b0 51-457 du 19 avril 1951 rendue applicable dans les relations entre la France et la Serbie-et-Mont\u00e9n\u00e9gro par l'accord entre le gouvernement de la R\u00e9publique fran\u00e7aise et le conseil des ministres de Serbie-et-Mont\u00e9n\u00e9gro relatif \u00e0 la succession en mati\u00e8re de trait\u00e9s bilat\u00e9raux conclus entre la France et la R\u00e9publique f\u00e9d\u00e9rative de Yougoslavie, sign\u00e9 le 26 mars 2003, publi\u00e9 par le d\u00e9cret n\u00b0 2003-457 du 16 mai 2003, puis dans les relations entre la France et le Kosovo par l'accord sous forme d'\u00e9change de lettres des 4 et 6 f\u00e9vrier 2013 entre le gouvernement de la R\u00e9publique fran\u00e7aise et le gouvernement de la R\u00e9publique du Kosovo relatif \u00e0 la succession en mati\u00e8re de trait\u00e9s bilat\u00e9raux conclus entre la France et l'Union de Serbie-et-Mont\u00e9n\u00e9gro, publi\u00e9 par le d\u00e9cret n\u00b0 2013-349 du 24 avril 2013 :",
        "8. Aux termes du dernier de ces textes, le gouvernement fran\u00e7ais a, par lettre du 4 f\u00e9vrier 2013, propos\u00e9 au gouvernement du Kosovo que les accords qui liaient la France et l'Union de Serbie-et-Mont\u00e9n\u00e9gro continuent de lier la France et le Kosovo, et le gouvernement du Kosovo a, par lettre du 6 f\u00e9vrier 2013, fait conna\u00eetre son approbation en vue du prolongement de ces accords, afin qu'ils lient la France \u00e0 compter de cette m\u00eame date.",
        "9. Nonobstant la date d'entr\u00e9e en vigueur de l'accord fix\u00e9 au jour de la r\u00e9ponse de l'Etat du Kosovo soit le 6 f\u00e9vrier 2013, les parties ont entendu poursuivre \u00e0 l'\u00e9gard de l'Etat du Kosovo l'application des trait\u00e9s bilat\u00e9raux conclus entre la France et l'Union de Serbie-et-Mont\u00e9n\u00e9gro, de sorte que la Convention g\u00e9n\u00e9rale de s\u00e9curit\u00e9 sociale, en vigueur au moment de la succession des Etats, a continu\u00e9 de lier la France et le Kosovo ind\u00e9pendamment de l'accord sous forme d'\u00e9change de lettres conclu post\u00e9rieurement.",
        "10. Il en r\u00e9sulte que la Convention g\u00e9n\u00e9rale sur la s\u00e9curit\u00e9 sociale susvis\u00e9e a pris effet, dans les rapports entre la France et le Kosovo, \u00e0 la date \u00e0 laquelle ce dernier est devenu un Etat ind\u00e9pendant.",
        "11. D\u00e8s lors, c'est exactement que la cour d'appel a fait application des stipulations de la Convention g\u00e9n\u00e9rale sur la s\u00e9curit\u00e9 sociale susvis\u00e9e pour d\u00e9terminer les droits aux prestations familiales litigieux.",
        "12. Le moyen n'est, d\u00e8s lors, pas fond\u00e9."
    ],
    "decision-6": [
        "PAR CES MOTIFS, la Cour :",
        "REJETTE le pourvoi.",
        "Condamne la caisse d'allocations familiales [Localit\u00e9 1] aux d\u00e9pens ;",
        "En application de l'article 700 du code de proc\u00e9dure civile, rejette les demandes ;",
        "Ainsi fait et jug\u00e9 par la Cour de cassation, deuxi\u00e8me chambre civile, et prononc\u00e9 par le pr\u00e9sident en son audience publique du trois juin deux mille vingt et un."
    ],
    "decision-7": [
        "MOYEN ANNEXE au pr\u00e9sent arr\u00eat",
        "Moyen produit par la SCP Bor\u00e9, Salve de Bruneton et M\u00e9gret, avocat aux Conseils, pour la caisse d'allocations familiales [Localit\u00e9 1].",
        "Il est fait grief \u00e0 l'arr\u00eat infirmatif attaqu\u00e9 d'AVOIR dit que M. [Y] [W] a droit aux prestations familiales en faveur de ses enfants \u00e0 compter du 3 octobre 2012 ;",
        "AUX MOTIFS QUE \u00ab En application des dispositions de l'article L.512-2 du code de la s\u00e9curit\u00e9 sociale, le b\u00e9n\u00e9fice des prestations familiales est ouvert aux parents \u00e9trangers sous r\u00e9serve qu'il soit justifi\u00e9, pour les enfants qui sont \u00e0 leur charge et au titre desquels les prestations familiales sont demand\u00e9es, notamment leur qualit\u00e9 d'enfant d'\u00e9tranger titulaire de la carte de s\u00e9jour mentionn\u00e9e au 7\u00b0 de l'article L.313-11 du code de l'entr\u00e9e et du s\u00e9jour des \u00e9trangers et du droit d'asile (CESEDA), \u00e0 savoir la carte \u00ab vie priv\u00e9e et familiale \u00bb \u00e0 la condition que le ou les enfants en cause soient entr\u00e9s en France au plus tard en m\u00eame temps que l'un de leurs parents titulaire de la carte susmentionn\u00e9e ;",
        "L'article D.512-2 du code de la s\u00e9curit\u00e9 sociale \u00e9num\u00e8re la liste des documents permettant selon les cas d'esp\u00e8ce de justifier la r\u00e9gularit\u00e9 de l'entr\u00e9e et du s\u00e9jour des enfants \u00e9trangers que le b\u00e9n\u00e9ficiaire a \u00e0 charge et au titre desquels il demande des prestations familiales et mentionne notamment au 5\u00b0 l'attestation d\u00e9livr\u00e9e par l'autorit\u00e9 pr\u00e9fectorale, pr\u00e9cisant que l'enfant est entr\u00e9 en France au plus tard en m\u00eame temps que l'un de ses parents admis au s\u00e9jour sur le fondement du 7\u00b0 de l'article L.313-11 du CESEDA ;",
        "Cependant, l'application de ces dispositions est \u00e9cart\u00e9e au profit de normes sup\u00e9rieures, europ\u00e9ennes ou internationales ;",
        "Or, selon l'article 1er \u00a7.1er de la Convention franco-yougoslave du 5 janvier 1950 liant la France au Kosovo en vertu d'un accord sign\u00e9 les 4 et 6 f\u00e9vrier 2013, les ressortissants fran\u00e7ais ou kosovars, salari\u00e9s ou assimil\u00e9s, sont soumis aux l\u00e9gislations de s\u00e9curit\u00e9 sociale applicables en France ou au Kosovo dans les m\u00eames conditions que les ressortissants des pays d'accueil.",
        "Le deuxi\u00e8me paragraphe pr\u00e9voit que les ressortissants fran\u00e7ais ou kosovars, autres que ceux vis\u00e9s au premier paragraphe, sont soumis respectivement aux l\u00e9gislations concernant les prestations familiales \u00e9num\u00e9r\u00e9es \u00e0 l'article 2 de la convention, applicable au Kosovo et en France, et en b\u00e9n\u00e9ficient dans les m\u00eames conditions que les ressortissants de chacun de ces pays ;",
        "L'article 2 mentionne au titre des l\u00e9gislations dont rel\u00e8vent les ressortissants des deux \u00e9tats la l\u00e9gislation des prestations familiales ;",
        "S'agissant d'une convention internationale, elle prime sur les r\u00e8gles de droit national et notamment les articles L.512-2 et D.512-2 du code de la s\u00e9curit\u00e9 sociale susvis\u00e9s ;",
        "Cette convention pose un principe d'\u00e9galit\u00e9 de traitement en mati\u00e8re de s\u00e9curit\u00e9 sociale au b\u00e9n\u00e9fice de toute personne travaillant ou r\u00e9sidant sur le territoire fran\u00e7ais sans que soit exig\u00e9e la preuve de l'arriv\u00e9e en France des enfants au plus tard en m\u00eame temps que l'un de leurs parents ;",
        "QUE M. [W] justifie d'une part d'une situation r\u00e9guli\u00e8re en France depuis le 3 octobre 2012, date de la d\u00e9livrance de sa carte de s\u00e9jour temporaire \u00ab vie priv\u00e9e et familiale \u00bb avec autorisation de travail et, d'autre part, de la pr\u00e9sence de ses enfants en France, ce qui ressort des certificats de scolarit\u00e9 produits ;",
        "Il est par cons\u00e9quent fond\u00e9 \u00e0 obtenir l'ouverture du droit aux prestations familiales en faveur de ses enfants \u00e0 compter du 3 octobre 2012, le fait que la convention bilat\u00e9rale ait \u00e9t\u00e9 sign\u00e9e le 6 f\u00e9vrier 2013 \u00e9tant sans incidence d\u00e8s lors qu'il s'agit de la continuit\u00e9 de la convention datant de janvier 1950 ;",
        "Le jugement entrepris doit donc \u00eatre infirm\u00e9 \u00bb ;",
        "1\u00b0) ALORS QUE le versement des prestations familiales aux \u00e9trangers non ressortissants d'un Etat membre de l'Union europ\u00e9enne, d'un autre Etat partie \u00e0 l'accord sur l'Espace \u00e9conomique europ\u00e9en ou de la Conf\u00e9d\u00e9ration suisse est subordonn\u00e9 \u00e0 la r\u00e9gularit\u00e9 de l'entr\u00e9e et du s\u00e9jour de leurs enfants, laquelle est notamment justifi\u00e9e par la production d'un certificat de contr\u00f4le m\u00e9dical de l'enfant d\u00e9livr\u00e9 par l'Office fran\u00e7ais de l'immigration et de l'int\u00e9gration \u00e0 l'issue de la proc\u00e9dure d'introduction ou d'admission au s\u00e9jour au titre du regroupement familial ; que si les ressortissants de pays tiers signataires d'accords d'association comportant une clause d'\u00e9galit\u00e9 de traitement avec les nationaux ou de non-discrimination ne peuvent se voir opposer l'absence de production d'un tel justificatif, tel n'est pas le cas pour les ressortissants de pays tiers ayant conclu avec la France une simple convention bilat\u00e9rale de s\u00e9curit\u00e9 sociale qui, telle la convention bilat\u00e9rale de s\u00e9curit\u00e9 sociale conclue entre la France et la Yougoslavie le 5 janvier 1950, reprise par l'accord des 4 et 6 f\u00e9vrier 2013 entre la France et le Kosovo, a seulement pour objet une coordination des l\u00e9gislations de s\u00e9curit\u00e9 sociale ; qu'en jugeant le contraire, la cour d'appel, qui a m\u00e9connu le sens et la port\u00e9e de la convention susvis\u00e9e, a viol\u00e9 les articles 1 et 2 de ladite convention, ensemble les articles L. 512-2 et D. 512-2 du code de la s\u00e9curit\u00e9 sociale ;",
        "2\u00b0) ALORS QUE l'article 3 de la convention bilat\u00e9rale de s\u00e9curit\u00e9 sociale conclue entre la France et la Yougoslavie le 5 janvier 1950 stipule que \u00ab Les ressortissants fran\u00e7ais ou yougoslaves autres que les travailleurs salari\u00e9s ou assimil\u00e9s sont soumis \u00e0 la l\u00e9gislation concernant les prestations familiales en vigueur au lieu de leur principale activit\u00e9 professionnelle. S'ils n'exercent aucune activit\u00e9 professionnelle, ils sont soumis \u00e0 la l\u00e9gislation des prestations familiales en vigueur au lieu de leur r\u00e9sidence habituelle \u00bb ; que ces dispositions soumettent donc les ressortissants yougoslaves install\u00e9s en France sans y exercer l'activit\u00e9 professionnelle \u00e0 la l\u00e9gislation fran\u00e7aise de s\u00e9curit\u00e9 sociale, y compris en ses articles L.512-2 et D.512-2 ; qu'en d\u00e9cidant le contraire, la cour d'appel a viol\u00e9 ces dispositions l\u00e9gales et conventionnelles par refus d'application ;",
        "3\u00b0) ALORS en outre QUE les clauses sp\u00e9ciales d\u00e9rogent aux clauses g\u00e9n\u00e9rales ; que si, dans l'article 1er du titre 1er \u00e9dictant les \u00ab principes g\u00e9n\u00e9raux \u00bb de la convention bilat\u00e9rale de s\u00e9curit\u00e9 sociale conclue entre la France et la Yougoslavie le 5 janvier 1950 stipule que \u00ab les ressortissants fran\u00e7ais ou yougoslaves autres que ceux vis\u00e9s au premier paragraphe du pr\u00e9sent article [travailleurs salari\u00e9s ou assimil\u00e9s] sont soumis respectivement aux l\u00e9gislations concernant les prestations familiales \u00e9num\u00e9r\u00e9es \u00e0 l'article 2, applicables en Yougoslavie ou en France, et en b\u00e9n\u00e9ficient dans les m\u00eames conditions que les ressortissants de chacun de ces pays \u00bb, les articles 23 \u00e0 23 B du chapitre VII du titre II \u00e9dictant des \u00ab dispositions particuli\u00e8res \u00bb applicables en mati\u00e8re de prestations familiales limitent express\u00e9ment ces prestations aux enfants de travailleurs salari\u00e9s ou assimil\u00e9s occup\u00e9s sur le territoire d'un Etat lorsqu'ils r\u00e9sident sur le territoire de l'autre Etat ou \u00e0 ceux qui accompagnent le travailleur sur le territoire d'un autre pays ; qu'en d\u00e9cidant le contraire, la cour d'appel a viol\u00e9 par fausse interpr\u00e9tation les articles 1er, 23 \u00e0 23 B, de la convention bilat\u00e9rale de s\u00e9curit\u00e9 sociale conclue entre la France et la Yougoslavie le 5 janvier 1950 ;",
        "4\u00b0) ALORS en toute hypoth\u00e8se QUE si, aux termes de l'article 34 de la Convention de Vienne du 23 ao\u00fbt 1978 sur la succession d'Etats en mati\u00e8re de trait\u00e9s, un trait\u00e9 en vigueur \u00e0 la date de la succession d'Etats reste en vigueur \u00e0 l'\u00e9gard de l'Etat successeur, il n'en va pas de m\u00eame si les Etats int\u00e9ress\u00e9s en conviennent autrement ; qu'en retenant, pour fixer au 3 octobre 2012 le point de d\u00e9part des droits de M. [W], que \u00ab le fait que la convention bilat\u00e9rale ait \u00e9t\u00e9 sign\u00e9e le 6 f\u00e9vrier 2013 [est] sans incidence d\u00e8s lors qu'il s'agit de la continuit\u00e9 de la convention datant du 19 janvier 1950 \u00bb, quand l'accord sous forme d'\u00e9change de lettres sign\u00e9 les 4 et 6 f\u00e9vrier 2013 entre le Gouvernement de la R\u00e9publique fran\u00e7aise et le Gouvernement de la R\u00e9publique du Kosovo pr\u00e9voit express\u00e9ment que l'accord de succession \u00ab entrera en vigueur \u00e0 la date de [la] r\u00e9ponse \u00bb donn\u00e9e par le Ministre des affaires \u00e9trang\u00e8res de la R\u00e9publique du Kosovo, soit le 6 f\u00e9vrier 2013, la cour d'appel a viol\u00e9 cet accord, ensemble l'article 34 de la Convention de Vienne des Nations Unies du 23 ao\u00fbt 1978."
    ]
}