{
    "decision-0": [
        "N\u00b0 W 20-85.475 F-D",
        "N\u00b0 00696",
        "GM",
        "8 JUIN 2021",
        "ANNULATION",
        "M. SOULARD pr\u00e9sident,",
        "R \u00c9 P U B L I Q U E F R A N \u00c7 A I S E",
        "________________________________________",
        "AU NOM DU PEUPLE FRAN\u00c7AIS",
        "_________________________",
        "ARR\u00caT DE LA COUR DE CASSATION, CHAMBRE CRIMINELLE,",
        "DU 8 JUIN 2021",
        "Mme [U] [Y] a form\u00e9 un pourvoi contre l'arr\u00eat de la chambre de l'instruction de la cour d'appel de N\u00eemes, en date du 18 septembre 2020, qui, sur la demande d'extradition pr\u00e9sent\u00e9e par le gouvernement marocain, a \u00e9mis un avis partiellement favorable.",
        "Un m\u00e9moire a \u00e9t\u00e9 produit.",
        "Sur le rapport de Mme Thomas, conseiller, les observations de la SCP Lyon-Caen et Thiriez, avocat de Mme [U] [Y], et les conclusions de M. Aldebert, avocat g\u00e9n\u00e9ral, apr\u00e8s d\u00e9bats en l'audience publique du 11 mai 2021 o\u00f9 \u00e9taient pr\u00e9sents M. Soulard, pr\u00e9sident, Mme Thomas, conseiller rapporteur, M. Bonnal, conseiller de la chambre, et M. Mar\u00e9ville, greffier de chambre,",
        "la chambre criminelle de la Cour de cassation, compos\u00e9e en application de l'article 567-1-1 du code de proc\u00e9dure p\u00e9nale, des pr\u00e9sident et conseillers pr\u00e9cit\u00e9s, apr\u00e8s en avoir d\u00e9lib\u00e9r\u00e9 conform\u00e9ment \u00e0 la loi, a rendu le pr\u00e9sent arr\u00eat."
    ],
    "decision-1": [
        "Faits et proc\u00e9dure",
        "1. Il r\u00e9sulte de l'arr\u00eat attaqu\u00e9 et des pi\u00e8ces de la proc\u00e9dure ce qui suit.",
        "2. Le 28 novembre 2019, le procureur du Roi du tribunal de premi\u00e8re instance d'Oujda (Maroc) a form\u00e9 une demande d'extradition visant Mme [Y], de nationalit\u00e9 marocaine, sur le fondement d'un mandat international de recherche et d'arr\u00eat en date du 17 octobre 2019 d\u00e9cern\u00e9 par cette m\u00eame autorit\u00e9 aux fins de poursuites p\u00e9nales des chefs de faux, usage de faux en \u00e9criture priv\u00e9e, fabrication faite sciemment d'une attestation relatant des faits inexacts et non-repr\u00e9sentation d'enfant \u00e0 une personne ayant le droit de le r\u00e9clamer.",
        "3. Cette demande a \u00e9t\u00e9 notifi\u00e9e \u00e0 Mme [Y] le 10 septembre 2020.",
        "4. Mme [Y] n'a pas consenti \u00e0 son extradition."
    ],
    "decision-2": [
        "Examen des moyens",
        "Sur le second moyen pris en sa premi\u00e8re branche",
        "Enonc\u00e9 du moyen",
        "5. Le moyen critique l'arr\u00eat attaqu\u00e9 en ce qu'il a rendu un avis partiellement favorable \u00e0 l'extradition de Mme [Y] s'agissant des infractions de faux et usage de faux en \u00e9criture priv\u00e9e et fabrication faite sciemment d'une attestation relatant des faits inexacts, alors :",
        "\u00ab 1\u00b0/ que la personne b\u00e9n\u00e9ficiant de la protection subsidiaire ne peut \u00eatre extrad\u00e9e vers l'Etat dont elle a la nationalit\u00e9, tant que cette protection ne lui a pas \u00e9t\u00e9 retir\u00e9e, l'extradition \u00e9tant incompatible avec la protection accord\u00e9e ; que l'obtention d'une telle protection subsidiaire post\u00e9rieurement \u00e0 l'avis rendu par la chambre de l'instruction doit entra\u00eener son annulation, lorsque son arr\u00eat n'est pas d\u00e9finitif, la protection subsidiaire rendant caduque un tel avis, d\u00e8s lors qu'il \u00e9tablit un \u00e9tat de danger ant\u00e9rieur \u00e0 son attribution ; qu'en l'esp\u00e8ce, Mme [Y] a obtenu la protection subsidiaire de l'Ofpra par d\u00e9cision du 5 octobre 2020 aux motifs qu'elle court un risque r\u00e9el de subir des traitements inhumains ou d\u00e9gradants en cas de retour dans son pays ; qu'il en r\u00e9sulte que l'avis favorable \u00e0 l'extradition vers le Maroc doit \u00eatre annul\u00e9, serait-il ant\u00e9rieur \u00e0 la d\u00e9cision de l'Ofpra, en ce qu'il implique une m\u00e9connaissance des principes g\u00e9n\u00e9raux du droit de l'extradition et de l'article L. 712-1 alin\u00e9a b du code de l'entr\u00e9e et du s\u00e9jour des \u00e9trangers et du droit d'asile. \u00bb"
    ],
    "decision-3": [
        "R\u00e9ponse de la Cour",
        "Vu les articles 3 de la Convention europ\u00e9enne des droits de l'homme, 3, 2., e) de la Convention d'extradition sign\u00e9e entre la France et le Maroc le 18 avril 2008 et L. 712-1 du code de l'entr\u00e9e et du s\u00e9jour des \u00e9trangers et du droit d'asile :",
        "6. Il se d\u00e9duit de ces textes que, lorsque la personne r\u00e9clam\u00e9e encourt, en cas d'extradition vers son pays d'origine, le risque d'\u00eatre soumise \u00e0 un traitement inhumain ou d\u00e9gradant, ou pouvant avoir pour elle des cons\u00e9quences d'une gravit\u00e9 exceptionnelle en raison de son \u00e2ge ou de son \u00e9tat de sant\u00e9, il ne peut \u00eatre donn\u00e9 un avis favorable \u00e0 son extradition. Un tel risque est av\u00e9r\u00e9 lorsque la personne b\u00e9n\u00e9ficie de la protection subsidiaire, aussi longtemps qu'il n'y a pas \u00e9t\u00e9 mis fin.",
        "7. La Cour de cassation constate que, post\u00e9rieurement \u00e0 l'arr\u00eat attaqu\u00e9, le b\u00e9n\u00e9fice de la protection subsidiaire a \u00e9t\u00e9 accord\u00e9 \u00e0 la personne r\u00e9clam\u00e9e par d\u00e9cision du 5 octobre 2020, de sorte qu'il y a lieu de proc\u00e9der \u00e0 un nouvel examen de la demande d'extradition au regard de la situation nouvelle cr\u00e9\u00e9e par cette d\u00e9cision.",
        "8. En cons\u00e9quence, il y a lieu \u00e0 annulation de l'arr\u00eat attaqu\u00e9."
    ],
    "decision-4": [
        "PAR CES MOTIFS, et sans qu'il y ait lieu d'examiner les autres moyens propos\u00e9s, la Cour :",
        "ANNULE, en toutes ses dispositions, l'arr\u00eat susvis\u00e9 de la chambre de l'instruction de la cour d'appel de N\u00eemes, en date du 18 septembre 2020, et pour qu'il soit \u00e0 nouveau jug\u00e9, conform\u00e9ment \u00e0 la loi ;",
        "RENVOIE la cause et les parties devant la chambre de l'instruction de la cour d'appel de Montpellier, \u00e0 ce d\u00e9sign\u00e9e par d\u00e9lib\u00e9ration sp\u00e9ciale prise en chambre du conseil ;",
        "ORDONNE l'impression du pr\u00e9sent arr\u00eat, sa transcription sur les registres du greffe de la chambre de l'instruction de la cour d'appel de N\u00eemes et sa mention en marge ou \u00e0 la suite de l'arr\u00eat annul\u00e9 ;",
        "Ainsi fait et jug\u00e9 par la Cour de cassation, chambre criminelle, et prononc\u00e9 par le pr\u00e9sident le huit juin deux mille vingt et un."
    ]
}