{
    "decision-0": [
        "CIV. 1",
        "MY1",
        "COUR DE CASSATION",
        "______________________",
        "Audience publique du 7 juillet 2021",
        "Cassation partielle sans renvoi",
        "Mme AUROY, conseiller doyen",
        "faisant fonction de pr\u00e9sident",
        "Arr\u00eat n\u00b0 509 F-D",
        "Pourvoi n\u00b0 F 20-17.220",
        "Aide juridictionnelle totale en demande",
        "au profit de Mme [W].",
        "Admission du bureau d'aide juridictionnelle",
        "pr\u00e8s la Cour de cassation",
        "en date du 15 mai 2020.",
        "R \u00c9 P U B L I Q U E F R A N \u00c7 A I S E",
        "_________________________",
        "AU NOM DU PEUPLE FRAN\u00c7AIS",
        "_________________________",
        "ARR\u00caT DE LA COUR DE CASSATION, PREMI\u00c8RE CHAMBRE CIVILE, DU 7 JUILLET 2021",
        "Mme [Q] [W], domicili\u00e9e chez M. [J] [N], [Adresse 1], a form\u00e9 le pourvoi n\u00b0 F 20-17.220 contre l'ordonnance rendue le 16 octobre 2019 par le premier pr\u00e9sident de la cour d'appel de N\u00eemes, dans le litige l'opposant au pr\u00e9fet de l'H\u00e9rault, domicili\u00e9 [Adresse 2], d\u00e9fendeur \u00e0 la cassation.",
        "La demanderesse invoque, \u00e0 l'appui de son pourvoi, les deux moyens de cassation annex\u00e9s au pr\u00e9sent arr\u00eat.",
        "Le dossier a \u00e9t\u00e9 communiqu\u00e9 au procureur g\u00e9n\u00e9ral.",
        "Sur le rapport de Mme Feydeau-Thieffry, conseiller r\u00e9f\u00e9rendaire, les observations de la SCP Piwnica et Molini\u00e9, avocat de Mme [W], et l'avis de Mme Caron-D\u00e9glise, avocat g\u00e9n\u00e9ral, apr\u00e8s d\u00e9bats en l'audience publique du 26 mai 2021 o\u00f9 \u00e9taient pr\u00e9sents Mme Auroy, conseiller doyen faisant fonction de pr\u00e9sident, Mme Feydeau-Thieffry, conseiller r\u00e9f\u00e9rendaire rapporteur, M. Hascher, conseiller, et Mme Berthomier, greffier de chambre,",
        "la premi\u00e8re chambre civile de la Cour de cassation, compos\u00e9e des pr\u00e9sident et conseillers pr\u00e9cit\u00e9s, apr\u00e8s en avoir d\u00e9lib\u00e9r\u00e9 conform\u00e9ment \u00e0 la loi, a rendu le pr\u00e9sent arr\u00eat."
    ],
    "decision-1": [
        "Faits et proc\u00e9dure",
        "1. Selon l'ordonnance attaqu\u00e9e, rendue par le premier pr\u00e9sident d'une cour d'appel (N\u00eemes, 16 octobre 2019) et les pi\u00e8ces de la proc\u00e9dure, le 11 octobre 2019, Mme [W], de nationalit\u00e9 marocaine, en situation irr\u00e9guli\u00e8re sur le territoire fran\u00e7ais, a \u00e9t\u00e9 plac\u00e9e en r\u00e9tention administrative, en ex\u00e9cution d'une obligation de quitter le territoire fran\u00e7ais.",
        "2. Le 13 octobre, le juge des libert\u00e9s et de la d\u00e9tention a \u00e9t\u00e9 saisi par l'autorit\u00e9 administrative d'une demande de prolongation de la r\u00e9tention sur le fondement de l'article L. 552-1 du code de l'entr\u00e9e et du s\u00e9jour des \u00e9trangers et du droit d'asile."
    ],
    "decision-2": [
        "Examen des moyens",
        "Sur le premier moyen, pris en sa premi\u00e8re branche et sur le second moyen, ci-apr\u00e8s annex\u00e9s"
    ],
    "decision-3": [
        "3. En application de l'article 1014, alin\u00e9a 2, du code de proc\u00e9dure civile, il n'y a pas lieu de statuer par une d\u00e9cision sp\u00e9cialement motiv\u00e9e sur ces griefs qui ne sont manifestement pas de nature \u00e0 entra\u00eener la cassation."
    ],
    "decision-4": [
        "Mais sur le premier moyen, pris en sa seconde branche",
        "Enonc\u00e9 du moyen",
        "4. Mme [W] fait grief \u00e0 l'ordonnance de juger recevable la requ\u00eate pr\u00e9sent\u00e9e au juge des libert\u00e9s et de la d\u00e9tention, tendant \u00e0 la prolongation de sa r\u00e9tention administrative, alors \u00ab qu'en tout \u00e9tat de cause, seules les personnes b\u00e9n\u00e9ficiant d'une d\u00e9l\u00e9gation de signature sp\u00e9ciale peuvent saisir le juge des libert\u00e9s et de la d\u00e9tention, en lieu et place du pr\u00e9fet, d'une requ\u00eate tendant \u00e0 la prolongation d'un placement en r\u00e9tention administrative ; qu'\u00e0 cet \u00e9gard, la possibilit\u00e9 qui est ouverte au d\u00e9l\u00e9gataire de signer les arr\u00eat\u00e9s de maintien en r\u00e9tention n'emporte pas, par elle-m\u00eame, habilitation pour saisir le juge aux fins de prolongation de la r\u00e9tention ; qu'en estimant n\u00e9anmoins que la d\u00e9l\u00e9gation g\u00e9n\u00e9rale dont b\u00e9n\u00e9ficiait M. [R], en cas d'absence ou d'emp\u00eachement du secr\u00e9taire g\u00e9n\u00e9ral, \u00ab \u00e0 l'effet de signer tous actes, d\u00e9cisions, conventions, correspondances et documents dans les limites de l'arrondissement chef-lieu \u00bb, impliquait n\u00e9cessairement la possibilit\u00e9 de signer les arr\u00eat\u00e9s de r\u00e9tention administrative et, par voie de cons\u00e9quence, les requ\u00eates tendant \u00e0 leur prolongation, le magistrat d\u00e9l\u00e9gu\u00e9 par le premier pr\u00e9sident de la cour d'appel a viol\u00e9 les dispositions des articles L. 552-1, R. 552-2 et R. 552-3 du code de l'entr\u00e9e et du s\u00e9jour des \u00e9trangers et du droit d'asile. \u00bb"
    ],
    "decision-5": [
        "R\u00e9ponse de la Cour",
        "Vu l'article L. 552-1, dans sa r\u00e9daction issue de la loi n\u00b0 2018-778 du 10 septembre 2018, et l'article R. 552-2, dans sa r\u00e9daction issue du d\u00e9cret n\u00b0 2016-1457 du 28 octobre 2016, du code de l'entr\u00e9e et du s\u00e9jour des \u00e9trangers et du droit d'asile :",
        "5. Il r\u00e9sulte de ces textes que le juge des libert\u00e9s et de la d\u00e9tention est saisi aux fins de prolongation de la r\u00e9tention par simple requ\u00eate de l'autorit\u00e9 administrative qui a ordonn\u00e9 la mesure.",
        "6. Pour prolonger la r\u00e9tention, l'ordonnance retient, par motifs propres et adopt\u00e9s, que M. [R] \u00e9tait habilit\u00e9 \u00e0 former une requ\u00eate en cas d'emp\u00eachement du secr\u00e9taire g\u00e9n\u00e9ral de la pr\u00e9fecture, d\u00e8s lors qu'en vertu de l'article 4 de la d\u00e9l\u00e9gation de signature, il pouvait, en cas d'absence ou d'emp\u00eachement de celui-ci, signer tout acte, d\u00e9cision, conventions, correspondances et documents dans les limites de l'arrondissement chef-lieu et que le secr\u00e9taire g\u00e9n\u00e9ral a comp\u00e9tence pour les actes de saisine de la juridiction de c\u00e9ans.",
        "7. En statuant ainsi, alors que la d\u00e9l\u00e9gation de signature ne visait pas de mani\u00e8re sp\u00e9cifique la possibilit\u00e9 de signer les requ\u00eates saisissant le juge des libert\u00e9s et de la d\u00e9tention aux fins de prolongation d'une r\u00e9tention administrative, le premier pr\u00e9sident a viol\u00e9 les textes susvis\u00e9s.",
        "Port\u00e9e et cons\u00e9quences de la cassation",
        "8. Apr\u00e8s avis donn\u00e9 aux parties, conform\u00e9ment \u00e0 l'article 1015 du code de proc\u00e9dure civile, il est fait application des articles L. 411-3, alin\u00e9a 1er, du code de l'organisation judiciaire et 627 du code de proc\u00e9dure civile.",
        "9. La cassation n'implique pas, en effet, qu'il soit statu\u00e9 sur le fond, d\u00e8s lors que, les d\u00e9lais l\u00e9gaux pour statuer sur la mesure \u00e9tant expir\u00e9s, il ne reste plus rien \u00e0 juger."
    ],
    "decision-6": [
        "PAR CES MOTIFS, la Cour :",
        "CASSE ET ANNULE, sauf en ce qu'elle dit l'appel de Mme [W] recevable, l'ordonnance rendue le 16 octobre 2019, entre les parties, par le premier pr\u00e9sident de la cour d'appel de N\u00eemes ;",
        "DIT n'y avoir lieu \u00e0 renvoi ;",
        "En application de l'article 700 du code de proc\u00e9dure civile, rejette la demande ;",
        "Dit que sur les diligences du procureur g\u00e9n\u00e9ral pr\u00e8s la Cour de cassation, le pr\u00e9sent arr\u00eat sera transmis pour \u00eatre transcrit en marge ou \u00e0 la suite de l'ordonnance partiellement cass\u00e9e ;",
        "Ainsi fait et jug\u00e9 par la Cour de cassation, premi\u00e8re chambre civile, et prononc\u00e9 par le pr\u00e9sident en son audience publique du sept juillet deux mille vingt et un."
    ],
    "decision-7": [
        "MOYENS ANNEXES au pr\u00e9sent arr\u00eat",
        "Moyens produits par la SCP Piwnica et Molini\u00e9, avocat aux Conseils, pour Mme [W].",
        "SUR LE PREMIER MOYEN DE CASSATION",
        "IL EST FAIT GRIEF \u00e0 l'ordonnance attaqu\u00e9e d'avoir jug\u00e9 recevable la requ\u00eate pr\u00e9fectorale, pr\u00e9sent\u00e9e au juge des libert\u00e9s et de la d\u00e9tention, tendant \u00e0 la prolongation de la r\u00e9tention administrative de Mme [Q] [W] ;",
        "AUX MOTIFS QUE, sur la recevabilit\u00e9 de la requ\u00eate pr\u00e9fectorale, sur le moyen tir\u00e9 de l'incomp\u00e9tence du signataire de l'arr\u00eat\u00e9 de r\u00e9tention, aux termes de l'article R. 552-3 du CESEDA : \u00ab A peine d'irrecevabilit\u00e9, la requ\u00eate est motiv\u00e9e, dat\u00e9e, sign\u00e9e et accompagn\u00e9e de toutes pi\u00e8ces justificatives utiles, notamment une copie du registre pr\u00e9vu \u00e0 l'article L. 553-1 \u00bb ;",
        "QUE le conseil de Madame [X] [J] expose dans la d\u00e9claration d'appel prise au nom de l'int\u00e9ress\u00e9 que la requ\u00eate pr\u00e9fectorale est sign\u00e9e par Monsieur [R], sans qu'aucune d\u00e9l\u00e9gation de signature aux fins de signer en lieu et place du pr\u00e9fet les requ\u00eates adress\u00e9es aux juridictions en mati\u00e8re de r\u00e9tention administrative ne soit pr\u00e9sente au dossier ; qu'il est ainsi soutenu que la requ\u00eate est irrecevable ;",
        "QUE le premier juge a rejet\u00e9 l'exception de proc\u00e9dure en relevant qu'aux termes de l'article 4 de l'acte de d\u00e9l\u00e9gation de signature accord\u00e9 \u00e0 Monsieur [R], celui-ci a comp\u00e9tence pour signer tout acte, d\u00e9cision, conventions, correspondances ou documents dans les limites dans l'arrondissement chef-lieu ; que le secr\u00e9taire g\u00e9n\u00e9ral ayant comp\u00e9tence pour les actes de saisine de la juridiction de c\u00e9ans, Monsieur [R] est donc habilit\u00e9 \u00e0 former la requ\u00eate en cas d'emp\u00eachement du secr\u00e9taire g\u00e9n\u00e9ral ;",
        "QU'il ressort en effet des pi\u00e8ces port\u00e9es en proc\u00e9dure que le signataire de l'arr\u00eat\u00e9 de r\u00e9tention est sous-pr\u00e9fet, adjoint au secr\u00e9taire g\u00e9n\u00e9ral de la pr\u00e9fecture ; qu'il occupe les fonctions de secr\u00e9taire g\u00e9n\u00e9ral par intermittence, avec totale possibilit\u00e9 de signature dans ce cas ;",
        "QU'il en r\u00e9sulte n\u00e9cessairement la possibilit\u00e9 de signer les arr\u00eat\u00e9s de r\u00e9tention administrative ;",
        "QU'il en r\u00e9sulte que le moyen d'irrecevabilit\u00e9 soulev\u00e9 sera d\u00e8s lors rejet\u00e9 ;",
        "1\u00b0) ALORS QUE le juge ne peut d\u00e9naturer les termes du litige ; qu'en se pronon\u00e7ant sur la facult\u00e9 dont disposait M. [R] de signer les arr\u00eat\u00e9s de r\u00e9tention administrative quand Mme [W] soutenait que ce dernier n'\u00e9tait pas comp\u00e9tent pour signer la requ\u00eate pr\u00e9sent\u00e9e devant le juge des libert\u00e9s et de la d\u00e9tention, le magistrat d\u00e9l\u00e9gu\u00e9 par le premier pr\u00e9sident de la cour d'appel a m\u00e9connu les termes du litige et a viol\u00e9 les articles 4 et 5 du code de proc\u00e9dure civile ;",
        "2\u00b0) ALORS QU'en tout \u00e9tat de cause, seules les personnes b\u00e9n\u00e9ficiant d'une d\u00e9l\u00e9gation de signature sp\u00e9ciale peuvent saisir le juge des libert\u00e9s et de la d\u00e9tention, en lieu et place du pr\u00e9fet, d'une requ\u00eate tendant \u00e0 la prolongation d'un placement en r\u00e9tention administrative ; qu'\u00e0 cet \u00e9gard, la possibilit\u00e9 qui est ouverte au d\u00e9l\u00e9gataire de signer les arr\u00eat\u00e9s de maintien en r\u00e9tention n'emporte pas, par elle-m\u00eame, habilitation pour saisir le juge aux fins de prolongation de la r\u00e9tention ; qu'en estimant n\u00e9anmoins que la d\u00e9l\u00e9gation g\u00e9n\u00e9rale dont b\u00e9n\u00e9ficiait M. [R], en cas d'absence ou d'emp\u00eachement du secr\u00e9taire g\u00e9n\u00e9ral, \u00ab \u00e0 l'effet de signer tous actes, d\u00e9cisions, conventions, correspondances et documents dans les limites de l'arrondissement chef-lieu \u00bb, impliquait n\u00e9cessairement la possibilit\u00e9 de signer les arr\u00eat\u00e9s de r\u00e9tention administrative et, par voie de cons\u00e9quence, les requ\u00eates tendant \u00e0 leur prolongation, le magistrat d\u00e9l\u00e9gu\u00e9 par le premier pr\u00e9sident de la cour d'appel a viol\u00e9 les dispositions des articles L. 552-1, R. 552-2 et R. 552-3 du code de l'entr\u00e9e et du s\u00e9jour des \u00e9trangers et du droit d'asile.",
        "SUR LE SECOND MOYEN DE CASSATION",
        "IL EST FAIT GRIEF \u00e0 l'ordonnance attaqu\u00e9e d'avoir \u00e9cart\u00e9 les exceptions de nullit\u00e9 soulev\u00e9es par Mme [Q] [W] et de l'avoir assign\u00e9e \u00e0 r\u00e9sidence ;",
        "AUX MOTIFS QUE, sur les exceptions de nullit\u00e9, sur le moyen de tir\u00e9 de l'irr\u00e9gularit\u00e9 du contr\u00f4le d'identit\u00e9, aux termes de l'article 78-2 alin\u00e9a 9 du code de proc\u00e9dure p\u00e9nale : \u00ab Les officiers de police judiciaire et, sur l'ordre et sous la responsabilit\u00e9 de ceux-ci, les agents de police judiciaire et agents de police judiciaire adjoints mentionn\u00e9 aux articles 20 et 21 1\u00b0 peuvent inviter \u00e0 justifier, par tout moyen, de son identit\u00e9 toute personne \u00e0 l'\u00e9gard de laquelle existe une ou plusieurs raisons plausibles de soup\u00e7onner : qu'elle a commis ou tent\u00e9 de commettre une infraction, ou qu'elle se pr\u00e9pare \u00e0 commettre un crime ou un d\u00e9lit, ou qu'elle est susceptible de fournir des renseignements utiles \u00e0 l'enqu\u00eate en cas de crime ou de d\u00e9lit ; ou qu'elle a viol\u00e9 les obligations ou interdictions auxquelles elle est soumise dans le cadre d'un contr\u00f4le judiciaire, d'une mesure d'assignation \u00e0 r\u00e9sidence avec surveillance \u00e9lectronique, d'une peine ou d'une mesure suivie par le juge de l'application des peines ; ou qu'elle fait l'objet de recherches ordonn\u00e9es par une autorit\u00e9 judiciaire \u00bb ;",
        "QUE le conseil de Madame [X] [J] expose dans la d\u00e9claration d'appel prise au nom de l'int\u00e9ress\u00e9 que le contr\u00f4le d'identit\u00e9 a \u00e9t\u00e9 fait par des APJ, hors la pr\u00e9sence physique d'un OPJ, seul \u00e0 m\u00eame de v\u00e9rifier les conditions dans lesquelles le contr\u00f4le d'identit\u00e9 a \u00e9t\u00e9 r\u00e9alis\u00e9 ; qu'il en est d\u00e9duit par le conseil de l'int\u00e9ress\u00e9 qu'il en r\u00e9sulte une irr\u00e9gularit\u00e9 de proc\u00e9dure en ce qu'il n'y a pas d'\u00e9l\u00e9ments objectifs justifiant le contr\u00f4le d'identit\u00e9 ;",
        "QU'il appara\u00eet pourtant en proc\u00e9dure que les agents ayant proc\u00e9d\u00e9 au contr\u00f4le ont inform\u00e9 t\u00e9l\u00e9phoniquement l'officier de police judiciaire de permanence de la DIDPAF34 qui leur a enjoint de lui remettre la personne dans les plus brefs d\u00e9lais ;",
        "QU'il n'est aucunement \u00e9tabli le moindre caract\u00e8re discriminatoire dans le contr\u00f4le op\u00e9r\u00e9, celui-ci ayant \u00e9t\u00e9 op\u00e9r\u00e9 dans le cadre de contr\u00f4les al\u00e9atoires et non syst\u00e9matiques autoris\u00e9s par la disposition pr\u00e9cit\u00e9e ;",
        "QUE le moyen sera d\u00e8s lors rejet\u00e9 ;",
        "QUE, sur le moyen tir\u00e9 de l'irr\u00e9gularit\u00e9 de la visite domiciliaire, le conseil de Madame [X] [J] expose dans la d\u00e9claration d'appel prise au nom de l'int\u00e9ress\u00e9 que, si la visite domiciliaire est possible, sur autorisation du JLD, en cas d'assignation \u00e0 r\u00e9sidence, le cadre dans lequel elle a eu lieu, alors que la personne fait l'objet d'une retenue pour v\u00e9rification du droit au s\u00e9jour, n'existe pas ; qu'il est \u00e9galement fait valoir qu'aucune d\u00e9claration de l'int\u00e9ress\u00e9 relative \u00e0 un \u00ab nouveau passeport \u00bb n'appara\u00eet dans le proc\u00e8s-verbal d'audition, son passeport \u00e9tant en cours de validit\u00e9 ;",
        "QU'il appara\u00eet pourtant en proc\u00e9dure que si une visite domiciliaire est intervenue dans le cadre de la retenue de Madame [X] [J], aucune atteinte aux droits de l'int\u00e9ress\u00e9e n'est d\u00e9montr\u00e9e ;",
        "QUE le moyen sera d\u00e8s lors rejet\u00e9 ;",
        "1\u00b0) ALORS QUE Mme [W] faisait valoir (cf. p. 2 de sa d\u00e9claration d'appel motiv\u00e9e) qu'il r\u00e9sultait des propres constatations du juge des libert\u00e9s et de la d\u00e9tention que l'intervention de l'officier de police judiciaire \u00e9tait post\u00e9rieure au contr\u00f4le d'identit\u00e9 de sorte qu'il ne pouvait \u00eatre regard\u00e9 comme ayant \u00e9t\u00e9 r\u00e9alis\u00e9 sous l'ordre et la responsabilit\u00e9 de cet officier ; qu'en s'abstenant de r\u00e9pondre \u00e0 ce moyen, le magistrat d\u00e9l\u00e9gu\u00e9 par le premier pr\u00e9sident de la cour d'appel a m\u00e9connu les exigences de l'article 455 du code de proc\u00e9dure civile ;",
        "2\u00b0) ALORS QU'aucune visite domiciliaire n'est possible dans le cadre de la proc\u00e9dure de retenue de l'\u00e9tranger aux fins de v\u00e9rification de son droit de circulation ou de s\u00e9jour sur le territoire fran\u00e7ais ; qu'en retenant qu'aucune atteinte aux droits de Mme [W] ne serait d\u00e9montr\u00e9e, apr\u00e8s avoir relev\u00e9 qu'une visite domiciliaire est intervenue dans le cadre de la retenue de cette derni\u00e8re, le magistrat d\u00e9l\u00e9gu\u00e9 par le premier pr\u00e9sident de la cour d'appel n'a pas tir\u00e9 les cons\u00e9quences l\u00e9gales de ses propres constatations desquelles il r\u00e9sultait l'irr\u00e9gularit\u00e9 de la visite domiciliaire, et a ainsi viol\u00e9 les dispositions de l'article L. 611-1-1 du code de l'entr\u00e9e et du s\u00e9jour des \u00e9trangers et du droit d'asile ;",
        "3\u00b0) ALORS QU'en tout \u00e9tat de cause, Mme [W] faisait valoir (cf. p. 3 de sa d\u00e9claration d'appel motiv\u00e9e) que rien n'indique que la visite domiciliaire s'est faite avec le consentement et \u00e0 la demande de l'int\u00e9ress\u00e9e ; qu'en se bornant \u00e0 affirmer qu'aucune atteinte aux droits de cette derni\u00e8re ne serait d\u00e9montr\u00e9e, sans r\u00e9pondre \u00e0 ce moyen op\u00e9rant, le magistrat d\u00e9l\u00e9gu\u00e9 par le premier pr\u00e9sident de la cour d'appel n'a pas satisfait aux exigences de l'article 455 du code de proc\u00e9dure civile."
    ]
}