{
    "decision-0": [
        "Sur le moyen unique :"
    ],
    "decision-1": [
        "Vu les articles 9 et 11 du d\u00e9cret n\u00b0 91-1164 du 12 novembre 1991 applicable en l'esp\u00e8ce, ensemble l'article 35 bis de l'ordonnance du 2 novembre 1945, devenu les articles L. 551-1 et suivants du Code de l'entr\u00e9e et du s\u00e9jour des \u00e9trangers et du droit d'asile, et l'article 16 du nouveau Code de proc\u00e9dure civile ;",
        "Attendu que le premier pr\u00e9sident est saisi par une d\u00e9claration motiv\u00e9e transmise par tous moyens au greffe du tribunal de grande instance ou de la cour d'appel ; que le greffier de la cour d'appel fait conna\u00eetre aux parties et au minist\u00e8re public la date de l'audience au fond ;"
    ],
    "decision-2": [
        "Attendu, selon l'ordonnance attaqu\u00e9e rendue par le premier pr\u00e9sident d'une cour d'appel, que M. X..., ressortissant ivoirien qui faisait l'objet d'un arr\u00eat\u00e9 de reconduite \u00e0 la fronti\u00e8re, a \u00e9t\u00e9 maintenu en r\u00e9tention dans des locaux ne relevant pas de l'administration p\u00e9nitentiaire par une d\u00e9cision du pr\u00e9fet de la Loire-Atlantique ; qu'un juge des libert\u00e9s et de la d\u00e9tention a autoris\u00e9 la prolongation de cette mesure pour une dur\u00e9e de 15 jours, puis pour une nouvelle p\u00e9riode d'une dur\u00e9e identique ;",
        "que le conseil de M. X... a, par t\u00e9l\u00e9copie adress\u00e9e au greffe du tribunal de grande instance, form\u00e9 un appel motiv\u00e9 contre cette d\u00e9cision ;",
        "Attendu que pour d\u00e9clarer cet appel irrecevable, l'ordonnance retient, au visa de l'article 16 du nouveau Code de proc\u00e9dure civile, que le pr\u00e9fet a d\u00e9pos\u00e9 un m\u00e9moire indiquant qu'il n'a pas eu connaissance de la d\u00e9claration d'appel et des moyens soulev\u00e9s \u00e0 l'occasion de cet appel, que le conseil de l'\u00e9tranger d\u00e9clare \u00e0 l'audience ignorer si son m\u00e9moire d'appel motiv\u00e9 a \u00e9t\u00e9 adress\u00e9 au pr\u00e9fet, que la convocation r\u00e9guli\u00e8re de la pr\u00e9fecture \u00e0 l'audience n'est pas de nature \u00e0 dispenser l'appelant de lui faire conna\u00eetre ses moyens et que M. X... n'a pas mis le pr\u00e9fet, absent \u00e0 l'audience, en mesure de r\u00e9pondre aux moyens soulev\u00e9s par lui dans son m\u00e9moire d'appel ;"
    ],
    "decision-3": [
        "Qu'en statuant ainsi, alors que le pr\u00e9fet, r\u00e9guli\u00e8rement convoqu\u00e9 \u00e0 l'audience d'appel, pouvait consulter les pi\u00e8ces au greffe avant l'ouverture des d\u00e9bats et demander \u00e0 \u00eatre entendu \u00e0 l'audience, et qu'aucun texte n'impose \u00e0 l'appelant d'une ordonnance statuant en mati\u00e8re de maintien en r\u00e9tention d'un \u00e9tranger d'adresser aux autres parties une copie de son acte et de ses moyens d'appel, le premier pr\u00e9sident, qui a ajout\u00e9 \u00e0 la loi une condition qu'elle ne pr\u00e9voit pas, a viol\u00e9 les textes susvis\u00e9s, ainsi que, par fausse application, l'article 16 du nouveau Code de proc\u00e9dure civile ;",
        "Et vu l'article 627 du nouveau Code de proc\u00e9dure civile ;",
        "Attendu que les d\u00e9lais l\u00e9gaux de maintien en r\u00e9tention \u00e9tant expir\u00e9s, il ne reste rien \u00e0 juger ;"
    ],
    "decision-4": [
        "PAR CES MOTIFS :",
        "CASSE ET ANNULE, dans toutes ses dispositions, l'ordonnance rendue le 1er septembre 2004, entre les parties, par le premier pr\u00e9sident de la cour d'appel de Rennes ;",
        "DIT n'y avoir lieu \u00e0 renvoi ;",
        "Dit que sur les diligences du procureur g\u00e9n\u00e9ral pr\u00e8s la Cour de Cassation, le pr\u00e9sent arr\u00eat sera transmis pour \u00eatre transcrit en marge ou \u00e0 la suite de l'ordonnance cass\u00e9e ;",
        "Ainsi fait et jug\u00e9 par la Cour de Cassation, Premi\u00e8re chambre civile, et prononc\u00e9 par le pr\u00e9sident en son audience publique du six d\u00e9cembre deux mille cinq."
    ]
}