{
    "decision-0": [
        "AU NOM DU PEUPLE FRANCAIS",
        "LA COUR DE CASSATION, CHAMBRE CRIMINELLE, en son audience publique tenue au Palais de Justice \u00e0 PARIS, le vingt et un f\u00e9vrier deux mille sept, a rendu l'arr\u00eat suivant :",
        "Sur le rapport de M. le conseiller ARNOULD et les conclusions de M. l'avocat g\u00e9n\u00e9ral DI GUARDIA ;",
        "Statuant sur le pourvoi form\u00e9 par :",
        "- X... Baya,",
        "contre l'arr\u00eat de la cour d'appel de LYON, 4e chambre, en date du 2 juin 2006, qui a d\u00e9clar\u00e9 irrecevable sa requ\u00eate en rel\u00e8vement de l'interdiction du territoire fran\u00e7ais ;"
    ],
    "decision-1": [
        "Vu le m\u00e9moire personnel produit ;"
    ],
    "decision-2": [
        "Sur le premier moyen de cassation, pris de la violation des articles 6 et 13 de la Convention europ\u00e9enne des droits de l'homme ;",
        "Sur le second moyen de cassation, pris de la violation de l'article 8 de la Convention europ\u00e9enne des droits de l'homme ;",
        "Les moyens \u00e9tant r\u00e9unis ;"
    ],
    "decision-3": [
        "Attendu que, pour d\u00e9clarer irrecevable la requ\u00eate en rel\u00e8vement de l'interdiction du territoire fran\u00e7ais pr\u00e9sent\u00e9e par Baya X..., l'arr\u00eat attaqu\u00e9 \u00e9nonce que la requ\u00e9rante r\u00e9side en France et que, n'\u00e9tant ni incarc\u00e9r\u00e9e ni assign\u00e9e \u00e0 r\u00e9sidence, elle ne se trouve dans aucun des deux seuls cas d'exception, rendant sa requ\u00eate recevable, pr\u00e9vus par l'article 28 bis de l'ordonnance du 2 novembre 1945, devenu l'article L. 541-2 du code de l'entr\u00e9e et du s\u00e9jour des \u00e9trangers et du droit d'asile ; que les juges ajoutent que l'application de ce texte ne constitue ni une restriction excessive au droit d'acc\u00e8s \u00e0 un tribunal d\u00e9fini par les articles 6 et 13 de la Convention europ\u00e9enne des droits de l'homme ni, apr\u00e8s avoir examin\u00e9 la situation personnelle et familiale de l'int\u00e9ress\u00e9e, une atteinte disproportionn\u00e9e aux droits prot\u00e9g\u00e9s par l'article 8 de ladite Convention ;",
        "Attendu qu'en cet \u00e9tat, la cour d'appel a justifi\u00e9 sa d\u00e9cision sans m\u00e9conna\u00eetre les textes conventionnels invoqu\u00e9s aux moyens, lesquels ne peuvent, d\u00e8s lors, qu'\u00eatre \u00e9cart\u00e9s ;",
        "Et attendu que l'arr\u00eat est r\u00e9gulier en la forme ;"
    ],
    "decision-4": [
        "REJETTE le pourvoi ;",
        "Ainsi jug\u00e9 et prononc\u00e9 par la Cour de cassation, chambre criminelle, en son audience publique, les jour, mois et an que dessus ;",
        "Etaient pr\u00e9sents aux d\u00e9bats et au d\u00e9lib\u00e9r\u00e9, dans la formation pr\u00e9vue \u00e0 l'article 567-1-1 du code de proc\u00e9dure p\u00e9nale : M. Cotte pr\u00e9sident, M. Arnould conseiller rapporteur, M. Le Gall conseiller de la chambre ;",
        "Greffier de chambre : Mme Krawiec ;",
        "En foi de quoi le pr\u00e9sent arr\u00eat a \u00e9t\u00e9 sign\u00e9 par le pr\u00e9sident, le rapporteur et le greffier de chambre ;"
    ]
}