{
    "decision-0": [
        "Sur le moyen unique :"
    ],
    "decision-1": [
        "Vu l'article 35 bis de l'ordonnance du 2 novembre 1945, devenu l'article L. 551-1 et suivants du Code de l'entr\u00e9e et du s\u00e9jour des \u00e9trangers et du droit d'asile ;",
        "Attendu, selon ce texte, que le juge, saisi d'une demande de prolongation du maintien d'un \u00e9tranger dans des locaux ne relevant pas de l'administration p\u00e9nitentiaire, ne peut prononcer, \u00e0 titre exceptionnel, lorsque l'\u00e9tranger dispose de garanties de repr\u00e9sentation effectives, une mesure d'assignation \u00e0 r\u00e9sidence, sans constater la remise du passeport \u00e0 un service de police ou de gendarmerie ;"
    ],
    "decision-2": [
        "Attendu, selon l'ordonnance attaqu\u00e9e, que M. Ali X..., de nationalit\u00e9 alg\u00e9rienne, a fait l'objet d'un arr\u00eat\u00e9 de reconduite \u00e0 la fronti\u00e8re en date du 29 avril 2004, notifi\u00e9 le 11 juin 2004, et a \u00e9t\u00e9 maintenu dans des locaux ne relevant pas de l'administration p\u00e9nitentiaire par d\u00e9cision du pr\u00e9fet de des Deux-S\u00e8vres du 11 juin 2004 ;",
        "que, par ordonnance en date du 11 juin 2004, le juge des libert\u00e9s et de la d\u00e9tention a ordonn\u00e9 l'assignation \u00e0 r\u00e9sidence de M. Ali X... et la remise par ce dernier de son passeport au commissariat de police de Cr\u00e9teil ;",
        "Attendu que pour confirmer cette d\u00e9cision d'assignation \u00e0 r\u00e9sidence de M. Ali X..., l'ordonnance se borne \u00e0 ajouter que l'int\u00e9ress\u00e9 devra se pr\u00e9senter une fois par semaine au commissariat de police de Cr\u00e9teil ;"
    ],
    "decision-3": [
        "Qu'en statuant ainsi, sans constater la remise pr\u00e9alable du passeport de l'int\u00e9ress\u00e9 \u00e0 un service de police ou de gendarmerie, le premier pr\u00e9sident a viol\u00e9 le texte susvis\u00e9 ;",
        "Et vu l'article 627 du nouveau Code de proc\u00e9dure civile ;",
        "Attendu que les d\u00e9lais l\u00e9gaux de maintien en r\u00e9tention \u00e9tant expir\u00e9s, il ne reste plus rien \u00e0 juger ;"
    ],
    "decision-4": [
        "PAR CES MOTIFS :",
        "CASSE ET ANNULE, dans toutes ses dispositions, l'ordonnance rendue le 14 juin 2004, entre les parties, par le premier pr\u00e9sident de la cour d'appel de Poitiers ;",
        "DIT n'y avoir lieu \u00e0 renvoi ;",
        "Dit que sur les diligences du procureur g\u00e9n\u00e9ral pr\u00e8s la Cour de Cassation, le pr\u00e9sent arr\u00eat sera transmis pour \u00eatre transcrit en marge ou \u00e0 la suite de l'ordonnance cass\u00e9e ;",
        "Ainsi fait et jug\u00e9 par la Cour de Cassation, Premi\u00e8re chambre civile, et prononc\u00e9 par le pr\u00e9sident en son audience publique du six juillet deux mille cinq."
    ]
}