{
    "decision-0": [
        "Sur les deux branches du moyen unique :"
    ],
    "decision-1": [
        "Vu les articles 64 du code de proc\u00e9dure p\u00e9nale et 455 du nouveau code de proc\u00e9dure civile ensemble les articles L. 552-1 et suivants du code de l'entr\u00e9e et du s\u00e9jour des \u00e9trangers et du droit d'asile ;",
        "Attendu qu'il appartient au juge de se prononcer comme gardien de la libert\u00e9 individuelle sur les irr\u00e9gularit\u00e9s attentatoires \u00e0 la libert\u00e9, invoqu\u00e9es par l'\u00e9tranger, d'une mesure de garde \u00e0 vue, lorsque cette mesure pr\u00e9c\u00e8de imm\u00e9diatement un maintien en r\u00e9tention administrative ;"
    ],
    "decision-2": [
        "Attendu, selon l'ordonnance attaqu\u00e9e, rendue par le premier pr\u00e9sident d'une cour d'appel, que le 21 f\u00e9vrier 2006, les services de la police aux fronti\u00e8res de Thionville ont proc\u00e9d\u00e9 au contr\u00f4le d'identit\u00e9 dans la zone frontali\u00e8re des vingt kilom\u00e8tres de M. X..., ressortissant turc en situation irr\u00e9guli\u00e8re sur le territoire fran\u00e7ais ; que celui-a \u00e9t\u00e9 plac\u00e9 en garde \u00e0 vue ; que le pr\u00e9fet de la Moselle a ensuite pris \u00e0 son encontre un arr\u00eat\u00e9 de reconduite \u00e0 la fronti\u00e8re et de maintien en r\u00e9tention ;",
        "Attendu que pour rejeter la demande du pr\u00e9fet de la Moselle tendant \u00e0 obtenir la prolongation du maintien en r\u00e9tention de cet \u00e9tranger et ordonner sa remise en libert\u00e9 imm\u00e9diate, l'ordonnance retient que le non-respect de l'obligation d'alimenter M. X... le premier soir de sa garde-\u00e0-vue pouvait \u00eatre g\u00e9n\u00e9rateur d'une carence de l'int\u00e9ress\u00e9 dans sa facult\u00e9 de faire valoir ses droits, voire de cr\u00e9er un \u00e9tat pathologique r\u00e9sultant d'une hypoglyc\u00e9mie et qu'ainsi, les dispositions de l'article 64 du code de proc\u00e9dure p\u00e9nale n'avaient pas \u00e9t\u00e9 respect\u00e9es, entra\u00eenant la nullit\u00e9 de la proc\u00e9dure ;",
        "Attendu qu'en statuant ainsi, par des motifs hypoth\u00e9tiques qui ne caract\u00e9risent pas une atteinte \u00e0 l'int\u00e9grit\u00e9 et la s\u00fbret\u00e9 physique ou psychique de la personne gard\u00e9e \u00e0 vue, et alors qu'il n'appartient pas au juge saisi d'une demande de prolongation du maintien en r\u00e9tention d'un \u00e9tranger d'appr\u00e9cier si la recherche et l'\u00e9tablissement de la v\u00e9rit\u00e9 ont \u00e9t\u00e9 fondamentalement alt\u00e9r\u00e9s par les conditions d'alimentation qui sont mentionn\u00e9es sur le proc\u00e8s-verbal d'audition de la personne gard\u00e9e \u00e0 vue, le premier pr\u00e9sident a viol\u00e9 les textes susvis\u00e9s ;"
    ],
    "decision-3": [
        "Vu l'article 627 du nouveau code de proc\u00e9dure civile ;",
        "Et attendu que les d\u00e9lais l\u00e9gaux de r\u00e9tention \u00e9tant expir\u00e9s, il ne reste plus rien \u00e0 juger ;"
    ],
    "decision-4": [
        "PAR CES MOTIFS :",
        "CASSE ET ANNULE, dans toutes ses dispositions, l'ordonnance rendue le 23 f\u00e9vrier 2006, entre les parties, par le premier pr\u00e9sident de la cour d'appel de Metz ;",
        "DIT n'y avoir lieu \u00e0 renvoi ;",
        "Dit que sur les diligences du procureur g\u00e9n\u00e9ral pr\u00e8s la Cour de cassation, le pr\u00e9sent arr\u00eat sera transmis pour \u00eatre transcrit en marge ou \u00e0 la suite de l'ordonnance cass\u00e9e ;",
        "Ainsi fait et jug\u00e9 par la Cour de cassation, premi\u00e8re chambre civile, et prononc\u00e9 par le pr\u00e9sident en son audience publique du neuf janvier deux mille sept."
    ]
}