{
    "decision-0": [
        "Vu leur connexit\u00e9, joint les pourvois n\u00b0 F 05-14.032 et Z 05-15.176 ;"
    ],
    "decision-1": [
        "Sur le moyen unique du pourvoi n\u00b0 Z 05-15.176 :"
    ],
    "decision-2": [
        "Attendu, selon l'ordonnance attaqu\u00e9e, rendue par le premier pr\u00e9sident d'une cour d'appel (Douai, 20 mars 2005), et les pi\u00e8ces de la proc\u00e9dure, que M. X..., ressortissant \u00e9tranger en situation irr\u00e9guli\u00e8re sur le territoire fran\u00e7ais, a \u00e9t\u00e9 interpell\u00e9 et plac\u00e9 en garde \u00e0 vue ; qu'il a fait l'objet d'arr\u00eat\u00e9s de reconduite \u00e0 la fronti\u00e8re et de placement en r\u00e9tention administrative pris par le pr\u00e9fet du Pas-de-Calais ; que le juge des libert\u00e9s et de la d\u00e9tention a ordonn\u00e9 la prolongation de la mesure de r\u00e9tention ;"
    ],
    "decision-3": [
        "Attendu que le pr\u00e9fet du Pas-de-Calais fait grief \u00e0 l'ordonnance d'avoir infirm\u00e9 cette d\u00e9cision, alors, selon le moyen, que si le procureur de la R\u00e9publique doit \u00eatre imm\u00e9diatement inform\u00e9 de la mesure de r\u00e9tention administrative dont un \u00e9tranger a fait l'objet, cette information peut \u00eatre fournie par tous moyens ; qu'en l'esp\u00e8ce, la cour d'appel qui a mis fin \u00e0 la mesure de r\u00e9tention administrative prise contre M. X..., alors que le proc\u00e8s-verbal de police du 16 mars 2005 faisait \u00e9tat de l'avis qui avait \u00e9t\u00e9 donn\u00e9 au procureur de la R\u00e9publique de la mesure de placement en r\u00e9tention administrative dont cet \u00e9tranger avait fait l'objet, a viol\u00e9 l'article L. 551-2 du Code de l'entr\u00e9e et du s\u00e9jour des \u00e9trangers et du droit d'asile ;"
    ],
    "decision-4": [
        "Mais attendu que l'ordonnance retient que l'examen de l'ensemble de la proc\u00e9dure r\u00e9v\u00e8le que l'arr\u00eat\u00e9 de r\u00e9tention mentionne la n\u00e9cessit\u00e9 de notifier cette d\u00e9cision au procureur de la R\u00e9publique et, par une mention valant jusqu'\u00e0 inscription de faux, qu'aucun avis de cette nature ne figure cependant au dossier ;",
        "Qu'en l'\u00e9tat de ces constatations et \u00e9nonciations, le premier pr\u00e9sident a l\u00e9galement justifi\u00e9 sa d\u00e9cision ;"
    ],
    "decision-5": [
        "PAR CES MOTIFS, et sans qu'il y ait lieu de statuer sur le pourvoi n\u00b0 F 05-14.032 :",
        "REJETTE le pourvoi n\u00b0 Z 05-15.176 ;",
        "Ainsi fait et jug\u00e9 par la Cour de Cassation, Premi\u00e8re chambre civile, et prononc\u00e9 par le pr\u00e9sident en son audience publique du quatorze f\u00e9vrier deux mille six."
    ]
}