{
    "decision-0": [
        "Sur le moyen unique :"
    ],
    "decision-1": [
        "Attendu, selon l'ordonnance attaqu\u00e9e rendue en dernier ressort par un juge des libert\u00e9s et de la d\u00e9tention, que le 18 juin 2005, M. Dialla X..., de nationalit\u00e9 malienne, a pr\u00e9sent\u00e9 une requ\u00eate sur le fondement de l'article 13 du d\u00e9cret du 17 novembre 2004 tendant \u00e0 ce qu'il soit mis fin \u00e0 sa r\u00e9tention administrative ;"
    ],
    "decision-2": [
        "Attendu que le pr\u00e9fet de la Seine-saint-Denis fait grief \u00e0 l'ordonnance d'avoir substitu\u00e9 au placement en r\u00e9tention une mesure d'assignation \u00e0 r\u00e9sidence, alors selon le moyen, que le juge des libert\u00e9s et de la d\u00e9tention, saisi par un \u00e9tranger d'une requ\u00eate tendant \u00e0 ce qu'il soit mis fin \u00e0 sa r\u00e9tention administrative, ne peut, tout en refusant de mettre fin \u00e0 cette mesure lui substituer une assignation \u00e0 r\u00e9sidence, quand il ne pouvait qu'ordonner ou refuser la remise en libert\u00e9 de l'\u00e9tranger, a exc\u00e9d\u00e9 ses pouvoirs, en violation des articles L. 552-1 , L. 552-4 du Code de l'entr\u00e9e et du s\u00e9jour des \u00e9trangers et du droit d'asile et 13 du d\u00e9cret du 17 novembre 2004 ;"
    ],
    "decision-3": [
        "Mais attendu que l'apparente contradiction du dispositif de l'ordonnance ne r\u00e9sulte que d'une erreur mat\u00e9rielle et qu'aucune disposition n'interdit \u00e0 un juge des libert\u00e9s et de la d\u00e9tention saisi d'une demande de mise en libert\u00e9 d'assigner \u00e0 r\u00e9sidence la personne concern\u00e9e ;",
        "D'o\u00f9 il suit que le moyen n'est pas fond\u00e9 ;"
    ],
    "decision-4": [
        "PAR CES MOTIFS :",
        "REJETTE le pourvoi ;",
        "Ainsi fait et jug\u00e9 par la Cour de Cassation, Premi\u00e8re chambre civile, et prononc\u00e9 par le pr\u00e9sident en son audience publique du quatorze f\u00e9vrier deux mille six.",
        "LE CONSEILLER REFERENDAIRE RAPPORTEUR LE PRESIDENT",
        "LE GREFFIER DE CHAMBRE"
    ]
}