{
    "decision-0": [
        "AU NOM DU PEUPLE FRANCAIS",
        "LA COUR DE CASSATION, CHAMBRE CRIMINELLE, en son audience publique tenue au Palais de Justice \u00e0 PARIS, le trente et un mars deux mille cinq, a rendu l'arr\u00eat suivant :",
        "Sur le rapport de M. le conseiller r\u00e9f\u00e9rendaire LEMOINE ;",
        "Vu la communication faite au Procureur g\u00e9n\u00e9ral ;",
        "Statuant sur le pourvoi form\u00e9 par :",
        "- LE PROCUREUR GENERAL PRES LA COUR D'APPEL DE COLMAR,",
        "contre l'arr\u00eat de ladite cour d'appel, chambre correctionnelle, en date du 9 novembre 2004, qui, pour vol en r\u00e9cidive et entr\u00e9e ou s\u00e9jour irr\u00e9gulier d'un \u00e9tranger en France, a condamn\u00e9 Misko X... \u00e0 6 mois d'emprisonnement et \u00e0 l'interdiction d\u00e9finitive du territoire fran\u00e7ais ;"
    ],
    "decision-1": [
        "Vu le m\u00e9moire produit ;"
    ],
    "decision-2": [
        "Sur le moyen unique de cassation, pris de la violation de l'article 19 de l'ordonnance n\u00b0 45-2658 du 2 novembre 1945 sur les \u00e9trangers, devenu l'article L. 621-1 du Code de l'entr\u00e9e et du s\u00e9jour des \u00e9trangers et du droit d'asile, manque de base l\u00e9gale ;"
    ],
    "decision-3": [
        "Vu l'article 111-3 du Code p\u00e9nal ;",
        "Attendu que nul ne peut \u00eatre puni d'une peine qui n'est pas pr\u00e9vue par la loi ;",
        "Attendu qu'apr\u00e8s avoir d\u00e9clar\u00e9 Misko X... coupable de vol en r\u00e9cidive et d'entr\u00e9e ou s\u00e9jour irr\u00e9gulier d'un \u00e9tranger en France, l'arr\u00eat attaqu\u00e9 le condamne, notamment, \u00e0 l'interdiction d\u00e9finitive du territoire ;",
        "Mais attendu qu'en pronon\u00e7ant ainsi une peine compl\u00e9mentaire exc\u00e9dant le maximum pr\u00e9vu par l'article 19 de l'ordonnance du 2 novembre 1945, en vigueur au moment des faits, devenu l'article L. 621-1 du Code de l'entr\u00e9e et du s\u00e9jour des \u00e9trangers et du droit d'asile, r\u00e9primant le d\u00e9lit reproch\u00e9, la cour d'appel a m\u00e9connu les texte et principe ci-dessus rappel\u00e9s ;",
        "D'o\u00f9 il suit que la cassation est encourue de ce chef ; qu'elle aura lieu sans renvoi, la Cour de cassation \u00e9tant en mesure d'appliquer directement la r\u00e8gle de droit et de mettre fin au litige, ainsi que le permet l'article L. 131-5 du Code de l'organisation judiciaire ;"
    ],
    "decision-4": [
        "Par ces motifs,",
        "CASSE et ANNULE, en ses seules dispositions relatives \u00e0 la peine compl\u00e9mentaire d'interdiction d\u00e9finitive du territoire, l'arr\u00eat susvis\u00e9 de la cour d'appel de Colmar, en date du 9 novembre 2004, toutes autres dispositions \u00e9tant express\u00e9ment maintenues ;",
        "DIT que la dur\u00e9e de la peine compl\u00e9mentaire d'interdiction du territoire que devra subir Misko X... sera de trois ans ;",
        "DIT n'y avoir lieu \u00e0 renvoi ;",
        "ORDONNE l'impression du pr\u00e9sent arr\u00eat, sa transcription sur les registres du greffe de la cour d'appel de Colmar et sa mention en marge ou \u00e0 la suite de l'arr\u00eat partiellement annul\u00e9 ;",
        "Ainsi jug\u00e9 et prononc\u00e9 par la Cour de cassation, chambre criminelle, en son audience publique, les jour, mois et an que dessus ;",
        "Etaient pr\u00e9sents aux d\u00e9bats et au d\u00e9lib\u00e9r\u00e9, dans la formation pr\u00e9vue \u00e0 l'article L.131-6, alin\u00e9a 4, du Code de l'organisation judiciaire : M. Cotte pr\u00e9sident, M. Lemoine conseiller rapporteur, M. Le Gall conseiller de la chambre ;",
        "Greffier de chambre : Mme Randouin ;",
        "En foi de quoi le pr\u00e9sent arr\u00eat a \u00e9t\u00e9 sign\u00e9 par le pr\u00e9sident, le rapporteur et le greffier de chambre ;"
    ]
}