{
    "decision-0": [
        "Attendu qu'apr\u00e8s prolongation de son maintien en r\u00e9tention administrative, M. Oumar X..., de nationalit\u00e9 malienne, a pr\u00e9sent\u00e9 une requ\u00eate fond\u00e9e sur l' article 13 du d\u00e9cret du 17 novembre 2004 tendant \u00e0 ce qu'il soit mis fin \u00e0 sa r\u00e9tention ;"
    ],
    "decision-1": [
        "Sur le premier moyen pris en ses trois branches, ci- apr\u00e8s annex\u00e9 :"
    ],
    "decision-2": [
        "Attendu que la Cour de cassation statue sur les pourvois en cassation form\u00e9s contre les jugements en dernier ressort rendus par les juridictions de l'ordre judiciaire et que le pourvoi en cassation tend \u00e0 faire censurer par la Cour de cassation la non-conformit\u00e9 du jugement qu'il attaque aux r\u00e8gles de droit ; que le moyen relatif \u00e0 un avis de r\u00e9ception de la requ\u00eate et de fixation de la date de l'audience, tel que pr\u00e9vu par l'article 3 du d\u00e9cret n 2004-1215 du 17 novembre 2004 informant le pr\u00e9fet de la date d'audience fix\u00e9e qui ne constitue pas une d\u00e9cision juridictionnelle, n'est pas de nature \u00e0 permettre l'admission du pourvoi ;"
    ],
    "decision-3": [
        "Sur le second moyen, pris en ses deux premi\u00e8res branches :"
    ],
    "decision-4": [
        "Attendu que le pr\u00e9fet de la Seine-saint-Denis reproche \u00e0 l'ordonnance attaqu\u00e9e (premier pr\u00e9sident cour d'appel de Paris, 29 juin 2006) d'avoir, sur le fondement de l'article 13 du d\u00e9cret du 17 novembre 2004, ordonn\u00e9 l'assignation \u00e0 r\u00e9sidence de M. X..., alors selon le moyen :",
        "1 / que, d'une part, le juge comp\u00e9tent, en mati\u00e8re de r\u00e9tention administrative d'un \u00e9tranger, est celui du tribunal de grande instance dans le ressort duquel l'\u00e9tranger est maintenu en r\u00e9tention ; qu'en l'esp\u00e8ce, le juge des libert\u00e9s et de la d\u00e9tention du tribunal de grande instance de Bobigny, qui s'est d\u00e9clar\u00e9 comp\u00e9tent, alors que M. X... avait \u00e9t\u00e9, la veille de l'audience, mais plusieurs heures avant que le pr\u00e9fet ne soit avis\u00e9 de la requ\u00eate pr\u00e9sent\u00e9e par l'\u00e9tranger, r\u00e9guli\u00e8rement transf\u00e9r\u00e9 dans un autre centre de r\u00e9tention, a exc\u00e9d\u00e9 ses pouvoirs, au m\u00e9pris des prescriptions des articles 1er et 13 du d\u00e9cret du 17 novembre 2004 ;",
        "2 / que, d'autre part, l'autorit\u00e9 administrative requ\u00e9rante n'est pas valablement avis\u00e9e de la requ\u00eate d'un \u00e9tranger en r\u00e9tention administrative, demandant qu'il soit mis fin \u00e0 cette mesure, par un avis d'audience ne comportant aucune mention du nom de l'int\u00e9ress\u00e9 ; qu'en l'esp\u00e8ce, le juge des libert\u00e9s et de la d\u00e9tention, qui a ordonn\u00e9 l'assignation \u00e0 r\u00e9sidence de M. X... alors que le pr\u00e9fet de la Seine-Saint-Denis n'avait \u00e9t\u00e9 saisi, la veille au soir, que par un avis d'audience ne comportant m\u00eame pas le nom de l'\u00e9tranger, a viol\u00e9 les articles 3 et 13 du d\u00e9cret du 17 novembre 2004 ;",
        "Mais attendu, d'une part, que la comp\u00e9tence du juge des libert\u00e9s et de la d\u00e9tention, en mati\u00e8re de r\u00e9tention administrative, doit \u00eatre appr\u00e9ci\u00e9e au moment de la saisine r\u00e9guli\u00e8re de ce magistrat ; qu'en statuant sur la requ\u00eate de l'\u00e9tranger tendant \u00e0 ce qu'il soit mis fin \u00e0 sa r\u00e9tention apr\u00e8s avoir constat\u00e9 qu'elle avait \u00e9t\u00e9 fax\u00e9e \u00e0 20 heures 26 le 27 juin 2006 ant\u00e9rieurement \u00e0 son transf\u00e8rement au centre de r\u00e9tention de Plaisir le 28 juin 2006, le juge des libert\u00e9s et de la d\u00e9tention de Bobigny n'a pas exc\u00e9d\u00e9 ses pouvoirs ;",
        "Attendu d'autre part, qu'il ressort des pi\u00e8ces de proc\u00e9dure que le pr\u00e9fet a bien \u00e9t\u00e9 avis\u00e9 \u00e0 18 H 09 le 28 juin 2006, avant sa tenue, de la date d' audience le 29 juin \u00e0 10 H concerant M. X..., de sorte que le principe de la contradiction, seul susceptible de permettre la recevabilit\u00e9 du pourvoi au regard de l'article 15 du d\u00e9cret du 17 novembre 2004, n'a en l'esp\u00e8ce pas \u00e9t\u00e9 m\u00e9connu ;"
    ],
    "decision-5": [
        "Mais sur la troisi\u00e8me branche du moyen unique de cassation :"
    ],
    "decision-6": [
        "Vu l'article 13 du d\u00e9cret n\u00b0 2004-1215 du 17 novembre 2004, ensemble le principe de la s\u00e9paration des pouvoirs et l'article L. 611-2 du code de l'entr\u00e9e et du s\u00e9jour des \u00e9trangers et du droit d'asile ;",
        "Attendu qu'apr\u00e8s avoir \u00e9nonc\u00e9 que M. Oumar X... disposait d'un passeport en cours de validit\u00e9, le juge des libert\u00e9s et de la d\u00e9tention, statuant sur le fondement du second des textes susvis\u00e9s, a ordonn\u00e9 la remise aux services de police de Bobigny de cette pi\u00e8ce en \u00e9change d'un r\u00e9c\u00e9piss\u00e9 ;",
        "Qu'en statuant ainsi, alors que s'il peut assigner l' \u00e9tranger \u00e0 r\u00e9sidence contre remise pr\u00e9alable de son passeport en \u00e9tat de validit\u00e9, il n'a pas le pouvoir d'ordonner la remise de ce document \u00e0 l'administration contre r\u00e9c\u00e9piss\u00e9, le juge a exc\u00e9d\u00e9 ses pouvoirs ;",
        "Vu l'article 627 du nouveau code de proc\u00e9dure civile ;",
        "Et attendu que les d\u00e9lais l\u00e9gaux de maintien en r\u00e9tention \u00e9tant expir\u00e9s, il ne reste plus rien \u00e0 juger ;"
    ],
    "decision-7": [
        "PAR CES MOTIFS :",
        "CASSE ET ANNULE, dans toutes ses dispositions, la d\u00e9cision rendue le 29 juin 2006, entre les parties, par le tribunal de grande instance de Bobigny ;",
        "DIT n'y avoir lieu \u00e0 renvoi ;",
        "Dit que sur les diligences du procureur g\u00e9n\u00e9ral pr\u00e8s la Cour de cassation, le pr\u00e9sent arr\u00eat sera transmis pour \u00eatre transcrit en marge ou \u00e0 la suite des d\u00e9cisions cass\u00e9es ;",
        "Ainsi fait et jug\u00e9 par la Cour de cassation, premi\u00e8re chambre civile, et prononc\u00e9 par le pr\u00e9sident en son audience publique du dix-neuf juin deux mille sept."
    ]
}