{
    "decision-0": [
        "Sur le moyen unique du pourvoi :"
    ],
    "decision-1": [
        "Vu les articles 35 quater de l'ordonnance du 2 novembre 1945 devenu L. 221-1 et suivants du Code de l'entr\u00e9e et du s\u00e9jour des \u00e9trangers et du droit d'asile, et 562, alin\u00e9a 2, du nouveau Code de proc\u00e9dure civile, ensemble l'article 561 du m\u00eame Code ;",
        "Attendu que le premier pr\u00e9sident doit se prononcer sur l'appel de l'ordonnance statuant sur le maintien en zone d'attente tant que le d\u00e9lai fix\u00e9 par la loi pour le maintien dans cette zone n'est pas expir\u00e9 ;"
    ],
    "decision-2": [
        "Attendu, selon l'ordonnance attaqu\u00e9e, rendue par le premier pr\u00e9sident d'une cour d'appel, que Mlle X..., se disant X..., ressortissante ghan\u00e9enne qui, \u00e0 sa descente d'avion, avait pr\u00e9sent\u00e9 un passeport nig\u00e9rian falsifi\u00e9, a fait l'objet d'un refus d'entr\u00e9e sur le territoire fran\u00e7ais et a \u00e9t\u00e9 plac\u00e9e en zone d'attente ; que le juge des libert\u00e9s et de la d\u00e9tention a autoris\u00e9 la prolongation de son maintien dans cette zone pour une dur\u00e9e de 8 jours ; que Mlle X... a interjet\u00e9 appel ;",
        "Attendu que pour constater que le premier pr\u00e9sident est hors d\u00e9lai pour statuer sur la demande de maintien en zone d'attente de Mlle X... et dire, en cons\u00e9quence, qu'il n'y a pas lieu \u00e0 prolongation de ce maintien, l'ordonnance retient que le d\u00e9lai de 96 heures dans lequel le premier juge devait statuer est expir\u00e9 ;"
    ],
    "decision-3": [
        "Qu'en statuant ainsi, alors que le d\u00e9lai de maintien en zone d'attente n'\u00e9tait pas expir\u00e9 au moment o\u00f9 il statuait, et que saisi d'un appel tendant \u00e0 la nullit\u00e9 de la proc\u00e9dure ant\u00e9rieure, il avait l'obligation, une fois la nullit\u00e9 constat\u00e9e, de statuer au fond, le premier pr\u00e9sident a exc\u00e9d\u00e9 ses pouvoirs et viol\u00e9 les textes susvis\u00e9s ;",
        "Et vu l'article 627, alin\u00e9a 1, du nouveau Code de proc\u00e9dure civile ;",
        "Attendu que les d\u00e9lais l\u00e9gaux de maintien en zone d'attente \u00e9tant expir\u00e9s, il ne reste rien \u00e0 juger ;"
    ],
    "decision-4": [
        "PAR CES MOTIFS :",
        "CASSE ET ANNULE, dans toutes ses dispositions, l'ordonnance rendue le 15 avril 2004, entre les parties, par le premier pr\u00e9sident de la cour d'appel de Paris ;",
        "DIT n'y avoir lieu \u00e0 renvoi ;",
        "Dit que sur les diligences du procureur g\u00e9n\u00e9ral pr\u00e8s la Cour de Cassation, le pr\u00e9sent arr\u00eat sera transmis pour \u00eatre transcrit en marge ou \u00e0 la suite de l'ordonnance cass\u00e9e ;",
        "Ainsi fait et jug\u00e9 par la Cour de Cassation, Premi\u00e8re chambre civile, et prononc\u00e9 par le pr\u00e9sident en son audience publique du vingt-deux mars deux mille cinq."
    ]
}