{
    "decision-0": [
        "Sur le moyen unique :"
    ],
    "decision-1": [
        "Vu l'article 9, alin\u00e9a 1er, du d\u00e9cret n\u00b0 91-1164 du 12 novembre 1991 ;",
        "Vu l'article 35 bis de l'ordonnance du 2 novembre 1945, devenu les articles 551-1 et suivants du Code de l'entr\u00e9e et du s\u00e9jour des \u00e9trangers et du droit d'asile ;",
        "Attendu que l'appel de l'ordonnance du pr\u00e9sident du tribunal de grande instance statuant en application de l'article 35 susmentionn\u00e9 est recevable lorsqu'il est motiv\u00e9 ;"
    ],
    "decision-2": [
        "Attendu, selon l'ordonnance attaqu\u00e9e rendue par un premier pr\u00e9sident, que M. X..., ressortissant marocain, a fait l'objet d'un arr\u00eat\u00e9 pr\u00e9fectoral de reconduite \u00e0 la fronti\u00e8re ; qu'une ordonnance rendue par le pr\u00e9sident d'un tribunal de grande instance a ordonn\u00e9 la prorogation de sa r\u00e9tention dans des locaux ne d\u00e9pendant pas de l'administration p\u00e9nitentiaire ; que M. X... a interjet\u00e9 appel de cette d\u00e9cision ;",
        "Attendu que pour d\u00e9clarer l'appel irrecevable, le premier pr\u00e9sident a retenu que le recours de l'\u00e9tranger de par son caract\u00e8re injurieux n'\u00e9tait pas motiv\u00e9 ;"
    ],
    "decision-3": [
        "Qu'en statuant ainsi, alors qu'il ressort des pi\u00e8ces de la proc\u00e9dure que la d\u00e9claration d'appel mentionnait d'une \u00e9criture peu lisible et d\u00e9chiffrable phon\u00e9tiquement \"j'ai un passeport, j'ai tous les documents, j'ai tout chez ma soeur\", ce dont il r\u00e9sultait que l'appel reposait sur un motif tir\u00e9 de la proc\u00e9dure suivie devant le premier juge, le premier pr\u00e9sident a viol\u00e9 le texte susvis\u00e9 ;",
        "Vu l'article 627 du nouveau Code de proc\u00e9dure civile ;",
        "Et attendu que les d\u00e9lais l\u00e9gaux de r\u00e9tention \u00e9tant expir\u00e9s, il ne reste plus rien \u00e0 juger ;"
    ],
    "decision-4": [
        "PAR CES MOTIFS, et sans qu'il y ait lieu de statuer sur les moyens du pourvoi :",
        "CASSE et ANNULE, dans toutes ses dispositions, l'ordonnance rendue le 7 mai 2004, entre les parties, par le premier pr\u00e9sident de la cour d'appel de Paris ;",
        "DIT n'y avoir lieu \u00e0 renvoi ;",
        "Dit que sur les diligences du procureur g\u00e9n\u00e9ral pr\u00e8s la Cour de Cassation, le pr\u00e9sent arr\u00eat sera transmis pour \u00eatre transcrit en marge ou \u00e0 la suite de l'ordonnance cass\u00e9e ;",
        "Ainsi fait et jug\u00e9 par la Cour de Cassation, Premi\u00e8re chambre civile, et prononc\u00e9 par le pr\u00e9sident en son audience publique du dix-huit mai deux mille cinq."
    ]
}