{
    "decision-0": [
        "Sur le moyen unique, apr\u00e8s avis donn\u00e9 aux parties conform\u00e9ment aux dispositions de l'article 1015 du nouveau Code de proc\u00e9dure civile :"
    ],
    "decision-1": [
        "Vu les articles 455 du nouveau Code de proc\u00e9dure civile, 35 bis IV de l'ordonnance du 2 novembre 1945, devenu l'article L. 552-9 du Code de l'entr\u00e9e et du s\u00e9jour des \u00e9trangers et du droit d'asile, 8 et 9 du d\u00e9cret n\u00b0 91-1164 du 12 novembre 1991, alors applicable, et 6.1 de la Convention europ\u00e9enne de sauvegarde des droits de l'homme et des libert\u00e9s fondamentales ;",
        "Attendu que le premier pr\u00e9sident de la cour d'appel, statuant sur l'appel d'une ordonnance de prolongation du maintien en r\u00e9tention d'un \u00e9tranger, est saisi sans forme dans les 24 heures du prononc\u00e9 de l'ordonnance par une d\u00e9claration motiv\u00e9e transmise par tous moyens au greffe de la cour d'appel ;"
    ],
    "decision-2": [
        "Attendu, selon l'ordonnance attaqu\u00e9e, rendue par le premier pr\u00e9sident d'une cour d'appel, et les pi\u00e8ces de la proc\u00e9dure, que M. X...",
        "Y..., ressortissant comorien ayant \u00e9t\u00e9 l'objet d'un arr\u00eat\u00e9 de reconduite \u00e0 la fronti\u00e8re, a \u00e9t\u00e9 plac\u00e9 en r\u00e9tention par le pr\u00e9fet de la Seine-et-Marne ; que le juge des libert\u00e9s et de la d\u00e9tention a, par une ordonnance rendue le 31 juillet 2004, \u00e0 14 heures 45, autoris\u00e9 son maintien en r\u00e9tention pour une dur\u00e9e de 15 jours ; que M. X...",
        "Y... a interjet\u00e9 appel de cette d\u00e9cision ;",
        "Attendu que pour d\u00e9clarer cet appel irrecevable comme tardif, l'ordonnance \u00e9nonce que le greffe de la chambre a re\u00e7u l'acte d'appel le 4 ao\u00fbt 2004 \u00e0 son num\u00e9ro de t\u00e9l\u00e9copie, soit le n\u00b0 01 44 82 78 05 ; que l'int\u00e9ress\u00e9 justifie avoir envoy\u00e9 une t\u00e9l\u00e9copie le 1er ao\u00fbt 2004 au n\u00b0 01 44 32 78 71, qui est - semble-t-il - un num\u00e9ro de t\u00e9l\u00e9copie du parquet de Paris ; que l'int\u00e9ress\u00e9 ne peut s\u00e9rieusement soutenir avoir commis une erreur, puisque le bon num\u00e9ro de t\u00e9l\u00e9copie figure sur son acte d'appel adress\u00e9 le 1er ao\u00fbt \u00e0 un num\u00e9ro erron\u00e9 ;"
    ],
    "decision-3": [
        "Qu'en statuant ainsi, par un motif dubitatif quant \u00e0 l'affectation du num\u00e9ro de t\u00e9l\u00e9copieur 01 44 32 78 71 aux services du parquet de Paris, et alors que la t\u00e9l\u00e9copie horodat\u00e9e du dimanche 1er ao\u00fbt 2004, \u00e0 10 heures 32, transmettant l'acte d'appel de M. X...",
        "Y... au \"pr\u00e9sident\" de la cour d'appel de Paris, avait \u00e9t\u00e9 envoy\u00e9e \u00e0 ce num\u00e9ro par le Centre de r\u00e9tention du Mesnil-Amelot, et non par l'int\u00e9ress\u00e9 lui-m\u00eame, mis dans l'impossibilit\u00e9, en raison de l'organisation mat\u00e9rielle du centre de r\u00e9tention, d'exercer une voie de recours par l'envoi d'une t\u00e9l\u00e9copie au num\u00e9ro 01 44 82 78 05 du greffe de la cour d'appel qu'il avait exactement mentionn\u00e9 sur son document, le premier pr\u00e9sident a viol\u00e9 les textes susvis\u00e9s ;",
        "Et vu l'article 627 du nouveau Code de proc\u00e9dure civile ;",
        "Attendu que les d\u00e9lais l\u00e9gaux de maintien en r\u00e9tention \u00e9tant expir\u00e9s, il ne reste rien \u00e0 juger ;"
    ],
    "decision-4": [
        "PAR CES MOTIFS :",
        "CASSE ET ANNULE, dans toutes ses dispositions, l'ordonnance rendue le 5 ao\u00fbt 2004, entre les parties, par le premier pr\u00e9sident de la cour d'appel de Paris ;",
        "DIT n'y avoir lieu \u00e0 renvoi ;",
        "Dit que sur les diligences du procureur g\u00e9n\u00e9ral pr\u00e8s la Cour de Cassation, le pr\u00e9sent arr\u00eat sera transmis pour \u00eatre transcrit en marge ou \u00e0 la suite de la ordonnance cass\u00e9e ;",
        "Ainsi fait et jug\u00e9 par la Cour de Cassation, Premi\u00e8re chambre civile, et prononc\u00e9 par le pr\u00e9sident en son audience publique du quatre octobre deux mille cinq."
    ]
}