{
    "decision-0": [
        "Attendu, selon l'ordonnance attaqu\u00e9e, rendue par le premier pr\u00e9sident d'une cour d'appel, et les pi\u00e8ces de la proc\u00e9dure, qu'\u00e0 la suite d'un contr\u00f4le d'identit\u00e9 faisant suite \u00e0 la vente de marchandises sur la voie publique sans autorisation, M. Ioan X..., de nationalit\u00e9 roumaine, a fait l'objet d'un arr\u00eat\u00e9 pr\u00e9fectoral de reconduite \u00e0 la fronti\u00e8re et de placement en r\u00e9tention dans un local ne relevant pas de l'administration p\u00e9nitentiaire, qui lui a \u00e9t\u00e9 notifi\u00e9, avec ses droits, le 18 octobre 2004, \u00e0 18 heures 25 ; que, statuant sur la requ\u00eate du Pr\u00e9fet de Police de Paris en prolongation du maintien en r\u00e9tention de cet \u00e9tranger, le juge des libert\u00e9s et de la d\u00e9tention, accueillant l'une des exceptions de nullit\u00e9 soulev\u00e9es par cet \u00e9tranger, a dit n'y avoir lieu \u00e0 mesure de surveillance et de contr\u00f4le ; que le procureur de la R\u00e9publique et M. X... ont interjet\u00e9 appel de cette d\u00e9cision ;"
    ],
    "decision-1": [
        "Sur les premier, deuxi\u00e8me et quatri\u00e8me moyens, qui sont pr\u00e9alables :"
    ],
    "decision-2": [
        "Attendu qu'il n'y a pas lieu de statuer sur ces trois moyens, qui ne seraient pas de nature \u00e0 permettre l'admission du pourvoi ;"
    ],
    "decision-3": [
        "Mais sur le troisi\u00e8me moyen :"
    ],
    "decision-4": [
        "Vu l'article 66 de la Constitution du 4 octobre 1958, ensemble l'article 35 bis-I, alin\u00e9a 9, de l'ordonnance du 2 novembre 1945, devenu l'article L. 552-2 du Code de l'entr\u00e9e et du s\u00e9jour des \u00e9trangers et du droit d'asile ;",
        "Attendu que le juge, gardien de la libert\u00e9 individuelle, s'assure par tous moyens, et notamment d'apr\u00e8s les mentions figurant au registre pr\u00e9vu \u00e0 cet effet \u00e0 l'article 35 bis de l'ordonnance du 2 novembre 1945, -devenu l'article L. 553-1 du Code susvis\u00e9-, \u00e9marg\u00e9 par l'int\u00e9ress\u00e9, que celui-ci a \u00e9t\u00e9, au moment de la notification de la d\u00e9cision de placement en r\u00e9tention, pleinement inform\u00e9 de ses droits et plac\u00e9 en mesure de les faire valoir ;",
        "Attendu que pour ordonner la prolongation de la r\u00e9tention administrative de M. X... pour une dur\u00e9e de quinze jours, l'ordonnance retient que, si la notification des droits est intervenue le 18 octobre 2004 \u00e0 18 heures 35 et que l'\u00e9tranger est arriv\u00e9 au centre \u00e0 22 heures 20, et que le d\u00e9lai qui s'est \u00e9coul\u00e9 para\u00eet excessif m\u00eame s'il a \u00e9t\u00e9 mis \u00e0 profit pour organiser une escorte, regrouper le retenu avec d'autres retenus et assurer l'acheminement des personnes concern\u00e9es des diff\u00e9rents commissariats et de la 12e section des renseignements g\u00e9n\u00e9raux au centre de r\u00e9tention de Vincennes, en tenant compte des encombrements de la circulation ce jour l\u00e0 et dans ce cr\u00e9neau horaire, l'int\u00e9ress\u00e9 n'\u00e9tablit pas pour autant avoir subi un grief, d\u00e8s lors qu'il n'a pas demand\u00e9 \u00e0 son arriv\u00e9e au centre \u00e0 exercer l'un des droits qui lui avaient \u00e9t\u00e9 notifi\u00e9s ;",
        "qu'en outre, l'int\u00e9ress\u00e9 n'a jamais \u00e9t\u00e9 maintenu dans un local de garde \u00e0 vue ;",
        "Qu'en statuant ainsi, alors que M. X... soutenait qu'il avait \u00e9t\u00e9 maintenu \"dans des conditions de garde \u00e0 vue\", beaucoup plus strictes que les conditions offertes par le centre de r\u00e9tention, et qu'il n'avait pas pu exercer effectivement pendant une p\u00e9riode de 3 heures et 55 minutes les droits octroy\u00e9s par la loi en r\u00e9tention administrative, le premier pr\u00e9sident, qui ne s'est pas assur\u00e9 que l'int\u00e9ress\u00e9 avait \u00e9t\u00e9, au moment de la notification de la d\u00e9cison de placement en r\u00e9tention, mis en mesure d'exercer effectivement les droits qui lui sont reconnus, n'a pas satisfait aux exigences des textes susvis\u00e9s ;",
        "Vu l'article 627, alin\u00e9a 1, du nouveau Code de proc\u00e9dure civile ;",
        "Et attendu que les d\u00e9lais l\u00e9gaux de maintien en r\u00e9tention \u00e9tant expir\u00e9s, il ne reste rien \u00e0 juger ;"
    ],
    "decision-5": [
        "PAR CES MOTIFS :",
        "CASSE ET ANNULE, dans toutes ses dispositions, l'ordonnance rendue le 21 octobre 2004, entre les parties, par le premier pr\u00e9sident de la cour d'appel de Paris ;",
        "DIT n'y avoir lieu \u00e0 renvoi ;",
        "Dit que sur les diligences du procureur g\u00e9n\u00e9ral pr\u00e8s la Cour de Cassation, le pr\u00e9sent arr\u00eat sera transmis pour \u00eatre transcrit en marge ou \u00e0 la suite de l'ordonnance cass\u00e9e ;",
        "Ainsi fait et jug\u00e9 par la Cour de Cassation, Premi\u00e8re chambre civile, et prononc\u00e9 par le premier pr\u00e9sident en son audience publique du trente et un janvier deux mille six."
    ]
}