{
    "decision-0": [
        "Sur le moyen unique, pris en sa deuxi\u00e8me branche :"
    ],
    "decision-1": [
        "Vu l'article 35 bis de l'ordonnance du 2 novembre 1945 devenu les articles L. 551-1 et suivants du Code de l'entr\u00e9e et du s\u00e9jour des \u00e9trangers et du droit d'asile, ensemble le principe de la s\u00e9paration des pouvoirs ;"
    ],
    "decision-2": [
        "Attendu, selon l'ordonnance infirmative attaqu\u00e9e, rendue par le premier pr\u00e9sident d'une cour d'appel, et les pi\u00e8ces de la proc\u00e9dure, que M. X..., ressortissant bulgare, a fait l'objet le 29 janvier 2004 d'un arr\u00eat\u00e9 de reconduite \u00e0 la fronti\u00e8re et le 27 juillet 2004 d'un arr\u00eat\u00e9 de maintien en r\u00e9tention dans un local ne relevant pas de l'administration p\u00e9nitentiaire ; qu'un juge d\u00e9l\u00e9gu\u00e9 a ordonn\u00e9 la prolongation de cette mesure ;",
        "Attendu que pour infirmer cette d\u00e9cision et ordonner la mise en libert\u00e9 imm\u00e9diate de M. X..., l'ordonnance retient l'absence d'annexion \u00e0 la requ\u00eate pr\u00e9fectorale de maintien en r\u00e9tention de la d\u00e9l\u00e9gation de signature du signataire de l'arr\u00eat\u00e9 initial de maintien en r\u00e9tention ;"
    ],
    "decision-3": [
        "Qu'en statuant ainsi, alors que le juge saisi en application du texte pr\u00e9cit\u00e9 ne peut, sans exc\u00e9der ses pouvoirs, se prononcer sur la l\u00e9galit\u00e9 de la d\u00e9cision administrative de maintien en r\u00e9tention dans des locaux ne relevant pas de l'administration p\u00e9nitentiaire, le premier pr\u00e9sident a viol\u00e9 le texte et le principe susvis\u00e9s ;",
        "Vu l'article 627 du nouveau Code de proc\u00e9dure civile ;",
        "Et attendu que les d\u00e9lais l\u00e9gaux de r\u00e9tention \u00e9tant expir\u00e9s, il ne reste plus rien \u00e0 juger ;"
    ],
    "decision-4": [
        "PAR CES MOTIFS, et sans qu'il y ait lieu de statuer sur la premi\u00e8re branche du moyen :",
        "CASSE ET ANNULE, dans toutes ses dispositions, l'ordonnance rendue le 30 juillet 2004, entre les parties, par le premier pr\u00e9sident de la cour d'appel de Bordeaux ;",
        "DIT n'y avoir lieu \u00e0 renvoi ;",
        "Dit que sur les diligences du procureur g\u00e9n\u00e9ral pr\u00e8s la Cour de Cassation, le pr\u00e9sent arr\u00eat sera transmis pour \u00eatre transcrit en marge ou \u00e0 la suite de l'ordonnance cass\u00e9e ;",
        "Ainsi fait et jug\u00e9 par la Cour de Cassation, Premi\u00e8re chambre civile, et prononc\u00e9 par le pr\u00e9sident en son audience publique du quatre octobre deux mille cinq."
    ]
}