{
    "decision-0": [
        "Attendu que le 12 septembre 2006, M. X..., de nationalit\u00e9 angolaise, a fait l'objet d'un arr\u00eat\u00e9 de reconduite \u00e0 la fronti\u00e8re et a \u00e9t\u00e9 maintenu dans des locaux ne relevant pas de l'administration p\u00e9nitentiaire pour une dur\u00e9e de 48 heures ; que par ordonnance du 14 septembre 2006 un juge des libert\u00e9s et de la d\u00e9tention a rejet\u00e9 la demande du pr\u00e9fet de la Moselle tendant \u00e0 la prolongation de la r\u00e9tention administrative de M. X... et a ordonn\u00e9 la mise en libert\u00e9 de celui-ci ;"
    ],
    "decision-1": [
        "Sur le premier moyen, pris en ses deux branches :"
    ],
    "decision-2": [
        "Vu les articles L. 552-1 et L. 552-9 du code de l'entr\u00e9e et du s\u00e9jour des \u00e9trangers et du droit d'asile et 6, 7, 14 et 15 du d\u00e9cret n\u00b0 2004-1215 du 17 novembre 2004 ;",
        "Attendu que les ordonnances du juge des libert\u00e9s et de la d\u00e9tention qui statuent sur une demande de prolongation de la r\u00e9tention administrative d'un \u00e9tranger sont susceptibles d'appel ;",
        "Attendu que, pour d\u00e9clarer irrecevable l'appel form\u00e9 par l'autorit\u00e9 administrative contre le chef de d\u00e9cision ordonnant la mise ne libert\u00e9 de M. X..., l'ordonnance attaqu\u00e9e retient que le fait que l'\u00e9largissement de l'\u00e9tranger ait \u00e9t\u00e9 d\u00e9cid\u00e9 \u00e0 l'issue d'une audience tenue suite \u00e0 la demande de prolongation de la r\u00e9tention n'entra\u00eenait aucune d\u00e9rogation aux dispositions claires de l'article 15, alin\u00e9a 2, du d\u00e9cret du 17 novembre 2004 ;",
        "Qu'en statuant ainsi, le premier pr\u00e9sident a viol\u00e9 les textes susvis\u00e9s ;"
    ],
    "decision-3": [
        "Et sur le second moyen :"
    ],
    "decision-4": [
        "Vu les articles L. 552-1 et L. 552-9 du code de l'entr\u00e9e et du s\u00e9jour des \u00e9trangers et du droit d'asile et 6 et 7 du d\u00e9cret n\u00b0 2004-1215 du 17 novembre 2004 ;",
        "Attendu que pour constater que l'appel portant sur le rejet de la demande de prolongation de la r\u00e9tention administrative \u00e9tait priv\u00e9 d'objet l'ordonnance retient que le caract\u00e8re ex\u00e9cutoire de l'ordonnance de mise en libert\u00e9 rendue en faveur de M. X... constituait un obstacle l\u00e9gal au prononc\u00e9 en appel de nouvelles mesures privatives ou restrictives de libert\u00e9 \u00e0 son \u00e9gard ;",
        "Qu'en statuant ainsi, alors que l'appel, par le pr\u00e9fet, d'une ordonnance du juge des libert\u00e9s et de la d\u00e9tention ayant rejet\u00e9 la demande de prolongation de la r\u00e9tention administrative d'un \u00e9tranger tend \u00e0 obtenir la r\u00e9formation de cette d\u00e9cision et la remise en r\u00e9tention de l'int\u00e9ress\u00e9 ou son assignation \u00e0 r\u00e9sidence, le premier pr\u00e9sident a viol\u00e9 les textes susvis\u00e9s ;",
        "Vu l'article 627 du nouveau code de proc\u00e9dure civile ;",
        "Et attendu que les d\u00e9lais l\u00e9gaux de r\u00e9tention \u00e9tant expir\u00e9s, il ne reste plus rien \u00e0 juger ;"
    ],
    "decision-5": [
        "PAR CES MOTIFS :",
        "CASSE ET ANNULE, dans toutes ses dispositions, l'ordonnance rendue le 18 septembre 2006, entre les parties, par le premier pr\u00e9sident de la cour d'appel de Metz ;",
        "DIT n'y avoir lieu \u00e0 renvoi ;",
        "Dit que sur les diligences du procureur g\u00e9n\u00e9ral pr\u00e8s la Cour de cassation, le pr\u00e9sent arr\u00eat sera transmis pour \u00eatre transcrit en marge ou \u00e0 la suite de l'ordonnance cass\u00e9e ;",
        "Ainsi fait et jug\u00e9 par la Cour de cassation, premi\u00e8re chambre civile, et prononc\u00e9 par le pr\u00e9sident en son audience publique du dix-sept octobre deux mille sept."
    ]
}