{
    "decision-0": [
        "Sur le moyen unique, pris en ses deux premi\u00e8res branches :"
    ],
    "decision-1": [
        "Attendu, selon l'ordonnance attaqu\u00e9e, rendue par le premier pr\u00e9sident d'une cour d'appel et les pi\u00e8ces de la proc\u00e9dure, que M. X..., de nationalit\u00e9 alg\u00e9rienne, a fait l'objet d'un arr\u00eat\u00e9 de reconduite \u00e0 la fronti\u00e8re ; que, par d\u00e9cision du pr\u00e9fet des Pyr\u00e9n\u00e9es-Orientales en date du 13 f\u00e9vrier 2005 notifi\u00e9 \u00e0 14 heures 35, il a \u00e9t\u00e9 maintenu dans des locaux ne d\u00e9pendant pas de l'administration p\u00e9nitentiaire ; que le 14 f\u00e9vrier 2005 \u00e0 10 heures 15 un juge d\u00e9l\u00e9gu\u00e9 a ordonn\u00e9 son assignation \u00e0 r\u00e9sidence, qui n'a pas \u00e9t\u00e9 notifi\u00e9e au procureur de la R\u00e9publique ;"
    ],
    "decision-2": [
        "Attendu que le pr\u00e9fet des Pyr\u00e9n\u00e9es-Orientales fait grief \u00e0 l'ordonnance attaqu\u00e9e d'avoir d\u00e9clar\u00e9 nul l'appel interjet\u00e9 \u00e0 l'encontre d'une d\u00e9cision d'un juge des libert\u00e9s et de la d\u00e9tention, ayant d\u00e9cid\u00e9 l'assignation \u00e0 r\u00e9sidence d'un \u00e9tranger qui ne pr\u00e9sentait pourtant pas les garanties de repr\u00e9sentation requises, alors, selon le moyen :",
        "1 ) que la mesure d'assignation \u00e0 r\u00e9sidence ne prend effet qu'\u00e0 l'expiration du d\u00e9lai de 48 heures \u00e9coul\u00e9 depuis la d\u00e9cision prise par le repr\u00e9sentant de l'Etat dans le d\u00e9partement ; qu'en l'esp\u00e8ce, la cour d'appel, qui a d\u00e9clar\u00e9 nul l'appel interjet\u00e9 par le pr\u00e9fet, motif pris de ce que M. X... avait \u00e9t\u00e9 ill\u00e9galement maintenu \u00e0 la disposition de la justice, depuis le 14 f\u00e9vrier \u00e0 14 heures 16, quand la mesure de r\u00e9tention pr\u00e9fectorale, notifi\u00e9e \u00e0 l'int\u00e9ress\u00e9 le 13 f\u00e9vrier 2005 \u00e0 14 heures 35 n'expirait que le 15 f\u00e9vrier suivant \u00e0 la m\u00eame heure, a exc\u00e9d\u00e9 ses pouvoirs, en substituant sa d\u00e9cision \u00e0 celle du pr\u00e9fet, au m\u00e9pris des dispositions des articles L. 552-1, L. 552-3, L. 552-4 et L. 552-6 du code de l'entr\u00e9e et du s\u00e9jour des \u00e9trangers et du droit d'asile ;",
        "2 ) que l'ordonnance du juge des libert\u00e9s et de la d\u00e9tention, assignant \u00e0 r\u00e9sidence un \u00e9tranger initialement maintenu en r\u00e9tention, est imm\u00e9diatement notifi\u00e9e au procureur de la R\u00e9publique, afin qu'il puisse, dans un d\u00e9lai de 4 heures suivant le prononc\u00e9 de la d\u00e9cision, en interjeter appel, en sollicitant la suspension provisoire de son ex\u00e9cution ; qu'en l'esp\u00e8ce, la cour d'appel, qui apr\u00e8s avoir constat\u00e9 que l'ordonnance assignant M. X... \u00e0 r\u00e9sidence n'avait jamais \u00e9t\u00e9 notifi\u00e9e au procureur de la R\u00e9publique, a cependant estim\u00e9 que l'\u00e9tranger avait \u00e9t\u00e9 ill\u00e9galement maintenu en r\u00e9tention, \u00e0 l'issue du d\u00e9lai de quatre heures, ayant couru depuis le prononc\u00e9 et la notification \u00e0 l'int\u00e9ress\u00e9 de l'ordonnance, a omis de tirer les cons\u00e9quences de ses propres constatations, au regard des articles L. 552-6 du code de l'entr\u00e9e et du s\u00e9jour des \u00e9trangers et du droit d'asile ;"
    ],
    "decision-3": [
        "Mais attendu que selon l'article L. 552-6 du code de l'entr\u00e9e et du s\u00e9jour des \u00e9trangers et du droit d'asile lorsqu'une ordonnance met fin \u00e0 la r\u00e9tention ou assigne l'\u00e9tranger \u00e0 r\u00e9sidence, elle est imm\u00e9diatement notifi\u00e9e au procureur de la R\u00e9publique ; qu'\u00e0 moins que ce dernier n'en dispose autrement, l'\u00e9tranger est alors maintenu \u00e0 la disposition de la justice pendant un d\u00e9lai de quatre heures \u00e0 compte de la notification de l'ordonnance au procureur de la R\u00e9publique ; que selon l'article 6, alin\u00e9a 3, du d\u00e9cret n\u00b0 2004-1215 du 17 novembre 2004, lorsqu'une ordonnance met fin au maintien en zone d'attente ou \u00e0 la r\u00e9tention, ou assigne \u00e0 r\u00e9sidence l'\u00e9tranger et que le procureur de la R\u00e9publique estime ne pas avoir \u00e0 solliciter du premier pr\u00e9sident qu'il d\u00e9clare l'appel suspensif, il retourne l'ordonnance au magistrat qui l'a rendue en mentionnant sur celle-ci qu'il ne s'oppose pas \u00e0 sa mise \u00e0 ex\u00e9cution ; qu'il est alors mis imm\u00e9diatement fin \u00e0 la mesure de maintien en r\u00e9tention ;",
        "Qu'ayant retenu que le maintien en r\u00e9tention de M. X... n'avait plus de fondement \u00e0 compter du 14 f\u00e9vrier 2005 \u00e0 14 heures 16, la d\u00e9cision d'assignation \u00e0 r\u00e9sidence, bien que non notifi\u00e9e imm\u00e9diatement au procureur de la R\u00e9publique, devant prendre tous ses effets \u00e0 l'expiration du d\u00e9lai de 4 heures suivant son prononc\u00e9 et sa notification \u00e0 l'\u00e9tranger, le premier pr\u00e9sident a, d\u00e8s lors, pu, sans avoir \u00e0 se prononcer sur le maintien en r\u00e9tention administrative, constater que l'\u00e9tranger \u00e9tait maintenu ill\u00e9galement ;",
        "D'ou il suit que le moyen, pris en ses deux premi\u00e8res branches, n'est pas fond\u00e9 ;"
    ],
    "decision-4": [
        "Mais sur la troisi\u00e8me branche du moyen unique :"
    ],
    "decision-5": [
        "Vu les articles 117 et 120, alin\u00e9a 1er, du nouveau code de proc\u00e9dure civile ;",
        "Attendu que les exceptions de nullit\u00e9 fond\u00e9es sur l'inobservation des r\u00e8gles de fond relatives aux actes de proc\u00e9dure doivent \u00eatre relev\u00e9es d'office lorsqu'elles ont un caract\u00e8re d'ordre public ;",
        "Attendu que pour d\u00e9clarer nul l'appel form\u00e9 par le pr\u00e9fet des Pyr\u00e9n\u00e9es-Orientales, l'ordonnance retient que le maintien \u00e0 la disposition de la justice de M. X... n'avait plus de fondement \u00e0 compter du 14 f\u00e9vrier 2005 \u00e0 15 heures et qu'il convenait de constater que cette situation constitue une violation grave des droits de la personne retenue sans titre et qu'elle entachait l'appel d'une cause de nullit\u00e9 absolue ;",
        "Qu'en statuant par de tels motifs impropres \u00e0 caract\u00e9riser une irr\u00e9gularit\u00e9 de fond affectant la validit\u00e9 de l'acte d'appel, le premier pr\u00e9sident, qui a ainsi relev\u00e9 d'office une exception de nullit\u00e9 non fond\u00e9e sur l'inobservation de r\u00e8gles de fond relative aux actes de la proc\u00e9dure pr\u00e9sentant un caract\u00e8re d'ordre public, a viol\u00e9 les textes susvis\u00e9s ;",
        "Vu l'article 627 du nouveau code de proc\u00e9dure civile ;",
        "Et attendu que les d\u00e9lais l\u00e9gaux de maintien en r\u00e9tention \u00e9tant expir\u00e9s, il ne reste rien \u00e0 juger ;"
    ],
    "decision-6": [
        "PAR CES MOTIFS :",
        "CASSE ET ANNULE, mais seulement en ce qu'elle a d\u00e9clar\u00e9 nul l'appel form\u00e9 par le pr\u00e9fet des Pyr\u00e9n\u00e9es Orientales, l'ordonnance rendue le 15 f\u00e9vrier 2005, entre les parties, par le premier pr\u00e9sident de la cour d'appel de Montpellier ;",
        "DIT n'y avoir lieu \u00e0 renvoi ;",
        "Dit que sur les diligences du procureur g\u00e9n\u00e9ral pr\u00e8s la Cour de cassation, le pr\u00e9sent arr\u00eat sera transmis pour \u00eatre transcrit en marge ou \u00e0 la suite de l'ordonnance partiellement cass\u00e9e ;",
        "Ainsi fait et jug\u00e9 par la Cour de cassation, premi\u00e8re chambre civile, et prononc\u00e9 par le pr\u00e9sident en son audience publique du vingt juin deux mille six."
    ]
}