{
    "decision-0": [
        "Sur le moyen unique :"
    ],
    "decision-1": [
        "Vu l'article 66 de la Consitution du 4 octobre 1958, ensemble l'article 35 bis I, alin\u00e9a 9, de l'ordonnance du 2 novembre 1945, devenu l'article L. 552-2 du Code de l'entr\u00e9e et du s\u00e9jour des \u00e9trangers et du droit d'asile ;",
        "Attendu que le juge, gardien de la libert\u00e9 individuelle, s'assure par tous moyens et notamment d'apr\u00e8s les mentions figurant au registre pr\u00e9vu \u00e0 cet effet \u00e0 l'article 35 bis de l'ordonnance du 2 novembre 1945, devenu l'article L. 553-1 du Code susvis\u00e9, \u00e9marg\u00e9 par l'int\u00e9ress\u00e9, que celui-ci a \u00e9t\u00e9, au moment de la notification de la d\u00e9cision de placement en r\u00e9tention, pleinement inform\u00e9 de ses droits et plac\u00e9 en mesure de les faire valoir ;"
    ],
    "decision-2": [
        "Attendu, selon l'ordonnance attaqu\u00e9e rendue par le premier pr\u00e9sident d'une cour d'appel, que M. X..., ressortissant burkinab\u00e9 en situation irr\u00e9guli\u00e8re sur le territoire fran\u00e7ais, s'est vu notifier le 20 ao\u00fbt 2004, \u00e0 18 heures 30, \u00e0 l'issue de sa garde \u00e0 vue, un arr\u00eat\u00e9 de reconduite \u00e0 la fronti\u00e8re et de placement en r\u00e9tention pris le m\u00eame jour par le Pr\u00e9fet de Police de Paris ; que le juge des libert\u00e9s et de la d\u00e9tention a ordonn\u00e9 la prolongation de son maintien en r\u00e9tention ;",
        "Attendu que pour \u00e9carter l'irr\u00e9gularit\u00e9 invoqu\u00e9e par l'\u00e9tranger, tenant \u00e0 ce qu'en raison du d\u00e9lai d\u00e9raisonnable et non justifi\u00e9 par une contrainte mat\u00e9rielle de l'Administration qui s'est \u00e9coul\u00e9 entre la notification de son placement en r\u00e9tention et son arriv\u00e9e effective au centre de r\u00e9tention le lendemain \u00e0 2 heures 30, il n'a pu avoir acc\u00e8s \u00e0 ses droits, et confirmer la prolongation de son maintien en r\u00e9tention, l'ordonnance retient qu'il n'est pas \u00e9tabli que ce d\u00e9lai, alors que l'\u00e9tranger \u00e9tait sous le r\u00e9gime de la r\u00e9tention administrative, a eu pour effet de le priver ill\u00e9gitimement de ses droits qui sont attach\u00e9s \u00e0 la r\u00e9tention administrative elle-m\u00eame et pas seulement \u00e0 sa pr\u00e9sence dans le lieu d'h\u00e9bergement ;"
    ],
    "decision-3": [
        "Qu'en statuant ainsi, alors que M. X... soutenait avoir \u00e9t\u00e9 maintenu en r\u00e9tention administrative pendant huit heures dans une cellule de garde \u00e0 vue, le premier pr\u00e9sident, qui ne s'est pas assur\u00e9 que l'int\u00e9ress\u00e9 avait \u00e9t\u00e9, au moment de la notification de la d\u00e9cision de placement en r\u00e9tention, mis en mesure d'exercer effectivement les droits qui lui sont reconnus, n'a pas satisfait aux exigences des textes susvis\u00e9s ;",
        "Vu l'article 627, alin\u00e9a 1, du nouveau Code de proc\u00e9dure civile ;",
        "Et attendu les d\u00e9lais l\u00e9gaux de maintien en r\u00e9tention \u00e9tant expir\u00e9s, il ne reste rien \u00e0 juger ;"
    ],
    "decision-4": [
        "PAR CES MOTIFS :",
        "CASSE ET ANNULE, dans toutes ses dispositions, l'ordonnance rendue le 24 ao\u00fbt 2004, entre les parties, par la cour d'appel de Paris ;",
        "DIT n'y avoir lieu \u00e0 renvoi ;",
        "Dit que sur les diligences du procureur g\u00e9n\u00e9ral pr\u00e8s la Cour de Cassation, le pr\u00e9sent arr\u00eat sera transmis pour \u00eatre transcrit en marge ou \u00e0 la suite de l'ordonnance cass\u00e9e ;",
        "Ainsi fait et jug\u00e9 par la Cour de Cassation, Premi\u00e8re chambre civile, et prononc\u00e9 par le premier pr\u00e9sident en son audience publique du trente et un janvier deux mille six."
    ]
}