{
    "decision-0": [
        "Sur le premier moyen :"
    ],
    "decision-1": [
        "Attendu que ce moyen ne serait pas de nature \u00e0 permettre l'admission du pourvoi ;"
    ],
    "decision-2": [
        "Mais sur le second moyen :"
    ],
    "decision-3": [
        "Vu l'article 35 bis I, alin\u00e9a 11, de l'ordonnance du 2 novembre 1945, devenu l'article L. 552-4 du Code de l'entr\u00e9e et du s\u00e9jour des \u00e9trangers et du droit d'asile ;",
        "Attendu, selon ce texte, que le juge, saisi d'une demande de prolongation du maintien en r\u00e9tention d'un \u00e9tranger dans des locaux ne relevant pas de l'administration p\u00e9nitentiaire, ne peut prononcer, \u00e0 titre exceptionnel, lorsque l'\u00e9tranger dispose de garanties de repr\u00e9sentation effectives, une mesure d'assignation \u00e0 r\u00e9sidence, sans constater la remise du passeport \u00e0 un service de police ou \u00e0 une unit\u00e9 de gendarmerie ;"
    ],
    "decision-4": [
        "Attendu, selon l'ordonnance attaqu\u00e9e, que M. X..., de nationalit\u00e9 chinoise, a fait l'objet d'un arr\u00eat\u00e9 de reconduite \u00e0 la fronti\u00e8re et a \u00e9t\u00e9 plac\u00e9 dans des locaux ne relevant pas de l'administration p\u00e9nitentiaire par d\u00e9cision du pr\u00e9fet d'Indre-et-Loire ; que le juge des libert\u00e9s et de la d\u00e9tention a ordonn\u00e9 la prolongation du maintien en r\u00e9tention de l'int\u00e9ress\u00e9 ;",
        "Attendu qu'annulant cette d\u00e9cision et statuant \u00e0 nouveau sur le fond en raison de l'effet d\u00e9volutif de l'appel, l'ordonnance assigne M. X... \u00e0 r\u00e9sidence \u00e0 Paris avec diverses obligations, dont celle de remettre son passeport au commissariat du deuxi\u00e8me arrondissement de Paris ;"
    ],
    "decision-5": [
        "Qu'en statuant ainsi, sans constater la remise pr\u00e9alable du passeport de l'int\u00e9ress\u00e9 aux services de police ou de gendarmerie, le premier pr\u00e9sident a viol\u00e9 le texte susvis\u00e9 ;",
        "Et vu l'article 627 du nouveau Code de proc\u00e9dure civile ;",
        "Attendu que les d\u00e9lais l\u00e9gaux de maintien en r\u00e9tention \u00e9tant expir\u00e9s, il ne reste plus rien \u00e0 juger ;"
    ],
    "decision-6": [
        "PAR CES MOTIFS :",
        "CASSE ET ANNULE, dans toutes ses dispositions, l'ordonnance rendue le 16 juillet 2004, entre les parties, par la cour d'appel d'Orl\u00e9ans ;",
        "DIT n'y avoir lieu \u00e0 renvoi ;",
        "Dit que sur les diligences du procureur g\u00e9n\u00e9ral pr\u00e8s la Cour de Cassation, le pr\u00e9sent arr\u00eat sera transmis pour \u00eatre transcrit en marge ou \u00e0 la suite de l'ordonnance cass\u00e9e ;",
        "Ainsi fait et jug\u00e9 par la Cour de Cassation, Premi\u00e8re chambre civile, et prononc\u00e9 par le pr\u00e9sident en son audience publique du huit novembre deux mille cinq."
    ]
}