{
    "decision-0": [
        "Sur le moyen unique, pris en sa derni\u00e8re branche :"
    ],
    "decision-1": [
        "Vu l'article 35 bis de l'ordonnance du 2 novembre 1945, devenu les articles L. 551-1 et suivants du Code de l'entr\u00e9e et du s\u00e9jour des \u00e9trangers et du droit d'asile, ensemble l'article 2 du d\u00e9cret du 12 novembre 1991, alors applicable, et l'article 561 du nouveau Code de proc\u00e9dure civile ;"
    ],
    "decision-2": [
        "Attendu, selon l'ordonnance attaqu\u00e9e, rendue par le premier pr\u00e9sident d'une cour d'appel, et les pi\u00e8ces de la proc\u00e9dure, que le pr\u00e9fet de la Gironde a, en ex\u00e9cution d'un arr\u00eat\u00e9 de reconduite \u00e0 la fronti\u00e8re, maintenu Mlle Cynthia X..., de nationalit\u00e9 nig\u00e9riane, en r\u00e9tention dans des locaux ne relevant pas de l'administration p\u00e9nitentiaire ; que statuant sur la contestation de cette ressortissante \u00e9trang\u00e8re, le juge des libert\u00e9s et de la d\u00e9tention a, en l'absence de preuve de la d\u00e9l\u00e9gation de signature du signataire de la requ\u00eate en prolongation du maintien en r\u00e9tention, ordonn\u00e9 la remise en libert\u00e9 imm\u00e9diate de l'int\u00e9ress\u00e9e ; que le pr\u00e9fet a interjet\u00e9 appel ;",
        "Attendu que pour confirmer cette d\u00e9cision, l'ordonnance se borne \u00e0 \u00e9noncer que seule l'annexion \u00e0 la requ\u00eate elle-m\u00eame d'une copie de l'arr\u00eat\u00e9 de d\u00e9l\u00e9gation de signature et d'une justification de sa publication peut rendre cet arr\u00eat\u00e9 et cette publication opposables \u00e0 la personne dont la prolongation de la r\u00e9tention est demand\u00e9e et est de nature \u00e0 \u00e9tablir que la d\u00e9l\u00e9gation accord\u00e9e par un arr\u00eat\u00e9 ant\u00e9rieur est encore en vigueur \u00e0 la date de la requ\u00eate ;"
    ],
    "decision-3": [
        "Qu'en se d\u00e9terminant ainsi, alors que saisi de l'entier litige par l'effet d\u00e9volutif de l'appel, le premier pr\u00e9sident devait v\u00e9rifier, au vu des pi\u00e8ces produites en cause d'appel par le pr\u00e9fet, l'existence de l'arr\u00eat\u00e9 pr\u00e9fectoral donnant d\u00e9l\u00e9gation de signature, le premier pr\u00e9sident a viol\u00e9 les textes susvis\u00e9s ;",
        "Vu l'article 627 du nouveau Code de proc\u00e9dure civile ;",
        "Et attendu que les d\u00e9lais l\u00e9gaux de r\u00e9tention \u00e9tant expir\u00e9s, il ne reste plus rien \u00e0 juger ;"
    ],
    "decision-4": [
        "PAR CES MOTIFS, et sans qu'il y ait lieu de statuer sur les autres griefs :",
        "CASSE ET ANNULE, dans toutes ses dispositions, l'ordonnance rendue le 28 juin 2004, entre les parties, par le premier pr\u00e9sident de la cour d'appel de Bordeaux ;",
        "DIT n'y avoir lieu \u00e0 renvoi ;",
        "Vu l'article 700 du nouveau Code de proc\u00e9dure civile, rejette la demande de Mlle Cynthia X... ;",
        "Dit que sur les diligences du procureur g\u00e9n\u00e9ral pr\u00e8s la Cour de Cassation, le pr\u00e9sent arr\u00eat sera transmis pour \u00eatre transcrit en marge ou \u00e0 la suite de l'ordonnance cass\u00e9e ;",
        "Ainsi fait et jug\u00e9 par la Cour de Cassation, Premi\u00e8re chambre civile, et prononc\u00e9 par le pr\u00e9sident en son audience publique du quatre octobre deux mille cinq."
    ]
}