{
  "documents": [
    {
      "id": "/Ariane_Web/AW_DCE/|237401",
      "content": "Visites domiciliaires (art. L. 16 B du LPF) - Obligation de restitution des documents saisis aux occupants des locaux, \u00e0 peine d'irr\u00e9gularit\u00e9 de la proc\u00e9dure d'imposition - Cas d'une pluralit\u00e9 d'occupants - 1) Principe - Restitution \u00e0 chacun des documents lui appartenant - 2) Temp\u00e9rament - Occupants dont l'administration ignorait l'existence."
    },
    {
      "id": "/Ariane_Web/AW_DCE/|214492",
      "content": "D\u00e9lai de r\u00e9ponse \u00e0 une demande de justifications - Modalit\u00e9s de d\u00e9compte du d\u00e9lai (art. L. 16 A du LPF) - Cas o\u00f9, avant l'expiration du d\u00e9lai de r\u00e9ponse, des documents utiles \u00e0 cette r\u00e9ponse sont saisis au domicile du contribuable dans le cadre d'une visite autoris\u00e9e sur le fondement de l'article L. 16 B du LPF [RJ1] - N\u00e9cessit\u00e9 d'accorder au contribuable un nouveau d\u00e9lai de deux mois \u00e0 compter de la restitution de ces documents - Absence - N\u00e9cessit\u00e9 d'accorder au contribuable un d\u00e9lai de r\u00e9ponse compl\u00e9mentaire \u00e0 compter de cette restitution, \u00e9gal au moins \u00e0 la dur\u00e9e qui restait \u00e0 courir au moment de la saisie - Existence."
    },
    {
      "id": "/Ariane_Web/AW_DCE/|213285",
      "content": "Visites domicilaires (art. L. 16 B du LPF) - Obligation d'information du contribuable ou de tiers \u00e0 la visite en vue de permettre l'exercice des voies de recours (IV de l'art. 164 de la loi du 4 ao\u00fbt 2008) - Port\u00e9e."
    },
    {
      "id": "/Ariane_Web/AW_DCE/|204971",
      "content": "Appr\u00e9ciation de la r\u00e9gularit\u00e9 d'une visite domiciliaire et d'une saisie faite au cours de cette visite (art. L. 16 B du LPF et art. 164 de la loi du 4 ao\u00fbt 2008) - Comp\u00e9tence exclusive du juge judiciaire - Existence, y compris en ce qui concerne les tiers \u00e0 l'objet de la visite [RJ1].;Appr\u00e9ciation de la r\u00e9gularit\u00e9 d'une visite domiciliaire et d'une saisie faite au cours de cette visite (art. L. 16 B du LPF et art. 164 de la loi du 4 ao\u00fbt 2008) - Comp\u00e9tence exclusive du juge judiciaire - Existence, y compris en ce qui concerne les tiers \u00e0 l'objet de la visite [RJ1]."
    },
    {
      "id": "/Ariane_Web/AW_DCE/|204965",
      "content": "Moyen tir\u00e9 de ce que le recours \u00e0 la proc\u00e9dure de visite domiciliaire et de saisie (art. L. 16 B du LPF et art. 164 de la loi du 4 ao\u00fbt 2008) aurait repos\u00e9 sur un d\u00e9tournement de proc\u00e9dure - Inop\u00e9rance devant le juge administratif.;Proc\u00e9dure de visite domiciliaire et de saisie (art. L. 16 B du LPF et art. 164 de la loi du 4 ao\u00fbt 2008) - Moyen tir\u00e9 de ce que le recours \u00e0 cette proc\u00e9dure aurait repos\u00e9 sur un d\u00e9tournement de proc\u00e9dure - Inop\u00e9rance devant le juge administratif."
    },
    {
      "id": "/Ariane_Web/AW_DCE/|201468",
      "content": "Appr\u00e9ciation de la r\u00e9gularit\u00e9 d'une visite domiciliaire et d'une saisie faite au cours de cette visite (art. L. 16 B du LPF et IV de l'art. 164 de la loi du 4 ao\u00fbt 2008) - Comp\u00e9tence exclusive du juge judiciaire - Existence."
    },
    {
      "id": "/Ariane_Web/AW_DCE/|198658",
      "content": "Pi\u00e8ces et documents saisis aupr\u00e8s de tiers dans le cadre de la proc\u00e9dure de visite et de saisie pr\u00e9vue par l'article L. 16 B du LPF - D\u00e9faut de restitution - Cons\u00e9quence sur la proc\u00e9dure fiscale ult\u00e9rieurement conduite \u00e0 l'encontre d'un contribuable - Principe - Appr\u00e9ciation au vu des effets concrets sur les droits de la d\u00e9fense et sur le caract\u00e8re contradictoire de la proc\u00e9dure."
    },
    {
      "id": "/Ariane_Web/AW_DCE/|195592",
      "content": "Articulation avec la proc\u00e9dure de visite et de saisie de l'article L. 16 B du LPF - 1) a) Ind\u00e9pendance des proc\u00e9dures - Cons\u00e9quence - R\u00e9duction des garanties accord\u00e9es au contribuable pour chacune d'elles - Absence - b) Principe - Restitution des documents saisis dans le cadre de la proc\u00e9dure de visite et de saisie avant l'engagement de la v\u00e9rification de comptabilit\u00e9 - Possibilit\u00e9 d'engager n\u00e9anmoins la v\u00e9rification sans avoir au pr\u00e9alable restitu\u00e9 les pi\u00e8ces et documents saisis - Existence - Modalit\u00e9s - Obligation de restitution des documents dans les six mois apr\u00e8s la saisie et dans un d\u00e9lai permettant au contribuable d'avoir, sur place, un d\u00e9bat oral et contradictoire avec le v\u00e9rificateur - c) M\u00e9connaissance de ces d\u00e9lais - Cons\u00e9quences sur la proc\u00e9dure d'imposition - 2) Application en l'esp\u00e8ce - Documents restitu\u00e9s huit jours apr\u00e8s le d\u00e9but de la v\u00e9rification et dans le d\u00e9lai de six mois apr\u00e8s leur saisie - Contribuable n'ayant \u00e9t\u00e9, en l'esp\u00e8ce, priv\u00e9 d'aucune garantie.;Articulation de la v\u00e9rification de comptabilit\u00e9 avec la proc\u00e9dure de visite et de saisie de l'article L. 16 B du LPF - 1) a) Ind\u00e9pendance des proc\u00e9dures - Cons\u00e9quence - R\u00e9duction des garanties accord\u00e9es au contribuable pour chacune d'elles - Absence - b) Principe - Restitution des documents saisis dans le cadre de la proc\u00e9dure de visite et de saisie avant l'engagement de la v\u00e9rification de comptabilit\u00e9 - Possibilit\u00e9 d'engager n\u00e9anmoins la v\u00e9rification sans avoir au pr\u00e9alable restitu\u00e9 les pi\u00e8ces et documents saisis - Existence - Modalit\u00e9s - Obligation de restitution des documents dans les six mois apr\u00e8s la saisie et dans un d\u00e9lai permettant au contribuable d'avoir, sur place, un d\u00e9bat oral et contradictoire avec le v\u00e9rificateur - c) M\u00e9connaissance de ces d\u00e9lais - Cons\u00e9quences sur la proc\u00e9dure d'imposition - 2) Application en l'esp\u00e8ce - Documents restitu\u00e9s huit jours apr\u00e8s le d\u00e9but de la v\u00e9rification et dans le d\u00e9lai de six mois apr\u00e8s leur saisie - Contribuable n'ayant \u00e9t\u00e9, en l'esp\u00e8ce, priv\u00e9 d'aucune garantie.;Articulation avec la proc\u00e9dure de v\u00e9rification de comptabilit\u00e9 - 1) a) Ind\u00e9pendance des proc\u00e9dures - Cons\u00e9quence - R\u00e9duction des garanties accord\u00e9es au contribuable pour chacune d'elles - Absence - b) Principe - Restitution des documents saisis dans le cadre de la proc\u00e9dure de visite et de saisie avant l'engagement de la v\u00e9rification de comptabilit\u00e9 - Possibilit\u00e9 d'engager n\u00e9anmoins la v\u00e9rification sans avoir au pr\u00e9alable restitu\u00e9 les pi\u00e8ces et documents saisis - Existence - Modalit\u00e9s - Obligation de restitution des documents dans les six mois apr\u00e8s la saisie et dans un d\u00e9lai permettant au contribuable d'avoir, sur place, un d\u00e9bat oral et contradictoire avec le v\u00e9rificateur - c) M\u00e9connaissance de ces d\u00e9lais - Cons\u00e9quences sur la proc\u00e9dure d'imposition - 2) Application en l'esp\u00e8ce - Documents restitu\u00e9s huit jours apr\u00e8s le d\u00e9but de la v\u00e9rification et dans le d\u00e9lai de six mois apr\u00e8s leur saisie - Contribuable n'ayant \u00e9t\u00e9, en l'esp\u00e8ce, priv\u00e9 d'aucune garantie."
    },
    {
      "id": "/Ariane_Web/AW_DCE/|193498",
      "content": "Article 164 de la loi du 4 ao\u00fbt 2008 tirant les cons\u00e9quences de l'arr\u00eat Ravon et autres c/ France du 21 f\u00e9vrier 2008 de la cour EDH [RJ1] en donnant une nouvelle r\u00e9daction \u00e0 l'article L. 16 B du LPF et en instituant \u00e0 titre transitoire la possibilit\u00e9 de b\u00e9n\u00e9ficier r\u00e9troactivement de nouvelles voies de recours - Esp\u00e9rance l\u00e9gitime des contribuables d'obtenir la d\u00e9charge des impositions \u00e9tablies sur le fondement d'op\u00e9rations de visite et de saisie ant\u00e9rieures \u00e0 l'entr\u00e9e en vigueur de la loi - Absence - Cons\u00e9quence - Atteinte \u00e0 un bien au sens de l'article 1P1 - Absence.;Article 164 de la loi du 4 ao\u00fbt 2008 tirant les cons\u00e9quences de l'arr\u00eat Ravon et autres c/France du 21 f\u00e9vrier 2008 de la cour EDH [RJ1] en donnant une nouvelle r\u00e9daction \u00e0 l'article L. 16 B du LPF et en instituant \u00e0 titre transitoire la possibilit\u00e9 de b\u00e9n\u00e9ficier r\u00e9troactivement de nouvelles voies de recours - Esp\u00e9rance l\u00e9gitime des contribuables d'obtenir la d\u00e9charge des impositions \u00e9tablies sur le fondement d'op\u00e9rations de visite et de saisie ant\u00e9rieures \u00e0 l'entr\u00e9e en vigueur de la loi - Absence - Cons\u00e9quence - Atteinte \u00e0 un bien au sens de l'article 1P1 - Absence."
    },
    {
      "id": "/Ariane_Web/AW_DCE/|88945",
      "content": "Pouvoirs d'enqu\u00eate en mati\u00e8re de manquements aux r\u00e8gles de facturation de la TVA (art. L. 80 F et L. 80 H du LPF) - a) N\u00e9cessit\u00e9 de mettre en oeuvre la proc\u00e9dure pr\u00e9vue \u00e0 l'article L. 16 B du LPF - Absence - b) Possibilit\u00e9 d'utiliser les \u00e9l\u00e9ments recueillis dans le cadre d'une v\u00e9rification de comptabilit\u00e9 - Existence [RJ1]....Utilisation d'\u00e9l\u00e9ments recueillis dans le cadre d'une enqu\u00eate en mati\u00e8re de manquements aux r\u00e8gles de facturation de la TVA (art. L. 80 F et L. 80 H du LPF) - R\u00e9gularit\u00e9, m\u00eame en l'absence de mise en oeuvre de la proc\u00e9dure pr\u00e9vue \u00e0 l'article L. 16 B du LPF [RJ1]."
    },
    {
      "id": "/Ariane_Web/AW_DCE/|88688",
      "content": "Vice de proc\u00e9dure affectant les op\u00e9rations de visite et de saisie ordonn\u00e9es en application de l'article L. 16 B du LPF et visant un dirigeant d'entreprise - Incidence sur le redressement de l'imp\u00f4t sur le revenu de ce dernier - Existence - Dirigeant vis\u00e9 dans la demande d'autorisation adress\u00e9e au juge judiciaire comme contribuable - Incidence - Absence - Contribuable uniquement mentionn\u00e9, au titre de l'imp\u00f4t sur le revenu, que pour les b\u00e9n\u00e9fices industriels et commerciaux (sol. impl.)."
    },
    {
      "id": "/Ariane_Web/AW_DCE/|88177",
      "content": "Visites et saisies domicilaires (art. L. 16 B du LPF) - Irr\u00e9gularit\u00e9 des op\u00e9rations de visite et de saisie - Cons\u00e9quence - Irr\u00e9gularit\u00e9 des proc\u00e9dures d'imposition ult\u00e9rieurement poursuivies \u00e0 l'\u00e9gard des tiers - a) El\u00e9ments recueillis r\u00e9v\u00e9l\u00e9s, accessoirement, par les documents saisis dans le but d'\u00e9tablir que le contribuable vis\u00e9 par l'op\u00e9ration a \u00e9lud\u00e9 l'imp\u00f4t - Absence [RJ1] - b) El\u00e9ments recueillis proc\u00e9dant de documents concernant exclusivement des tiers - 1) Existence - 2) Circonstance sans incidence - Production d'une d\u00e9claration apr\u00e8s mise en demeure, adress\u00e9e post\u00e9rieurement \u00e0 la mise en oeuvre de l'article L. 16 B."
    },
    {
      "id": "/Ariane_Web/AW_DCE/|86811",
      "content": "Visite et saisies domicilaires (article L. 16 B du LPF) - Irr\u00e9gularit\u00e9 des op\u00e9rations de visite et de saisie - Cons\u00e9quences sur l'\u00e9tablissement de l'imp\u00f4t d'un autre contribuable fond\u00e9 sur des faits r\u00e9v\u00e9l\u00e9s par ces op\u00e9rations - Absence, hors le cas o\u00f9 ces op\u00e9rations visaient \u00e0 rassembler des \u00e9l\u00e9ments sur les agissements de ce contribuable visant \u00e0 \u00e9luder l'imp\u00f4t [RJ1]."
    }
  ],
  "total_match": 13
}
